FREQ,CALL,STATE,CITY,PWR_D,PWR_N,PWR_C,MODE,LAT,LON,STATUS,CALL_HIST,County,FIPS,Format,Network/Slogan,Notes
540,WASG,AL,DAPHNE,2500.0,19.0,,,30.7458,-88.0944,LICEN,,Mobile,1097,BLK GSPL/RELIGION,,//W291CY 106.1
540,KRXA,CA,CARMEL VALLEY,10000.0,500.0,,,36.66,-121.5424,LICEN,"KPUP, KHKN, KIEZ, KSRK, KYAA, KSRK, KMEO, KXME",Monterey,6053,SPANISH RELIGION,ESNE RADIO,EX-KIEX/KYAA/KMEO/KXME
540,KVIP,CA,REDDING,2500.0,14.0,,,40.6235,-122.2814,LICEN,,Shasta,6089,RELIGION,SRN DISCIPLE RADIO,//FM 98.1
540,WFLF,FL,PINE HILLS,50000.0,46000.0,,,28.4817,-81.6618,LICEN,"WGTO, WWZN, WRTM, WQTM",Lake,12069,TALK,FOX NEWSRADIO WFLA,EX-WWZN/WQTM //W226BT 93.1
540,WDAK,GA,COLUMBUS,4000.0,38.0,,,32.4329,-84.9505,LICEN,"WMRY, WSTH",Muscogee,13215,NEWS/TALK,FOX WW1 NEWSRADIO 540,EX-WMRY/WSTH
540,KWMT,IA,FORT DODGE,5000.0,170.0,,,42.4958,-94.2094,LICEN,,Webster,19187,C&W,FOX TRUE COUNTRY,
540,KMLB,LA,MONROE,4000.0,26.0,,,32.6221,-92.0643,LICEN,KNOE,Ouachita,22073,NEWS/TALK,FOX NEWSTALK 105.7&540,EX-KNOE //K289CG 105.7
540,WGOP,MD,POCOMOKE CITY,500.0,243.0,,,38.0532,-75.5694,LICSL,WDMV,Worcester,24047,SILENT,SUNNY 106.5,DELETED //W293DN 106.5
540,WXYG,MN,SAUK RAPIDS,850.0,250.0,,,45.605,-94.1394,LICEN,"WXYG, WMIN, WPPI",Benton,27009,ROCK,THE GOAT,//W297BO 107.3
540,WRGC,NC,SYLVA,1000.0,187.0,,,35.3919,-83.2487,LICEN,,Jackson,37099,ADLT CONT,THE RIVER,//W289CK 105.7
540,WETC,NC,WENDELL-ZEBULON,10000.0,4400.0,,,35.8693,-78.4319,LICEN,,Wake,37183,RELIGION,EWTN SRN DIVINE MERCY,
540,KNMX,NM,LAS VEGAS,5000.0,20.0,,,35.5737,-105.1719,LICEN,,San Miguel,35047,SPANISH VARIETY,FOX K NEW MEXICO,//K260DJ 99.9
540,WBWD,NY,ISLIP,10000.0,220.0,,,40.7518,-73.2134,LICEN,"WLIX, WLUX, WLIE",Suffolk,36103,ETHNIC S. ASIAN,RADIO ZINDAGI,EX-WLUX/WLIE //WXMC-1310
540,WWCS,PA,CANONSBURG,5000.0,500.0,,,40.2895,-80.1851,LICEN,WARO,Washington,42125,RELIGION/BROKERED,,
540,WYNN,SC,FLORENCE,250.0,166.0,,,34.2182,-79.8081,LICEN,,Florence,45041,C&W,WW1 THE HOUND,
540,WKFN,TN,CLARKSVILLE,4000.0,55.0,,,36.542,-87.3256,LICEN,"WDXN, WJQI",Montgomery,47125,SPORTS,ESPN W1S THE FAN,EX-WDXN/WJQI //W281BT 104.1
540,KDFT,TX,FERRIS,1000.0,249.0,,,32.5146,-96.5742,LICEN,KLCA,Ellis,48139,SPANISH RELIGION,LA PODEROSA,
540,WGTH,VA,RICHLANDS,1000.0,97.0,,,37.0837,-81.7826,LICEN,WRIC,Tazewell,51185,S. GSPL/RELIGION,SRN THE SHEEP,EX-WRIC //FM 105.5
540,WAUK,WI,JACKSON,400.0,400.0,,,43.3333,-88.1531,LICEN,"WYLO, WZER, WYLO, WRRD, WYLO, WRRD",Washington,55131,TALK,NBC WW1 REAL NEWS,EX-WYLO/WRRD //W266DR 101.1
550,KTZN,AK,ANCHORAGE,5000.0,5000.0,,,61.1656,-149.8283,LICEN,KENI,Anchorage,2020,SPORTS,FSR THE ZONE,EX-KENI
550,KFYI,AZ,PHOENIX,5000.0,1000.0,,,33.3881,-112.0068,LICEN,"KOY, KGME, KGME",Maricopa,4013,NEWS/TALK,FOX VALLEYS TALK STN,EX-KOY/KGME
550,KUZZ,CA,BAKERSFIELD,5000.0,5000.0,,,35.3402,-118.9396,LICEN,"KAFY, KUZZ, KCWR",Kern,6029,C&W,BAKERSFIELDS BEST CTRY,EX-KCWR //FM 107.9
550,KLLV,CO,BREEN,1800.0,,,,37.1839,-108.0823,LICEN,,La Plata,8067,RELIGION,K LOVE,
550,KRAI,CO,CRAIG,5000.0,500.0,,,40.5458,-107.5317,LICEN,,Moffat,8081,C&W,WW1 55 COUNTRY,//K286CV 105.1
550,WAYR,FL,FLEMING ISLAND,5000.0,500.0,,,30.0728,-81.7898,LICEN,,Clay,12019,RELIGION,WAY RADIO,"//W277DE 103.3,W285FE 104.9"
550,WDUN,GA,GAINESVILLE,10000.0,2500.0,,,34.3357,-83.7921,LICEN,"WDUN, WGGA",Hall,13139,NEWS/TALK,FOX SRN WW1 NEWSTALK,//FM 102.9
550,KNUI,HI,WAILUKU,1000.0,1000.0,,,20.7886,-156.4642,LICEN,KMVI,Maui,15009,C&W,K-COUNTRY,EX-KMVI //K291CZ 106.1
550,KFRM,KS,SALINA,5000.0,110.0,,,39.4344,-97.6606,LICEN,"KNNN, KICT",Saline,20169,FARM/TALK,SRN FARM RADIO 550,
550,KTRS,MO,ST. LOUIS,5000.0,5000.0,,,38.6626,-90.1287,LICEN,"KSD, KUSA, KSD",St. Clair,17163,NEWS/TALK,ABC THE BIG 550,EX-KSD/KUSA //K291CW 106.1
550,KBOW,MT,BUTTE,5000.0,1000.0,,,45.9702,-112.5814,LICEN,,Silver Bow,30093,C&W/SPORTS,ABC ESPN COUNTRY 550,//K268CI 101.5
550,WIOZ,NC,PINEHURST,1000.0,260.0,,,35.1513,-79.4775,LICEN,"WDLV, WKHO",Moore,37125,ADLT STNDS,WW1 AMERICAS BEST MX,EX-WKHO
550,WAME,NC,STATESVILLE,500.0,53.0,,,35.7935,-80.854,LICEN,"WDRV, WAME, WHYM, WIST, WTLI, WIST",Iredell,37097,CL. C&W,ABC REAL COUNTRY 550,EX-WTLI/WIST //W225BD 92.9
550,KFYR,ND,BISMARCK,5000.0,5000.0,,,46.8533,-100.544,LICEN,,Morton,38059,TALK,FOX WW1 K-FIRE,//K259AF 99.7
550,WGR,NY,BUFFALO,5000.0,5000.0,,,42.7698,-78.8434,LICEN,,Erie,36029,SPORTS,ABC W1S SPORTS R. 550,
550,WKRC,OH,CINCINNATI,5000.0,1000.0,,,39.0081,-84.4441,LICEN,"WKRC, WLWA, WCKY",Warren,39165,TALK,NBC KRC THE TALK STN,EX-WKRC/WLWA/WCKY
550,KOAC,OR,CORVALLIS,5000.0,5000.0,,,44.6348,-123.1949,LICEN,,Benton,41003,NEWS/TALK,NPR,//KOPB-FM 91.5
550,WPAB,PR,PONCE,5000.0,5000.0,,,17.9889,-66.6296,LICEN,,Ponce,72113,SPANISH NEWS/TALK,"PAB 550, ECO 93",//W226CS 93.1
550,WSJW,RI,PAWTUCKET,1000.0,500.0,,,41.9051,-71.3989,LICEN,"WGNG, WICE, WPNW, WLKW, WICE, WDDZ, WBZS",Providence,44007,RELIGION,RELEVANT RADIO,EX-WICE/WBZS //W298DE 107.5
550,KCRS,TX,MIDLAND,5000.0,1000.0,,,32.0696,-102.0299,LICEN,,Midland,48329,NEWS/TALK,FOX VOICE OF WEST TX,"//K238AZ 95.5, K248AR 97.5"
550,KTSA,TX,SAN ANTONIO,5000.0,5000.0,,,29.4963,-98.4153,LICEN,,Medina,48325,NEWS/TALK,ABC BNN NEWSTALK 550,//K296GK 107.1
550,WSVA,VA,HARRISONBURG,5000.0,1000.0,,,38.4512,-78.9078,LICEN,,Rockingham,51165,NEWS/TALK,ABC SRN NEWSTALK 92.1,//W221CF 92.1
550,WDEV,VT,WATERBURY,5000.0,1000.0,,,44.3548,-72.7515,LICEN,,Washington,50023,TALK/SPORTS/AC,AP FSR RADIO VERMONT,"//FM 96.5, 98.3, 101.9"
550,KARI,WA,BLAINE,5000.0,2500.0,,,48.954,-122.7446,LICEN,,Whatcom,53073,RELIGION,WORD RADIO 55,//K239CY 95.7
550,WSAU,WI,WAUSAU,15000.0,20000.0,,,44.8572,-89.5871,LICEN,,Marathon,55073,NEWS/TALK,FOX 550 NEWSTALKSPORTS,"//FM 99.9, W236CO 95.1"
560,WOOF,AL,DOTHAN,5000.0,118.0,,,31.2182,-85.3527,LICEN,,Houston,1069,SPORTS,FSR ESPN THE BALL,"//W261AT 100.1,W296DQ 107.1"
560,KBLU,AZ,YUMA,1000.0,1000.0,,,32.7234,-114.6436,LICSL,,Yuma,4027,SILENT,FOX NEWS TALK 560,
560,KLZ,CO,DENVER,5000.0,5000.0,,,39.8433,-104.9544,LICEN,,Arapahoe,8005,TALK,SRN THE HOME STATION,//K264BO 100.7
560,WQAM,FL,MIAMI,4100.0,1000.0,,,25.8398,-80.1895,LICEN,,Miami-Dade,12086,SPORTS,W1S SPORTS 104.3,//FM 104.3
560,WIND,IL,CHICAGO,5000.0,5000.0,,,41.565,-87.4197,LICEN,,Cook,17031,TALK,FOX SRN 560 THE ANSWER,
560,WMIK,KY,MIDDLESBORO,2500.0,88.0,,,36.6273,-83.7144,LICEN,,Bell,21013,S. GSPL,FAMILY CHRISTIAN RADIO,
560,WHYN,MA,SPRINGFIELD,5000.0,1000.0,,,42.1937,-72.6834,LICEN,,Hampden,25013,NEWS/TALK,FOX NEWSRADIO,//W255DL 98.9
560,WFRB,MD,FROSTBURG,5000.0,55.0,,,39.6835,-78.965,LICEN,,Garrett,24023,C&W,REAL COUNTRY WILLIE FM,//W294CF 106.7
560,WGAN,ME,PORTLAND,5000.0,5000.0,,,43.6901,-70.3176,LICEN,,Cumberland,23005,NEWS/TALK,ABC SRN WW1 NEWSRADIO,//W253DA 98.5
560,WRDT,MI,MONROE,,13.0,,,42.4536,-83.1638,LICEN,"WHND, WLLZ",Monroe,26115,RELIGION,THE WORD STATION,EX-WHND/WLLZ //W296DY 107.1
560,WRDT,MI,MONROE,500.0,,,,41.8912,-83.4274,LICEN,"WHND, WLLZ",Monroe,26115,RELIGION,THE WORD STATION,EX-WHND/WLLZ //W296DY 107.1
560,WEBC,MN,DULUTH,5000.0,5000.0,,,46.6436,-91.986,LICEN,,St. Louis,27137,SPORTS,FSR THE FAN,//W293CT 106.5
560,KWTO,MO,SPRINGFIELD,5000.0,4000.0,,,36.9445,-93.2216,LICEN,,Greene,29077,NEWS/TALK,FOX WW1 NEWSTALK RADIO,//K227AO 93.3
560,KMON,MT,GREAT FALLS,5000.0,5000.0,,,47.4247,-111.2897,LICEN,,Cascade,30013,C&W,ABC K'MON COUNTRY,
560,WGAI,NC,ELIZABETH CITY,1000.0,500.0,,,36.3379,-76.2466,LICEN,,Pasquotank,37139,BLK GSPL,GREGORY GOSPEL RADIO,
560,WFIL,PA,PHILADELPHIA,5000.0,5000.0,,,40.0951,-75.2768,LICEN,"WEAZ, WBEB, WPHY",Burlington,34005,RELIGION,SRN CHRISTIAN RADIO,EX-WBEB/WEAZ/WHPY
560,WVOC,SC,COLUMBIA,5000.0,5000.0,,,34.0321,-81.1417,LICEN,"WIS, WVOC, WXBT",Lexington,45063,NEWS/TALK/SPORTS,FOX NEWSTALK & SPORTS,EX-WXBT //W278CY 103.5
560,WNSR,TN,BRENTWOOD,1000.0,75.0,,,36.1412,-86.7564,LICEN,"WTBN, WWCR, WYOR",Davidson,47037,SPORTS,W1S SPORTSRADIO 560,EX-WHEW/WYOR //W240CA 95.9
560,WHBQ,TN,MEMPHIS,5000.0,1000.0,,,35.2534,-90.0476,LICEN,,Shelby,47157,SPORTS,FSR SPORTS 56 & 98.5,//W253DF 98.5
560,KLVI,TX,BEAUMONT,5000.0,5000.0,,,30.0458,-93.8688,LICEN,,Jefferson,48245,TALK/SPORTS,FOX FSR WW1 NEWSTALK,
560,KPQ,WA,WENATCHEE,5000.0,5000.0,,,47.4532,-120.3298,LICEN,,Chelan,53007,NEWS/TALK,ABC NEWSRADIO 560,//K269HC 101.7
560,WJLS,WV,BECKLEY,4500.0,470.0,,,37.759,-81.1865,LICEN,,Raleigh,54081,NEWS/TALK/C&W,FOX PROUD TO LIVE HERE,//W281AJ 104.1
567,KGUM,GU,AGANA,10000.0,10000.0,,,13.3911,144.7617,LICEN,KATB,Guam,66010,,,
570,WAAX,AL,GADSDEN,5000.0,500.0,,,33.9793,-86.0025,LICEN,,Etowah,1055,TALK,FOX NEWSTALK BIG WAX,//W270DQ 101.9
570,KCFJ,CA,ALTURAS,5000.0,42.0,,,41.3054,-120.5149,LICEN,"KCNO, KKFJ",Modoc,6049,ADLT STNDS,WW1 AMERICAS BEST,EX-KCNO/KKFJ
570,KLAC,CA,LOS ANGELES,5000.0,5000.0,,,34.0697,-118.1943,LICEN,,Los Angeles,6037,SPORTS,FSR FOX LA SPORTS,
570,WTBN,FL,PINELLAS PARK,250.0,730.0,,,27.9995,-82.7001,LICEN,"WPLP, WTKN, WHNZ",Pinellas,12103,RELIGION,SRN FAITH TALK,//WLCC-760
570,KUAI,HI,ELEELE,1000.0,1000.0,,,21.9888,-159.4031,LICEN,"KIVM, KIPO, KQNG",Kauai,15007,C&W,KAUAI'S COUNTRY,EX-KQNG //K283CQ 104.5
570,WKYX,KY,PADUCAH,1000.0,500.0,,,37.0148,-88.6128,LICEN,"WKYX, WBMP",McCracken,21145,URBAN HIPHOP,102.5 100.9 THE BEAT,EX-WKYX
570,WIDS,KY,RUSSELL SPRINGS,500.0,42.0,,,37.0942,-85.0802,LICEN,,Russell,21207,S. GSPL,SRN TRI-STATE GOSPEL,"//WIOK 107.5, W240DV 95.9"
570,WWRC,MD,BETHESDA,5000.0,1000.0,,,39.1343,-77.3036,LICEN,"WGMS, WTEM, WWRC, WTNT, WSPZ",Montgomery,24031,TALK,SRN WW1 THE ANSWER,EX-WSPZ //WRCW-1250
570,WWNC,NC,ASHEVILLE,5000.0,5000.0,,,35.5971,-82.6065,LICEN,,Buncombe,37021,TALK,FOX NEWSRADIO 570 92.9,//W225CJ 92.9
570,WQDR,NC,RALEIGH,1000.0,40.0,,,35.7932,-78.7611,LICEN,"WLLE, WRDT, WDTF, WDNZ, WDOX, WQDR, WFNL, WQDR, WPLW",Wake,37183,CLASSIC ROCK,TRIANGLES ROCK FM,"//W262CZ 100.3, W225DF 92.9"
570,KWML,NM,LAS CRUCES,5000.0,155.0,,,32.3092,-106.8239,LICEN,"KGRT, KSNM, KGRT",Doña Ana,35013,URBAN AC,FOX KOOL 104.5,EX-KSNM/KGRT //K283CG 104.5
570,WMCA,NY,NEW YORK,5000.0,5000.0,,,40.7529,-74.1038,LICEN,,Bergen,34003,RELIGION,SRN THE MISSION,//W272DX 102.3
570,WSYR,NY,SYRACUSE,5000.0,5000.0,,,42.987,-76.1521,LICEN,,Onondaga,36067,NEWS/TALK,FOX NEWSRADIO FM 106.9,//FM 106.9
570,WKBN,OH,YOUNGSTOWN,5000.0,5000.0,,,40.9853,-80.6004,LICEN,,Mahoning,39099,NEWS/TALK,ABC NEWSRADIO 570,
570,WNAX,SD,YANKTON,5000.0,5000.0,,,42.9131,-97.3164,LICEN,,Yankton,46135,NEWS/TALK/SPORTS,FOX VOICE OF MIDWEST,//K245DA 96.9
570,KLIF,TX,DALLAS,5000.0,2400.0,,,32.9448,-96.9406,LICEN,"KLIF, KYII",Dallas,48113,NEWS/TALK,FOX REAL NEWS & INFO,EX-KKWM
570,KNRS,UT,SALT LAKE CITY,5000.0,5000.0,,,40.8191,-111.933,LICEN,"KLUB, KISN, KNRS, KACP",Salt Lake,49035,NEWS/TALK,FOX TALKRADIO 105.9,EX-KISN/KACP //FM 105.9
570,KVI,WA,SEATTLE,5000.0,5000.0,,,47.4218,-122.4301,LICEN,,Kitsap,53035,TALK,ABC TALKRADIO 570,
570,WMAM,WI,MARINETTE,250.0,100.0,,,45.1005,-87.6251,LICEN,,Marinette,55075,SPORTS,W1S VSIN SPORTS R. 570,//W283DD 104.5
580,WACQ,AL,TUSKEGEE,500.0,139.0,,,32.3768,-85.6577,LICEN,WBIL,Macon,1087,CLASSIC ROCK,FOX CLASSIC HITS 580,//W253CZ 98.5
580,KSAZ,AZ,MARANA,5000.0,390.0,,,32.4531,-111.2851,LICEN,KJMM,Pima,4019,SPANISH RELIGION,ESTACION DE LA FAMILIA,
580,KMJ,CA,FRESNO,50000.0,50000.0,,,36.6591,-119.3473,LICEN,,Fresno,6019,NEWS/TALK,FOX WW1 NOW 105.9,//FM 105.9
580,KUBC,CO,MONTROSE,5000.0,1000.0,,,38.4256,-107.8831,LICEN,,Montrose,8085,CLASSIC ROCK,ABC THE CANYON,//K283CZ 104.5
580,WDBO,FL,ORLANDO,5000.0,5000.0,,,28.62,-81.4095,LICEN,,Lake,12069,NEWS/TALK,ABC FOX WW1 NEWSTALK,//W297BB 107.3
580,WGAC,GA,AUGUSTA,,840.0,,,33.5249,-81.9084,LICEN,,Aiken,45003,NEWS/TALK,FOX NEWSTALK 580,//FM 95.1
580,WGAC,GA,AUGUSTA,5000.0,,,,33.5124,-82.0798,LICEN,,Aiken,45003,NEWS/TALK,FOX NEWSTALK 580,//FM 95.1
580,KIDO,ID,NAMPA,20000.0,4400.0,,,43.4288,-116.3296,LICEN,"KFXD, KBKK, KFXD",Ada,16001,NEWS/TALK,FOX TALK RADIO,EX-KBBK/KFXD //K298CN 107.5
580,WILL,IL,URBANA,5000.0,100.0,,,40.0809,-88.2362,LICEN,,Champaign,17019,NEWS/TALK,NPR IL PUBLIC MEDIA,
580,WIBW,KS,TOPEKA,5000.0,5000.0,,,39.0847,-95.783,LICEN,,Shawnee,20177,NEWS/TALK/SPORTS,NBC FOX NEWSTALK,//K285GL 104.9
580,KJMJ,LA,ALEXANDRIA,5000.0,1000.0,,,31.3085,-92.416,LICEN,"KALB, KLBG",Rapides,22079,RELIGION,RADIO MARIA,EX-KALB/KLBG //KNIR 1360
580,WTAG,MA,WORCESTER,5000.0,5000.0,,,42.337,-71.8204,LICEN,,Worcester,25027,NEWS/TALK,FOX NEWSRADIO,//W235AV 94.9
580,WTCM,MI,TRAVERSE CITY,50000.0,1100.0,,,44.7217,-85.7051,LICEN,,Grand Traverse,26055,NEWS/TALK,FOX WW1 NEWSTALK 580,
580,WELO,MS,TUPELO,770.0,95.0,,,34.2382,-88.6953,LICEN,"WELO, WWPR",Lee,28081,URBAN CONTEMP/AC,PULSE 104.3,//W282AS 104.3
580,WKSK,NC,WEST JEFFERSON,5000.0,34.0,,,36.4109,-81.4959,LICEN,,Ashe,37009,C&W,AP THE FARM,//W228CW 93.5
580,KTMT,OR,ASHLAND,1000.0,1000.0,,,42.164,-122.6489,LICEN,"KCMX, KTMT, KGAY",Jackson,41029,SPORTS,W1S THE GAME,EX-KTMT/KGAY //K241CA 96.1
580,WHP,PA,HARRISBURG,5000.0,5000.0,,,40.3031,-76.9516,LICEN,,Dauphin,42043,NEWS/TALK,FOX NEWSRADIO 580,//W279EC 103.7
580,WKAQ,PR,SAN JUAN,10000.0,10000.0,,,18.4302,-66.1355,LICEN,,San Juan,72127,SPANISH NEWS/TALK,580 WKAQ,
580,KZMX,SD,HOT SPRINGS,2300.0,310.0,,,43.4566,-103.4766,LICEN,KOBH,Fall River,46047,CLASSIC ROCK,ABC WW1 THE MIX 96.7,//FM 96.7
580,WXRH,TN,ROCKWOOD,5000.0,49.0,,,35.8279,-84.6552,LICEN,"WOFE, WYHM",Roane,47145,CL. C&W,93.3 THE RANCH,EX-WOFE/WYHM //W227EB 93.3
580,KRFE,TX,LUBBOCK,500.0,290.0,,,33.5334,-101.821,LICEN,"KRLB, KJBX",Lubbock,48303,TALK,FOX STN THAT LISTENS,EX-KRLB/KJBX //K240FA 95.9
580,WLVA,VA,LYNCHBURG,250.0,14.0,,,37.421,-79.115,LICEN,,Amherst,51009,TALK/SPORTS,SRN FOX 94.1 & 100.5,//W231CE 94.1
580,WKTY,WI,LA CROSSE,5000.0,740.0,,,43.7402,-91.206,LICEN,,La Crosse,55063,SPORTS,W1S SPORTS RADIO,//K244FM 96.7
580,WCHS,WV,CHARLESTON,5000.0,5000.0,,,38.3643,-81.7679,LICEN,,Kanawha,54039,TALK,ABC PROUD TO LIVE HERE,//W243DR 96.5
590,KHAR,AK,ANCHORAGE,5000.0,5000.0,,,61.1194,-149.8975,LICEN,,Anchorage,2020,ADLT STNDS,GOLD RUSH RADIO,//K244EG 96.7
590,KTIE,CA,SAN BERNARDINO,2500.0,960.0,,,34.0722,-117.2987,LICEN,"KRSO, KHTX, KSZZ, KRLH",San Bernardino,6071,TALK,SRN THE ANSWER,EX-KRSO/KHTX/KSZZ/KRLH
590,KCSJ,CO,PUEBLO,1000.0,1000.0,,,38.3583,-104.6375,LICEN,,Pueblo,8101,NEWS/TALK,FOX NEWRADIO,
590,WAFC,FL,CLEWISTON,930.0,470.0,,,26.7298,-80.9134,LICEN,,Hendry,12051,C&W,WW1 PURE COUNTRY,//W223AJ 92.5
590,WDWD,GA,ATLANTA,12000.0,4500.0,,,33.8454,-84.6444,LICEN,"WPLO, WKHX",DeKalb,13089,RELIGION,FAITH TALK 590,EX-WKHX
590,KSSK,HI,HONOLULU,7800.0,7800.0,,,21.3208,-157.8728,LICEN,KGMB,Honolulu,15003,AC/OLDIES,,//FM 92.3
590,WVLK,KY,LEXINGTON,5000.0,1000.0,,,38.1118,-84.5774,LICEN,,Fayette,21067,NEWS/TALK,FOX WW1 NEWSTALK 590,//W247CT 97.3
590,WEZE,MA,BOSTON,5000.0,5000.0,,,42.4068,-71.0867,LICEN,"WEEI, WBNW",Norfolk,25021,RELIGION,SRN THE WORD,EX-WEEI/WBNW
590,WJMS,MI,IRONWOOD,5000.0,113.0,,,46.4244,-90.2093,LICEN,,Iron,55051,C&W,AP REAL COUNTRY US59,//W221EH 92.1
590,WKZO,MI,KALAMAZOO,5000.0,5000.0,,,42.3486,-85.5633,LICEN,,Kalamazoo,26077,NEWS/TALK,FOX WW1 NEWSRADIO 590,//W295CL 106.9
590,KGLE,MT,GLENDIVE,1000.0,111.0,,,47.0972,-104.7864,LICEN,,Dawson,30021,RELIGION,YOUR NETWORK OF PRAISE,
590,WCAB,NC,RUTHERFORDTON,1000.0,228.0,,,35.3932,-81.9229,LICEN,,Rutherford,37161,C&W,SRN PURE COUNTRY,//W265DW 100.9
590,WOW,NE,OMAHA,4700.0,4700.0,,,41.3131,-96.0103,LICEN,"WOW, KOMJ, KXSP",Douglas,31055,SPORTS,ESPN,EX-WOW/KOMJ/KXSP
590,WOW,NE,OMAHA,5000.0,5000.0,,,41.3153,-95.9981,LICEN,"WOW, KOMJ, KXSP",Douglas,31055,SPORTS,ESPN,EX-WOW/KOMJ/KXSP
590,WROW,NY,ALBANY,5000.0,1000.0,,,42.5737,-73.7862,LICEN,,Albany,36001,AC/OLDIES,MAGIC 590-1410,"//W263CG 100.5, WENU-1410"
590,KUGN,OR,EUGENE,5000.0,5000.0,,,44.1007,-123.0529,LICEN,,Lane,41039,NEWS/TALK,ABC WW1 NEWSTALK 590,//K251CY 98.1
590,WARM,PA,SCRANTON,1800.0,430.0,,,41.4776,-75.8755,LICSL,,Lackawanna,42069,SILENT,ABC GEM 99 & 100,//W269CF 101.7
590,WMBS,PA,UNIONTOWN,1000.0,1000.0,,,39.8598,-79.7453,LICEN,,Fayette,42051,ADLT STNDS/TALK,FOX YOUR LOCAL STATION,//W266DB 101.1
590,WWLX,TN,LORETTO,600.0,133.0,,,35.2034,-87.3275,LICEN,,Lawrence,47099,CLASSIC ROCK,FOX CLASSIC HITS WLX,"//W226AF 93.1, W291DG 106.1"
590,KLBJ,TX,AUSTIN,5000.0,1000.0,,,30.238,-97.63,LICEN,,Travis,48453,NEWS/TALK,FOX WW1 NEWSRADIO 590,//K259AJ 99.7
590,KSUB,UT,CEDAR CITY,5000.0,138.0,,,37.6975,-113.1818,LICEN,,Iron,49021,TALK,FOX TALKRADIO 590,//K297CG 107.3
590,WLES,VA,BON AIR,1000.0,58.0,,,37.5146,-77.5075,LICEN,,Richmond,51760,RELIGION,SRN THE TRUTH RICHMOND,FROM 580 //W249CI 97.7
590,KQNT,WA,SPOKANE,5000.0,5000.0,,,47.6152,-117.2502,LICEN,"KHQ, KLSN, KAQQ",Spokane,53063,NEWS/TALK,FOX NEWSRADIO,EX-KAQQ
600,KVNA,AZ,FLAGSTAFF,1000.0,70.0,,,35.1906,-111.6777,LICEN,"KEOS, KZKZ",Coconino,4005,SPORTS,ESPN,//K284BO 104.7
600,KOGO,CA,SAN DIEGO,9000.0,10000.0,,,32.8426,-117.0259,LICEN,"KLZZ, KKLQ",San Diego,6073,TALK,FOX NEWSRADIO 600,EX-KKLQ
600,KCOL,CO,WELLINGTON,5000.0,500.0,,,40.65,-105.048,LICEN,KIIX,Larimer,8069,NEWS/TALK,FOX NEWSRADIO 600,EX-KIIX
600,WICC,CT,BRIDGEPORT,1000.0,500.0,,,41.1601,-73.1643,LICEN,,Fairfield,9001,NEWS/TALK,ABC VOICE OF CT,//W297CP 107.3
600,WBOB,FL,JACKSONVILLE,1000.0,90.0,,,30.2761,-81.6365,LICEN,"WOKV, WPDQ, WBWL",Duval,12031,TALK,FOX SRN AM 600 WBOB,EX-WPDQ/WBWL //W266CX 101.1
600,WBOB,FL,JACKSONVILLE,50000.0,9700.0,,,30.3002,-81.7593,LICEN,"WOKV, WPDQ, WBWL",Duval,12031,TALK,FOX SRN AM 600 WBOB,EX-WPDQ/WBWL //W266CX 101.1
600,WMT,IA,CEDAR RAPIDS,5000.0,5000.0,,,42.0611,-91.5452,LICEN,,Linn,19113,NEWS/TALK,FOX BNN NEWSRADIO 600,
600,WKYH,KY,PAINTSVILLE,5000.0,43.0,,,37.7892,-82.7843,LICEN,WKLW,Johnson,21115,CLASSIC ROCK,FOX CLASSIC HITS 99.3,EX-WKLW //W257EE 99.3
600,WVOG,LA,NEW ORLEANS,1000.0,31.0,,,29.9571,-90.1592,LICEN,,Orleans,22071,RELIGION,SRN GOSPEL 600,//W300DP 107.9
600,WCAO,MD,BALTIMORE,5000.0,5000.0,,,39.4298,-76.7614,LICEN,,Baltimore,24510,BLK GSPL,HEAVEN 600,
600,WFST,ME,CARIBOU,5000.0,127.0,,,46.8867,-68.045,LICEN,,Aroostook,23003,RELIGION,SRN FAMILY RADIO,
600,WCHT,MI,ESCANABA,570.0,134.0,,,45.8052,-87.1704,LICEN,WBDN,Delta,26041,TALK/SPORTS,FSR FOX NEWSTALK 600,//W228DQ 93.5
600,WSNL,MI,FLINT,440.0,250.0,,,42.9075,-83.8352,LICEN,WTAC,Genesee,26049,RELIGION,SRN CHRISTIAN TALK,EX-WTAC //W293CA 106.5
600,KGEZ,MT,KALISPELL,5000.0,1000.0,,,48.1611,-114.2818,LICEN,,Flathead,30029,OLDIES/ADLT STNDS,WW1 FULL SERVICE RADIO,//K243CM 96.5
600,WCVP,NC,MURPHY,1000.0,20.0,,,35.0667,-83.9994,LICEN,,Cherokee,37039,OLDIES,,
600,WSJS,NC,WINSTON-SALEM,5000.0,5000.0,,,36.1168,-80.357,LICEN,,Forsyth,37067,TALK/SPORTS,FOX SRN W1S 600 WSJS,"//W276DS 103.1,W268CG 101.5"
600,WSJS,NC,WINSTON-SALEM,2100.0,130.0,,,36.1486,-80.3193,LICEN,,Forsyth,37067,TALK/SPORTS,FOX SRN W1S 600 WSJS,"//W276DS 103.1,W268CG 101.5"
600,KSJB,ND,JAMESTOWN,5000.0,5000.0,,,46.8175,-98.7098,LICEN,,Stutsman,38093,CL. C&W,AP CLASSIC COUNTRY,//K261FC 100.1
600,WRQX,OH,SALEM,1000.0,45.0,,,40.8298,-80.9301,LICEN,WSOM,Columbiana,39029,TALK,FOX WW1 TALK STATION,EX-WSOM
600,WFRM,PA,COUDERSPORT,1000.0,46.0,,,41.7531,-78.0006,LICEN,,Potter,42105,ADLT STNDS/OLDIES,WW1 TWIN TIERS INFO,//W243EB 96.5
600,WYEL,PR,MAYAGUEZ,5000.0,5000.0,,,18.1755,-67.1705,LICEN,WAEL,Mayagüez,72097,SPANISH NEWS/TALK,580 WKAQ,EX-WAEL //WKAQ-580
600,WREC,TN,MEMPHIS,5000.0,5000.0,,,35.1948,-90.0101,LICEN,,Shelby,47157,NEWS/TALK,FOX WW1 NEWSRADIO,//W221CR 92.1
600,KROD,TX,EL PASO,5000.0,5000.0,,,31.9157,-106.393,LICEN,,El Paso,48141,SPORTS,ESPN EL PASO,
600,KTBB,TX,TYLER,5000.0,2500.0,,,32.2718,-95.2066,LICEN,,Smith,48423,NEWS/TALK,FOX NEWSTALK 600/97.5,//FM 97.5
600,WVAR,WV,RICHWOOD,1000.0,55.0,,,38.2307,-80.5468,LICEN,,Nicholas,54067,CLASSIC ROCK,Q92 CLASSIC TOP 40,"//WSGB-1490, W223DF 92.5"
610,WAGG,AL,BIRMINGHAM,5000.0,610.0,,,33.4943,-86.8725,LICEN,"WSGN, WZZK, WEZN",Jefferson,1073,URBAN AC/BLK GSPL,HEAVEN 610,W261BX 100.1
610,KARV,AR,RUSSELLVILLE,1000.0,500.0,,,35.299,-93.1527,LICEN,,Pope,5115,NEWS/TALK/SPORTS,VALLEYS NEWS AUTH.,//FM 101.3
610,KAVL,CA,LANCASTER,4900.0,4000.0,,,34.7061,-118.1776,LICSL,,Los Angeles,6037,SILENT,FSR SPORTS MONSTER,//K294DA 106.7
610,KEAR,CA,SAN FRANCISCO,5000.0,5000.0,,,37.8494,-122.2966,LICEN,"KFRC, KMGI, KFRC",Alameda,6001,RELIGION,FAMILY RADIO,EX-KFRC
610,WSNG,CT,TORRINGTON,1000.0,500.0,,,41.7579,-73.0512,LICEN,,Litchfield,9005,TALK,FOX SRN TALK OF CONN.,//WDRC-1360
610,WIOD,FL,MIAMI,50000.0,20000.0,,,25.7112,-80.4751,LICEN,,Miami-Dade,12086,NEWS/TALK,ABC NEWSRADIO 610,
610,WVTJ,FL,PENSACOLA,500.0,157.0,,,30.4527,-87.2405,LICEN,WHYM,Escambia,12033,BLK GSPL/RELIGION,,EX-WHYM //W287DA 105.3
610,WPLO,GA,GRAYSON,1500.0,225.0,,,33.9532,-83.9707,LICEN,"WLAW, WGNN",Gwinnett,13135,SPANISH STNDS,LA BONITA 6-10,//W261EA 100.1
610,WCEH,GA,HAWKINSVILLE,500.0,126.0,,,32.2807,-83.4435,LICEN,"WCEH, WJFN",Pulaski,13235,CLASSIC ROCK,THE ROOSTER 96.1 FM,//W241CO 96.1
610,WRUS,KY,RUSSELLVILLE,1800.0,59.0,,,36.8445,-86.9225,LICEN,"WRUS, WBVR",Logan,21141,OLDIES,ABC,//W285GB 104.9
610,KDAL,MN,DULUTH,5000.0,5000.0,,,46.7205,-92.1769,LICEN,,St. Louis,27137,NEWS/TALK,NBC NORTHLAND NEWS R.,"//KDAH 650, W280FB 103.9"
610,KFNZ,MO,KANSAS CITY,5000.0,5000.0,,,38.9842,-94.6286,LICEN,"WDAF, KCSP",Johnson,20091,SPORTS,FSR 96.5 THE FAN,EX-WDAF/KCSP //FM 96.5
610,KOJM,MT,HAVRE,1000.0,1000.0,,,48.58,-109.6491,LICEN,,Hill,30041,CLASSIC ROCK,ABC THE ROCK,//K252FZ 98.3
610,WPZS,NC,CHARLOTTE,5000.0,1000.0,,,35.301,-80.8881,LICEN,"WGKL, WAQS, WRFX, WFNZ",Mecklenburg,37119,BLK GSPL,PRAISE 102.5,EX-WRFX/WFNZ //W273DA 102.5
610,KCSR,NE,CHADRON,1000.0,118.0,,,42.8322,-103.0171,LICEN,,Dawes,31045,C&W,,
610,WGIR,NH,MANCHESTER,5000.0,1000.0,,,43.0159,-71.4795,LICEN,,Hillsborough,33011,NEWS/TALK,FOX NEWSRADIO,//WQSO 96.7
610,KNML,NM,ALBUQUERQUE,5000.0,5000.0,,,35.033,-106.6629,LICEN,"KRKE, KZSS, KSVA, KSVA, KHTL, KHTL",Bernalillo,35001,SPORTS,W1S THE SPORTS ANIMAL,EX-KTBL/KHTL //K240BL 95.9
610,WTVN,OH,COLUMBUS,5000.0,5000.0,,,39.8762,-82.9802,LICEN,,Franklin,39049,TALK,ABC BNN WW1 NEWSRADIO,
610,KRTA,OR,MEDFORD,2500.0,5000.0,,,42.3874,-122.7709,LICEN,KYJC,Jackson,41029,REG. MEX.,LA GRAN D 610 AM,EX-KYJC
610,WTEL,PA,PHILADELPHIA,5000.0,5000.0,,,39.8654,-75.1091,LICEN,WIP,Burlington,34005,URBAN NEWS/TALK,BIN BLACK INFO NETWORK,EX-WIP
610,WEXS,PR,PATILLAS,250.0,1000.0,,,18.008,-66.0241,LICEN,,Patillas,72109,SPANISH TROPICAL,X-61,//W232DR 94.3
610,KILT,TX,HOUSTON,5000.0,5000.0,,,29.918,-95.4261,LICEN,,Harris,48201,SPORTS,W1S 95.7 THE FAN,//KKHH 95.7
610,KILT,TX,HOUSTON,2700.0,2500.0,,,29.993,-95.4724,LICEN,,Harris,48201,SPORTS,W1S 95.7 THE FAN,//KKHH 95.7
610,KVNU,UT,LOGAN,10000.0,1000.0,,,41.6749,-111.9358,LICEN,,Cache,49005,NEWS/TALK,ABC VOICE OF NRTH UTAH,//K271BI 102.1
610,WPLI,VA,ROANOKE,5000.0,1000.0,,,37.3032,-80.0423,LICSL,"WSLC, WVBE, WPLY",Roanoke,51770,SILENT,FSR SPORTS RADIO 610,"//W253BT 98.5, 97.3, 101.1"
610,WXVA,VA,WINCHESTER,,500.0,,,39.1982,-78.22,LICEN,"WVAI, WUSQ, WNTW, WTFX, WLVE",Frederick,51069,CLASSIC ROCK,ABC 92.1 VALLEY FM,EX-WTFX/WLVE //W275BV 102.9
610,WXVA,VA,WINCHESTER,380.0,,,,39.124,-78.2119,LICEN,"WVAI, WUSQ, WNTW, WTFX, WLVE",Frederick,51069,CLASSIC ROCK,ABC 92.1 VALLEY FM,EX-WTFX/WLVE //W275BV 102.9
610,KONA,WA,KENNEWICK-RICHLAND-PASCO,5000.0,5000.0,,,46.1739,-119.0678,LICEN,,Benton,53005,TALK,ABC WW1 NEWSRADIO,
620,KGTL,AK,HOMER,5000.0,5000.0,,,59.6836,-151.633,LICEN,"KTGL, KPEN",Kenai Peninsula,2122,STNDS/TALK,THE ANSWER 620 AM,"//K272DG 102.3,K290AA 105.9"
620,KTAR,AZ,PHOENIX,5000.0,5000.0,,,33.4789,-112.0024,LICEN,,Maricopa,4013,SPORTS,ESPN 620,
620,KIGS,CA,HANFORD,1000.0,1000.0,,,36.3263,-119.5674,LICEN,"KNGS, KCLQ",Kings,6031,ETHNIC S. ASIAN,RADIO PUNJAB,EX-KCLQ //KQEQ-1210
620,KMJC,CA,MOUNT SHASTA,1000.0,29.0,,,41.3191,-122.3108,LICSL,KWSD,Siskiyou,6093,NEWS/TALK,NPR JEFFERSON PUB R.,EX-KWSD
620,KJOL,CO,GRAND JUNCTION,5000.0,79.0,,,39.1264,-108.6376,LICEN,"KSTR, KKTK, KKGM, KBZS, KKGM, KKGJ, KSTR, KRDY, KSTR",Mesa,8077,C. CHRIST,SRN HEAR THE LIGHT,EX-KRDY/KXTR //K258BP 99.5
620,WDAE,FL,ST. PETERSBURG,5600.0,5500.0,,,27.8773,-82.5901,LICEN,"WSUN, WSAA, WHNZ, WHNZ",Pinellas,12103,SPORTS,FSR 95.7 WDAE SPORTS R,"//W237CW 95.3, WRUB-95.7"
620,KMNS,IA,SIOUX CITY,1000.0,1000.0,,,42.3736,-96.4484,LICEN,,Woodbury,19193,SPORTS,FSR W1S XNO,
620,WAKY,KY,LOUISVILLE,500.0,500.0,,,38.3164,-85.7022,LICEN,"WTMT, WTUV",Jefferson,21111,CLASSIC HITS,FOX CLASSIC HITS,EX-WTMT/WTUV //FM 103.5
620,WZON,ME,BANGOR,5000.0,620.0,,,44.8298,-68.7834,LICSL,"WLBZ, WACZ",Penobscot,23019,SILENT,Z-62 RETRO RADIO,
620,WJDX,MS,JACKSON,5000.0,1000.0,,,32.3824,-90.1906,LICEN,"WJDX, WJDS",Hinds,28049,NEWS/TALK/SPORTS,FSR NEWS TALK SPORTS,EX-WJDX/WJDS
620,WDNC,NC,DURHAM,1500.0,41.0,,,35.9679,-78.8878,LICEN,,Durham,37063,SPORTS,W1S ESPN BUZZ SPRTS R.,//W283DE 104.5
620,WSNR,NJ,JERSEY CITY,3000.0,7600.0,,,40.7982,-74.1062,LICEN,"WVNJ, WSKQ, WXLX, WJWR",Bergen,34003,ETHNIC/RELIGION,DAVIDZON RADIO 620,EX-WSKQ/WXLX/WJWR
620,WHEN,NY,SYRACUSE,5000.0,1000.0,,,43.0928,-76.1877,LICEN,,Onondaga,36067,URBAN AC,POWER 620 BLACK PROUD,//W269DT 101.7
620,KPOJ,OR,PORTLAND,25000.0,10000.0,,,45.4221,-122.567,LICEN,"KGW, KINK, KOTK, KEWS, KDBZ, KTLK",Multnomah,41051,SPORTS,FSR RIP CITY SPORTS R.,EX-KOTK/KEWS/KDBZ/KTLK
620,WKHB,PA,IRWIN,5500.0,50.0,,,40.289,-79.7009,LICEN,"WHJB, WKPZ",Westmoreland,42129,TALK/OLDIES,620 KHB,"//FM 103.9,92.3,94.1,102.1"
620,WFMV,SC,CAYCE,2500.0,126.0,,,33.9596,-81.0409,LICEN,"WLFF, WABX, WTGH, WGCV",Lexington,45063,BLK GSPL,INSPIRATION STATION,"//W255DR 98.9,W296EI 107.1"
620,WRJZ,TN,KNOXVILLE,5000.0,5000.0,,,35.9901,-83.8374,LICEN,,Knox,47093,RELIGION,FOX JOY 62,//W256CN 99.1
620,WVMT,VT,BURLINGTON,5000.0,5000.0,,,44.5345,-73.2204,LICEN,,Chittenden,50007,TALK/SPORTS,ABC FOX #1 NEWSTALK,//W242BK 96.3
620,WTMJ,WI,MILWAUKEE,50000.0,10000.0,,,42.7078,-88.0659,LICEN,,Milwaukee,55079,NEWS/TALK,ABC NEWSRADIO 620,//W277CV 103.3
620,WWNR,WV,BECKLEY,5000.0,25.0,,,37.7551,-81.2365,LICEN,,Raleigh,54081,TALK,SRN FOX NEWSTALK 620,//W266AZ 101.1
630,KJNO,AK,JUNEAU,5000.0,1000.0,,,58.3294,-134.4732,LICEN,,Juneau,2110,TALK/SPORTS,FOX WW1 K JUNEAU,//K248DQ 97.5
630,KIAM,AK,NENANA,10000.0,3100.0,,,64.4781,-149.0885,LICEN,,Yukon-Koyukuk,2290,RELIGION,SRN VOICE OF WILDERNES,//FM 91.9
630,WAVU,AL,ALBERTVILLE,1000.0,28.0,,,34.2387,-86.1664,LICEN,,Marshall,1095,C. CHRIST.,AP POWER 107.5,//W298BG 107.5
630,KVMA,AR,MAGNOLIA,1000.0,30.0,,,33.2999,-93.2327,LICEN,,Columbia,5027,SPORTS,FSR SPORTS TALK 630,//K296FC 107.1
630,KHOW,CO,DENVER,5000.0,5000.0,,,39.91,-104.9144,LICEN,,Arapahoe,8005,TALK,ABC DENVER'S TALK STN,//KRFX-HD2 103.5
630,WSBN,DC,WASHINGTON,10000.0,2700.0,,,39.134,-77.3036,LICEN,WMAL,Montgomery,24031,SPORTS,ESPN 630 SPRTS CAPITOL,EX-WMAL
630,WNEG,GA,TOCCOA,5000.0,44.0,,,34.5679,-83.3238,LICEN,,Stephens,13257,AC/OLDIES,,//W226BY 93.1
630,KICH,GU,AGANA,10000.0,10000.0,,,13.4481,144.7561,LICSL,KUAM,Guam,66010,,,
630,KFXD,ID,BOISE,5000.0,37.0,,,43.5156,-116.3336,LICEN,KIDO,Canyon,16027,URBAN HIPHOP,POWER 105.5,EX-KIDO //K288HG 105.5
630,WLAP,KY,LEXINGTON,5000.0,1000.0,,,38.1237,-84.4458,LICEN,,Fayette,21067,NEWS/TALK/SPORTS,FOX NEWSRADIO 630,
630,WREY,MN,ST. PAUL,3000.0,2400.0,,,44.8669,-92.9008,LICEN,"KDWB, WDGY",Washington,27163,REG. MEX.,EL REY 94.9,//W235CT 94.9
630,KYFI,MO,ST.  LOUIS,5000.0,5000.0,,,38.6717,-90.1146,LICEN,"KXOK, KJSL",Madison,17119,RELIGION,SRN BBN,EX-KXOK/KJSL
630,WAIZ,NC,HICKORY,1000.0,57.0,,,35.7229,-81.2779,LICEN,WIRC,Catawba,37035,OLDIES,ABC BIG WAYS RADIO,EX-WIRC //W290CW 105.9
630,WMFD,NC,WILMINGTON,800.0,1000.0,,,34.2721,-77.9742,LICEN,,New Hanover,37129,SPORTS,ESPN,//W269DF 101.7
630,KPLY,NV,RENO,5000.0,1000.0,,,39.5735,-119.8477,LICEN,"KOH, KRCV, KNRC, KHIT, KPTT",Washoe,32031,SPORTS,FOX SPORTSRADIO,EX-KHIT/KPTT //K273BI 94.9
630,KWRO,OR,COQUILLE,5000.0,46.0,,,43.1712,-124.1996,LICEN,"KSHR, KBEY",Coos,41011,NEWS/TALK,FOX SRN WW1 NEWSTALK,//K266CD 101.1
630,WEJL,PA,SCRANTON,2000.0,32.0,,,41.4095,-75.6666,LICEN,,Lackawanna,42069,SPORTS,FSR BETMGM SPRTS R94.1,//W263AL 100.5
630,WUNO,PR,SAN JUAN,5000.0,5000.0,,,18.4311,-66.2724,LICEN,"WQBS, WSKN",San Juan,72127,SPANISH NEWS/TALK,NOTI UNO SEIS TREINTA,EX-WSKN //WPRP-910
630,WPRO,RI,PROVIDENCE,5000.0,5000.0,,,41.7746,-71.3226,LICEN,,Providence,44007,TALK,ABC NEWSRADIO 630&99.7,//WEAN 99.7
630,KSLR,TX,SAN ANTONIO,,4300.0,,,29.5308,-98.1206,LICEN,KMAC,Medina,48325,RELIGION,SRN THE WORD SOUTH TX,//K345CI 94.7
630,KSLR,TX,SAN ANTONIO,5000.0,,,,29.3916,-98.3503,LICEN,KMAC,Medina,48325,RELIGION,SRN THE WORD SOUTH TX,//K345CI 94.7
630,KCIS,WA,EDMONDS,,2500.0,,,47.8498,-122.1618,LICEN,KGDN,King,53033,RELIGION,INSPIRED FOR LIFE,
630,KCIS,WA,EDMONDS,5000.0,,,,47.7682,-122.3532,LICEN,KGDN,King,53033,RELIGION,INSPIRED FOR LIFE,
630,KTRW,WA,OPPORTUNITY,620.0,62.0,,,47.6083,-117.3734,LICEN,"KKPL, KHDL, KXLI",Spokane,53063,ADLT STNDS/TALK,SRN FABULOUS 630,EX-KKPL //K243CG 96.5
630,WJAW,WV,ST. MARYS,1000.0,37.0,,,39.3951,-81.2301,LICEN,"WRRR, WVVW",Washington,39167,SPORTS,ESPN 630 AM & 92.9 FM,//W225CW 92.9
640,KYUK,AK,BETHEL,10000.0,10000.0,,,60.7824,-161.8857,LICEN,,Bethel,2050,NEWS/VARIETY,NPR,//K220EA 91.9
640,KFI,CA,LOS ANGELES,50000.0,50000.0,,,33.8797,-118.0139,LICEN,,Los Angeles,6037,TALK,MORE STIMULATING TALK,
640,WMEN,FL,ROYAL PALM BEACH,7500.0,460.0,,,26.7553,-80.3664,LICEN,"WLVJ, WJNA",Palm Beach,12099,SPORTS,FOX SPORTS 640,EX-WLVJ/WJNA
640,WVLG,FL,WILDWOOD,930.0,860.0,,,28.9047,-81.9598,LICEN,"WHOF, WMZY, WHOF",Sumter,12119,ADLT STNDS,FOX THE VILLAGES,EX-WHOF //W274BR 102.7
640,WBIN,GA,ATLANTA,50000.0,1000.0,,,33.7621,-84.458,LICEN,"WPBD, WGST",DeKalb,13089,URBAN NEWS/TALK,BIN BLACK INFO NETWORK,EX-WPBD/WGST
640,WOI,IA,AMES,5000.0,1000.0,,,41.9928,-93.6911,LICEN,,Story,19169,NEWS/TALK/JAZZ,NPR IOWA PUBLIC RADIO,
640,WMFN,IL,PEOTONE,4400.0,1600.0,,,41.3011,-87.8353,LICEN,"WBMX, WROR, WISZ",Will,17197,URBAN NEWS/TALK,BIN BLACK INFO NETWORK,
640,KTIB,LA,THIBODAUX,5000.0,1000.0,,,29.8516,-90.9134,LICEN,,Lafourche,22057,SPANISH TROPICAL,LA CALLE,"//K279CU 103.7, K250BA 97.9"
640,WNNZ,MA,WESTFIELD,50000.0,1000.0,,,42.1795,-72.7509,LICEN,WLDM,Hampden,25013,NEWS/TALK,NPR NEW ENGLAND PR,
640,WFNC,NC,FAYETTEVILLE,10000.0,1000.0,,,35.0796,-78.9325,LICEN,,Cumberland,37051,NEWS/TALK,FOX SRN NEWSTALK 640,
640,WWJZ,NJ,MOUNT HOLLY,50000.0,950.0,,,39.9971,-74.7193,LICEN,"WMHN, WMJZ",Burlington,34005,RELIGION,EWTN RELEVANT RADIO,
640,WHLO,OH,AKRON,5000.0,500.0,,,41.0798,-81.6457,LICEN,,Summit,39153,NEWS/TALK,FOX BNN NEWSTALK 640,
640,KWPN,OK,MOORE,5000.0,1000.0,,,35.2892,-97.5025,LICEN,"WNAD, WWLS",Cleveland,40027,SPORTS,ESPN WWLS SPRTS ANIMAL,//KYAL-1550 EX-WWLS
640,WXSM,TN,BLOUNTVILLE,10000.0,810.0,,,36.5221,-82.4235,LICEN,"WCQR, WJTZ, WGOC",Sullivan,47163,SPORTS,W1S SPORTS MONSTER,EX-WJTZ/WGOC
640,WCRV,TN,COLLIERVILLE,50000.0,480.0,,,34.9931,-89.8994,LICEN,WMSO,DeSoto,28033,RELIGION,BOTT CHRISTIAN VOICE,"//W229CT 93.7, W264CO 100.7"
650,KENI,AK,ANCHORAGE,50000.0,50000.0,,,61.1656,-149.8283,LICEN,KYAK,Anchorage,2020,NEWS/TALK,FOX WW1 NEWSRADIO 650,EX-KYAK
650,KSTE,CA,RANCHO CORDOVA,21400.0,920.0,,,38.4796,-121.2783,LICEN,"KMCE, KRDX",Sacramento,6067,NEWS/TALK,WW1 TALK STATION 650,EX-KMCE/KRDX
650,KPRP,HI,HONOLULU,10000.0,10000.0,,,21.4453,-158.0636,LICEN,"KORL, KHNR, KRTR",Honolulu,15003,ETHNIC FILIPINO,PINOY POWER RADIO,EX-KHNR/KRTR STA: 10W NDA
650,KDAH,MN,NASHWAUK,10000.0,1000.0,,,47.3752,-93.0157,LICEN,"WKKQ, WNMT",St. Louis,27137,NEWS/TALK,NBC NORTHLAND NEWS R.,EX-WKKQ/WNMT //KDAL 610
650,WSM,TN,NASHVILLE,50000.0,50000.0,,,35.9973,-86.7922,LICEN,,Davidson,47037,CL. C&W,NBC COUNTRY LEGENDS,
650,KIKK,TX,PASADENA,250.0,,,,29.6886,-95.1749,LICEN,,Harris,48201,SILENT,W1S BETMGM THE BET 650,
650,KMTI,UT,MANTI,10000.0,900.0,,,39.2941,-111.6377,LICEN,,Sanpete,49039,C&W,ABC WW1 650 COUNTRY,//K236BE 95.1
650,KGAB,WY,ORCHARD VALLEY,8500.0,500.0,,,41.053,-104.833,LICEN,"KRNK, KVWO, KUUY, KMRZ",Laramie,56021,TALK,FOX TALK OF CHEYENNE,EX-KUUY/KMRZ //K258DN 99.5
660,KFAR,AK,FAIRBANKS,10000.0,10000.0,,,64.8082,-147.4966,LICEN,,Fairbanks North Star,2090,NEWS/TALK,FOX HEARTBEAT OF ALSKA,//K248DK 97.5
660,WXQW,AL,FAIRHOPE,10000.0,19.0,,,30.5974,-87.8828,LICEN,"WMOO, WLIT, WBLX, WHOZ, WDLT, WWFF",Baldwin,1003,SPORTS,ESPN JOX MOBILE 104.1,//WJOX 94.5
660,KTNN,AZ,WINDOW ROCK,50000.0,50000.0,,,35.895,-109.142,LICEN,,Apache,4001,NAVAJO/C&W,AP WW1 VOICE OF NAVAJO,//FM 101.5
660,KGSV,CA,OILDALE,8000.0,6000.0,,,35.4527,-118.9454,LICEN,"KGDP, KSMI, KGDP, KWVE",Kern,6029,ETHNIC S. ASIAN,RADIO PUNJAB,EX-KSMI/KWVE //K273CB 102.5
660,WDYZ,FL,ALTAMONTE SPRINGS,3500.0,1000.0,,,28.6933,-81.3489,LICEN,"WGNZ, WGOR, WORL",Seminole,12117,REG. MEX.,PODER 660,EX-WORL
660,WMIC,MI,SANDUSKY,1000.0,,,,43.3928,-82.8349,LICEN,,Sanilac,26151,C&W/TALK,ABC THUMBS INFO STN,//W237EQ 95.3
660,WBHR,MN,SAUK RAPIDS,10000.0,500.0,,,45.605,-94.1394,LICEN,WVAL,Benton,27009,SPORTS,ESPN THE BEAR,EX-WVAL //W239CU 95.7
660,KEYZ,ND,WILLISTON,5000.0,5000.0,,,48.2389,-103.6507,LICEN,KQSR,Williams,38105,C&W/TALK,ABC WW1 KEYS NEWSRADIO,EX-KQSR //FM 101.9
660,KCRO,NE,OMAHA,1000.0,54.0,,,41.3131,-96.0103,LICEN,KOWH,Douglas,31055,RELIGION,FOX THE WORD,//K294DJ 106.7
660,WFAN,NY,NEW YORK,50000.0,50000.0,,,40.8598,-73.7854,LICEN,WNBC,Bergen,34003,SPORTS,W1S THE FAN,//FM 101.9
660,WXIC,OH,WAVERLY,1000.0,,,,39.1306,-83.0127,LICEN,WPKO,Pike,39131,TALK,FOX 95.9 THE EAGLE,//W240DZ 95.9
660,KXOR,OR,JUNCTION CITY,10000.0,75.0,,,44.2098,-123.1834,LICEN,KZTU,Lane,41039,SPANISH RELIGION,RADIO ZION,EX-KZTU
660,WAMO,PA,WILKINSBURG,1400.0,,,,40.4131,-79.8537,LICEN,"WZGO, WHYM, WZGO, WFJY, WCIX, WPYT",Allegheny,42003,URBAN HIPHOP,WAMO 107.3,EX-WPYT //W297BU 107.3
660,WESC,SC,GREENVILLE,5000.0,,,,34.8684,-82.4679,LICEN,"WESC, WLFJ",Greenville,45045,C&W,CAROLINAS BEST COUNTRY,//FM 92.9 EX-WLFJ
660,KSKY,TX,BALCH SPRINGS,7200.0,600.0,,,33.0407,-96.9458,LICEN,,Denton,48121,TALK,SRN THE ANSWER,
660,WLOY,VA,RURAL RETREAT,550.0,,,,36.9215,-81.2426,LICEN,"WCRR, WJRK",Wythe,51197,OLDIES,FOX TRUE OLDIES,EX-WCRR/WJRK //W227DS 93.3
660,KAPS,WA,MOUNT VERNON,10000.0,1000.0,,,48.4384,-122.3454,LICEN,,Skagit,53057,C&W,ABC WW1 CAPS COUNTRY,//K271AH 102.1
670,KDLG,AK,DILLINGHAM,10000.0,10000.0,,,59.0445,-158.4541,LICEN,,Dillingham,2070,VARIETY,NPR,
670,KHGZ,AR,GLENWOOD,5000.0,,,,34.3257,-93.5577,LICEN,"KQAC, KWXI",Pike,5109,REG. MEX,LA RAZA 92.3,EX-KWXI //K255BH 98.9
670,KIRN,CA,SIMI VALLEY,5000.0,3000.0,,,34.3194,-118.7165,LICEN,"KWNK, KVCA",Ventura,6111,ETHNIC IRANIAN,SRN RADIO IRAN,EX-KWNK/KVCA
670,KLTT,CO,COMMERCE CITY,50000.0,1400.0,,,39.9555,-104.7311,LICEN,"KPBL, KMVP, KLDC",Adams,8001,RELIGION,POWERFUL CHRISTIAN TLK,EX-KMVP/KLDC //K236CQ 95.1
670,WWFE,FL,MIAMI,50000.0,1000.0,,,25.8579,-80.4809,LICEN,WCBJ,Miami-Dade,12086,RELIGION,THE WORD,//W276DV 103.1
670,KPUA,HI,HILO,5000.0,5000.0,,,19.7808,-155.0876,LICEN,,Hawaii,15001,NEWS/TALK/SPORTS,NEWS SPORTS & INFO STN,//K253CR 98.5
670,KBOI,ID,BOISE,50000.0,50000.0,,,43.4288,-116.3296,LICEN,,Canyon,16027,NEWS/TALK,FOX ABC NEWSTALK OF ID,//FM 93.1
670,WSCR,IL,CHICAGO,50000.0,50000.0,,,42.0421,-87.8672,LICEN,WMAQ,Cook,17031,SPORTS,W1S 104.3 THE SCORE,EX-WMAQ //WBMX 104.3
670,WSCR,IL,CHICAGO,50000.0,50000.0,,,41.9342,-88.0728,LICEN,WMAQ,Cook,17031,SPORTS,W1S 104.3 THE SCORE,EX-WMAQ //WBMX 104.3
670,KMZQ,NV,LAS VEGAS,25000.0,600.0,,,36.3844,-115.3522,LICEN,"KSXX, KBTB",Clark,32003,TALK,SRN AM 67 RIGHT TALK,EX-KSXX/KBTB
670,WLUI,PA,LEWISTOWN,5400.0,,,,40.6075,-77.5787,LICEN,"WMRF, WIEZ",Mifflin,42087,CLASSIC ROCK,ABC BIG LEWIE 92.9,//W225CK 92.9 EX-WIEZ
670,WRJR,VA,CLAREMONT,12000.0,3.0,,,37.1749,-76.8966,LICEN,"WARO, WBVS, WVNS, WRJR, WHRP, WRJR, WPMH",Surry,51181,VARIETY,NPR,EX-WHRP/WPMH //W273DZ 102.5
680,KBRW,AK,BARROW,10000.0,10000.0,,,71.2562,-156.529,LICEN,,North Slope,2185,ESKIMO/VARIETY,NPR TOP OF THE WORLD,//FM 91.9
680,KNBR,CA,SAN FRANCISCO,50000.0,50000.0,,,37.5472,-122.2344,LICEN,,Alameda,6001,SPORTS,W1S THE SPORTS LEADER,//FM 104.5
680,WGES,FL,ST. PETERSBURG,800.0,140.0,,,27.8567,-82.6237,LICEN,"WLFW, WLFF, WRMD",Pinellas,12103,SPANISH RELIGION,GENESIS 680,EX-WLFF/WRMD
680,WCNN,GA,NORTH ATLANTA,50000.0,10000.0,,,33.9618,-84.2633,LICEN,"WCNN, WGTW",Gwinnett,13135,SPORTS,ESPN THE FAN 680,//W229AG 93.7
680,WCTT,KY,CORBIN,770.0,830.0,,,36.9026,-84.0805,LICEN,,Knox,21121,OLDIES/ADLT STNDS,ABC GREAT 68,//W287DL 105.3
680,WHBE,KY,NEWBURG,1000.0,450.0,,,38.092,-85.6822,LICEN,"WJYL, WLSY, WXKN, WNAI, WJIE, WDRD",Jefferson,21111,SPORTS,ESPN LOUISVILLE,EX-WJIE/WDRD //FM 105.7
680,WRKO,MA,BOSTON,50000.0,50000.0,,,42.4904,-71.2176,LICEN,,Norfolk,25021,TALK,WW1 THE TALK STATION,//WZLX-HD2 100.7
680,WCBM,MD,BALTIMORE,50000.0,20000.0,,,39.3743,-76.8577,LICEN,,Baltimore,24510,TALK,SRN WW1 TALKRADIO 680,
680,WNZK,MI,DEARBORN HEIGHTS,,2500.0,,,42.0987,-83.3299,LICEN,,Wayne,26163,ETHNIC,STN OF THE NATIONS,//W228CJ 93.5 690 KHZ DAYS
680,WDBC,MI,ESCANABA,6000.0,1000.0,,,45.763,-87.0949,LICEN,,Delta,26041,AC/EZL/ADLT STNDS,SRN AMERICAS BEST MX,//W233CT 94.5
680,KFEQ,MO,ST. JOSEPH,5000.0,5000.0,,,39.8286,-94.8058,LICEN,,Buchanan,29021,TALK/C&W,FOX TALK OF ST. JOE,//K237HF 95.3
680,KKGR,MT,EAST HELENA,5000.0,,,,46.5688,-111.9097,LICEN,"KHKR, KVCM, KHKR",Jefferson,30043,CLASSIC ROCK,HELENAS GREATEST HITS,EX-KVCM/KHKR //K226BI 93.1
680,WPTF,NC,RALEIGH,50000.0,50000.0,,,35.794,-78.7611,LICEN,,Wake,37183,NEWS/TALK,FOX SRN NEWSRADIO 680,"//W225DF 92.9, W251CA 98.1"
680,KWKA,NM,CLOVIS,500.0,500.0,,,34.3634,-103.2186,LICEN,,Curry,35009,TALK/FARM,ALL AG,
680,WINR,NY,BINGHAMTON,5000.0,500.0,,,42.1148,-75.8541,LICEN,,Broome,36007,C&W,CLASSIC COUNTRY 96.9,//W245BV 96.9
680,WISR,PA,BUTLER,250.0,50.0,,,40.8776,-79.9023,LICEN,,Butler,42019,OLDIES/TALK,HOMETOWN RADIO,//W298CW 107.5
680,WAPA,PR,SAN JUAN,10000.0,9500.0,,,18.4025,-65.9474,LICEN,"WAPA, WBQN",San Juan,72127,SPANISH NEWS/TALK,WAPA LA PODEROSA,EX-WAPA/WBQN //W237FF 95.3
680,WMFS,TN,MEMPHIS,8000.0,5000.0,,,35.2229,-90.0437,LICEN,"WEZI, WOGY, WJCE, WWTQ, WSMB",Shelby,47157,SPORTS,ESPN,EX-WWTQ/WSMB //FM 92.9
680,KKYX,TX,SAN ANTONIO,50000.0,10000.0,,,29.5011,-98.832,LICEN,,Medina,48325,CL. C&W,COUNTRY LEGENDS,//K285EU 104.9
680,KUTI,WA,LACEY,250.0,,,,47.0617,-122.8301,LICEN,"KNTE, KLDY, KBRD",Thurston,53067,ADLT STNDS,K-BIRD,EX-KLDY/KBRD //K266BM 101.1
680,KOMW,WA,OMAK,5000.0,,,,48.3943,-119.5345,LICEN,,Okanogan,53047,ADLT STNDS/TALK,ABC WW1 RADIO OKANOGAN,//K278CS 103.5
680,WOGO,WI,HALLIE,2500.0,500.0,,,44.8894,-91.3843,LICEN,,Chippewa,55017,NEWS/TALK,FOX SRN AM 680 & 103.1,//W276CP 103.1
680,WKAZ,WV,CHARLESTON,10000.0,221.0,,,38.3187,-81.5409,LICEN,WCAW,Kanawha,54039,C&W,95.3 KAZ,EX-WCAW //W237AZ 95.3
690,WJOX,AL,BIRMINGHAM,50000.0,500.0,,,33.4509,-86.9222,LICEN,"WVOK, WJOX, WSPZ",Jefferson,1073,SPORTS,ESPN JOX 690,EX-WVOK/WSPZ
690,KAFN,AR,BENTON,250.0,73.0,,,34.5326,-92.5713,LICSL,"KBBA, KEWI",Saline,5125,SILENT,EZ ROCK,"EX-KEWI //K257GP 99.3, ETC."
690,KCEE,AZ,TUCSON,250.0,3.0,,,32.2531,-110.9629,LICEN,"KEVT, KVOI",Pima,4019,RELIGION,SRN REACH RADIO,EX-KVOI //K237FX 95.3
690,KWRP,CO,PUEBLO,250.0,24.0,,,38.2967,-104.6469,LICEN,"KAPI, KRMX, KSIP",Pueblo,8101,URBAN HIPHOP,FOX THE BUZZ,//K262BB 100.3
690,WADS,CT,ANSONIA,3200.0,,,,41.3462,-73.1137,LICSL,,New Haven,9009,SILENT,RADIO AMOR,
690,WOKV,FL,JACKSONVILLE,,25000.0,,,30.308,-81.9396,LICEN,"WJKF, WPDQ",Duval,12031,SPORTS,ESPN JACKSONVILLE,EX-WPDQ
690,WOKV,FL,JACKSONVILLE,50000.0,,,,30.1325,-81.6998,LICEN,"WJKF, WPDQ",Duval,12031,SPORTS,ESPN JACKSONVILLE,EX-WPDQ
690,KHNR,HI,HONOLULU,10000.0,10000.0,,,21.2916,-157.8608,LICEN,"KKUA, KQMQ, KORL, KHCM",Honolulu,15003,NEWS/TALK,SRN WW1 THE ANSWER,EX-KORL/KHCM //K232FL 94.3
690,KGGF,KS,COFFEYVILLE,10000.0,5000.0,,,37.1465,-95.4786,LICEN,,Labette,20099,NEWS/TALK/SPORTS,FOX FSR MIGHTY 690,//K224FQ 92.7
690,WQNO,LA,NEW ORLEANS,9100.0,2100.0,,,29.9635,-89.9587,LICEN,"WTIX, WIST",Orleans,22071,RELIGION,EWTN CATHOLIC RADIO,EX-WIST //K268DR 101.5
690,WNZK,MI,DEARBORN HEIGHTS,2500.0,,,,42.0987,-83.3299,LICEN,,Wayne,26163,ETHNIC,STN OF THE NATIONS,//W228CJ 93.5 680 KHZ NIGHT
690,KFXN,MN,MINNEAPOLIS,1700.0,5.0,,,45.0233,-93.3816,LICEN,"KTCR, KTCJ, KXBR",Washington,27163,ETHNIC HMONG,,EX-KTCJ/KXBR
690,KSTL,MO,ST. LOUIS,1000.0,18.0,,,38.617,-90.1715,LICEN,,St. Clair,17163,RELIGION/BLK GSPL,JUBILEE 690,
690,KOLT,NE,TERRYTOWN,1000.0,75.0,,,41.7916,-103.6419,LICEN,"KEYR, KOAQ",Scotts Bluff,31157,NEWS/TALK/SPORTS,FOX FSR NEWSTALK 690,EX-KEYR/KOAQ //K269DO 101.7
690,KRCO,OR,PRINEVILLE,1000.0,77.0,,,44.3409,-120.9078,LICEN,,Crook,41013,SPORTS,FSR 92.5 THE TICKET,//K223DJ 92.5
690,WPHE,PA,PHOENIXVILLE,1000.0,,,,40.1357,-75.5599,LICEN,WYIS,Chester,42029,SPANISH RELIGION,RADIO SALVACION,EX-WYIS
690,KTSM,TX,EL PASO,10000.0,10000.0,,,31.9698,-106.3547,LICEN,"KHEY, KHEY",El Paso,48141,NEWS/TALK,NBC BNN NEWSRADIO 690,EX-KHEY
690,KPET,TX,LAMESA,250.0,250.0,,,32.7076,-101.9368,LICEN,,Dawson,48115,C&W,HOMETOWN RADIO LEGEND,//K235CZ 94.9
690,WZAP,VA,BRISTOL,10000.0,14.0,,,36.631,-82.1591,LICEN,,Washington,51191,GOSPEL,SRN S. GOSPEL LEGEND,//W227DT 93.3
690,WVCY,WI,OSHKOSH,250.0,77.0,,,44.0808,-88.5648,LICEN,"WLKE, WXOL",Winnebago,55139,RELIGION,SRN VCY CHRISTIAN INFO,EX-WLKE/WXOL //W260DL 99.9
690,WELD,WV,FISHER,3000.0,14.0,500.0,,39.0523,-79.0056,LICEN,,Hardy,54031,CLASSIC ROCK,ABC WW1 CLASSIC HITS,CH: 500 W PSSA: 500 W
700,KBYR,AK,ANCHORAGE,10000.0,10000.0,,,61.2064,-149.9244,LICEN,,Anchorage,2020,TALK,SRN BNN WW1,//K203BY 88.5
700,WARB,AL,DOTHAN,1600.0,,,,31.4388,-85.2894,LICEN,"WGZS, WEEL, WCNF",Houston,1069,URBAN AC,VIBE 105.9,EX-WEEL/WCNF //W290DG 105.9
700,KMBX,CA,SOLEDAD,2500.0,700.0,,,36.4641,-121.2988,LICEN,"KQKE, KSUR, KVRG, KSES",Monterey,6053,REG. MEX.,LA SUAVECITA,EX-KSES //KSES-FM 107.1
700,WQVD,MA,ORANGE-ATHOL,2500.0,,,,42.5848,-72.2806,LICEN,"WCAT, WPNS, WCAT, WJOE, WVBB, WTUB, WWBZ, WFAT, WPVQ, WQVD, WPVQ",Franklin,25011,CLASSIC HITS,,EX-WFAT/WPVQ //W222CH 92.3
700,WQVD,MA,PAXTON,2300.0,,,,42.3031,-71.8972,LICEN,"WCAT, WPNS, WCAT, WJOE, WVBB, WTUB, WWBZ, WFAT, WPVQ, WQVD, WPVQ",Worcester,25027,CLASSIC HITS,,EX-WFAT/WPVQ //W222CH 92.3
700,WDMV,MD,WALKERSVILLE,5000.0,,,,39.4576,-77.3239,LICEN,"WWTL, WGOP",Frederick,24021,REG. MEX.,LA JEFA,EX-WWTL/WGOP
700,WZOO,NC,ASHEBORO,1000.0,,1000.0,,35.764,-79.8342,LICEN,,Randolph,37151,CLASSIC ROCK,ABC ZOO CLASSIC HITS,//W260CG 99.9
700,KDAZ,NM,ALBUQUERQUE,450.0,55.0,,,35.0087,-106.715,LICEN,,Bernalillo,35001,TALK/RELIGION,SRN CONSERVATIVE TALK,//K245CD 96.9 FROM 730
700,WLW,OH,CINCINNATI,50000.0,50000.0,,,39.3531,-84.3249,LICEN,,Warren,39165,NEWS/TALK,ABC WW1 NEWSRADIO 700,//W233BG 94.5
700,KGRV,OR,WINSTON,23000.0,470.0,,,43.1443,-123.4604,LICEN,,Douglas,41019,C.CHRIST/RELIGION,DISCIPLE RADIO,
700,KSEV,TX,TOMBALL,15000.0,1000.0,,,30.193,-95.5947,LICEN,KTBT,Montgomery,48339,TALK,SRN WW1 VOICE OF TEXAS,EX-KSEV/KHRO //KGBC 1540
700,KHSE,TX,WYLIE,1500.0,920.0,,,33.0337,-96.2989,LICEN,"KXXT, KCAF",Collin,48085,ETHNIC S. ASIAN,RADIO CARAVAN,//K281CS 104.1
700,KALL,UT,NORTH SALT LAKE CITY,50000.0,10000.0,,,40.8913,-111.9422,LICEN,"KFAM, KWLW",Davis,49011,SPORTS,ESPN 700,EX-KFAM/KWLW //K221GK 92.1
700,KXLX,WA,AIRWAY HEIGHTS,10000.0,340.0,,,47.6083,-117.3734,LICEN,"KTMI, KZUN, KMJY",Spokane,53063,SPORTS,ESPN THE TICKET,//K287BV 105.3
710,WNTM,AL,MOBILE,1000.0,1000.0,,,30.7205,-88.0594,LICEN,"WKRG, WNTM, WPMI",Mobile,1097,NEWS/TALK,FOX NEWSRADIO,EX-WKRG/WPMI
710,KFIA,CA,CARMICHAEL,25000.0,1000.0,,,38.8327,-121.3186,LICEN,,Placer,6061,RELIGION,THE WORD,//K289CT 105.7
710,KSPN,CA,LOS ANGELES,34000.0,2500.0,,,34.1139,-117.9984,LICEN,"KMPC, KDIS",Los Angeles,6037,SPORTS,710 ESPN,EX-KDIS
710,KNUS,CO,DENVER,5000.0,5000.0,,,39.9552,-104.8508,LICEN,"KBPI, KBXG",Arapahoe,8005,NEWS/TALK,SRN WW1 NEWSTALK 710,EX-KBXG
710,WAQI,FL,MIAMI,50000.0,50000.0,,,25.969,-80.3787,LICEN,WGBS,Miami-Dade,12086,SPANISH TALK/SPTS,,
710,WAQI,FL,MIAMI,20000.0,9500.0,,,25.7679,-80.4859,LICEN,WGBS,Miami-Dade,12086,SPANISH TALK/SPTS,,
710,WUFF,GA,EASTMAN,2500.0,,,,32.2218,-83.2177,LICEN,,Dodge,13091,C&W,WOLF COUNTRY,//FM 97.5
710,WROM,GA,ROME,1000.0,,,,34.2531,-85.1552,LICEN,,Floyd,13115,CONTEMP HITS,RADIO M,//W276CL 103.1
710,KEEL,LA,SHREVEPORT,50000.0,5000.0,,,32.6818,-93.8596,LICEN,,Caddo,22017,NEWS/TALK,FOX KEEL NEWSRADIO 710,//K269GO 101.7
710,KCMO,MO,KANSAS CITY,10000.0,5000.0,,,39.3189,-94.4969,LICEN,WHB,Johnson,20091,NEWS/TALK,FOX TALK RADIO 95.7,"//K279BI 103.7, KCHZ 95.7"
710,WKOO,NC,ROSE HILL,2500.0,,,,34.8635,-78.0375,LICEN,WEGG,Duplin,37061,C&W,KIX FM,"//W263DF 100.5, WSTK 104.5"
710,KXMR,ND,BISMARCK,4000.0,4000.0,,,46.6689,-100.7763,LICEN,,Morton,38059,SPORTS,ABC FOX SPORTSRADIO,
710,WOR,NY,NEW YORK,50000.0,50000.0,,,40.7973,-74.0896,LICEN,,Bergen,34003,NEWS/TALK,NBC NEWSTALK RADIO,
710,WKJB,PR,MAYAGUEZ,10000.0,750.0,,,18.1672,-67.1502,LICEN,,Mayagüez,72097,SPANISH NEWS/TALK,RADIO ISLA,
710,WKJB,PR,MAYAGUEZ,9900.0,800.0,,,18.1793,-67.1687,LICEN,,Mayagüez,72097,SPANISH NEWS/TALK,RADIO ISLA,
710,WPOG,SC,ST. MATTHEWS,1000.0,,,,33.6179,-80.7804,LICEN,WQKI,Calhoun,45017,RELIGION/GOSPEL,SRN WORLD MAY KNOW,EX-WQKI/WIGL //WWOS-810
710,WTPR,TN,PARIS,750.0,,,,36.2798,-88.3423,LICEN,,Henry,47079,CLASSIC ROCK,ABC GREATEST HITS,//FM 101.7
710,WYJV,TN,SMYRNA,250.0,,,,35.9753,-86.5544,LICEN,"WSVT, WKXB, WZRS, WFCM",Rutherford,47149,RELIGION,MOODY RADIO MIDSOUTH,EX-WZRS/WFCM //W288EF 105.5
710,KGNC,TX,AMARILLO,10000.0,10000.0,,,35.4198,-101.5571,LICEN,,Potter,48375,NEWS/TALK,ABC FOX WW1 NEWSTALK,//K248DE 97.5
710,KURV,TX,EDINBURG,1000.0,910.0,,,26.329,-98.16,LICEN,,Hidalgo,48215,NEWS/TALK,FOX WW1 TALKRADIO,
710,KIRO,WA,SEATTLE,50000.0,50000.0,,,47.3984,-122.4346,LICEN,,Kitsap,53035,SPORTS,ESPN SEATTLE SPORTS,"//KGA-1510, KJOX-1340"
710,WDSM,WI,SUPERIOR,10000.0,5000.0,,,46.6536,-92.1474,LICEN,,Douglas,55031,SPORTS,W1S 710 THE GAME,//W251CD 98.1
720,KOTZ,AK,KOTZEBUE,10000.0,10000.0,,,66.8388,-162.5709,LICEN,,Northwest Arctic,2188,NEWS/TALK/VARIETY,NPR,//KINU 89.9
720,WRZN,FL,HERNANDO,10000.0,250.0,,,28.9228,-82.3723,LICEN,,Citrus,12017,RELIGION,SRN THE SHEPHERD,//WTMN-1430
720,WGST,GA,HOGANSVILLE,7970.0,,,,33.0651,-84.9563,LICEN,"WMXY, WGSE, WVCC",Troup,13285,TALK/SPORTS,FOX SRN BNN THE VOICE,EX-WMXY/WVCC
720,WGN,IL,CHICAGO,50000.0,50000.0,,,42.0117,-88.0353,LICEN,,Cook,17031,NEWS/TALK,ABC VOICE OF CHICAGO,
720,WJIB,MA,CAMBRIDGE,5000.0,189.0,,,42.4068,-71.0867,LICEN,"WLVG, WWEA",Middlesex,25017,ADLT STNDS/OLDIES,MEMORIES CHANNEL,//W267CE 101.3
720,WGCR,NC,PISGAH FOREST,50000.0,,15000.0,,35.2529,-82.6743,LICEN,,Transylvania,37175,RELIGION/S. GSPL,SRN GOSPEL CAROLINA R.,CH: 15000 W //W235CA 94.9
720,KFIR,OR,SWEET HOME,10000.0,146.0,,,44.5951,-123.1273,LICEN,,Linn,41043,TALK/SPORTS/C&W,SRN VOICE OF VALLEY,
720,WHYF,PA,SHIREMANSTOWN,2200.0,,,,40.2495,-76.8672,LICEN,WWII,Dauphin,42043,RELIGION,EWTN HOLY FAMILY RADIO,EX-WWII
720,KSAH,TX,UNIVERSAL CITY,10000.0,890.0,,,29.5311,-98.1778,LICEN,"KSAH, KTFM",Guadalupe,48187,REG. MEX.,NORTENO 104.1,EX-KTFM //FM 104.1
730,WUMP,AL,MADISON,1000.0,129.0,,,34.6962,-86.7386,LICEN,"WDKT, WKMW, WBBI",Madison,1089,SPORTS/TALK,W1S JOX HUNTSVILLE,EX-WKMW/WBBI //W280BA 103.9
730,KQPN,AR,WEST MEMPHIS,1000.0,1000.0,,,35.2462,-90.147,LICSL,KSUD,Crittenden,5035,TALK,THE FLAME,EX-KSUD //WENO 760
730,KTBA,AZ,TUBA CITY,1000.0,16.0,,,36.1317,-111.2504,LICEN,,Coconino,4005,,,
730,WWTK,FL,LAKE PLACID,500.0,340.0,,,27.4072,-81.432,LICEN,WLPF,Highlands,12055,NEWS/TALK,FOX WW1 TALKRADIO,EX-WLPF //W237FC 95.3
730,WSTT,GA,THOMASVILLE,5000.0,27.0,,,30.7132,-84.1388,LICEN,"WSTT, WSNI",Grady,13131,BLK GSPL,ALL GOSPEL ALL DAY,
730,WFMW,KY,MADISONVILLE,500.0,215.0,,,37.3587,-87.4958,LICEN,,Hopkins,21107,CL. C&W,CLASSIC HIT CNTRY,//W299CN 107.7
730,WACE,MA,CHICOPEE,5000.0,7.0,,,42.1092,-72.6106,LICEN,,Hampden,25013,RELIGION,EWTN STATION OF CROSS,
730,WVFN,MI,EAST LANSING,500.0,50.0,,,42.6459,-84.5605,LICEN,"WAAP, WVIC",Ingham,26065,TALK,LANSING 730,EX-WVIC
730,KWOA,MN,WORTHINGTON,1000.0,159.0,,,43.63,-95.6783,LICEN,,Nobles,27105,TALK/SPORTS,FSR THE FAN,//K262AR 100.3
730,KWRE,MO,WARRENTON,1000.0,120.0,,,38.8223,-91.1376,LICEN,,Warren,29219,CL. C&W,FOX TRADITIONAL CNTRY,//K236CK 95.1
730,KYYA,MT,BILLINGS,5000.0,236.0,,,45.758,-108.4987,LICEN,KURL,Yellowstone,30111,OLDIES,WW1 98.1 K-BEAR,EX-KURL //K251CI 98.1
730,WZGV,NC,CRAMERTON,10000.0,165.0,,,35.2668,-80.9012,LICSL,WOHS,Mecklenburg,37119,SILENT,VSIN INSIDE THE GAME,EX-WOHS //W248CO 97.5
730,WFMC,NC,GOLDSBORO,1000.0,94.0,,,35.3738,-78.0111,LICEN,,Wayne,37191,SPANISH CONT HITS,LA LEY 101.1,//W289CG 105.7
730,WJYM,OH,BOWLING GREEN,1000.0,359.0,,,41.5326,-83.5652,LICEN,,Wood,39173,RELIGION,SONLIFE RADIO NETWORK,"//WJFM 88.5, W295DB 106.9"
730,WAZL,PA,NANTICOKE,1000.0,12.0,,,41.2195,-75.9908,LICEN,"WNAK, WZMF, WGMF",Luzerne,42079,SPANISH HITS,RITMO FM,"//W258DJ 99.5, W260DV 99.9"
730,WPIT,PA,PITTSBURGH,5000.0,24.0,,,40.4828,-79.9917,LICEN,,Allegheny,42003,RELIGION/TALK,SRN,//W243BW 96.5
730,WLTQ,SC,CHARLESTON,1100.0,103.0,,,32.7734,-80.0155,LICEN,"WPAL, WBUB, WGSE, WSCC",Charleston,45019,RELIGION,EWTN CATHOLIC RADIO,EX-WGSC/WSCC //WCKI-1300
730,WLIL,TN,LENOIR CITY,1000.0,214.0,,,35.7701,-84.2796,LICEN,"WLIL, WKZX",Loudon,47105,CL. C&W,ABC LEGENDARY AM 730,EX-WKZX //W274BZ 102.7
730,KKDA,TX,GRAND PRAIRIE,500.0,500.0,,,32.7643,-96.9908,LICEN,,Dallas,48113,ETHNIC KOREAN,,
730,KSVN,UT,OGDEN,1000.0,66.0,,,41.188,-112.0819,LICEN,,Weber,49057,REG. MEX.,LA MEXICANA,//K260DC 99.9
730,WTNT,VA,ALEXANDRIA,8000.0,25.0,,,38.7454,-77.0991,LICEN,"WPRD, WCPT, WBZS, WKDL, WXTR",Fairfax,51059,SPANISH AC,LA MEGA CAPITAL,"//W248BN 97.5, W225CN 92.9"
730,WMNA,VA,GRETNA,1000.0,28.0,,,36.9254,-79.3303,LICEN,,Pittsylvania,51143,TALK,FOX VA TALK RADIO,//W282CN 104.3
730,KULE,WA,EPHRATA,1000.0,29.0,,,47.3168,-119.5639,LICEN,"KULE, KTRQ",Grant,53025,SPANISH RELIGION,ESTACION DE LA FAMILIA,//K238CH 95.5
730,WJMT,WI,MERRILL,1000.0,127.0,,,45.1791,-89.639,LICEN,,Lincoln,55069,OLDIES,NBC BLUE JAY 96.3,//W242CZ 96.3
740,WMSP,AL,MONTGOMERY,10000.0,233.0,,,32.4218,-86.1641,LICEN,"WBAM, WLWI",Montgomery,1101,SPORTS,W1S JOX 740,EX-WLWI
740,KIDR,AZ,PHOENIX,1000.0,292.0,,,33.3653,-112.109,LICEN,KMEO,Maricopa,4013,SPANISH RELIGION,EN FAMILIA,
740,KBRT,CA,COSTA MESA,50000.0,190.0,,,33.8289,-117.6392,LICEN,,Orange,6059,RELIGION,K-BRIGHT,//KNSN-1240
740,KCBS,CA,SAN FRANCISCO,50000.0,50000.0,,,38.1396,-122.5303,LICEN,,Alameda,6001,NEWS,ABC BAY AREA'S NEWS,//KRFC-FM 106.9
740,KVOR,CO,COLORADO SPRINGS,3300.0,1500.0,,,39.0839,-104.7119,LICEN,"KSSS, KTWK",El Paso,8041,NEWS/TALK,FOX WW1,EX-KSSS/KTWK
740,KVFC,CO,CORTEZ,1000.0,250.0,,,37.3494,-108.542,LICEN,"KVFC, KISZ",Montezuma,8083,TALK,FOX WW1 4 CORNERS TALK,EX-KISZ //K222AD 92.3
740,KVFC,CO,CORTEZ,1000.0,210.0,,,37.3499,-108.553,LICEN,"KVFC, KISZ",Montezuma,8083,TALK,FOX WW1 4 CORNERS TALK,EX-KISZ //K222AD 92.3
740,WYGM,FL,ORLANDO,50000.0,50000.0,,,28.4817,-81.6618,LICEN,"WKIS, WWNZ, WQTM",Lake,12069,SPORTS,FSR 96.9 THE GAME,EX-WWNZ/WQTM //W245CL 96.9
740,KMZN,IA,OSKALOOSA,229.0,10.0,,,41.3208,-92.6458,LICEN,KBOE,Mahaska,19123,OLDIES/ROCK,TODAYS HITS JACK FM,EX-KBOE //K258BG 99.5
740,WVLN,IL,OLNEY,250.0,7.0,,,38.7003,-88.0814,LICEN,,Richland,17159,SPORTS,W1S SPORTSRADIO,//W296BV 107.1
740,WNOP,KY,NEWPORT,2500.0,30.0,,,39.0948,-84.583,LICEN,,Hamilton,39061,RELIGION,EWTN SACRED HEART R.,"//FM 89.5, //910 WPFB"
740,WPAQ,NC,MOUNT AIRY,10000.0,7.0,1000.0,,36.5346,-80.5964,LICEN,,Surry,37171,BLUEGRASS,AP VOICE OF BLUERIDGE,CH: 1000 W //W294CE 106.7
740,KNFL,ND,FARGO,50000.0,940.0,7500.0,,46.9747,-96.5037,LICEN,"KKAG, KVOX",Cass,38017,SPORTS,W1S THE FAN,CH: 7.5 KW //K297BW 107.3
740,KATK,NM,CARLSBAD,1000.0,500.0,,,32.4507,-104.2136,LICEN,KBAD,Eddy,35015,REG. MEX.,LA RAZA,//K230CI 93.9
740,WNYH,NY,HUNTINGTON,25000.0,43.0,,,40.8512,-73.4373,LICEN,WGSM,Suffolk,36103,ETHNIC/RELIGION,OMEGA RADIO,//W264DG 100.7
740,KRMG,OK,TULSA,50000.0,25000.0,,,36.0806,-96.2861,LICEN,,Tulsa,40143,NEWS/TALK,FOX 102.3 NEWS & TALK,//FM 102.3
740,WJFP,PA,CHESTER,1000.0,6.0,,,39.8773,-75.4063,LICEN,WVCH,Delaware,42045,TALK,WW1 LIBERTY RADIO,//W237EH 95.3 EX-WVCH
740,WIAC,PR,SAN JUAN,10000.0,10000.0,,,18.3547,-66.2344,LICEN,,San Juan,72127,SPANISH NEWS/TALK,CADENA RADIO,WYAC-930
740,WCXZ,TN,HARROGATE,900.0,7.0,,,36.5612,-83.6557,LICEN,"WSVQ, WRWB",Claiborne,47025,C&W,91.3 THE GAP,EX-WSVQ/WRWB //WLMU 91.3
740,WHMT,TN,TULLAHOMA,250.0,11.0,,,35.3434,-86.2,LICEN,"WKQD, WDFZ, WJIG",Coffee,47031,C&W,WHISKY CTRY 95.5&105.1,"//W240EF 95.5, W286BG 105.1"
740,KTRH,TX,HOUSTON,50000.0,50000.0,,,29.9661,-94.9424,LICEN,,Harris,48201,NEWS/TALK,ABC WW1 NEWSRADIO 740,
740,KCMC,TX,TEXARKANA,680.0,68.0,,,33.4084,-94.0466,LICEN,"KCMC, KTFS",Bowie,48037,SPORTS,W1S 107.9 THE FAN,//K300DW 107.9
740,WMBG,VA,WILLIAMSBURG,500.0,7.0,,,37.2818,-76.7966,LICEN,"WMBG, WQSF",James City,51095,CLASSIC ROCK,ABC WW1 THE BURG,//W228DX 93.5
740,WRPQ,WI,BARABOO,250.0,6.0,,,43.4552,-89.7537,LICEN,WBOO,Sauk,55111,CLASSIC HITS,ABC WW1 99.7 MAX-FM,//W259BC 99.7
740,WDGY,WI,HUDSON,5000.0,,,,44.968,-92.6671,LICEN,"WAOZ, WRPX, WMIN",St. Croix,55109,CLASSIC ROCK,ABC ORIGINAL ROCK STN,"//W221BS 92.1, W279DD 103.7"
740,WRNR,WV,MARTINSBURG,500.0,21.0,,,39.4737,-77.9322,LICEN,,Berkeley,54003,TALK,WW1 TALKRADIO 740,//W293AM 106.5
740,KCIK,HI,KIHEI,2000,2000,,,20.788611,-156.464167,LICEN,,Maui,15009,RELIGION,RELEVANT RADIO,
750,KFQD,AK,ANCHORAGE,50000.0,50000.0,,,61.3378,-150.0364,LICEN,,Anchorage,2020,NEWS/TALK,ABC NEWSTALK 103.7&750,//K279BG 103.7
750,WSB,GA,ATLANTA,50000.0,50000.0,,,33.844,-84.2533,LICEN,,DeKalb,13089,NEWS/TALK,ABC 95.5 WSB,//WSBB 95.5
750,WRIK,IL,BROOKPORT,500.0,,,,37.142,-88.6495,LICSL,"WZOM, WRIK, WSBX, WNTX, WTHQ",Massac,17127,SILENT,ABC RIVER COUNTRY 97.5,"//W277CH 103.3, W248CP 97.5"
750,WNDZ,IN,PORTAGE,15000.0,,,,41.5636,-87.155,LICEN,WJRR,Porter,18127,AC/OLDIES,,
750,KKNO,LA,GRETNA,250.0,,,,29.8877,-90.0843,LICEN,KAIG,Jefferson,22051,URBAN TALK,ABC,//K296HM 107.1
750,WBMD,MD,BALTIMORE,800.0,,,,39.3118,-76.4911,LICEN,,Baltimore,24510,RELIGION,RELEVANT RADIO,EX-WBMD/WBGR
750,KBNN,MO,LEBANON,5000.0,,,,37.6864,-92.6932,LICEN,KJEL,Laclede,29105,TALK,SRN NEWSTALK 750,EX-KJEL
750,KERR,MT,POLSON,50000.0,1000.0,,,47.6427,-114.1246,LICEN,,Lake,30047,C&W,SRN COUNTRY 750 CUR,//K230BC 93.9
750,WAUG,NC,NEW HOPE,500.0,,,,35.7912,-78.6192,LICEN,,Wake,37183,URBAN HIPHOP,HOT 97.9,//W250AZ 97.9
750,KMMJ,NE,GRAND ISLAND,10500.0,10500.0,,,41.1347,-97.9942,LICEN,,Hamilton,31081,SPANISH RELIGION,MYBRIDGE ESPANOL RADIO,//K284DC 104.7
750,KSEO,OK,DURANT,220.0,,,,34.0368,-96.4272,LICEN,,Bryan,40013,CLASSIC ROCK,WW1 CLASSIC HITS,//K231CE 94.1
750,KXTG,OR,PORTLAND,50000.0,20000.0,,,45.4012,-122.4476,LICEN,KXL,Multnomah,41051,SPORTS,W1S FSR 750 THE GAME,EX-KXL
750,WGMF,PA,OLYPHANT,1600.0,,,,41.4762,-75.4944,LICEN,"WRGE, WWAX, WMXH, WAAT, WQOR",Lackawanna,42069,CLASSIC ROCK,ABC GEM 99 & 100,EX-WQOR //W255BO 98.9
750,KAMA,TX,EL PASO,10000.0,1000.0,,,31.7751,-106.2805,LICEN,KEPB,El Paso,48141,ROCK,MIX 92.7,//K224FC 92.7
750,KOAL,UT,PRICE,10000.0,6800.0,,,39.5669,-110.8013,LICEN,,Carbon,49007,TALK/SPORTS,ABC FOX SRN NEWSTALK,//K297BV 107.3
760,WURL,AL,MOODY,1000.0,,,,33.5871,-86.4716,LICEN,,St. Clair,1115,S. GSPL,WHERE YOU ARE LOVED,
760,KMTL,AR,SHERWOOD,10000.0,,,,34.8262,-92.2054,LICEN,,Pulaski,5119,REG. MEX.,RADIO LA LEY,//K250CF 97.9
760,KTBA,AZ,TUBA CITY,250.0,60.0,,,36.1317,-111.2504,LICEN,,Coconino,4005,RELIGION/NAVAJO,ACROSS NATIONS MISSION,"//KHAC-880, K237GV 95.3"
760,KEJY,CA,EUREKA,500.0,340.0,,,40.8004,-124.1287,LICEN,"KEKA, KFLI, KWSW, KEJY, KWSW",Humboldt,6023,C&W,COUNTRY RADIO KEKA,EX-KWSW //K295CU 106.9
760,KGB,CA,SAN DIEGO,5000.0,50000.0,,,32.8426,-117.0259,LICEN,KFMB,San Diego,6073,SPORTS,FSR SPORTS 760,EX-KFMB
760,KDFD,CO,THORNTON,50000.0,1000.0,,,40.0091,-104.9397,LICEN,"KJIM, KRZN, KTLK, KKZN, KDSP",Weld,8123,TALK,FOX FREEDOM 93.7,EX-KKZN/KDSP //K229BS 93.7
760,WLCC,FL,BRANDON,10000.0,1000.0,,,28.025,-82.2837,LICEN,"WJCZ, WEND, WBDN",Hillsborough,12057,RELIGION,SRN FAITH TALK,"//W282CI 104.3, WTBN-570"
760,WEFL,FL,TEQUESTA,3000.0,1500.0,,,26.9956,-80.1926,LICEN,WBDO,Martin,12085,SPANISH SPORTS,TUDN 760 DEPORTES R.,EX-WBDO
760,KGU,HI,HONOLULU,10000.0,10000.0,,,21.2916,-157.8608,LICEN,,Honolulu,15003,C.CHRIST/RELIGION,THE WORD 99.5,//K236CR 95.1
760,KCCV,KS,OVERLAND PARK,6000.0,200.0,,,39.0406,-94.5097,LICEN,"KBCB, KNCI",Jackson,29095,RELIGION,SRN BOTT RADIO NET,EX-KBCB
760,WVNE,MA,LEICESTER,25000.0,,8600.0,,42.2492,-72.0776,LICEN,,Worcester,25027,RELIGION,SRN LIFE CHANGING R.,CH: 8600 W //W268CQ 101.5
760,WJR,MI,DETROIT,50000.0,50000.0,,,42.1681,-83.2149,LICEN,,Wayne,26163,NEWS/TALK,FOX WW1 GREAT VOICE OF,GREAT LAKES
760,WCIS,NC,MORGANTON,3500.0,,,,35.7946,-81.7198,LICEN,,Burke,37023,S.GSPL/RELIGION,AM 760 THE CROSS,//W265DY 100.9
760,WCPS,NC,TARBORO,1000.0,,,,35.9291,-77.57,LICEN,,Edgecombe,37065,URBAN AC/BLK GSPL,THE PEOPLES STATION,"//W289BL 105.7, W242DG 96.3"
760,WCHP,NY,CHAMPLAIN,35000.0,11.0,,,44.9456,-73.4296,LICEN,WGGD,Clinton,36019,RELIGION,CHRISTIAN RADIO 760,SOME FRENCH PROGRAMS
760,WORA,PR,MAYAGUEZ,5000.0,5000.0,,,18.1897,-67.1574,LICEN,,Mayagüez,72097,SPANISH NEWS/TALK,NOTI UNO SEIS TRIENTA,//WUNO-630
760,WETR,TN,KNOXVILLE,2400.0,,,,35.9884,-83.843,LICEN,"WKNL, WMEN",Knox,47093,TALK,FOX SRN TALKRADIO 92.3,EX-WKNL/WMEN //W222BA 92.3
760,WENO,TN,NASHVILLE,1000.0,,,,36.1412,-86.7564,LICEN,WJRR,Davidson,47037,TALK,THE FLAME,//KQPN 730
760,KTKR,TX,SAN ANTONIO,50000.0,1000.0,,,29.4497,-98.3094,LICEN,"KSJL, KZXS",Medina,48325,SPORTS,FSR TICKET 760,EX-KSJL/KZXS
770,KCHU,AK,VALDEZ,9700.0,9700.0,,,61.1106,-146.2629,LICEN,KGGN,Valdez-Cordova,2261,SILENT,NPR PUBLIC RADIO,//KXKM 89.7
770,WVNN,AL,ATHENS,7000.0,,,,34.7506,-86.7994,LICEN,WJMW,Limestone,1083,NEWS/TALK,FOX WW1 NEWSTALK 770,//FM 92.5
770,KCBC,CA,MANTECA,50000.0,4100.0,,,37.7974,-120.8847,LICEN,"KCBC, KPLA",Stanislaus,6099,RELIGION,STRONG IN THE WORD,EX-KPLA //K234CV 94.7
770,WCGW,KY,NICHOLASVILLE,1000.0,,,,37.8854,-84.5294,LICEN,"WKYJ, WJMM",Jessamine,21113,S.GSPL/RELIGION,SRN THE EAGLE,//W227CW 93.3
770,KUOM,MN,MINNEAPOLIS,5000.0,,,,44.9983,-93.1886,LICEN,,Washington,27163,ALBUM ROCK,RADIO K,//FM 104.5
770,WEW,MO,ST. LOUIS,1000.0,,,,38.6217,-90.0762,LICEN,,St. Clair,17163,RELIGION,,BOSNIAN AT TIMES
770,WEW,MO,ST. LOUIS,10000.0,115.0,,,38.7564,-89.6551,LICEN,,St. Clair,17163,RELIGION,,BOSNIAN AT TIMES
770,KATL,MT,MILES CITY,10000.0,1000.0,,,46.3961,-105.7794,LICEN,,Custer,30017,ADLT CONT,AP,
770,WLWL,NC,ROCKINGHAM,5000.0,,,,34.9252,-79.7862,LICEN,,Richmond,37153,URBAN AC/OLDIES,BIG WAVE 77,GOSPEL ON WEEKENDS
770,KKOB,NM,ALBUQUERQUE,50000.0,50000.0,,,35.2026,-106.612,LICEN,KOB,Bernalillo,35001,NEWS/TALK,ABC WW1 96.3 NEWSRADIO,//FM 96.3
770,KKOB,NM,ALBUQUERQUE,50000.0,5000.0,,,34.9794,-106.7378,LICEN,KOB,Bernalillo,35001,NEWS/TALK,ABC WW1 96.3 NEWSRADIO,//FM 96.3
770,KKOB,NM,SANTA FE,230.0,230.0,,,35.6823,-105.9731,LICEN,KOB,Santa Fe,35049,NEWS/TALK,ABC WW1 96.3 NEWSRADIO,//FM 96.3
770,WABC,NY,NEW YORK,50000.0,50000.0,,,40.8807,-74.0693,LICEN,,Bergen,34003,NEWS/TALK,FOX WW1 77 WABC RADIO,//WLIR 107.1
770,WTOR,NY,YOUNGSTOWN,13000.0,,,,43.2181,-78.9478,LICEN,,Niagara,36063,ETHNIC,BROKERED,
770,WAIS,OH,BUCHTEL,1000.0,,,,39.4323,-82.2004,LICEN,,Athens,39009,C&W,THE WOLF,//WSEO 107.7
770,WKFB,PA,JEANNETTE,750.0,,,,40.289,-79.7009,LICEN,"WBCW, WKTW",Westmoreland,42129,OLDIES/BROKERED,770 KFB,//W248AR 97.5
770,KCBI,TX,GARLAND,10000.0,1000.0,,,33.0329,-96.5756,LICEN,"KPBC, KAAM",Collin,48085,RELIGION,GODS COUNTRY TEXAS,EX-KPBC/KAAM
770,WYRV,VA,CEDAR BLUFF,5000.0,,,,37.0848,-81.7684,LICEN,,Tazewell,51185,C&W,CAT COUNTRY,//W236DQ 95.1
770,KTTH,WA,SEATTLE,50000.0,5000.0,,,47.3937,-122.4249,LICEN,"KRPM, KULL, KNWX",Kitsap,53035,TALK,FOX WW1 SEATTLE RED,EX-KULL/KNWX //K233BU 94.5
780,KNOM,AK,NOME,25000.0,14000.0,,,64.487,-165.3021,LICEN,,Nome,2180,VARIETY/ETHNIC,ABC YOURS FOR W.ALASKA,//FM 96.1
780,KAZM,AZ,SEDONA,5000.0,95.0,,,34.8606,-111.8206,LICSL,,Yavapai,4025,SILENT,MELLOW MOUNTAIN RADIO,//K293DA 106.5
780,KLVG,CO,FOUNTAIN,500.0,15.0,,,38.8189,-104.7761,LICEN,"KCEG, KJME, KRNX",El Paso,8041,SPANISH RELIGION,RADIO NUEVA VIDA,EX-KJME/KRNX //K243AM 96.5
780,WLBE,FL,GENEVA,8000.0,,,,28.6753,-81.1664,LICEN,,Seminole,12117,,,
780,WBBM,IL,CHICAGO,45000.0,43000.0,,,42.0421,-87.8672,LICEN,,Cook,17031,NEWS,ABC NEWSRADIO 105.9,//WCFS 105.9
780,WBBM,IL,CHICAGO,35000.0,42000.0,,,41.9342,-88.0728,LICEN,,Cook,17031,NEWS,ABC NEWSRADIO 105.9,//WCFS 105.9
780,WXME,ME,MONTICELLO,5000.0,60.0,,,46.3417,-67.8173,LICEN,"WOZW, WREM, WCXH",Aroostook,23003,OLDIES,SRN 98.3 THE RIDE,EX-WCXH //W252DW 98.3
780,WIIN,MS,RIDGELAND,4400.0,,,,32.3868,-90.1631,LICSL,"WYAI, WLRM",Hinds,28049,SILENT,BLUES 102.1,//W271DF 102.1
780,WCKB,NC,DUNN,7000.0,1.0,,,35.2835,-78.5967,LICEN,,Harnett,37085,S. GSPL,GOSPEL 780,//W274CA 102.7
780,WWOL,NC,FOREST CITY,10000.0,,,,35.3507,-81.9009,LICEN,"WHCH, WBBO",Rutherford,37161,RELIGION,WONDERFUL WORDS OF,LIFE EX-WBBO
780,WJAG,NE,NORFOLK,1000.0,,,,42.0317,-97.4967,LICEN,,Madison,31119,NEWS/TALK,FOX NEWSTALK 780,//K290AT 105.9
780,KKOH,NV,RENO,50000.0,50000.0,,,39.678,-119.8027,LICEN,"KCRL, KROW",Washoe,32031,NEWS/TALK,ABC WW1 NEWSTALK KOH,EX-KROW
780,KSPI,OK,STILLWATER,250.0,,,,36.0823,-97.0539,LICEN,,Payne,40119,ROCK/SPORTS,ABC PETE 94.3,//K232FI 94.3
780,WPTN,TN,COOKEVILLE,1000.0,,,,36.1634,-85.5247,LICEN,"WPTN, WHUB",Putnam,47141,CLASSIC HITS,SRN THE EAGLE,EX-WHUB //W291CA 106.1
780,WAVA,VA,ARLINGTON,12000.0,,9800.0,,38.9765,-77.1141,LICEN,WABS,Montgomery,24031,RELIGION,SRN LIFE CHANGING R.,CH: 9800W //W244EB 96.7
790,KCAM,AK,GLENNALLEN,5000.0,5000.0,,,62.114,-145.5374,LICEN,,Valdez-Cordova,2261,TALK/RELIGION,FOX SRN VOICE OF THE,COPPER RIVER VALLEY
790,WTSK,AL,TUSCALOOSA,5000.0,36.0,,,33.1882,-87.5897,LICEN,WTUG,Tuscaloosa,1125,BLK GSPL,PRAISE 93.3 THE TRUTH,//W227DD 93.3
790,KURM,AR,ROGERS,5000.0,500.0,,,36.3029,-94.1133,LICEN,,Benton,5007,SILENT,ABC NEWSTALK RADIO,//KBVA 106.5
790,KNST,AZ,TUCSON,5000.0,500.0,,,32.2484,-111.009,LICEN,"KCEE, KWFM",Pima,4019,NEWS/TALK,FOX WW1 NEWSTALK,EX-KWFM
790,KFPT,CA,CLOVIS,5000.0,2500.0,,,36.8441,-119.6879,LICEN,"KXQR, KXTC, KOQO, KOOR",Fresno,6019,SPORTS,ESPN RADIO 790,EX-KOQO/KOOR
790,KABC,CA,LOS ANGELES,6600.0,7900.0,,,34.0194,-118.3465,LICEN,,Los Angeles,6037,NEWS/TALK,ABC WW1 TALKRADIO 790,
790,WLBE,FL,LEESBURG-EUSTIS,5000.0,1000.0,,,28.8286,-81.7859,LICEN,,Lake,12069,REG. MEX.,LA LEY 107.7 & 1550 AM,
790,WPNN,FL,PENSACOLA,1000.0,66.0,,,30.4527,-87.2405,LICEN,"WPFA, WSWL",Escambia,12033,TALK,ABC SRN TALK 103.7&790,EX-WPFA/WSWL //W279CY 103.7
790,WAXY,FL,SOUTH MIAMI,5000.0,5000.0,,,25.7571,-80.6392,LICEN,"WNWS, WMRZ",Miami-Dade,12086,SPANISH TALK/OLD,RADIO LIBRE,EX-WNWS/WMRZ
790,WQXI,GA,ATLANTA,28000.0,1000.0,,,33.8118,-84.3535,LICEN,,DeKalb,13089,ETHNIC KOREAN,RADIO KOREA,//W244EI 96.7
790,WSFN,GA,BRUNSWICK,500.0,115.0,,,31.1447,-81.5821,LICEN,"WPIQ, WHJX, WPIQ",Glynn,13127,SPORTS,ESPN SUPERSPORTS,EX-WHJX/WPIQ //WFNS-1350
790,WGRA,GA,CAIRO,1000.0,110.0,,,30.9024,-84.2341,LICEN,,Grady,13131,TALK,SRN WW1 NEWSTALK 790,//W240DR 95.9
790,KSPD,ID,BOISE,1000.0,61.0,,,43.5657,-116.3379,LICEN,,Canyon,16027,RELIGION,BOISES SOLID TALK R.,//K233DE 94.5
790,WRMS,IL,BEARDSTOWN,500.0,55.0,,,40.0031,-90.3976,LICEN,,Cass,17017,RELIGION,EWTN COVENANT NETWORK,//W292FC 106.3
790,KXXX,KS,COLBY,5000.0,24.0,,,39.3931,-101.0021,LICEN,,Thomas,20193,CL. C&W,SRN FARM N COUNTRY,790 K TRIPLE X
790,WKRD,KY,LOUISVILLE,5000.0,1000.0,,,38.1928,-85.5205,LICEN,"WAKY, WVEZ, WWKY, WXXA",Jefferson,21111,SPORTS,FSR SPORTSTALK 790,EX-WVEZ/WWKY/WXXA //FM101.7
790,WSGW,MI,SAGINAW,5000.0,1000.0,,,43.4611,-83.8133,LICEN,,Saginaw,26145,NEWS/TALK,ABC NEWSRADIO 790,//FM 100.5
790,KGHL,MT,BILLINGS,5000.0,1800.0,,,45.8247,-108.4112,LICEN,,Yellowstone,30111,CL. C&W,FOX WW1 THE MIGHTY 790,//K234CP 94.7
790,WBLO,NC,THOMASVILLE,10000.0,26.0,,,35.9615,-80.0367,LICEN,"WTNC, WIST, WFIK, WZXY",Guilford,37081,SPANISH HITS,LA VOZ LATINA 106.9,EX-WTNC/WIST //W295CE 106.9
790,KFGO,ND,FARGO,5000.0,5000.0,,,46.718,-96.8018,LICEN,,Cass,38017,TALK,ABC THE MIGHTY 790,"//K231CV 94.1, FM 104.7"
790,KBET,NV,WINCHESTER,1000.0,300.0,,,36.11,-115.0031,LICEN,"KPTO, KBET, KJUL, KWLY",Clark,32003,URBAN HIPHOP,103.1 THE HUSTLE,EX-KPTO/KJUL //K276GX 103.1
790,WTNY,NY,WATERTOWN,1000.0,1000.0,,,43.9456,-75.948,LICEN,WWNY,Jefferson,36045,TALK,FOX NEWS & WEATHER STN,//W240EA 95.9
790,WLSV,NY,WELLSVILLE,1000.0,41.0,,,42.077,-77.9294,LICEN,,Allegany,36003,C&W,WW1 REAL COUNTRY,//W262DJ 100.3
790,WHTH,OH,HEATH,1000.0,26.0,,,40.0514,-82.4688,LICEN,,Licking,39089,C&W,BUCKEYE COUNTRY 107.7,//W299CG 107.7
790,KWIL,OR,ALBANY,1000.0,1000.0,,,44.6315,-123.017,LICEN,,Linn,41043,RELIGION/S. GSPL,KWIL FOR CHRIST,//K245DI 96.9
790,WAEB,PA,ALLENTOWN,3600.0,1500.0,,,40.6604,-75.5135,LICEN,,Lehigh,42077,NEWS/TALK/SPORTS,FOX LEHIGH VALLEY,
790,WAEB,PA,ALLENTOWN,4000.0,190.0,,,40.6369,-75.484,LICEN,,Lehigh,42077,NEWS/TALK/SPORTS,FOX LEHIGH VALLEY,
790,WPIC,PA,SHARON,1300.0,58.0,,,41.2195,-80.4734,LICEN,,Mercer,42085,NEWS/TALK,FOX WW1 NEWSTALK 790,
790,WPRV,RI,PROVIDENCE,5000.0,5000.0,,,41.8343,-71.3651,LICEN,"WEAN, WWAZ, WSKO",Providence,44007,SPORTS,W1S BETMGM THE SCORE,EX-WWAZ/WLKW/WSKO
790,WVCD,SC,BAMBERG-DENMARK,1000.0,100.0,,,33.3141,-81.0784,LICEN,"WWBD, WRIT",Bamberg,45009,URBAN AC,VOICE OF VOORHEE UNIV.,EX-WWBD //W243EF 96.5
790,WNTC,TN,ASHLAND CITY,2000.0,35.0,,,36.2856,-87.0833,LICEN,"WAJN, WQSV, WJNA, WVWK, WBWR, WVWZ, WCHQ",Cheatham,47021,GOSPEL/OLDIES,THE GOSPEL NASHVILLE,EX-WVWZ/WCHQ //W256ED 99.1
790,WETB,TN,JOHNSON CITY,5000.0,72.0,,,36.3287,-82.4107,LICEN,,Washington,47179,SPORTS,FSR 790 THE FAN,//W229DH 93.7
790,WMC,TN,MEMPHIS,5000.0,5000.0,,,35.1687,-89.8851,LICEN,,Shelby,47157,SPORTS,W1S BETMGM THE BET 790,
790,KBME,TX,HOUSTON,5000.0,5000.0,,,29.9157,-95.4628,LICEN,"KULF, KKBQ",Harris,48201,SPORTS,FSR SPORTS TALK 790,EX-KKBQ
790,KFYO,TX,LUBBOCK,5000.0,1000.0,,,33.464,-101.9254,LICEN,,Lubbock,48303,NEWS/TALK,ABC WW1 NEWS & TALK OF,WEST TEXAS //K236CP 95.1
790,WAMM,VA,MOUNT JACKSON,1000.0,40.0,,,38.7709,-78.6211,LICEN,"WSIG, WSVG",Shenandoah,51171,C&W,COUNTRY 97.9 & 790 AM,EX-WSVG //W250CR 97.9
790,WNIS,VA,NORFOLK,5000.0,5000.0,,,37.0737,-76.2916,LICEN,,Virginia Beach,51810,NEWS/TALK,FOX WW1 NEWSRADIO,EX-WTAR
790,KGMI,WA,BELLINGHAM,5000.0,1000.0,,,48.7218,-122.4466,LICEN,,Whatcom,53073,NEWS/TALK,ABC SRN NEWSTALK 790,//K243BX 96.5
790,KJRB,WA,SPOKANE,4400.0,34.0,,,47.5021,-117.3863,LICEN,,Spokane,53063,CLASSIC ROCK,94.1 THE BEAR,//K231CU 94.1
790,WAYY,WI,EAU CLAIRE,5000.0,123.0,,,44.8297,-91.4468,LICEN,WEAQ,Eau Claire,55035,TALK/SPORTS,W1S SPORTSTALK 105.1,EX-WEAQ //W286CK 105.1
800,KINY,AK,JUNEAU,10000.0,7600.0,,,58.3011,-134.4423,LICEN,,Juneau,2110,AC/TALK,ABC HOMETOWN RADIO,//K235DA 94.9
800,WBHP,AL,DECATUR,1000.0,215.0,,,34.5987,-87.0067,LICEN,WHOS,Morgan,1103,NEWS/TALK/SPORTS,FOX THE BIG TALKER,EX-WHOS //W273CX 102.5
800,WMGY,AL,MONTGOMERY,1000.0,143.0,,,32.4136,-86.2903,LICEN,,Montgomery,1101,BLK GSPL,PRAISE 96.5,//W243CS 96.5
800,KAGH,AR,CROSSETT,240.0,,,,33.1348,-91.9471,LICEN,,Ashley,5003,OLDIES,,
800,KVOM,AR,MORRILTON,250.0,40.0,,,35.1579,-92.7679,LICEN,,Conway,5029,C&W,ABC KAT COUNTRY 92.5,"//K255DN 98.9, K244FP 96.7"
800,KBFP,CA,BAKERSFIELD,1000.0,440.0,,,35.3455,-118.9934,LICEN,"KHIS, KDFO",Kern,6029,SPORTS,FOX SPORTS RADIO,EX-KHIS/KDFO //KHTY-970
800,WLAD,CT,DANBURY,1000.0,286.0,,,41.3742,-73.4459,LICEN,,Fairfield,9001,NEWS/TALK,FOX NEWSTALK SPORTS,
800,WPLK,FL,PALATKA,1000.0,334.0,,,29.6522,-81.592,LICEN,WSUZ,Putnam,12107,SILENT,ABC THE MIX 98.3,EX-WSUZ //W252DL 98.3
800,WJAT,GA,SWAINSBORO,1000.0,500.0,,,32.5821,-82.356,LICEN,,Emanuel,13107,TALK/SPORTS,FOX FSR THE PATRIOT,"//W237EZ 95.3, W259AK 99.7"
800,WJAT,GA,SWAINSBORO,1500.0,750.0,,,32.5537,-82.3423,LICEN,,Emanuel,13107,TALK/SPORTS,FOX FSR THE PATRIOT,"//W237EZ 95.3, W259AK 99.7"
800,KXIC,IA,IOWA CITY,1000.0,199.0,,,41.6875,-91.5443,LICEN,,Johnson,19103,NEWS/TALK/SPORTS,FOX NEWS & SPORTS 800,
800,KBRV,ID,SODA SPRINGS,10000.0,150.0,,,42.6441,-111.6122,LICEN,,Caribou,16029,C&W,ABC BEAR CLASSIC CNTRY,//K292AR 106.3
800,WKZI,IL,CASEY,250.0,250.0,,,39.3045,-87.9714,LICEN,,Clark,17023,RELIGION,SRN WORD POWER FAMILY,"//WPFR-1480, W234CK 94.7"
800,WSHO,LA,NEW ORLEANS,1000.0,233.0,,,29.8452,-90.1109,LICEN,,Orleans,22071,S. GSPL/RELIGION,SRN SONSHINE 800,
800,WNNW,MA,LAWRENCE,3000.0,244.0,,,42.674,-71.1901,LICEN,"WCCM, WNNM",Essex,25009,SPANISH TROPICAL,POWER 800,//W275BH 102.9
800,KDWC,MN,LUVERNE,500.0,80.0,,,43.6502,-96.1722,LICEN,KQAD,Rock,27133,CONT. CHRIST,TRI-STATES INSPIRATION,EX-KQAD //K257FP 99.3
800,WVAL,MN,SAUK RAPIDS,2600.0,850.0,,,45.605,-94.1394,LICEN,WBHR,Benton,27009,CLASS C&W,COUNTRY LEGEND,EX-WVAK/KBLO //W272EG 102.3
800,KREI,MO,FARMINGTON,1000.0,150.0,,,37.7923,-90.4101,LICEN,,St. Francois,29187,TALK,ABC WW1 SUPERTALK,
800,WKBC,NC,NORTH WILKESBORO,1000.0,308.0,,,36.1879,-81.1415,LICEN,,Wilkes,37193,C&W,FOX YOUR COUNTRY STN,//W224DZ 92.7
800,WTMR,NJ,CAMDEN,5000.0,500.0,,,39.9093,-75.0996,LICEN,,Camden,34007,RELIGION,WHERE MASTER REIGNS,
800,KQCV,OK,OKLAHOMA CITY,2500.0,1000.0,,,35.4126,-97.6742,LICEN,,Canadian,40017,RELIGION,SRN BOTT RADIO,//K231BH 94.1
800,KPDQ,OR,PORTLAND,1000.0,500.0,,,45.4773,-122.7515,LICEN,,Multnomah,41051,RELIGION,SRN TRUE TALK,//K292HH 106.3
800,WCHA,PA,CHAMBERSBURG,1000.0,196.0,,,39.9281,-77.6953,LICEN,,Franklin,42055,OLDIES,ABC WW1 OLDIES 96.3,"//WHAG-1410, W242BY 96.3"
800,WPEL,PA,MONTROSE,1000.0,135.0,,,41.8545,-75.8635,LICSL,,Susquehanna,42115,SILENT,AP SOUTHERN GOSPEL STN,//W238CM 95.5
800,WDSC,SC,DILLON,1000.0,380.0,,,34.3691,-79.4045,LICEN,,Dillon,45033,SPORTS,FOX SPORTS FLORENCE,
800,WPJM,SC,GREER,1000.0,438.0,,,34.9498,-82.2451,LICEN,WEAB,Spartanburg,45083,B. GSPL/RELIGION,THE LIGHT,
800,WPJM,SC,GREER,1000.0,500.0,,,34.9359,-82.1934,LICEN,WEAB,Spartanburg,45083,B. GSPL/RELIGION,THE LIGHT,
800,WDEH,TN,SWEETWATER,1000.0,379.0,,,35.6137,-84.4591,LICEN,,Monroe,47123,S.GSPL,SPIRIT VOLUNTEER VLY,
800,KDDD,TX,DUMAS,250.0,8.0,,,35.8617,-101.931,LICEN,,Moore,48341,C&W/FARM,ALL AG ALL THE TIME,"//K278DB 103.5, FM 95.3"
800,WSVS,VA,CREWE,10000.0,270.0,,,37.1954,-78.1667,LICEN,,Nottoway,51135,CL. C&W,COUNTRY 97.1 & AM 800,//W246BZ 97.1
800,WPCA,WI,WAUPACA,5000.0,500.0,,,44.3541,-89.0582,LICEN,WDUX,Waupaca,55135,ROCK,ABC THE FOUNDRY 100.7,EX-WDUX //W264DS 100.7
800,WVHU,WV,HUNTINGTON,5000.0,185.0,,,38.3931,-82.4732,LICEN,WKEE,Cabell,54011,NEWS/TALK,FOX BNN NEWSRADIO 800,EX-WKEE
801,KTWG,GU,AGANA,10000.0,10000.0,,,13.4519,144.7089,LICEN,,Guam,66010,,,
810,WCKA,AL,JACKSONVILLE,50000.0,500.0,,,33.8496,-85.7627,LICEN,"WJXL, WNSI, WCKS",Calhoun,1015,CL. C&W,SRN REAL COUNTRY,"//W232BS 94.3, W246DB 97.1"
810,KSFO,CA,SAN FRANCISCO,50000.0,50000.0,,,37.5263,-122.1016,LICEN,KGO,Alameda,6001,NEWS/TALK,FOX WW1 KSFO 810,EX-KGO //560 KZAC
810,KLVZ,CO,BRIGHTON,,430.0,,,39.8433,-104.9544,LICEN,"KBRN, KLTT, KLDC",Adams,8001,OLDIES,LEGENDS RADIO 95.3,EX-KLTT/KLDC //K237GG 95.3
810,KLVZ,CO,BRIGHTON,2200.0,,,,40.028,-104.823,LICEN,"KBRN, KLTT, KLDC",Adams,8001,OLDIES,LEGENDS RADIO 95.3,EX-KLTT/KLDC //K237GG 95.3
810,WRSO,FL,ORLOVISTA,2000.0,21.0,,,28.5703,-81.4331,LICEN,WEUS,Orange,12095,SPORTS,FOX SPORTS RADIO,//W250CE 97.9
810,WZYN,GA,HAHIRA,2500.0,,,,30.8749,-83.2515,LICEN,"WAWB, WXLR, WSHF, WWRQ, WTHV",Lowndes,13185,RELIGION,SRN,EX-WXLR/WSHF/WWRQ/WTHV
810,WYZI,GA,ROYSTON,230.0,,,,34.2807,-83.119,LICEN,"WBLW, WBIC, WXFO",Franklin,13119,URBAN AC/R&B,95.9 BEAT OF ATHENS,"//W240EK 95.9, W262DB 100.3"
810,WSYW,IN,INDIANAPOLIS,250.0,,,,39.7256,-86.1856,LICEN,"WATI, WGRT",Marion,18097,SPANISH HITS,EXITOS 94.3,EX-WGRT/WATI //W232DM 94.3
810,WEKG,KY,JACKSON,5000.0,,,,37.5781,-83.4052,LICEN,,Breathitt,21025,GOSPEL,,//W231DX 94.1
810,WYRE,MD,ANNAPOLIS,250.0,,,,38.9704,-76.5075,LICEN,,Anne Arundel,24003,ROCK,WRNR WE'RE ROCK & ROLL,//W260BM 93.5
810,WMJH,MI,ROCKFORD,3600.0,,,,43.1181,-85.5795,LICEN,"WJPW, WBYY, WISZ",Kent,26081,REG. MEX.,LA PODEROSA,//W227CG 93.3
810,WHB,MO,KANSAS CITY,50000.0,5000.0,,,39.3058,-94.5752,LICEN,KCMO,Johnson,20091,SPORTS,ESPN SPORTSRADIO,EX-KCMO //K279BI 103.7
810,WSJC,MS,MAGEE,50000.0,500.0,,,31.8668,-89.6931,LICEN,,Simpson,28127,RELIGION,MS COMMUNITY CHRIST. R,//W240EJ 95.9
810,KSWV,NM,SANTA FE,5000.0,10.0,,,35.7014,-105.9667,LICEN,"KAFE, KMIK",Santa Fe,35049,CLASSIC ROCK,CLASSIC HITS 99.9,EX-KWNV/KMIK //K260CT 99.9
810,WGY,NY,SCHENECTADY,50000.0,50000.0,,,42.7923,-74.0118,LICEN,"WGY, WRVE",Schenectady,36093,NEWS/TALK,FOX WW1 NEWSRADIO 810,//WHRL 103.1
810,WEDO,PA,MCKEESPORT,1000.0,,,,40.3642,-79.8126,LICEN,,Allegheny,42003,C&W,WEDO RADIO,//W227DB 93.3
810,WKVM,PR,SAN JUAN,50000.0,50000.0,,,18.3611,-66.1366,LICEN,,San Juan,72127,SPANISH RELIGION,RADIO PAZ 810,
810,WWOS,SC,WALTERBORO,5000.0,,,,33.1477,-80.5629,LICEN,WQIZ,Dorchester,45035,RELIGION/GOSPEL,SRN WORLD MAY KNOW,EX-WQIZ //WPOG-710
810,KBHB,SD,STURGIS,25000.0,60.0,,,44.4233,-103.4274,LICEN,,Meade,46093,C&W,ABC THE BIG 81,//K288HB 105.5
810,WMGC,TN,MURFREESBORO,5000.0,6.0,,,35.8373,-86.4167,LICEN,"WMTS, WAPB",Rutherford,47149,REG. MEX.,EL JEFE 96.7,EX-WMTS/WAPB //W244CW 96.7
810,KXOI,TX,CRANE,1000.0,500.0,,,31.4776,-102.3404,LICEN,KBSN,Crane,48103,SPANISH RELIGION,LA NUEVA R. ALABANZA,
810,KYTY,TX,SOMERSET,250.0,250.0,,,29.3136,-98.5084,LICEN,"KCHG, KSJL",Bexar,48029,C. CHRIST/VARIETY,STAR AM 810,EX-KCHG/KSJL
810,WPIN,VA,DUBLIN,4200.0,,,,37.1321,-80.6184,LICSL,WKNV,Pulaski,51155,SILENT,ESPN BLACKSBURG,
810,KTBI,WA,EPHRATA,50000.0,,23000.0,,47.356,-119.4834,LICEN,,Grant,53025,RELIGION,SRN GOOD NEWS RADIO,CH: 23KW //K291CS 106.1
810,WZRK,WI,DODGEVILLE,250.0,10.0,,,42.9194,-90.1351,LICEN,WDMP,Iowa,55049,ROCK,96.9 Z-ROCK,EX-WDMP //W245DE 96.9
810,WJJQ,WI,TOMAHAWK,940.0,12.0,,,45.4905,-89.7262,LICEN,,Lincoln,55069,SPORTS,W1S SPORTSTALK RADIO,//W249EJ 97.7
820,KCBF,AK,FAIRBANKS,10000.0,10000.0,,,64.8082,-147.4966,LICEN,KFRB,Fairbanks North Star,2090,SPORTS,ESPN,//K300DL 107.9
820,WWBA,FL,LARGO,50000.0,1000.0,,,27.9086,-82.7807,LICEN,"WRFA, WYTA, WNZE, WZTM, WMGG",Pinellas,12103,TALK/SPORTS,ABC W1S THE BIG 8,"//W252DF 98.3, W244EG 96.7"
820,WWBA,FL,LARGO,10000.0,230.0,,,27.8479,-82.7729,LICEN,"WRFA, WYTA, WNZE, WZTM, WMGG",Pinellas,12103,TALK/SPORTS,ABC W1S THE BIG 8,"//W252DF 98.3, W244EG 96.7"
820,WCPT,IL,WILLOW SPRINGS,,1500.0,,,41.5417,-88.0342,LICEN,"WPNT, WSCR, WYPA, WCSN, WAIT",Cook,17031,TALK,NBC PROGRESSIVE TALK,EX-WAIT //WSBC-1240 NIGHTS
820,WCPT,IL,WILLOW SPRINGS,5800.0,,,,41.9814,-87.7723,LICEN,"WPNT, WSCR, WYPA, WCSN, WAIT",Cook,17031,TALK,NBC PROGRESSIVE TALK,EX-WAIT //WSBC-1240 NIGHTS
820,WSWI,IN,EVANSVILLE,250.0,,,,37.9648,-87.6684,LICEN,WIKY,Vanderburgh,18163,ALBUM ROCK,AP 95.7 THE SPIN,//W239CI 95.7
820,WSHE,MD,FREDERICK,4300.0,430.0,,,39.4118,-77.4719,LICEN,"WZYQ, WQSI, WXTR, WTOP, WTWT, WWWB, WWFD",Frederick,24021,ALBUM ROCK,THE GAMUT **DIGITAL**,EX-WTWT/WWWB/WWFD
820,WBKK,MN,WILTON,10000.0,750.0,,,47.3913,-95.0781,LICEN,,Hubbard,27057,RELIGION,EWTN REAL PRESENCE R.,//K254DJ 98.7
820,WPGO,NY,HORSEHEADS,4100.0,850.0,,,42.154,-76.8461,LICEN,"WIQT, WQIX, WWLZ, WMTT",Chemung,36015,RELIGION,FAMILY LIFE,"//WPEL 96.5, W239BK 95.7"
820,WNYC,NY,NEW YORK,10000.0,1000.0,,,40.7529,-74.1038,LICEN,,Bergen,34003,NEWS/TALK,NPR NY PUBLIC RADIO,//WNYC 93.9
820,WVSG,OH,COLUMBUS,6500.0,790.0,,,39.9092,-83.0566,LICEN,WOSU,Franklin,39049,RELIGION,EWTN ST GABRIEL RADIO,EX-WOSU //WSGR 88.3
820,WBAP,TX,FORT WORTH,50000.0,50000.0,,,32.6107,-97.1669,LICEN,,Johnson,48251,NEWS/TALK,FOX WW1 NEWSTALK 820,//FM 93.3
820,KUTR,UT,TAYLORSVILLE,50000.0,2500.0,50000.0,,40.3299,-112.0699,LICEN,,Utah,49049,RELIGION,SRN THE TRUTH,//K237FG 95.3
820,WJFN,VA,CHESTER,10000.0,1000.0,,,37.3818,-77.4275,LICEN,"WIKI, WGGM, WNTW",Chesterfield,51041,TALK,SRN WW1 NEWSTALK,EX-WNTW //W224EB 92.7
820,KGNW,WA,BURIEN-SEATTLE,50000.0,5000.0,,,47.4332,-122.4685,LICEN,KQIN,King,53033,RELIGION,SRN THE WORD,//K281CQ 104.1
830,KSDP,AK,SAND POINT,1000.0,1000.0,,,55.3494,-160.4725,LICEN,,Aleutians East,2013,VARIETY,NPR,//K201DA 88.1
830,KDRI,AZ,TUCSON,50000.0,1000.0,,,32.4442,-111.0915,LICEN,"KGLR, KFLT",Pima,4019,OLDIES,THE DRIVE,EX-KFLT //K269FV 101.7
830,KNCO,CA,GRASS VALLEY,5000.0,5000.0,,,39.2149,-121.0144,LICEN,,Nevada,6057,NEWS/TALK,NBC NEWSTALK 830,//K295CX 106.9
830,KLAA,CA,ORANGE,50000.0,20000.0,,,33.9286,-117.6167,LICEN,"KSRT, KPLS, KMXE",San Bernardino,6071,SPORTS,ESPN ANGELS RADIO,EX-KSRT/KMXE
830,WACC,FL,HIALEAH,4100.0,1000.0,,,25.7732,-80.4209,LICEN,"WTIW, WRFM, WXTO",Miami-Dade,12086,SPANISH RELIGION,RADIO PAZ,//W241DI 96.1
830,KHVH,HI,HONOLULU,11000.0,11000.0,,,21.3208,-157.8728,LICEN,"KHVH, KIKI",Honolulu,15003,TALK,FOX NEWSRADIO 830,
830,KGLA,LA,NORCO,5000.0,750.0,,,30.0502,-90.3781,LICEN,"WADU, WFNO",St. Charles,22089,SPANISH AC,TROPICAL 105.7,EX-WFNO
830,WCRN,MA,WORCESTER,50000.0,50000.0,,,42.2473,-71.9306,LICEN,,Worcester,25027,TALK/AC/OLDIES,FOX FULL SERVICE RADIO,
830,WMMI,MI,SHEPHERD,1000.0,,,,43.5617,-84.75,LICEN,,Isabella,26073,C&W,BUCK 92,//W222CP 92.3
830,WCCO,MN,MINNEAPOLIS,50000.0,50000.0,,,45.1777,-93.3488,LICEN,,Washington,27163,NEWS/TALK/SPORTS,ABC NEWSTALK 830,
830,WCCO,MN,MINNEAPOLIS,50000.0,45000.0,,,45.225,-93.4,LICEN,,Washington,27163,NEWS/TALK/SPORTS,ABC NEWSTALK 830,
830,WTRU,NC,KERNERSVILLE,50000.0,10000.0,,,36.1996,-80.2067,LICEN,"WWMO, WETR, WXII",Forsyth,37067,RELIGION,SRN THE TRUTH,"//W249BZ 97.7, W256DR 99.1"
830,WKTX,OH,CORTLAND,1000.0,,,,41.4156,-80.7301,LICEN,WLND,Trumbull,39155,URBAN OLDIES/TALK,THE DRUM,EX-WLND //W259DI 99.7
830,WEEU,PA,READING,20000.0,6000.0,,,40.5151,-76.123,LICEN,,Berks,42011,NEWS/TALK,SRN WW1 VOICE OF BERKS,EX-850 KHZ
830,WQZQ,TN,GOODLETTSVILLE,2500.0,3.0,,,36.2083,-86.8724,LICEN,"WKVL, WCTZ",Davidson,47037,SPORTS,FSR VSIN SPORTSTALK,EX-WCTZ
830,WUMY,TN,MEMPHIS,3000.0,,,,35.117,-90.0165,LICEN,"KBOA, KOTC, WUMY, WGUE",Shelby,47157,RELIGION,THE TRUTH,EX-KOTC/WGUE //W288BJ 105.5
830,KUYO,WY,EVANSVILLE,25000.0,,9200.0,,42.8714,-106.2042,LICEN,,Natrona,56025,RELIGION,BOTT RADIO NETWORK,CH: 9200W
840,KPEN,AK,KENAI,5000.0,1900.0,,,60.51,-151.2722,LICEN,KABN,Kenai Peninsula,2122,ADLT STNDS/TALK,WW1 THE ANSWER 620 AM,
840,WBHY,AL,MOBILE,10000.0,,,,30.7641,-88.11,LICEN,"WMOB, WWAX",Mobile,1097,RELIGION,SRN CHRISTIAN 84 TALK,"//W277CS 103.3,W278AP 103.5"
840,KMPH,CA,MODESTO,5000.0,5000.0,,,37.7094,-120.7271,LICEN,KPMP,Stanislaus,6099,RELIGION,RELEVANT RADIO,EX-KPMP //K250BR 97.9
840,WRYM,CT,NEW BRITAIN,1000.0,125.0,,,41.6862,-72.7292,LICEN,,Hartford,9003,SPANISH TROPICAL,VIVA 107.3 & 840,"//W297BT 107.3, WWCO-1240"
840,WPGS,FL,MIMS,1000.0,,,,28.7392,-80.8837,LICSL,"WNUY, WPGS, WGRU",Brevard,12009,SILENT,PROMESA 840,"EX-WGRU //FM 93.1, 103.3"
840,WHGH,GA,THOMASVILLE,10000.0,,,,30.7985,-83.9393,LICEN,,Grady,13131,URBAN AC,HOT 840 JAMS,
840,WHAS,KY,LOUISVILLE,50000.0,50000.0,,,38.2612,-85.4286,LICEN,,Jefferson,21111,TALK,ABC BNN WW1 NEWSRADIO,
840,KWDF,LA,BALL,8000.0,,,,31.378,-92.4743,LICEN,KBLA,Rapides,22079,RELIGION,,//K259CX 99.7
840,WKDI,MD,DENTON,1000.0,,,,38.8982,-75.8524,LICEN,,Caroline,24011,GOSPEL,JOY-FM,//W263CW 100.5
840,KTIC,NE,WEST POINT,5000.0,,,,41.7842,-96.6797,LICEN,KWPN,Cuming,31039,C&W,FOX CLASSIC COUNTRY,EX-KWPN //K252EG 98.3
840,KDNF,NM,BELEN,1800.0,30.0,,,35.0087,-106.715,LICEN,"KARS, KJFA",Bernalillo,35001,C&W,GENUINE COUNTRY,//KJFA-102.9
840,KXNT,NV,NORTH LAS VEGAS,50000.0,25000.0,,,36.398,-114.9167,LICEN,"KBKK, KVEG",Clark,32003,SILENT,ABC BNN WW1 NEWSTALK,EX-KVEG
840,KKNX,OR,EUGENE,1000.0,170.0,,,44.0815,-123.1106,LICEN,"KZTZ, KDBS, KOOK",Lane,41039,OLDIES,WW1 SOLID GOLD RADIO,EX-KDBS/KOOK //K286CJ 105.1
840,KSWB,OR,SEASIDE,1000.0,500.0,,,45.9818,-123.9185,LICEN,,Clatsop,41007,CLASSIC ROCK,CLATSOP CLASSIC HITS,//K251CD 98.1
840,WPCO,PA,STROUDSBURG,250.0,,,,40.974,-75.1949,LICEN,WVPO,Monroe,42089,CLASSIC ROCK,POCONO 103,EX-WVPO //W276DG 103.1
840,WXEW,PR,YABUCOA,5000.0,1000.0,,,18.0475,-65.8682,LICEN,,Yabucoa,72151,SPANISH NEWS/TALK,,
840,WCEO,SC,COLUMBIA,50000.0,,,,34.2118,-80.8345,LICEN,"WCTG, WCEO, WSCQ",Lexington,45063,REG. MEX.,LA RAZA,EX-WCTG/WSCQ //W235CH 94.9
840,KVJY,TX,PHARR,5000.0,1000.0,,,26.317,-98.1047,LICEN,"KJTA, KIKN",Hidalgo,48215,SPANISH RELIGION,RADIO ALELUYA,
840,WKTR,VA,EARLYSVILLE,8200.0,,,,38.266,-78.4144,LICEN,,Greene,51079,CLASSIC ROCK,105.5 95.3 SAM FM,"//W288ED 105.5, WCVA-1490"
840,KMAX,WA,COLFAX,10000.0,280.0,,,46.9138,-117.3255,LICEN,KRAO,Whitman,53075,NEWS/TALK,SRN FOX THE MAX,EX-KRAO
850,KICY,AK,NOME,50000.0,50000.0,50000.0,,64.4876,-165.3145,LICEN,,Nome,2180,RELIGION/ETHNIC,ABC,//K247CV 97.3
850,WXJC,AL,BIRMINGHAM,50000.0,1000.0,,,33.6237,-86.7458,LICEN,"WYDE, WMKI, WYDE, WDJC",Jefferson,1073,RELIGION/GOSPEL,TRUTH 101.1,"//FM 101.1, W245CS 96.9"
850,KOA,CO,DENVER,50000.0,50000.0,,,39.5061,-104.7664,LICEN,,Arapahoe,8005,NEWS/TALK/SPORTS,ABC NEWSTALK & SPORTS,//K231BQ 94.1
850,WAXB,CT,RIDGEFIELD,2500.0,,,,41.2909,-73.4873,LICSL,"WVFR, WREE, WREF",Fairfield,9001,SILENT,FOX NEWSTALK SPORTS,EX-WREF
850,WRUF,FL,GAINESVILLE,5000.0,5000.0,,,29.643,-82.4201,LICEN,,Alachua,12001,SPORTS,ESPN 98.1,//W251CG 98.1
850,WFTL,FL,WEST PALM BEACH,50000.0,20000.0,,,26.542,-80.7414,LICEN,"WEAT, WCGY, WEAT, WDJA",Palm Beach,12099,NEWS/TALK,ABC FOX WW1 NEWSTALK,EX-WEAT/WDJA //W242CI 96.3
850,WPTB,GA,STATESBORO,1000.0,25.0,,,32.4657,-81.8326,LICEN,"WPTB, WMCD",Bulloch,13031,CONTEMP HITS,HASHTAG 99.7,//W259CH 99.7
850,KHLO,HI,HILO,5000.0,5000.0,,,19.6936,-155.0487,LICEN,,Hawaii,15001,RELIGION,,
850,WEEI,MA,BOSTON,50000.0,50000.0,,,42.2782,-71.2667,LICEN,WHDH,Norfolk,25021,SPORTS/BETTING,BETMGM ESPN THE BET,EX-WHDH
850,WSMZ,MI,MUSKEGON,1000.0,1000.0,,,43.1348,-86.2614,LICEN,"WKBZ, WGVS",Muskegon,26121,C. CHRIST.,SMILE FM,EX-WGVS
850,WSMZ,MI,MUSKEGON,250.0,,,,43.2064,-86.1758,LICEN,"WKBZ, WGVS",Muskegon,26121,C. CHRIST.,SMILE FM,EX-WGVS
850,WQRM,MN,DULUTH,50000.0,,14000.0,,46.6552,-92.2113,LICEN,WWJC,St. Louis,27137,RELIGION,SRN CHRISTIAN INFO R.,CH: 14KW //W259CX 99.7
850,KFUO,MO,CLAYTON,3800.0,,,,38.5242,-90.2393,LICEN,,St. Clair,17163,RELIGION,AP KFUO RADIO,//K224FT 92.7
850,WLRC,MS,WALNUT,940.0,,,,34.9462,-88.8789,LICEN,,Tippah,28139,S.GSPL/RELIGION,,
850,WKIX,NC,RALEIGH,9000.0,120.0,,,35.794,-78.7617,LICEN,"WKIX, WYLT, WRBZ, WKIX, WPTK",Wake,37183,OLDIES,OLDIES 93.5,//W228CZ 93.5
850,WYLF,NY,PENN YAN,1000.0,45.0,,,42.6614,-77.1202,LICEN,"WOZO, WQKA",Yates,36123,AC/EZL,FOX WW1 FRESH LAKE AIR,//W230CZ 93.9
850,WKNR,OH,CLEVELAND,50000.0,4700.0,,,41.3167,-81.7307,LICEN,"WJW, WRMR",Cuyahoga,39035,SPORTS,ESPN 850,EX-WRMR
850,WABA,PR,AGUADILLA,5000.0,1000.0,,,18.3986,-67.1571,LICEN,,Aguadilla,72005,SPANISH STNDS,LA GRANDE,
850,WVLZ,TN,MARYVILLE,1000.0,,,,35.7614,-83.9824,LICEN,"WHIG, WIVK, WUTK, WIOL, WJBZ, WKVL, WSMM",Blount,47009,ROCK,RANDOM MUSIC NETWORK,EX-WKVL/WSMM //W229DO 93.7
850,KJON,TX,CARROLLTON,5000.0,,,,33.2784,-96.8214,LICEN,KRPT,Collin,48085,SPANISH RELIGION,RADIO GUADALUPE,EX-KRPT
850,KEYH,TX,HOUSTON,10000.0,185.0,,,29.6555,-95.6722,LICEN,,Harris,48201,SPANISH RELIGION,RADIO VIDA VISION,//KNTE 101.7
850,WTAR,VA,NORFOLK,50000.0,25000.0,,,37.0601,-76.6902,LICEN,WRAP,Virginia Beach,51810,NEWS/TALK,FOX TALKRADIO 96.5,EX-WNIS //W243EK 96.5
850,KHHO,WA,TACOMA,10000.0,1000.0,,,47.2321,-122.3907,LICEN,"KTAC, KMTT",Pierce,53053,URBAN NEWS/TALK,BIN BLACK INFO NETWORK,EX-KTAC/KMTT
860,KOSE,AR,WILSON,1000.0,21.0,,,35.6842,-89.9826,LICEN,,Mississippi,5093,CL. C&W,CLASSIC COUNTRY,
860,KNAI,AZ,PHOENIX,940.0,1000.0,,,33.4206,-112.1276,LICEN,"KIFN, KVVA, KMVP",Maricopa,4013,REG. MEX.,LA CAMPESINA,EX-KMVP //K270BZ 101.9
860,KTRB,CA,SAN FRANCISCO,50000.0,6000.0,,,37.6322,-122.1314,LICEN,"KTRB, KULE",Alameda,6001,TALK,SRN 860 AM THE ANSWER,//K257BE 99.3
860,KTRB,CA,SAN FRANCISCO,,50000.0,,,37.5927,-121.7752,LICEN,"KTRB, KULE",Alameda,6001,TALK,SRN 860 AM THE ANSWER,//K257BE 99.3
860,KTRB,CA,SAN FRANCISCO,50000.0,,,,37.6324,-122.1308,LICEN,"KTRB, KULE",Alameda,6001,TALK,SRN 860 AM THE ANSWER,//K257BE 99.3
860,WGUL,FL,DUNEDIN,5000.0,1500.0,,,27.9989,-82.7001,LICEN,"WAZE, WAMA",Pinellas,12103,NEWS/TALK,SRN THE ANSWER,//W229DJ 93.7
860,WDMG,GA,DOUGLAS,5000.0,5000.0,,,31.5066,-82.8193,LICEN,,Coffee,13069,REG. MEX.,LA QUE BUENA,
860,KWPC,IA,MUSCATINE,250.0,8.0,,,41.4428,-91.076,LICEN,,Muscatine,19139,C&W,VOICE OF MUSCATINE,//K236CF 95.1
860,WMRI,IN,MARION,1000.0,500.0,,,40.5534,-85.6458,LICSL,WGOM,Grant,18053,SILENT,ESPN THE SCORE,EX-WGOM
860,KKOW,KS,PITTSBURG,10000.0,5000.0,,,37.4128,-94.638,LICEN,KOAM,Crawford,20037,CL. C&W,FOX 97.5 CLASSIC CNTRY,//K248DR 97.5
860,WSON,KY,HENDERSON,500.0,500.0,,,37.8531,-87.5367,LICEN,,Henderson,21101,CLASSIC ROCK,ABC WW1 YOUR TUNES,"//W243CU 96.5, W300ED 107.9"
860,WSBS,MA,GREAT BARRINGTON,2700.0,4.0,250.0,,42.2148,-73.3448,LICEN,,Berkshire,25003,ADLT CONT,AP YOUR HOMETOWN STN.,CH: 250 W //W231AK 94.1
860,WFSI,MD,BALTIMORE,2500.0,66.0,,,39.3121,-76.4902,LICEN,"WAYE, WBGR",Baltimore,24510,RELIGION,FAMILY RADIO,EX-WBGR //W295BX 106.9
860,KNUJ,MN,NEW ULM,1000.0,5.0,,,44.2861,-94.4308,LICEN,,Brown,27015,C&W,NBC WW1,//K247CU 97.3
860,WFMO,NC,FAIRMONT,1000.0,12.0,,,34.5177,-79.105,LICEN,,Robeson,37155,BLK GSPL,GREAT GOSPEL THE LIGHT,//W248DC 97.5
860,WACB,NC,TAYLORSVILLE,250.0,8.0,,,35.9326,-81.1718,LICEN,WQXZ,Alexander,37003,C&W/OLDIES,B86 STN. THAT LISTENS,EX-WLFJ/WQXZ
860,KDZR,OR,TROUTDALE,50000.0,15000.0,,,45.6465,-122.5148,LICSL,"KZTW, KPAM",Clark,53011,SILENT,,EX-KZTW/KPAM
860,WAOB,PA,MILLVALE,1000.0,830.0,,,40.4909,-79.9817,LICEN,"WYJZ, WAMO, WYJZ, WAMO",Allegheny,42003,RELIGION,WE ARE ONE BODY,EX-WYJZ/WAMO //FM 106.7
860,WWDB,PA,PHILADELPHIA,10000.0,,,,40.1546,-75.3688,LICEN,"WTEL, WWDB, WTEL",Burlington,34005,TALK/BROKERED,TALK 860,EX-WWDB/WTEL
860,WLBG,SC,LAURENS,1000.0,12.0,,,34.5037,-82.0181,LICSL,,Laurens,45059,SILENT,FOX FSR,//W281BX 104.1
860,WTZX,TN,SPARTA,950.0,10.0,,,35.9545,-85.4769,LICEN,WUCR,White,47185,CLASSIC ROCK,SRN 92.7 YERT FM,//W224DM 92.7
860,KFST,TX,FORT STOCKTON,250.0,250.0,,,30.8771,-102.8921,LICEN,,Pecos,48371,SOFT AC,VOICE OF TRANS PECOS,//FM 94.3
860,KPAN,TX,HEREFORD,250.0,231.0,,,34.7926,-102.4296,LICEN,,Deaf Smith,48117,C&W,HOMETOWN STN SINCE 48,//FM 106.3
860,KSFA,TX,NACOGDOCHES,1000.0,175.0,,,31.5269,-94.6583,LICEN,,Nacogdoches,48347,TALK/SPORTS,FOX WW1 NEWSTALK 860,//K283CW 104.5
860,KONO,TX,SAN ANTONIO,5000.0,900.0,,,29.4433,-98.4181,LICEN,,Medina,48325,BUSINESS,BNN BUSINESS RADIO 860,
860,KKAT,UT,SALT LAKE CITY,10000.0,196.0,3000.0,,40.713,-111.9322,LICEN,"KCNR, KLZX, KAPN, KCNR, KBEE",Salt Lake,49035,TALK,FOX UTAHS BIG TALKER,CH: 3000 W EX-KUTR/KBEE
860,WEVA,VA,EMPORIA,1000.0,,,,36.699,-77.5483,LICEN,,Emporia,51595,GOSPEL,,
860,WNOV,WI,MILWAUKEE,250.0,5.0,,,43.0722,-87.952,LICEN,,Milwaukee,55079,URBAN AC/GOSPEL,THE VOICE,"//W293CX 106.5,W277BM 103.3"
860,WOAY,WV,OAK HILL,10000.0,11.0,5000.0,,37.9584,-81.1507,LICEN,,Fayette,54019,RELIGION,SRN HELPING YOU GROW,CH: 5000 W
870,KRLA,CA,GLENDALE,50000.0,3000.0,,,34.1369,-118.227,LICEN,KIEV,Los Angeles,6037,NEWS/TALK,SRN WW1 THE ANSWER,EX-KIEV
870,KJMP,CO,PIERCE,1200.0,320.0,,,40.6069,-104.6891,LICEN,,Weld,8123,URBAN HIPHOP/R&B,BIN JUMP 104.5,//K283CN 104.5
870,WTIM,IL,ASSUMPTION,500.0,,,,39.4873,-88.9587,LICEN,"WSHY, WDID, WINU, WTLY, WSVZ",Shelby,17173,NEWS/TALK/SPORTS,SRN W1S THE BIG 870,EX-WDID/WINU //FM 96.3
870,WMTL,KY,LEITCHFIELD,500.0,,,,37.5112,-86.2875,LICEN,,Grayson,21085,C&W,ABC FSR THE MOOSE,//W280FH 103.9
870,WWL,LA,NEW ORLEANS,50000.0,50000.0,,,29.8374,-90.132,LICEN,,Orleans,22071,NEWS/TALK/SPORTS,ABC W1S NEWSTALKSPTS,//FM 105.3 ESPN SUNDAYS
870,WLVP,ME,GORHAM,10000.0,1000.0,,,43.6629,-70.4942,LICSL,"WKZN, WLAM, WMTW",York,23031,SILENT,ABC MEMORIES 870,"//W286DR 105.1, WJIB-720"
870,WKAR,MI,EAST LANSING,10000.0,,,,42.7061,-84.4753,LICEN,,Ingham,26065,NEWS/TALK,NPR,//W272EM 102.3
870,KPRM,MN,PARK RAPIDS,,2500.0,,,46.905,-95.0181,LICEN,,Hubbard,27057,AC/TALK,RADIO 870 AM,//K263BR 100.5
870,KPRM,MN,PARK RAPIDS,50000.0,,,,46.9283,-95.0064,LICEN,,Hubbard,27057,AC/TALK,RADIO 870 AM,//K263BR 100.5
870,KAAN,MO,BETHANY,930.0,,,,40.2564,-94.1566,LICEN,"KAAN, KIRK",Harrison,29081,FARM/SPORTS,ABC W1S SPORTSRADIO,EX-KAAN/KIRK //K279AP 103.7
870,WTCG,NC,MOUNT HOLLY,5000.0,,,,35.2738,-80.8609,LICEN,WGHC,Mecklenburg,37119,RELIGION,WORSHIP CREATOR GOD,EX-WGHC //W222CW 92.3
870,KLSQ,NV,WHITNEY,5000.0,430.0,,,35.9764,-114.9517,LICEN,"KROL, KOWA",Clark,32003,REG. MEX.,EXITOS DE SIEMPRE,EX-KROL/KOWA
870,WHCU,NY,ITHACA,,1000.0,,,42.3631,-76.6058,LICEN,,Tompkins,36109,NEWS/TALK,ABC SRN NEWSTALK 870,//W249DW 97.7
870,WHCU,NY,ITHACA,5000.0,,,,42.4651,-76.3727,LICEN,,Tompkins,36109,NEWS/TALK,ABC SRN NEWSTALK 870,//W249DW 97.7
870,WQBS,PR,SAN JUAN,5000.0,5000.0,,,18.3522,-66.2017,LICEN,"WHOA, WVOZ",San Juan,72127,SPANISH TALK,QBS 970 AM,
870,WPWT,TN,COLONIAL HEIGHTS,10000.0,,,,36.4612,-82.4532,LICEN,"WPRQ, WFKB, WZMC",Sullivan,47163,C&W,96.3 THE POSSUM,"//W242CQ 96.3, W264BY 100.7"
870,KFJZ,TX,FORT WORTH,1000.0,,,,32.601,-97.2561,LICEN,KJIM,Johnson,48251,SPANISH RELIGION,RADIO AYO,//K273CS 102.5
870,KFJZ,TX,FORT WORTH,1000.0,,,,32.4692,-97.2589,LICEN,KJIM,Johnson,48251,SPANISH RELIGION,RADIO AYO,//K273CS 102.5
870,WFLO,VA,FARMVILLE,1000.0,,,,37.3265,-78.3856,LICEN,,Cumberland,51049,ADLT CONT,ABC THE NEW 870 FLO,//FM 95.7
870,KFLD,WA,PASCO,10000.0,250.0,,,46.2279,-119.1267,LICEN,KORD,Franklin,53021,NEWS/TALK/SPORTS,FOX WW1 NEWSTALK 870,EX-KORD //K254DP 98.7
870,KFLD,WA,PASCO,10000.0,250.0,,,46.1739,-119.0678,LICEN,KORD,Franklin,53021,NEWS/TALK/SPORTS,FOX WW1 NEWSTALK 870,EX-KORD //K254DP 98.7
880,WAPC,AL,CLANTON,1000.0,7.0,,,32.8753,-86.6249,LICEN,WAMI,Chilton,1021,TALK,SRN,EX-WAMI //W237FK 95.3
880,KLRG,AR,SHERIDAN,,220.0,,,34.3059,-92.3852,LICEN,"KKDI, KGHT",Grant,5053,CLASSIC ROCK,ARKANSAS ROCKS,CH: 31 KW //K233BF 94.5
880,KLRG,AR,SHERIDAN,50000.0,,31000.0,,34.6934,-92.306,LICEN,"KKDI, KGHT",Grant,5053,CLASSIC ROCK,ARKANSAS ROCKS,CH: 31 KW //K233BF 94.5
880,KKMC,CA,GONZALES,10000.0,10000.0,,,36.5628,-121.4358,LICEN,,Monterey,6053,SPANISH RELIGION,ESNE RADIO,//K247BL 97.3
880,WXBN,FL,SWEETWATER,4000.0,5000.0,,,25.7493,-80.547,LICEN,WZAB,Miami-Dade,12086,URBAN NEWS/TALK,BIN BLACK INFO NETWORK,EX-WZAB
880,KHCM,HI,HONOLULU,2000.0,2000.0,,,21.2916,-157.8608,LICEN,"KAIM, KHNR",Honolulu,15003,ETHNIC ASIAN,,EX-KAIM/KHNR
880,WIJR,IL,HIGHLAND,1700.0,160.0,,,38.7564,-89.6551,LICEN,"WINU, WCBW",Madison,17119,REG. MEX.,LA TREMENDA,EX-WINU/WCBW
880,KJJR,MT,WHITEFISH,10000.0,500.0,,,48.3955,-114.3207,LICEN,,Flathead,30029,TALK,FOX SRN WW1 NEWSTALK,//K300DK 107.9
880,WRRZ,NC,CLINTON,1000.0,,,,34.9779,-78.3039,LICEN,,Sampson,37163,SPANISH RELIGION,RADIO NUEVA VIDA,//W273DP 102.5
880,WPEK,NC,FAIRVIEW,5000.0,,,,35.5468,-82.4707,LICEN,"WMIY, WLVM, WTZY",Buncombe,37021,SPORTS,ESPN,"//W225CJ 92.9, WMXF-1400"
880,WPIP,NC,WINSTON-SALEM,1800.0,,,,36.044,-80.1817,LICEN,,Forsyth,37067,RELIGION,CONSERVATIVE CHRISTIAN,
880,KRVN,NE,LEXINGTON,50000.0,50000.0,,,40.5158,-99.3968,LICEN,,Phelps,31137,TALK/FARM/C&W,FOX WW1 RURAL RADIO,//K295BI 106.9
880,KHAC,NM,TSE BONITO,10000.0,430.0,,,35.6447,-109.0209,LICEN,,McKinley,35031,RELIGION/NAVAJO,ACROSS NATIONS MISSION,//KTBA-760
880,WHSQ,NY,NEW YORK,50000.0,50000.0,,,40.8598,-73.7854,LICEN,WCBS,Bergen,34003,SPORTS,ESPN,EX-WCBS
880,WRFD,OH,COLUMBUS-WORTHINGTON,23000.0,,6100.0,,39.942,-83.0221,LICEN,,Franklin,39049,RELIGION,SRN THE WORD,CH: 6.1 KW //W283CL 104.5
880,KWIP,OR,DALLAS,5000.0,1000.0,,,44.929,-123.2907,LICEN,KROW,Polk,41053,REG. MEX.,LA CAMPEONA,//K280GS 103.9
880,WMDB,TN,NASHVILLE,2500.0,2.0,,,36.212,-86.8192,LICEN,"WMDB, WNVL, WNSG",Davidson,47037,SILENT,LA RANCHERA 880,EX-WMDB/WNSG
880,KJOZ,TX,CONROE,10000.0,1000.0,,,30.2941,-95.4322,LICEN,"KNRO, KIKR, KJOJ",Montgomery,48339,CLASSIC ROCK,THE X,//K291CE 106.1
880,WSLK,VA,MONETA,900.0,,,,37.1668,-79.6303,LICEN,"WBLU, WLQE, WVLR, WCQV",Bedford,51019,OLDIES,SRN LAKE RADIO,EX-WVLR/WCQV //W252DP 98.3
880,WSLK,VA,MONETA,800.0,,,,37.1541,-79.6221,LICEN,"WBLU, WLQE, WVLR, WCQV",Bedford,51019,OLDIES,SRN LAKE RADIO,EX-WVLR/WCQV //W252DP 98.3
880,KIXI,WA,MERCER ISLAND/SEATTL,50000.0,10000.0,,,47.5829,-122.1823,LICEN,,King,53033,ADLT STNDS,ABC WW1 KIXI 88,
880,WMEQ,WI,MENOMONIE,10000.0,210.0,,,44.8455,-91.846,LICEN,WMNE,Dunn,55033,NEWS/TALK,FOX WW1 NEWSTALK 880,EX-WMNE //W292EG 106.3
890,KBBI,AK,HOMER,10000.0,10000.0,,,59.6699,-151.446,LICEN,,Kenai Peninsula,2122,NEWS/VARIETY,NPR PUBLIC RADIO 890,
890,WYAM,AL,HARTSELLE,2500.0,,,,34.5667,-86.9128,LICEN,WHRT,Morgan,1103,REG. MEX.,94.7 LA RAZA,
890,KIHC,CA,ARROYO GRANDE,5000.0,5000.0,,,35.1455,-120.5218,LICEN,KLFF,San Luis Obispo,6079,RELIGION,RELEVANT RADIO,EX-KLFF
890,KSAC,CA,OLIVEHURST,10000.0,270.0,,,38.508,-121.5805,LICEN,"KDPP, KMJE, KVMX",Yolo,6113,TALK/SPORTS,FOX SPORTS SACRAMENTO,EX-KMJE/KVMX //K284CM 104.7
890,KCEG,CO,FOUNTAIN,2500.0,12.0,,,38.8189,-104.7761,LICEN,KJME,El Paso,8041,C&W,TIMELESS COUNTRY,//K268DV 101.5
890,KYWN,ID,MERIDIAN,50000.0,125.0,,,43.4602,-116.2423,LICEN,"KQXI, KDJQ",Ada,16001,SPANISH RELIGION,LA PERLA 890,EX-KXSL/KDJQ //K284CY 104.7
890,WLS,IL,CHICAGO,50000.0,50000.0,,,41.5559,-87.8484,LICEN,,Cook,17031,NEWS/TALK,FOX CHICAGO'S TALK STN,
890,WAMG,MA,DEDHAM,25000.0,6000.0,,,42.2473,-71.4248,LICEN,"WBMA, WBPS",Middlesex,25017,SPANISH TROPICAL,LA MEGA,"//W235CS 94.9, WORC-1310"
890,KMVG,MO,GLADSTONE,1000.0,,,,39.0636,-94.5106,LICEN,KGGN,Jackson,29095,RELIGION,EWTN CATHOLIC TALK,EX-KGGN //K266BV 93.7
890,WHJA,MS,LAUREL,10000.0,,10000.0,,31.5249,-89.242,LICEN,"WNSL, WQIS, WEEZ",Jones,28067,URBAN HIPHOP,POWER 101,EX-WQIS/WEEZ //W266CT 101.1
890,WHNC,NC,HENDERSON,1000.0,,,,36.3357,-78.3694,LICEN,,Vance,37181,BLK GSPL,PARADISE RADIO,//WCBQ-1340
890,KQLX,ND,LISBON,1800.0,,,,46.615,-97.1326,LICEN,,Richland,38077,C&W/FARM,FOX WW1 890 AG NEWS,//K297BX 107.3
890,KTLR,OK,OKLAHOMA CITY,1000.0,,,,35.5664,-97.4747,LICEN,"KBYE, KKNG",Canadian,40017,RELIGION/TALK,SRN COMMUNITY TALK,//K279CR 103.7
890,WFKJ,PA,CASHTOWN,890.0,,,,39.8831,-77.345,LICEN,,Adams,42001,RELIGION/GOSPEL,WORKING FOR KING JESUS,
890,WFAB,PR,CEIBA,250.0,250.0,,,18.2025,-65.7107,LICEN,"WJSE, WRRE",Naguabo,72103,SPANISH RELIGION,LA NAVE 890,
890,WBAJ,SC,BLYTHEWOOD,50000.0,,8500.0,,34.1087,-81.0742,LICEN,,Richland,45079,RELIGION,BROADCASTING JESUS,CH: 8500 W //W269DU 101.7
890,KVOZ,TX,DEL MAR HILLS,10000.0,1000.0,,,27.5495,-99.3728,LICEN,,Webb,48479,SPANISH RELIGION,RADIO CRISTIANA,
890,KTXV,TX,MABANK,20000.0,,,,32.2871,-95.9778,LICEN,KKBM,Henderson,48213,ETHNIC S. ASIAN,PUNJABI RADIO USA,
890,KDXU,UT,ST. GEORGE,25000.0,108.0,,,37.6975,-113.1818,LICEN,,Washington,49053,NEWS/TALK,FOX NEWSRADIO 106.1 &,92.5
890,WKNV,VA,FAIRLAWN,10000.0,,,,37.1321,-80.6184,LICEN,"WGHK, WCQR",Pulaski,51155,S.GSPL/RELIGION,SRN JOY FM REAL MUSIC,"//W232CS 94.3, W272EA 102.3"
900,KZPA,AK,FORT YUKON,5000.0,5000.0,,,66.5563,-145.2037,LICEN,,Yukon-Koyukuk,2290,NEWS/TALK/VARIETY,NPR GWANDAK PUBLIC R.,
900,WATV,AL,BIRMINGHAM,845.0,158.0,,,33.5365,-86.8842,LICEN,,Jefferson,1073,URBAN AC,ABC MY V-94.9,//W235BS 94.9
900,WGOK,AL,MOBILE,1000.0,380.0,,,30.7088,-88.0647,LICEN,,Mobile,1097,BLK GSPL,GOSPEL 900,
900,WOZK,AL,OZARK,1000.0,78.0,,,31.4554,-85.6827,LICEN,,Dale,1045,URBAN OLDIES,OLDIES 98.3,//W251DE 98.1
900,KHOZ,AR,HARRISON,1000.0,62.0,,,36.2431,-93.1121,LICEN,,Boone,5009,C&W,THE ORIGINAL,//K235CE 94.9
900,KBIF,CA,FRESNO,1000.0,500.0,,,36.6916,-119.6804,LICEN,,Fresno,6019,ETHNIC S. ASIAN,PUNJABI RADIO USA,
900,KALI,CA,WEST COVINA,5000.0,150.0,,,34.03,-117.7273,LICEN,"KGRB, KRRA",San Bernardino,6071,SPANISH RELIGION,,EX-KGRB/KRRA
900,WJWL,DE,GEORGETOWN,1000.0,145.0,,,38.7073,-75.4049,LICEN,"WJWL, WSEA, WSSR",Sussex,10005,REG. MEX.,LA RAZA,"//W226CW 93.1,W294CH 106.7"
900,WSWN,FL,BELLE GLADE,1000.0,22.0,,,26.7123,-80.6828,LICEN,,Palm Beach,12099,GOSPEL,,//W296DN 107.1
900,WMOP,FL,OCALA,2700.0,23.0,,,29.238,-82.1209,LICSL,,Marion,12083,SILENT,POWER 92.1,//WRBD-1230
900,WJTH,GA,CALHOUN,1000.0,266.0,,,34.4612,-84.8955,LICEN,,Gordon,13129,C&W,FOX WW1 900 COUNTRY,//W269CC 101.7
900,WYPZ,GA,MACON,2000.0,145.0,,,32.8496,-83.6016,LICEN,WBML,Bibb,13021,BLK GSPL,PRAISE 99.5,"//W286CE 105.1,W258AP 99.5"
900,KMVI,HI,KAHULUI,5000.0,5000.0,,,20.7885,-156.4642,LICEN,KNUI,Maui,15009,SPORTS,ESPN MAUI,EX-KNUI //K273DN 102.5
900,KSGL,KS,WICHITA,250.0,28.0,,,37.6925,-97.382,LICEN,,Sedgwick,20173,ADLT STNDS,USA MUSIC YOU REMEMBER,//K289CI 105.7
900,WFIA,KY,LOUISVILLE,930.0,162.0,,,38.2659,-85.7139,LICEN,"WFIA, WJIE, WFIA, WLGK",Jefferson,21111,RELIGION,THE SPIRIT,EX-WJIE //W297BV 107.3
900,WLSI,KY,PIKEVILLE,3500.0,125.0,,,37.4659,-82.551,LICEN,,Pike,21195,CONT. CHRIST,PEACE RADIO,
900,WACA,MD,LAUREL,1900.0,500.0,,,39.0826,-76.8383,LICEN,"WLMD, WILC, WCLM",Prince George's,24033,SPANISH AC,RADIO AMERICA,EX-WILC/WCLM
900,WCME,ME,BRUNSWICK,700.0,26.0,,,43.9117,-70.0244,LICEN,"WKXA, WCLZ, WJJB, WWBK",Cumberland,23005,CLASSIC ROCK,NBC RADIO 9,EX-WJJB/WWBK //W258DI 99.5
900,KTIS,MN,MINNEAPOLIS,50000.0,500.0,,,44.99,-92.9813,LICEN,,Washington,27163,RELIGION,SRN FAITH 900,//W248CU 97.5
900,KFAL,MO,FULTON,1000.0,135.0,,,38.8662,-91.9544,LICEN,,Callaway,29027,C&W/TALK,ABC THE BIG 900,//K237GU 95.3
900,WYCV,NC,GRANITE FALLS,2500.0,251.0,,,35.7863,-81.4165,LICEN,WKJK,Caldwell,37027,S.GSPL/RELIGION,GOSPEL 9 RADIO,//W254DX 98.7
900,WAYN,NC,ROCKINGHAM,1000.0,297.0,,,34.9252,-79.7428,LICEN,,Richmond,37153,ADLT CONT,,
900,WIAM,NC,WILLIAMSTON,1000.0,258.0,,,35.8577,-77.0424,LICEN,,Martin,37117,C&W/S. GSPL,SRN CLASSIC COUNTRY,//W221ES 92.1
900,KJSK,NE,COLUMBUS,1000.0,65.0,,,41.4397,-97.3906,LICEN,,Platte,31141,TALK/SPORTS/REL,ABC NEWSTALK 900,
900,WGHM,NH,NASHUA,910.0,60.0,,,42.7595,-71.4764,LICEN,"WMVU, WOTW, WSNH, WGAM",Hillsborough,33011,OLDIES,OLDIES RADIO WGAM,"//WGAM-1250, W253AF 99.9"
900,WBRV,NY,BOONVILLE,1000.0,52.0,,,43.5131,-75.3624,LICEN,,Lewis,36049,OLDIES/ROCK,WW1 THE BLIZZARD,"//W290BX 105.9, W255CI 98.3"
900,WABY,NY,WATERVLIET,400.0,70.0,,,42.6893,-73.7932,LICEN,"WKAJ, WBGG, WCKM, WKAJ, WUAM",Albany,36001,ROCK,,//W230DK 93.9
900,WCPA,PA,CLEARFIELD,2500.0,500.0,,,41.0423,-78.4481,LICEN,,Clearfield,42033,CLASSIC ROCK,WW1 PASSPORT RADIO,"//W253CU 98.5, W218CX 101.7"
900,WURD,PA,PHILADELPHIA,1060.0,124.0,,,39.9173,-75.2213,LICEN,"WDVT, WFLN, WURD, WEMG",Burlington,34005,NEWS/TALK,WURD RADIO 96.1 & 900,EX-WURD/WEMG //W241CH 96.1
900,WNMB,SC,NORTH MYRTLE BEACH,250.0,80.0,,,33.835,-78.7839,LICEN,"WSWM, WGSN",Horry,45051,REG. MEX.,EL GALLO,EX-WGSN //W279EH 103.7
900,WKXV,TN,KNOXVILLE,1000.0,258.0,,,35.9812,-83.9874,LICEN,,Knox,47093,RELIGION/GOSPEL,KNOXVILLES BEST,//W264CJ 100.7
900,WKDA,TN,LEBANON,5000.0,136.0,,,36.2067,-86.2672,LICEN,WCOR,Wilson,47189,C&W/ADLT STNDS,SRN REAL COUNTRY 98.9,EX-WCOR //W270DM 101.9
900,KPYN,TX,ATLANTA,1000.0,33.0,,,33.0829,-94.183,LICEN,"KALT, KALT",Cass,48067,C. CHRIST,CASS COUNTY RADIO,EX-KALT/KPYN //K280GV 103.9
900,KFLP,TX,FLOYDADA,250.0,7.0,,,33.9723,-101.3504,LICEN,"KFBA, KKAP, KAWA",Floyd,48153,FARM NEWS,SRN ALL AG ALL DAY,EX-KKAP/KAWA //K253CP 98.5
900,KCLW,TX,HAMILTON,250.0,10.0,,,31.7191,-98.1445,LICSL,"KCLW, KOES",Hamilton,48193,SILENT,CLASSIC COUNTRY,DELETED EX-KOES
900,KREH,TX,PECAN GROVE,5000.0,10.0,,,29.6441,-96.0964,LICEN,"KREH, KICR",Austin,48015,ETHNIC VIETNAMESE,RADIO SAIGON HOUSTON,EX-KICR //K259DC 99.7
900,WCBX,VA,BASSETT,1100.0,180.0,,,36.7101,-79.9659,LICEN,WODY,Henry,51089,RELIGION,CSN INTERNATIONAL,//W237DR 95.3
900,WKDW,VA,STAUNTON,2500.0,120.0,,,38.1757,-79.0697,LICEN,"WKDW, WBGT, WINF",Staunton,51790,CL. C&W,WW1 CLASSIC HIT CNTRY,EX-WKDW/WINF
900,KKRT,WA,WENATCHEE,1000.0,72.0,,,47.4621,-120.359,LICEN,"KSGA, KEYK",Chelan,53007,SPORTS,ESPN,//KWIQ-1020
900,WATK,WI,ANTIGO,250.0,195.0,,,45.1064,-89.1526,LICEN,,Langlade,55067,OLDIES/ROCK,ABC THE LAKES 98.7,//W254AX 98.7
900,WDLS,WI,WISCONSIN DELLS,1000.0,220.0,,,43.6381,-89.7215,LICEN,"WDLS, WIBU",Columbia,55021,ADLT CONT,B 102.9 & 98.5,EX-WDLS/WIBU //W253DH 98.5
910,WZMG,AL,PEPPERELL,650.0,56.0,,,32.6574,-85.4241,LICEN,"WTXN, WDAK, WTLM",Lee,1081,SPORTS,FOX SPORTS THE GAME,EX-WTLM //WPCH-1310
910,KGME,AZ,PHOENIX,5000.0,5000.0,,,33.5334,-112.1224,LICEN,"KJJJ, KFYI",Maricopa,4013,SPORTS,FOX SPORTS 910,EX-KFYI
910,KECR,CA,EL CAJON,5000.0,5000.0,,,32.8951,-116.9261,LICEN,"KMJC, KECH",San Diego,6073,RELIGION,FAMILY RADIO,EX-KMJC
910,KKSF,CA,OAKLAND,20000.0,5000.0,,,37.8957,-122.3247,LICEN,KNEW,Contra Costa,6013,URBAN NEWS/TALK,BIN BLACK INFO NETWORK,EX-KNEW
910,KOXR,CA,OXNARD,5000.0,1000.0,,,34.2828,-119.1276,LICEN,,Ventura,6111,REG. MEX.,LA MEXICANA,//K271CY 102.1
910,KPOF,CO,DENVER,5000.0,1000.0,,,39.8464,-105.0336,LICEN,,Arapahoe,8005,C. CHRIST./CLASS,SRN AM91 PT. OF FAITH,CLASS SUNDAY //K274DF 102.7
910,WLAT,CT,NEW BRITAIN,5000.0,2800.0,,,41.7162,-72.8098,LICEN,"WRCQ, WNEZ",Hartford,9003,RELIGION,RELEVANT RADIO,EX-WNEZ //W269DE 101.7
910,WTWD,FL,PLANT CITY,5000.0,5000.0,,,27.9909,-82.2084,LICEN,"WPLA, WFNS, WSUN",Hillsborough,12057,REG. MEX.,LA ZETA,//W271CY 102.1
910,WSUI,IA,IOWA CITY,5000.0,4000.0,,,41.5239,-91.5032,LICEN,,Johnson,19103,NEWS/TALK,NPR IOWA PUBLIC RADIO,
910,WAKO,IL,LAWRENCEVILLE,500.0,50.0,,,38.7231,-87.6536,LICEN,,Lawrence,17101,C&W,ABC WW1 GIANT FM,//W257DW 99.3
910,KINA,KS,SALINA,500.0,29.0,,,38.7644,-97.542,LICEN,,Saline,20169,SPORTS/TALK,FOX WW1 COFFEE TALK,//K298CZ 107.5
910,WSEK,KY,BURNSIDE,430.0,115.0,,,37.0295,-84.6063,LICEN,"WKEQ, WLLK, WSFE",Pulaski,21199,C&W,ICONS 910,EX-WKEQ/WLLK/WSFE
910,WUBR,LA,BATON ROUGE,1200.0,51.0,,,30.6355,-91.1657,LICEN,"WQXY, WTGE, WNDC",West Baton Rouge,22121,SPANISH TROPICAL,,EX-WNDC //K279CU 103.7
910,WTOS,ME,BANGOR,5000.0,210.0,,,44.7809,-68.7473,LICEN,"WABI, WAEI, WABK",Penobscot,23019,ROCK,MOUNTAIN OF PURE ROCK,"//FM 105.1, WTUX 101.1"
910,WGTO,MI,CASSOPOLIS,1000.0,35.0,,,41.9539,-86.0164,LICEN,WLLJ,Cass,26027,CLASSIC ROCK,ABC WW1 THE DRIVE 96.7,//W246DV 97.1
910,WFDF,MI,FARMINGTON HILLS,50000.0,25000.0,,,42.0659,-83.3941,LICEN,,Monroe,26115,TALK,FOX SUPERSTATION,
910,WMOG,MS,MERIDIAN,5000.0,1000.0,,,32.3937,-88.6689,LICSL,"WOKK, WALT",Lauderdale,28075,BLK GSPL,PRAISE 95.9,EX-WALT //W240DY 95.9
910,KBLG,MT,BILLINGS,1000.0,64.0,,,45.7536,-108.5168,LICEN,KOYN,Yellowstone,30111,SPORTS,ESPN,//K288HA 105.5
910,WSRP,NC,JACKSONVILLE,5000.0,5000.0,,,34.796,-77.4897,LICSL,"WLAS, WSTK",Onslow,37133,SILENT,PURO POWER LATINO,"//WRTG 1000, WLLQ 1530, ETC"
910,KCJB,ND,MINOT,5000.0,5000.0,,,48.2025,-101.3488,LICEN,,Ward,38101,C&W/FARM,FOX 91 CLASSIC COUNTRY,
910,KBIM,NM,ROSWELL,5000.0,34.0,,,33.4401,-104.5269,LICEN,"KBIM, KKBE",Chaves,35005,REG. MEX.,LA LEY 93.7,EX-KKBE //K229BV 93.7
910,WRKL,NY,NEW CITY,1000.0,800.0,,,41.1812,-74.0476,LICEN,,Rockland,36087,SPANISH RELIGION,RADIO CANTICO NUEVO,
910,WLTP,OH,MARIETTA,5000.0,13.0,,,39.3634,-81.5026,LICEN,"WBRJ, WYLI, WBRJ",Washington,39167,NEWS/TALK,FOX NEWSRADIO,EX-WBRJ/WYLI
910,WPFB,OH,MIDDLETOWN,1000.0,100.0,,,39.5159,-84.3513,LICEN,,Butler,39017,RELIGION,EWTN SACRED HEART R.,"//WNOP-740, WHSS 89.5"
910,KVIS,OK,MIAMI,1000.0,1000.0,,,36.8909,-94.7836,LICEN,KGLC,Ottawa,40115,C. CHRIST,INSPIRATION 910,EX-KGLC
910,KURY,OR,BROOKINGS,1000.0,37.0,,,42.0429,-124.2448,LICEN,,Curry,41015,ADLT STNDS,FOX FAVORITE SONGS,//K287CF 105.3
910,WJFA,PA,APOLLO,5000.0,69.0,,,40.5837,-79.5259,LICEN,"WAVL, WXJX",Armstrong,42005,TALK,PITTSBURGH'S NEW TALK,EX-WXJX //WJFG-1480
910,WAAF,PA,SCRANTON,900.0,440.0,,,41.4095,-75.6666,LICEN,"WGBI, WBZU",Lackawanna,42069,NEWS/TALK,ABC BNN WILK NETWORK,EX-WBZU //WILK-980 FM 103.1
910,WSBA,PA,YORK,5000.0,1000.0,,,39.9993,-76.745,LICEN,,York,42133,NEWS/TALK,FOX WW1 NEWSTALK 93.9,//W230CQ 93.9
910,WPRP,PR,PONCE,4250.0,4250.0,,,17.9792,-66.6133,LICEN,,Ponce,72113,SPANISH NEWS/TALK,NOTI UNO SEIS TREINTA,//WUNO-630
910,WTMZ,SC,DORCHESTER TERR.-BRE,500.0,85.0,,,32.8725,-79.9764,LICEN,"WKCN, WVVO",Charleston,45019,SPORTS,FSR THE ZONE,EX-WVVO //W234CV 94.7
910,WOLI,SC,SPARTANBURG,3600.0,890.0,,,35.0196,-82.0098,LICEN,"WORD, WSPA",Spartanburg,45083,SPANISH AC,KALIENTE 910 & 105.7,EX-WORD/WSPA //W289BS 105.7
910,KJJQ,SD,VOLGA,500.0,500.0,,,44.2503,-96.9564,LICEN,KVAA,Brookings,46011,CL. C&W,ABC THE RANCH,
910,WMRB,TN,COLUMBIA,500.0,101.0,,,35.6068,-87.025,LICEN,"WCMG, WQZZ",Maury,47119,SPANISH RELIGION,RADIO VIDA,EX-WCMG/WQZZ
910,WJCW,TN,JOHNSON CITY,5000.0,1000.0,,,36.4104,-82.4535,LICEN,,Washington,47179,NEWS/TALK,ABC TRI-CITIES TALK,
910,WEPG,TN,SOUTH PITTSBURG,5000.0,95.0,,,35.0159,-85.7,LICEN,,Marion,47115,C&W,ABC THE RIVER,//W285FW 104.9
910,KNAF,TX,FREDERICKSBURG,630.0,165.0,,,30.3637,-98.9133,LICEN,,Gillespie,48171,C&W/TALK,VOICE OF TX HILL CNTRY,
910,KATH,TX,FRISCO,1000.0,500.0,,,33.2154,-96.8994,LICEN,"KIKM, KBLN, KXEB",Denton,48121,RELIGION,GUADALUPE CATHOLIC R.,EX-KBLN/KXEB
910,KRIO,TX,MCALLEN,5000.0,5000.0,,,26.2981,-98.2075,LICEN,,Hidalgo,48215,SPANISH RELIGION,RADIO ESPERANZA,//KOIR 88.5
910,WRNL,VA,RICHMOND,5000.0,1500.0,,,37.614,-77.5144,LICEN,"WRNL, WRVH",Henrico,51087,SPORTS,FSR BETMGM THE FAN,EX-WRNL/WRVH //W286DJ 105.1
910,WFJX,VA,ROANOKE,1000.0,84.0,,,37.2685,-79.9125,LICEN,"WTOY, WBNI, WWWR",Roanoke,51770,TALK/SPORTS,SRN FOX RADIO 910,EX-WTOY/WWWR //W282CK 104.3
910,KMTT,WA,VANCOUVER,3300.0,4300.0,,,45.5582,-122.4837,LICEN,"KKSN, KFXX, KKSN, KFXX, KOTK, KKSN, KTRO, KKSN",Clark,53011,SPORTS,ESPN PORTLAND,EX-KFXX/KOTK/KTRO/KKSN
910,WBZH,WI,HAYWARD,5000.0,75.0,,,45.9852,-91.5399,LICSL,"WHSM, WCBN, WBZH, WCBN",Sawyer,55113,SILENT,ABC BUZZ OF THE NORTH,EX-WHSM/WCBN //W245CT 96.9
910,WDOR,WI,STURGEON BAY,1000.0,102.0,,,44.8272,-87.3576,LICEN,,Door,55029,OLDIES,ABC HEART OF DOOR,//FM 93.9
920,KSRM,AK,SOLDOTNA,5000.0,5000.0,,,60.513,-151.1908,LICEN,,Kenai Peninsula,2122,NEWS/TALK,ABC NEWSTALK 92,//K223DG 92.5
920,WXKD,AL,BRANTLEY,450.0,,,,31.7074,-86.2199,LICEN,"WYNI, WEZZ",Crenshaw,1041,URBAN AC,THE BIG KD,EX-WEZZ //W292HL 106.3
920,WGOL,AL,RUSSELLVILLE,1000.0,40.0,,,34.514,-87.7153,LICEN,"WWWR, WJRD",Franklin,1059,CL. C&W,ABC REAL COUNTRY 920,EX-WJRD //W264BN 100.7
920,KARN,AR,LITTLE ROCK,5000.0,5000.0,,,34.7723,-92.246,LICSL,,Pulaski,5119,SPORTS,W1S SPORTS ANIMAL 920,
920,KVIN,CA,CERES,,2500.0,,,37.6319,-120.7527,LICEN,KLOC,Stanislaus,6099,ETHNIC S. ASIAN,PUNJABI RADIO,"//K222BX 92.3, K296HL 107.1"
920,KVIN,CA,CERES,500.0,,,,37.5969,-121.0719,LICEN,KLOC,Stanislaus,6099,ETHNIC S. ASIAN,PUNJABI RADIO,"//K222BX 92.3, K296HL 107.1"
920,KKGX,CA,PALM SPRINGS,5000.0,1000.0,,,33.8581,-116.495,LICEN,"KKAM, KDES, KESQ, KDES, KPSI",Riverside,6065,VARIETY/TALK,BBC,EX-KDES/KPSI //K256CU 99.1
920,KVEC,CA,SAN LUIS OBISPO,1000.0,500.0,,,35.2994,-120.6743,LICEN,,San Luis Obispo,6079,NEWS/TALK/SPORTS,ABC NEWSTALK 920,//K243CL 96.5
920,KLMR,CO,LAMAR,5000.0,500.0,,,38.1147,-102.6216,LICEN,,Prowers,8099,C&W,NBC THE COUNTRY GIANT,
920,WDMC,FL,MELBOURNE,8000.0,4000.0,,,28.1211,-80.7192,LICEN,WMEL,Brevard,12009,RELIGION,EWTN,EX-WMEL
920,WGKA,GA,ATLANTA,14000.0,490.0,,,33.8098,-84.3563,LICEN,"WGST, WAFS",DeKalb,13089,NEWS/TALK,SRN WW1 THE ANSWER,EX-WAFS //WFSH-HD3 104.7
920,WHJD,GA,HAZLEHURST,500.0,35.0,,,31.8544,-82.5665,LICEN,WVOH,Jeff Davis,13161,OLDIES,WW1 BRIGHT 105.9,EX-WVOH //W290BR 105.9
920,KYFR,IA,SHENANDOAH,5000.0,2500.0,,,40.6228,-95.2452,LICEN,,Page,19145,RELIGION,FAMILY RADIO,
920,WMOK,IL,METROPOLIS,,750.0,,,37.1489,-88.6362,LICEN,,Massac,17127,C&W,FOX REAL COUNTRY 93.7,"//W229DI 93.7, W284CG 104.7"
920,WMOK,IL,METROPOLIS,1000.0,,,,37.1534,-88.7092,LICEN,,Massac,17127,C&W,FOX REAL COUNTRY 93.7,"//W229DI 93.7, W284CG 104.7"
920,WBAA,IN,WEST LAFAYETTE,5000.0,1000.0,,,40.3414,-86.8836,LICEN,,Tippecanoe,18157,NEWS/TALK,NPR WBAA NEWS 105.9,//FM 101.3
920,WTCW,KY,WHITESBURG,4200.0,43.0,,,37.1462,-82.7668,LICEN,,Letcher,21133,C&W,REAL COUNTRY 95.1,//W236CS 95.1
920,WMPL,MI,HANCOCK,1000.0,206.0,,,47.1013,-88.5907,LICEN,,Houghton,26061,OLDIES,NBC PURE GOLD YOOPER,//W297CD 107.3
920,KDHL,MN,FARIBAULT,3300.0,1000.0,,,44.263,-93.2744,LICEN,,Rice,27131,C&W/FARM/TALK,ABC THE MIGHTY 920,//K250CD 97.9
920,KWAD,MN,WADENA,1000.0,1000.0,,,46.3703,-95.1542,LICEN,,Wadena,27159,C&W,,//K269HE 101.7
920,KWUL,MO,ST. LOUIS,450.0,500.0,,,38.7592,-90.0501,LICEN,WGNU,St. Clair,17163,ROCK/AMERICANA,ROCK'N AMERICANA,"//K268CT 101.5,K283CI 104.5"
920,KWYS,MT,WEST YELLOWSTONE,1000.0,38.0,,,44.6488,-111.098,LICEN,,Gallatin,30031,C&W,WW1,
920,WPCM,NC,BURLINGTON-GRAHAM,5000.0,55.0,,,36.0976,-79.4861,LICEN,WBBB,Alamance,37001,RELIGION,HOPE 104.5,EX-WBBB //W283BT 104.5
920,WPTL,NC,CANTON,500.0,38.0,,,35.5209,-82.8065,LICEN,,Haywood,37087,C&W,WW1 YOUR COUNTRY,//W269DK 101.7
920,WNJE,NJ,JOBSTOWN,280.0,14.0,,,40.0823,-74.7936,LICEN,"WTTM, WCHR, WPHY, WNJE, WCHR",Burlington,34005,REG. MEX.,LA RAZA 98.5,EX-WPHY/WCHR //W253DG 98.5
920,WNJE,NJ,TRENTON,1400.0,1000.0,,,40.2554,-74.8618,LICEN,"WTTM, WCHR, WPHY, WNJE, WCHR",Bucks,42017,REG. MEX.,LA RAZA 98.5,EX-WPHY/WCHR //W253DG 98.5
920,KSVA,NM,ALBUQUERQUE,1000.0,130.0,,,35.1323,-106.6223,LICEN,"KQEO, KHTL",Bernalillo,35001,RELIGION,LIFETALK RADIO,EX-KQEO/KHTL //K282CD 104.3
920,KRLV,NV,LAS VEGAS,5000.0,500.0,,,36.1903,-115.1772,LICEN,"KORK, KBAD",Clark,32003,SPORTS,ESPN VSIN RAIDERNATION,EX-KORK/KBAD
920,KIHM,NV,RENO,4800.0,850.0,,,39.5138,-119.7155,LICEN,"KOLO, KQLO",Washoe,32031,RELIGION,EWTN RELEVANT RADIO,EX-KQLO
920,WGHQ,NY,KINGSTON,1000.0,35.0,,,41.887,-73.971,LICEN,,Ulster,36111,TALK,FOX WW1 THE BEACON,//W223CR 92.5
920,WMNI,OH,COLUMBUS,1000.0,500.0,,,39.8923,-83.0474,LICEN,,Franklin,39049,SPORTS,FOX SPORTS 920,//W231EG 94.1
920,KSHO,OR,LEBANON,1000.0,1000.0,,,44.5734,-122.9193,LICEN,KGAL,Linn,41043,ADLT CONT,WW1 THE BEST MUSIC,EX-KGAL //K231CY 94.1
920,WKVA,PA,LEWISTOWN,1000.0,500.0,,,40.5793,-77.5714,LICEN,,Mifflin,42087,AC/EZL,ABC GOLD HITS,//W262DO 100.3
920,WHJJ,RI,PROVIDENCE,5000.0,5000.0,,,41.7815,-71.3314,LICEN,WJAR,Providence,44007,NEWS/TALK,FOX NEWSRADIO 920,//W284BA 104.7
920,KKLS,SD,RAPID CITY,5000.0,111.0,,,44.0619,-103.176,LICEN,,Pennington,46103,CL. C&W,ABC WW1 THE COWBOY,//K284BA 104.7
920,WLIV,TN,LIVINGSTON,1000.0,38.0,,,36.3745,-85.3055,LICEN,,Overton,47133,C&W,NBC WW1 HOMETOWN RADIO,//W270DD 101.9
920,KQBU,TX,EL PASO,1000.0,360.0,,,31.7359,-106.3739,LICSL,"KYSR, KDXX, KBNA, KZMR, KAJZ, KBNA, KLTO, KBNA",El Paso,48141,SILENT,,EX-KAJZ/KBNA
920,KYST,TX,TEXAS CITY,5000.0,1000.0,,,29.4177,-94.9369,LICEN,KTLW,Galveston,48167,TALK,SRN 920 THE PATRIOT,
920,KVEL,UT,VERNAL,5000.0,1000.0,,,40.4916,-109.5299,LICEN,,Uintah,49047,NEWS/TALK/SPORTS,SRN FSR NEWSTALK,//K283BN 104.5
920,WURA,VA,QUANTICO,7000.0,970.0,,,38.5682,-77.3386,LICEN,,Prince William,51153,SPANISH BROKERED,RADIO UNIDA SERVICIO,
920,KBRD,WA,OLYMPIA,3000.0,7.0,,,47.062,-122.8315,LICEN,"KITN, KQEU, KCPL, KGHO, KAYO, KGHO, KGTK",Thurston,53067,ADLT STNDS,K-BIRD,"EX-KGTK //101.1, 106.7"
920,KXLY,WA,SPOKANE,25000.0,5400.0,,,47.6083,-117.3734,LICEN,,Spokane,53063,NEWS/TALK,ABC WW1 920 NEWS NOW,//K264CH 100.7
920,WOKY,WI,MILWAUKEE,5000.0,1000.0,,,42.9756,-88.0656,LICEN,,Milwaukee,55079,SPORTS,FSR VSIN SPORTS 920,
920,WZST,WV,FAIRMONT,5000.0,200.0,,,39.4676,-80.2054,LICEN,WMMN,Marion,54049,TALK,SRN WW1 MAGA TORCH,EX-WMMN //W239CM 95.7
930,KTKN,AK,KETCHIKAN,5000.0,1000.0,,,55.3391,-131.6386,LICEN,,Ketchikan Gateway,2130,ADLT CONT,ABC WW1,//K227DQ 93.3
930,KNSA,AK,UNALAKLEET,4200.0,4200.0,,,63.8871,-160.6936,LICEN,,Nome,2180,VARIETY,NPR,//KDLG-670 AT TIMES
930,WGAD,AL,RAINBOW CITY,5000.0,500.0,,,33.9857,-86.0375,LICEN,"WJBY, WKFX, WJBY, WGAD, WJBY",Etowah,1055,CLASSIC ROCK,CLASSIC HITS,EX-WJBY //W280ER 103.9
930,KAPR,AZ,DOUGLAS,2500.0,71.0,,,31.369,-109.5298,LICSL,"KAPR, KKRK",Cochise,4003,CLASSIC ROCK,COOL 104.1 FM,//K281CC 104.1
930,KAFF,AZ,FLAGSTAFF,5000.0,31.0,,,35.1906,-111.6777,LICEN,"KAFF, KFLG",Coconino,4005,C&W,ABC THE LEGEND 93.5,//K228XO 93.5
930,KHJ,CA,LOS ANGELES,5000.0,5000.0,,,34.0856,-118.2576,LICEN,"KHJ, KRTH, KKHJ",Los Angeles,6037,RELIGION,EWTN RELEVANT RADIO,EX-KRTH/KKHJ
930,KKXX,CA,PARADISE,1000.0,37.0,,,39.7268,-121.6803,LICEN,KEWQ,Butte,6007,RELIGION/TALK,SRN LIFE RADIO,"//K283AR 104.5,K280GL 103.9"
930,KIUP,CO,DURANGO,5000.0,100.0,,,37.305,-107.8576,LICEN,,La Plata,8067,SPORTS,ESPN FOUR CORNERS,
930,KRKY,CO,GRANBY,4500.0,121.0,,,40.0406,-105.937,LICEN,"KRDZ, KTLD",Grand,8049,CL. C&W,COLORADO SKI COUNTRY,//K270AL 101.9
930,WNCL,DE,MILFORD,500.0,81.0,,,38.9276,-75.4885,LICEN,"WTHD, WAFL, WYUS",Kent,10001,CLASSIC ROCK,COOL 102.1,//W271CX 102.1 EX-WYUS
930,WFXJ,FL,JACKSONVILLE,5000.0,5000.0,,,30.2861,-81.7476,LICEN,"WNZS, WJGR, WNZS",Duval,12031,SPORTS,FOX SPORTS RADIO,EX-WRXJ/WNZS //W247CF 97.3
930,WLSS,FL,SARASOTA,5000.0,3000.0,,,27.3551,-82.3848,LICEN,"WKXY, WUGL",Sarasota,12115,NEWS/TALK,SRN THE ANSWER,//W229BR 93.7
930,WMGR,GA,BAINBRIDGE,5000.0,,,,30.9067,-84.5503,LICEN,,Decatur,13087,C&W,REAL COUNTRY,//W257BS 99.3
930,KSEI,ID,POCATELLO,5000.0,5000.0,,,42.9621,-112.498,LICEN,,Bannock,16005,TALK,SRN NEWSTALK,//K255DD 98.9
930,WTAD,IL,QUINCY,5000.0,1000.0,,,39.89,-91.4237,LICEN,,Adams,17001,TALK/SPORTS,FOX WW1 TALKRADIO 930,//K277CF 103.3
930,WKBM,IL,SANDWICH,2500.0,4200.0,,,41.6073,-88.4531,LICEN,"WBYG, WAUR",Kendall,17093,RELIGION,EWTN RELEVANT RADIO,"//WNTD-950, W256DU 99.1"
930,WKCT,KY,BOWLING GREEN,1000.0,59.0,,,37.0336,-86.4403,LICEN,,Warren,21227,NEWS/TALK/SPORTS,FOX VSIN TALK 104.1,//W281BV 104.1
930,WFMD,MD,FREDERICK,5000.0,2500.0,,,39.4154,-77.4611,LICEN,,Frederick,24021,NEWS/TALK,FOX FREE TALK,
930,WFAT,MI,BATTLE CREEK,5000.0,1000.0,,,42.292,-85.1833,LICEN,"WBCK, WTOU",Calhoun,26025,OLDIES,MICH OLDIES COOL FM,EX-WBCK/WTOU //W274AQ 102.7
930,KKIN,MN,AITKIN,2500.0,360.0,,,46.5405,-93.6564,LICEN,,Aitkin,27001,OLDIES/CL. ROCK,AP THE GOBBLER,//K276GQ 103.1
930,KWOC,MO,POPLAR BLUFF,5000.0,42.0,,,36.7212,-90.3698,LICEN,,Butler,29023,TALK,FOX WW1 TODAYS TALK,//K227BK 93.3
930,WSFZ,MS,JACKSON,3700.0,60.0,,,32.3868,-90.1631,LICEN,WSLI,Hinds,28049,URBAN NEWS/TALK,BIN BLACK INFO NETWORK,"//W251DB 98.1, WYAB 103.9"
930,KMPT,MT,EAST MISSOULA,5000.0,22.0,,,46.8774,-114.0443,LICEN,"KYSS, KLCY",Missoula,30063,TALK,SRN WW1 THE PATRIOT,EX-KLCY //K259DD 99.7
930,WYFQ,NC,CHARLOTTE,5000.0,1000.0,,,35.2682,-80.9029,LICEN,WSOC,Mecklenburg,37119,RELIGION,SRN BBN CHARLOTTE,"//FM 93.5, W229CF 93.7"
930,WDLX,NC,WASHINGTON,5000.0,1000.0,,,35.5268,-77.0749,LICEN,"WITN, WRRF",Beaufort,37013,TALK/SPORTS,NBC PIRATE RADIO 92.7,"//W281CH 104.1, WGHB 1250"
930,KOGA,NE,OGALLALA,2100.0,500.0,,,41.1425,-101.7138,LICEN,,Keith,31101,NEWS/TALK,FOX NEWSRADIO 930,
930,WPKX,NH,ROCHESTER,5000.0,5000.0,,,43.287,-70.9481,LICEN,"WZNN, WGIN",Strafford,33017,SPORTS,FSR SPORTS LEADER,EX-WGIN
930,WPAT,NJ,PATERSON,5000.0,5000.0,,,40.8498,-74.1826,LICEN,,Passaic,34031,SPANISH CONTEMP,MULTICULTURAL RADIO,
930,KCCC,NM,CARLSBAD,1000.0,60.0,,,32.4057,-104.1897,LICEN,,Eddy,35015,C&W,FOX,
930,WBEN,NY,BUFFALO,5000.0,5000.0,,,42.9784,-78.9573,LICEN,,Erie,36029,NEWS/TALK,FOX WW1 NEWSRADIO 930,
930,WIZR,NY,JOHNSTOWN,1000.0,28.0,,,42.9997,-74.357,LICEN,"WIZR, WMYL",Fulton,36035,CLASSIC ROCK,WW1 THE STAR,//W275BS 102.9
930,WNCR,OH,ELYRIA,1000.0,1000.0,,,41.2695,-82.0043,LICEN,WEOL,Lorain,39093,RELIGION,EWTN THE ROCK CATHOLIC,EX-WEOL //W262DM 100.3
930,WKY,OK,OKLAHOMA CITY,5000.0,510.0,,,35.562,-97.507,LICEN,,Canadian,40017,SPORTS,ESPN THE SPORTS ANIMAL,
930,KAGI,OR,GRANTS PASS,5000.0,123.0,,,42.4376,-123.3587,LICEN,,Josephine,41033,NEWS/TALK,NPR JEFFERSON PUBLIC R,
930,WHLM,PA,BLOOMSBURG,2000.0,18.0,,,41.0168,-76.4619,LICEN,WCNR,Columbia,42037,CLASSIC ROCK,THE GOAT 102-104-107,//W282AP 104.3
930,WYAC,PR,CABO ROJO,2500.0,2500.0,,,18.0994,-67.1544,LICEN,WEKO,Cabo Rojo,72023,SPANISH NEWS/TALK,CADENA RADIO,//WIAC-740
930,KSDN,SD,ABERDEEN,1000.0,270.0,,,45.4247,-98.5181,LICEN,,Brown,46013,NEWS/TALK,ABC WW1 NEWSTALK 930,//K271CN 102.1
930,WSEV,TN,SEVIERVILLE,5000.0,148.0,,,35.8784,-83.5549,LICEN,,Sevier,47155,C&W/OLDIES/AC,WATSON 104.1,//W281BQ 104.1
930,WWON,TN,WAYNESBORO,470.0,91.0,,,35.3084,-87.745,LICEN,"WAAN, WNBG, WTNR",Wayne,47181,C&W,ABC WW1 BIG COUNTRY,EX-WTNR //W224EC 92.7
930,KDET,TX,CENTER,1000.0,36.0,,,31.8343,-94.2149,LICEN,,Shelby,48419,TALK,ABC SRN COMMUNITY R.,//KXXE 92.5
930,KLUP,TX,TERRELL HILLS,5000.0,1000.0,,,29.5188,-98.4039,LICEN,"KRIA, KISS",Bexar,48029,NEWS/TALK,SRN FOX THE ANSWER,EX-KISS
930,WLLL,VA,LYNCHBURG,9000.0,42.0,,,37.4071,-79.2322,LICEN,,Amherst,51009,BLK GSPL,ABC GOSPEL 930,
930,KYAK,WA,YAKIMA,10000.0,127.0,,,46.6132,-120.4837,LICEN,"KZTA, KAJR, KZTA, KJOX, KGER",Yakima,53077,RELIGION,SRN CHRISTIAN VOICE,EX-KZTA/KGER //K241CV 96.1
930,WLBL,WI,AUBURNDALE,5000.0,70.0,,,44.6133,-90.0374,LICEN,,Wood,55141,NEWS/CLASSICAL,NPR IDEAS 930,"//W265DC 100.9, W256CZ 99.1"
930,WRVC,WV,HUNTINGTON,5000.0,1000.0,,,38.4009,-82.4949,LICEN,"WRVC, WTKZ",Cabell,54011,SPORTS/TALK,ESPN 94.1,//W231BS 94.1
930,KROE,WY,SHERIDAN,5000.0,117.0,,,44.7983,-106.9314,LICEN,,Sheridan,56033,NEWS/TALK,FOX SRN NEWSTALK,//K280GK 103.9
940,KGMS,AZ,TUCSON,1000.0,250.0,,,32.2009,-111.0187,LICEN,"KNST, KWFM, KCEE",Pima,4019,RELIGION,GOOD MESSAGE,EX-KWFM/KCEE
940,KYNO,CA,FRESNO,50000.0,50000.0,,,36.4888,-119.3268,LICEN,"KFRE, KWRU, KYNO, KFIG",Fresno,6019,OLDIES,GREATEST HITS ON EARTH,EX-KFRE/KWRU/KFIG
940,WINE,CT,BROOKFIELD,680.0,4.0,,,41.4931,-73.4287,LICEN,,Fairfield,9001,ETHNIC PORTUGUESE,NOSSA RADIO USA,
940,WLQH,FL,CHIEFLAND,780.0,15.0,,,29.5155,-82.8846,LICEN,,Levy,12075,C&W,COUNTRY LEGENDS 93.1,"//W226CI 93.1, WZCC-1240"
940,WINZ,FL,MIAMI,50000.0,10000.0,,,25.9604,-80.2701,LICEN,"WINZ, WIVK, WINZ, WRFX",Miami-Dade,12086,SPORTS,FOX SPORTSRADIO,EX-WINZ/WRFX
940,WMAC,GA,MACON,50000.0,10000.0,,,32.8851,-83.7305,LICEN,"WMAZ, WMWR",Bibb,13021,NEWS/TALK,FOX WW1 NEWSTALK 940,EX-WMAZ/WMWR
940,KKNE,HI,WAIPAHU,10000.0,10000.0,,,21.4453,-158.0636,LICEN,"KAHU, KDEO, KJPN, KHCM, KJPN",Honolulu,15003,ETHNIC HAWAIIAN,AM 940 HAWAII,EX-KHCM/KJPN STA: 10W NDA
940,KPSZ,IA,DES MOINES,10000.0,5000.0,,,41.4764,-93.3741,LICEN,"KIOA, KXTK",Warren,19181,CONT. CHRIST,SRN HOPE 940,EX-KIOA/KXTK
940,KDIL,ID,JEROME,410.0,142.0,,,42.7274,-114.6278,LICEN,,Gooding,16047,REG. MEX.,RADIO FIESTA,//K232FO 94.3
940,WMIX,IL,MOUNT VERNON,,1500.0,,,38.3542,-89.0081,LICEN,,Jefferson,17081,ADLT STNDS/TALK,,"//W243AV 96.5, W241CX 96.1"
940,WMIX,IL,MOUNT VERNON,5000.0,,,,38.3706,-88.9234,LICEN,,Jefferson,17081,ADLT STNDS/TALK,,"//W243AV 96.5, W241CX 96.1"
940,WCND,KY,SHELBYVILLE,250.0,10.0,,,38.2134,-85.1711,LICEN,,Shelby,21211,REG. MEX.,LA EXPLOSIVA,
940,WYLD,LA,NEW ORLEANS,10000.0,500.0,,,29.8994,-90.0048,LICEN,,Orleans,22071,BLK GSPL,HALLELUJAH 940,
940,WQVR,MA,PAXTON,570.0,,,,42.3031,-71.8972,LICEN,WGFP,Worcester,25027,CLASSIC ROCK,CLASSIC HITS 99.3,"//W257EH 99.3, 970 WESO"
940,WQVR,MA,WEBSTER,1000.0,4.0,,,42.0548,-71.8326,LICEN,WGFP,Worcester,25027,CLASSIC ROCK,CLASSIC HITS 99.3,"//W257EH 99.3, 970 WESO"
940,WIDG,MI,ST. IGNACE,5000.0,4.0,,,45.8622,-84.782,LICEN,"WIDG, WLVM",Mackinac,26097,RELIGION,RELEVANT RADIO,//W264CF 100.7
940,KSWM,MO,AURORA,1000.0,25.0,,,36.9942,-93.7163,LICEN,,Lawrence,29109,NEWS/TALK,NEWSTALK 940,
940,WCPC,MS,HOUSTON,31000.0,7.0,,,33.9287,-89.0098,LICEN,,Chickasaw,28017,RELIGION/S. GSPL,SRN TRUTH RADIO,//W289CJ 105.7
940,WKYK,NC,BURNSVILLE,4600.0,250.0,,,35.9257,-82.2721,LICEN,,Yancey,37199,C&W,ABC REAL COUNTRY,//W284DK 104.7
940,KVSH,NE,VALENTINE,5000.0,19.0,,,42.865,-100.519,LICEN,,Cherry,31031,AC/C&W,HEART CITY RADIO,
940,WCIT,OH,LIMA,250.0,6.0,,,40.7226,-84.0844,LICEN,"WCIT, WLJM, WZOQ",Allen,39003,C&W,98.5 THE LEGEND,EX-WZOQ //W253CM 98.5
940,KWBY,OR,WOODBURN,10000.0,200.0,,,45.1759,-122.8504,LICEN,KWRC,Marion,41047,SPANISH OLDIES,LA PANTERA,//K227DU 93.3
940,WGRP,PA,GREENVILLE,1000.0,2.0,,,41.3862,-80.4095,LICEN,,Mercer,42085,CONTEMP HITS,ABC,//W224DW 92.7
940,WADV,PA,LEBANON,1000.0,5.0,,,40.3729,-76.3644,LICEN,WVLV,Lebanon,42075,S. GSPL,SOLID GOSPEL MUSIC R.,
940,WIPR,PR,SAN JUAN,10000.0,10000.0,,,18.4247,-66.141,LICEN,,San Juan,72127,SPANISH SPORTS,DEPORTES 940,
940,WIPR,PR,SAN JUAN,3000.0,1900.0,,,18.3813,-66.0666,LICEN,,San Juan,72127,SPANISH SPORTS,DEPORTES 940,
940,WECO,TN,WARTBURG,5000.0,16.0,,,36.0967,-84.5919,LICEN,,Morgan,47129,C&W,ABC HOT COUNTRY,//W238CP 95.5
940,KIXZ,TX,AMARILLO,5000.0,1000.0,,,35.1548,-101.7582,LICEN,,Potter,48375,TALK,FOX WW1 NEWSTALK 940,
940,KTFS,TX,TEXARKANA,2500.0,11.0,,,33.4079,-94.046,LICEN,"KADO, KTWN, KTFS, KCMC",Bowie,48037,SPORTS,ESPN 105.9,//K290CP 105.9
940,WNRG,VA,GRUNDY,5000.0,14.0,,,37.3023,-82.1176,LICEN,,Buchanan,51027,RELIGION,SOLID GOSPEL,
940,WKGM,VA,SMITHFIELD,,3100.0,,,37.0976,-76.6708,LICEN,WEOO,Isle of Wight,51093,RELIGION,JOY FM,//W289CI 105.7
940,WKGM,VA,SMITHFIELD,10000.0,,,,36.9546,-76.6297,LICEN,WEOO,Isle of Wight,51093,RELIGION,JOY FM,//W289CI 105.7
940,WKGM,VA,SMITHFIELD,,3100.0,,,37.0976,-76.6708,LICEN,WEOO,Isle of Wight,51093,RELIGION,JOY FM,//W289CI 105.7
940,WKGM,VA,SMITHFIELD,10000.0,,,,36.9546,-76.6297,LICEN,WEOO,Isle of Wight,51093,RELIGION,JOY FM,//W289CI 105.7
940,WFAW,WI,FORT ATKINSON,500.0,550.0,,,42.9067,-88.7518,LICEN,,Jefferson,55055,CLASSIC ROCK,ROCK 96.1 & 101.1,"//W266DX 96.1, W277DV 101.1"
940,WXNK,WI,SHELL LAKE,1000.0,,,,45.6933,-91.966,LICEN,WCSW,Washburn,55129,ROCK,INK 92.7,EX-WCSW //W224DN 92.7
940,KMER,WY,KEMMERER,240.0,150.0,,,41.7994,-110.5463,LICEN,,Lincoln,56023,C&W,ABC WW1 THE SPUR,//KRSV-1210
950,WZKD,AL,MONTGOMERY,1000.0,45.0,,,32.4215,-86.1644,LICEN,"WREZ, WSYA, WNZZ",Montgomery,1101,URBAN AC,BIG KD 94.1,//W231DF 94.1
950,KXJK,AR,FORREST CITY,5000.0,87.0,,,34.9815,-90.8576,LICEN,,St. Francis,5123,CLASSIC ROCK,ABC HOMETOWN RADIO,//K293BS 106.5
950,KISR,AR,FORT SMITH,1000.0,500.0,,,35.4329,-94.4705,LICEN,KFSA,Crawford,5033,CONTEMP HITS,KISSER 93,EX-KFSA //K226BS 93.1
950,KAHI,CA,AUBURN,5000.0,5000.0,,,38.8577,-121.0286,LICEN,,El Dorado,6017,OLDIES/TALK,FOOTHILLS RADIO,//K283CM 104.5
950,KKSE,CO,PARKER,5000.0,5000.0,,,39.875,-104.9339,LICEN,"KIMN, KYGO, KKFN, KRWZ",Adams,8001,SPORTS,FSR ALTITUDE SPORTS,EX-KYGO/KKFN/KRWZ
950,WORL,FL,ORLANDO,12000.0,5000.0,,,28.5358,-81.4487,LICEN,"WBJW, WOMX, WZKD, WTLN, WDYZ",Lake,12069,NEWS/TALK,SRN THE ANSWER,EX-WTLN/WDYZ //W235CR 94.9
950,WGUN,GA,VALDOSTA,3500.0,63.0,,,30.8038,-83.3554,LICEN,WGOV,Lowndes,13185,URBAN AC,ABC MAGIC 98.5,EX-WGOV //W253CE 98.5
950,KOEL,IA,OELWEIN,5000.0,500.0,,,42.6558,-91.9007,LICEN,"KOEL, KKHQ",Fayette,19065,FARM/TALK/C&W,FOX COUNTRY LEGENDS,
950,KMHR,ID,BOISE,3500.0,35.0,,,43.6277,-116.5088,LICEN,"KKIC, KJHY, KKIC, KNJY",Canyon,16027,REG. MEX.,LA MEJOR,EX-KKIC/KNJY //K252FA 98.3
950,KOZE,ID,LEWISTON,5000.0,1000.0,,,46.3921,-117.0352,LICEN,,Nez Perce,16069,OLDIES,,//K238CI 95.5
950,WSFS,IL,CHICAGO,,5000.0,,,41.6367,-87.5528,LICEN,"WJPC, WEJM, WIDB, WNTD",Cook,17031,RELIGION,EWTN RELEVANT RADIO,EX-WZDB/WIDB/WNTD
950,WSFS,IL,CHICAGO,1000.0,,,,41.8609,-87.6867,LICEN,"WJPC, WEJM, WIDB, WNTD",Cook,17031,RELIGION,EWTN RELEVANT RADIO,EX-WZDB/WIDB/WNTD
950,WXLW,IN,INDIANAPOLIS,1000.0,13.0,,,39.8514,-86.2444,LICEN,,Marion,18097,TALK,WW1 FREEDOM 95,//WFDM 95.9
950,KJRG,KS,NEWTON,500.0,147.0,,,38.0442,-97.3728,LICEN,,Harvey,20079,RELIGION,BOTT RADIO NETWORK,//K295CL 106.9
950,WYWY,KY,BARBOURVILLE,1000.0,52.0,,,36.8412,-83.8727,LICEN,,Knox,21121,S. GSPL,BARBOURVILLE'S RADIO,//W227CD 93.3
950,WROL,MA,BOSTON,5000.0,90.0,,,42.4359,-70.9926,LICEN,,Norfolk,25021,RELIGION/ETHNIC,SRN SPIRIT OF BOSTON,//W262CV 100.3
950,WCTN,MD,POTOMAC-CABIN JOHN,2500.0,350.0,,,39.0368,-77.2022,LICEN,,Montgomery,24031,REG. MEX.,AUTENTICA,//W232DE 94.3
950,WWJ,MI,DETROIT,50000.0,50000.0,,,42.0192,-83.2396,LICEN,,Wayne,26163,NEWS,ABC NEWSRADIO 950,
950,KTNF,MN,ST. LOUIS PARK,1000.0,1000.0,,,44.8689,-93.4199,LICEN,"KJJO, KZOW, KJJO, KSGS, KDOW, KCCO, KSNB",Hennepin,27053,TALK,AP PROGRESSIVE VOICE,EX-KJJO/KSGS/KSNB
950,KWOS,MO,JEFFERSON CITY,5000.0,500.0,,,38.5203,-92.1785,LICEN,"KWOS, KLIK",Cole,29051,NEWS/TALK,FOX WW1 NEWSRADIO 950,EX-KLIK //K283CL 104.5
950,WHSY,MS,HATTIESBURG,5000.0,64.0,,,31.376,-89.3303,LICEN,WBKH,Forrest,28035,C&W,THE LEGEND,EX-WBKH //W290DQ 105.9
950,KCAP,MT,HELENA,5000.0,5000.0,,,46.6744,-112.0189,LICEN,KMTX,Lewis and Clark,30049,NEWS/TALK,FOX WW1 K-CAP,EX-KMTX //K240EM 95.9
950,WPET,NC,GREENSBORO,540.0,41.0,,,36.0618,-79.7928,LICEN,,Guilford,37081,S. GSPL,THE CROSS,//W224CO 92.7
950,KNFT,NM,BAYARD,5000.0,224.0,,,32.7809,-108.2001,LICEN,,Grant,35017,OLDIES,FOX OLDIES 950,//K243BH 96.5
950,KDCE,NM,ESPANOLA,4200.0,80.0,,,36.0023,-106.067,LICEN,,Rio Arriba,35039,SPANISH AC/C&W,QUE DICE,"//K264BH 100.7,K229AL 93.7"
950,WHVW,NY,HYDE PARK,500.0,57.0,,,41.7462,-73.9124,LICEN,"WHPN, WWWI",Dutchess,36027,OLDIES/VARIETY,HEART AND SOUL,//W243EI 96.5
950,WROC,NY,ROCHESTER,1000.0,1000.0,,,43.107,-77.5972,LICEN,"WBBF, WEZO, WBBF",Monroe,36055,SPORTS,ABC W1S WGR ROCHESTER,EX-WBBF/WEZO //W239BF 95.7
950,WIBX,NY,UTICA,5000.0,5000.0,,,43.1034,-75.3416,LICEN,,Oneida,36065,NEWS/TALK,FOX SRN NEWSRADIO 950,//W222DA 92.3
950,WIXZ,OH,STEUBENVILLE,1000.0,35.0,,,40.447,-80.5681,LICEN,"WLIT, WDIG",Hancock,54029,OLDIES,WW1 WIK-Z,EX-WDIG
950,KTBR,OR,ROSEBURG,3400.0,20.0,,,43.1687,-123.3756,LICEN,KRSB,Douglas,41019,NEWS/TALK,NPR JEFFERSON PUBLIC R,//KSJK-1230
950,WKDN,PA,PHILADELPHIA,,21000.0,,,40.1543,-75.3691,LICEN,WPEN,Burlington,34005,RELIGION,FAMILY RADIO,EX-WPEN SEP DAY/NIGHT SITES
950,WKDN,PA,PHILADELPHIA,43000.0,,,,39.9746,-75.2716,LICEN,WPEN,Burlington,34005,RELIGION,FAMILY RADIO,EX-WPEN SEP DAY/NIGHT SITES
950,WCDC,SC,MONCKS CORNER,10000.0,6000.0,,,33.2057,-80.0642,LICEN,"WBER, WMCJ, WWJK, WQTK, WJKB",Berkeley,45015,RELIGION,MOODY RADIO,EX-WQTK/WJKB //W299CY 107.7
950,WORD,SC,SPARTANBURG,5000.0,65.0,,,34.9812,-81.9862,LICEN,WSPA,Spartanburg,45083,TALK,SRN FOX UPSTATE RED,"//W246BU 97.1, WYRD-1330"
950,KWAT,SD,WATERTOWN,1000.0,1000.0,,,44.87,-97.114,LICEN,,Codington,46029,ADLT STNDS/TALK,ABC,
950,WAKM,TN,FRANKLIN,5000.0,75.0,,,35.9062,-86.9058,LICEN,"WJTJ, WTJT",Williamson,47187,C&W,FOX WW1 HOMETOWN RADIO,
950,KPRC,TX,HOUSTON,7000.0,4300.0,,,29.9158,-95.463,LICEN,,Harris,48201,NEWS/TALK,FOX STIMULATING TALK,
950,KTTU,TX,LUBBOCK,5000.0,500.0,,,33.5823,-101.826,LICEN,"KSEL, KXTQ, KJTV",Lubbock,48303,SPORTS,ESPN THE SCORE,EX-KXTQ/KJTV //K264AN 100.7
950,WXGI,VA,RICHMOND,3900.0,45.0,,,37.5146,-77.5075,LICEN,"WXGI, WJDK",Henrico,51087,URBAN HIPHOP,THE BOX,EX-WJDK
950,KJR,WA,SEATTLE,50000.0,50000.0,,,47.4332,-122.4685,LICEN,,Kitsap,53035,SPORTS,FOX SPORTSRADIO 93.3,//FM 93.3
950,WERL,WI,EAGLE RIVER,1000.0,51.0,,,45.9755,-89.2457,LICEN,,Vilas,55125,NEWS/TALK,SRN WW1 FREEDOM TALK,//W269DZ 101.7
950,WCLB,WI,SHEBOYGAN,500.0,11.0,,,43.7425,-87.8167,LICEN,"WKTS, WCNZ",Sheboygan,55117,C&W,COW COUNTRY,EX-WKT/WCNZ //W297CK 107.3
950,WBES,WV,CHARLESTON,1000.0,,,,38.3856,-81.714,LICEN,"WKAZ, WQBE, WVTS",Kanawha,54039,SPORTS,FOX THE SPORTS FOX,EX-WQBE/WVTS //W224EE 92.7
960,KABN,AK,KENAI,1000.0,1000.0,,,60.5666,-151.1347,LICEN,KPEN,Kenai Peninsula,2122,RELIGION,SRN,//K253CQ 98.5
960,WERC,AL,BIRMINGHAM,5000.0,5000.0,,,33.534,-86.8519,LICEN,"WERC, WVVB",Jefferson,1073,TALK,FOX NEWSRADIO 105.5,EX-WVVB //FM 105.5
960,WLPR,AL,PRICHARD,6000.0,32.0,,,30.7641,-88.11,LICEN,WGRR,Mobile,1097,S. GSPL,SRN SOLID GOSPEL,//W227DA 93.3
960,KKNT,AZ,PHOENIX,5000.0,5000.0,,,33.6928,-112.0032,LICEN,"KOOL, KARZ, KOOL, KPXQ, KCTK",Maricopa,4013,TALK,SRN WW1 THE PATRIOT,EX-KOOL/KPXQ/KCTK
960,KIXW,CA,APPLE VALLEY,5000.0,20.0,,,34.5167,-117.2273,LICSL,"KZXY, KQKL, KZXY",San Bernardino,6071,SILENT,ABC FOX TALK 960,EX-KQKL/KZXY
960,KNEW,CA,OAKLAND,5000.0,5000.0,,,37.8277,-122.3158,LICEN,"KABL, KQKE, KKGN",Contra Costa,6013,SPORTS/TALK,FSR SPORTS TALK & MORE,EX-KQKE/KKGN
960,WELI,CT,NEW HAVEN,,5000.0,,,41.3707,-72.9371,LICEN,,Hampshire,25015,TALK,FOX WW1 NEWSTALK 960,//W245DK 96.9
960,WELI,CT,NEW HAVEN,5000.0,,,,42.3706,-72.9371,LICEN,,Hampshire,25015,TALK,FOX WW1 NEWSTALK 960,//W245DK 96.9
960,WSVU,FL,NORTH PALM BEACH,2400.0,1400.0,,,26.8173,-80.2517,LICEN,"WGGT, WPBI",Palm Beach,12099,ETHNIC,R. ELITE INTERNATIONAL,//W269DS 101.7
960,WJYZ,GA,ALBANY,5000.0,390.0,,,31.6182,-84.1752,LICEN,"WGOP, WJIZ",Dougherty,13095,BLK GSPL,INSPIRATION STATION,
960,WRFC,GA,ATHENS,5000.0,2500.0,,,33.9993,-83.4335,LICEN,,Clarke,13059,SPORTS,ESPN THE REF,
960,KMA,IA,SHENANDOAH,5000.0,5000.0,,,40.78,-95.3567,LICEN,,Page,19145,TALK,ABC,//FM 99.1
960,KSRA,ID,SALMON,1000.0,56.0,,,45.1838,-113.8709,LICEN,,Lemhi,16059,CLASSIC ROCK,FOX CLASSIC RADIO,//K232CL 94.3
960,WDLM,IL,EAST MOLINE,520.0,20.0,,,41.4159,-90.3993,LICEN,,Henry,17073,RELIGION,RADIO MOODY,//FM 89.3
960,WSBT,IN,SOUTH BEND,5000.0,5000.0,,,41.6167,-86.2169,LICEN,,St. Joseph,18141,SPORTS,FSR W1S SPORTS RADIO,//W241AD 96.1
960,WPRT,KY,PRESTONSBURG,3800.0,13.0,,,37.6462,-82.796,LICEN,,Floyd,21071,CLASSIC ROCK,THE GOAT 98.1 & 104.5,//WPKE-1240
960,KROF,LA,ABBEVILLE,1000.0,95.0,,,30.0113,-92.1226,LICEN,,Vermilion,22113,NEWS/TALK,ABC FOX TALKRADIO 960,//KPEL 96.5
960,WFGL,MA,FITCHBURG,2500.0,1000.0,,,42.5901,-71.8281,LICEN,"WFGL, WXLO",Worcester,25027,RELIGION,RENEW FM,EX-WXLO //W291DA 106.1
960,WTGM,MD,SALISBURY,5000.0,5000.0,,,38.429,-75.6235,LICEN,"WSBY, WLVW",Wicomico,24045,SPORTS,FOX SPORTS 960,EX-WLVW
960,WHAK,MI,ROGERS CITY,5000.0,136.0,,,45.3981,-83.9219,LICEN,,Presque Isle,26141,C&W,WINE COUNTRY RADIO,
960,KLTF,MN,LITTLE FALLS,5000.0,38.0,,,46.0044,-94.3286,LICEN,,Morrison,27097,TALK/SPORTS,SRN NEWS & INFORMATION,
960,KZIM,MO,CAPE GIRARDEAU,5000.0,500.0,,,37.3164,-89.4851,LICEN,KGIR,Alexander,17003,NEWS/TALK,ABC FOX SRN RIVER R.,//KSIM-1400
960,WABG,MS,GREENWOOD,1000.0,500.0,,,33.5551,-90.2056,LICEN,"WABG, WJGJ",Leflore,28083,BLUES/TALK,THE AWESOME AM,EX-WJGJ
960,KFLN,MT,BAKER,5000.0,91.0,,,46.3753,-104.2741,LICEN,,Fallon,30025,C&W,FOX REAL COUNTRY,//K254DO 98.7
960,WCRU,NC,DALLAS,10000.0,500.0,,,35.301,-81.1701,LICEN,"WAAK, WZRH",Gaston,37071,RELIGION,SRN THE TRUTH,EX-WZRH //W289BO 105.7
960,KNEB,NE,SCOTTSBLUFF,5000.0,350.0,,,41.7916,-103.6419,LICEN,,Scotts Bluff,31157,TALK/SPORTS/FARM,ABC TRUSTED VOICE,//K262CU 100.3
960,KNDN,NM,FARMINGTON,5000.0,163.0,,,36.73,-108.2304,LICEN,KWYK,San Juan,35045,C&W/ETHNIC NAVAJO,ALL NAVAJO ALL TIME,//K261FB 100.1
960,WEAV,NY,PLATTSBURGH,5000.0,5000.0,,,44.5742,-73.4479,LICEN,,Clinton,36019,SPORTS,FSR THE GAME,"//W246DT 97.1, W290AT 105.9"
960,WKVX,OH,WOOSTER,1000.0,32.0,,,40.7942,-81.9042,LICEN,WWST,Wayne,39169,GOSPEL,GLORY RADIO,//W275DG 102.9
960,KGWA,OK,ENID,1000.0,1000.0,,,36.437,-97.9214,LICEN,,Kingfisher,40073,NEWS/TALK,FOX SRN WW1 TALK 100.9,//K265FL 100.9
960,KLAD,OR,KLAMATH FALLS,5000.0,26.0,,,42.1628,-121.6517,LICEN,"KLAD, KLKL, KLAD, KKJX",Klamath,41035,SPORTS,FSR BASINS SPORTS LDR,EX-KLAD/KKJX //K282CB 104.3
960,WHYL,PA,CARLISLE,5000.0,22.0,,,40.1929,-77.1741,LICEN,,Cumberland,42041,OLDIES,WW1 102.9 HYL-FM,//W275CJ 102.9
960,WATS,PA,SAYRE,5000.0,50.0,,,41.9967,-76.5005,LICEN,,Bradford,42015,TALK,FOX LIBERTY 960,//WELM-1410
960,WDNO,PR,QUEBRADILLAS,1000.0,1000.0,,,18.4172,-66.8935,LICEN,"WJYT, WORR, WKVN, WCHQ",Camuy,72027,SPANISH TROPICAL,CIMA NORTE 97.9,//W250CF 97.9
960,WQLA,TN,LA FOLLETTE,1000.0,33.0,,,36.3673,-84.1471,LICEN,"WWGR, WQLA, WGLH",Campbell,47013,CLASSIC ROCK,95.9 ROCKS,EX-WGLH //W240DT 95.9
960,WBMC,TN,MCMINNVILLE,500.0,38.0,,,35.6668,-85.7764,LICEN,,Warren,47177,TALK/RELIGION,SRN TALK RADIO,//W249DQ 97.7
960,KIMP,TX,MOUNT PLEASANT,1000.0,75.0,,,33.1651,-95.0077,LICEN,,Titus,48449,SPANISH AC,WW1 LA SUPER K,//K282AM 104.3
960,KGKL,TX,SAN ANGELO,5000.0,116.0,,,31.4952,-100.4145,LICEN,,Tom Green,48451,SPORTS,ESPN SAN ANGELO,
960,KOVO,UT,PROVO,5000.0,140.0,,,40.2061,-111.6705,LICEN,"KLZX, KFMY",Utah,49049,SPORTS,ESPN 960 THE FAN,EX-KFMY //K233DI 94.5
960,WFIR,VA,ROANOKE,,5000.0,,,37.2554,-79.9592,LICEN,,Roanoke,51770,NEWS/TALK,ABC FOX NEWSTALK 960,//W297BC 107.3
960,WFIR,VA,ROANOKE,10000.0,,,,37.3026,-80.04,LICEN,,Roanoke,51770,NEWS/TALK,ABC FOX NEWSTALK 960,//W297BC 107.3
960,WFIR,VA,ROANOKE,5000.0,5000.0,,,37.2554,-79.9581,LICEN,,Roanoke,51770,NEWS/TALK,ABC FOX NEWSTALK 960,//W297BC 107.3
960,KALE,WA,RICHLAND,5000.0,1000.0,,,46.2426,-119.1792,LICEN,,Franklin,53021,C. CHRIST.,106.1 THE BRIDGE,//K291BS 106.1
960,WTCH,WI,SHAWANO,1000.0,1000.0,,,44.7808,-88.6312,LICEN,,Shawano,55115,CL. C&W,FOX GREATEST COUNTRY,//W241CJ 96.1
970,KFBX,AK,FAIRBANKS,10000.0,10000.0,,,64.8796,-147.6771,LICEN,KIAK,Fairbanks North Star,2090,TALK,ABC NEWSRADIO 970,
970,WTBF,AL,TROY,5000.0,45.0,,,31.8349,-85.9333,LICEN,,Pike,1109,SPORTS,W1S,"//FM 94.7, W242DA 96.3"
970,KNEA,AR,JONESBORO,1000.0,41.0,,,35.8548,-90.7293,LICEN,,Craighead,5031,SPORTS,FSR THE TICKET,"//K237FI 95.3, K245CW 96.9"
970,KVWM,AZ,SHOW LOW,5000.0,195.0,,,34.2112,-110.0062,LICEN,,Navajo,4017,NEWS/TALK,FOX WW1 GIANTS OF TALK,//KDJI-1270
970,KHTY,CA,BAKERSFIELD,1000.0,5000.0,,,35.4499,-118.9476,LICEN,"KUZZ, KAFY, KZPM, KZTK, KGET",Kern,6029,SPORTS,FOX SPORTSRADIO,EX-KZTK/KGET //KBFP-800
970,KNWZ,CA,COACHELLA,5000.0,360.0,,,33.6867,-116.1586,LICEN,"KCHV, KVIM, KCLB",Riverside,6065,NEWS/TALK,ABC WW1 94.3 K-NEWS,"//KNWQ-1140, K232CX 94.3"
970,KESP,CA,MODESTO,1000.0,1000.0,,,37.6896,-120.9544,LICEN,"KHYV, KOOK, KBEE, KBUL, KANM",Stanislaus,6099,SPORTS,W1S SPORTS RADIO,EX-KOOK/KBEE/KBUL/KANM
970,KFEL,CO,PUEBLO,3200.0,185.0,,,38.2658,-104.6794,LICEN,,Pueblo,8101,RELIGION,EWTN CATHOLIC,//K243CI 96.5
970,WNNR,FL,JACKSONVILLE,1000.0,164.0,,,30.3858,-81.6676,LICEN,"WOZN, WVOJ",Duval,12031,SPANISH TROPICAL,TROPICAL 97.3,//W247CF 97.3
970,WFLA,FL,TAMPA,25000.0,11000.0,,,28.0209,-82.6093,LICEN,,Hillsborough,12057,NEWS/TALK,FOX BNN NEWSRADIO WFLA,//W244BE 96.7
970,WNIV,GA,ATLANTA,5000.0,39.0,,,33.8098,-84.3538,LICEN,WKLS,DeKalb,13089,RELIGION,SRN FAITH TALK,//WLTA-1400
970,WVOP,GA,VIDALIA,4000.0,60.0,,,32.2202,-82.4351,LICEN,,Toombs,13279,NEWS/TALK,ABC WW1 NEWSTALK 970,//W287CR 105.3
970,KKRK,ID,RUPERT,1000.0,,,,42.6022,-113.7233,LICEN,"KAYT, KBBK, KFTA, KZNO, KXTA",Minidoka,16067,CLASSIC ROCK,BALANCED ROCK,EX-KZNO/KXTA //K263BX 100.5
970,WMAY,IL,SPRINGFIELD,1000.0,500.0,,,39.8617,-89.5423,LICEN,,Sangamon,17167,NEWS/TALK,ABC FOX,//FM 92.7
970,WFSR,KY,HARLAN,5000.0,24.0,,,36.8673,-83.3266,LICEN,,Harlan,21095,S. GSPL,SRN CHRISTIAN STATION,
970,WGTK,KY,LOUISVILLE,5000.0,5000.0,,,38.3181,-85.7441,LICEN,"WAVE, WAVG, WLKY",Jefferson,21111,NEWS/TALK,SRN KY VOICE 970,EX-WAVG/WLKY //W228EO 93.5
970,KSYL,LA,ALEXANDRIA,1000.0,120.0,,,31.3266,-92.4896,LICEN,,Rapides,22079,NEWS/TALK,ABC CENLA'S TALKRADIO,//K285HF 104.9
970,WESO,MA,SOUTHBRIDGE,1000.0,21.0,,,42.0665,-71.9906,LICEN,,Worcester,25027,OLDIES,CLASSIC HITS 99.3,"//W266DK 101.1, WQVR 940"
970,WAMD,MD,ABERDEEN,300.0,500.0,,,39.5098,-76.1936,LICEN,,Harford,24025,OLDIES,,//WKHZ-1460
970,WZAM,MI,ISHPEMING,250.0,62.0,,,46.5056,-87.54,LICEN,"WMVN, WUPY, WMVN",Marquette,26103,ROCK,ROCKIN EAGLE,EX-WMVN //W295CX 106.9
970,WKHM,MI,JACKSON,1000.0,1000.0,,,42.1928,-84.4288,LICEN,,Jackson,26075,NEWS/TALK/SPORTS,ABC FOX NEWSTALK,//W268CA 101.5
970,KQAQ,MN,AUSTIN,5000.0,500.0,,,43.7075,-92.946,LICEN,"KNFX, KQAQ, KNFX",Mower,27099,RELIGION,EWTN REAL PRESENCE R.,EX-KNFX
970,WFQY,MS,BRANDON,350.0,90.0,,,32.274,-90.0137,LICSL,"WRKN, WZQK, WJFN",Rankin,28121,SILENT,CHRISTIAN 99.1,EX-WZQK/WJFN //W256BL 99.1
970,KBUL,MT,BILLINGS,5000.0,5000.0,,,45.743,-108.544,LICEN,"KBIT, KCTR, KDWG",Yellowstone,30111,NEWS/TALK,FOX NEWSTALK 970&103.3,EX-KDWG //K277DS 103.3
970,WRCS,NC,AHOSKIE,1000.0,80.0,,,36.2796,-77.0328,LICEN,,Hertford,37091,BLK GSPL,DA THROWBACK JOY 970,
970,WEZZ,NC,CANTON,5000.0,30.0,,,35.5329,-82.866,LICEN,"WWIT, WBCG, WWIT, WOXL, WLZR, WYSE",Haywood,37087,RELIGION,WEZZ RADIO,"//W275CP 102.9, WSKY 1230"
970,WDAY,ND,FARGO,10000.0,10000.0,,,46.6466,-96.3642,LICEN,,Cass,38017,NEWS/TALK,ABC NEWSTALK SPORTS R.,//K226CL 93.1
970,KJLT,NE,NORTH PLATTE,5000.0,55.0,,,41.16,-100.879,LICEN,,Lincoln,31111,RELIGION,SRN CHRISTIAN RADIO,//K239CI 95.7
970,WNYM,NJ,HACKENSACK,50000.0,5000.0,,,40.9112,-74.0279,LICEN,"WWDJ, WTTT",Bergen,34003,TALK,SRN WW1 THE ANSWER,EX-WWDJ/WTTT
970,KNIH,NV,PARADISE,5000.0,500.0,,,36.0111,-115.2419,LICEN,KNUU,Clark,32003,RELIGION,RELEVANT RADIO,EX-KNUU
970,WDCZ,NY,BUFFALO,5000.0,5000.0,,,42.7448,-78.8867,LICEN,"WEBR, WNED",Erie,36029,RELIGION,SRN LIFE FM 99.5,EX-WEBR/WNED //WDCX 99.5
970,WFUN,OH,ASHTABULA,5000.0,1000.0,,,41.8145,-80.779,LICEN,WREO,Ashtabula,39007,SPORTS,ESPN 970,
970,WATH,OH,ATHENS,1000.0,26.0,,,39.3445,-82.1057,LICEN,,Athens,39009,OLDIES,ABC CLASSIC HITS 970,//W247DR 97.3
970,KCFO,OK,TULSA,2500.0,1000.0,,,36.1962,-96.0397,LICEN,KAKC,Tulsa,40143,RELIGION/TALK,SRN TALK YOU CAN TRUST,
970,KUFO,OR,PORTLAND,5000.0,920.0,,,45.5154,-122.7334,LICEN,"KYTE, KESI, KBBT, KUPL, KUFO, KUPL, KCMD, KXFD",Multnomah,41051,TALK,FOX WW1 FREEDOM 970,EX-KESI/KBBT/KUPL/KCMD/KXFD
970,WBLF,PA,BELLEFONTE,1000.0,70.0,,,40.9034,-77.7681,LICEN,,Centre,42027,CLASSIC ROCK,WW1,//W293DX 106.5
970,WBGG,PA,PITTSBURGH,5000.0,5000.0,,,40.5109,-80.0073,LICEN,"WWSW, WTKN, WWSW",Allegheny,42003,SPORTS,FOX SPORTS RADIO,EX-WWSW
970,WWRK,SC,FLORENCE,10000.0,31.0,,,34.2341,-79.7806,LICEN,WJMX,Florence,45041,CLASSIC HITS,ROCK 94.1 - 97.9,"EX-WJMX //94.1,97.9,105.9"
970,WDNT,TN,SPRING CITY,500.0,24.0,,,35.6665,-84.8788,LICEN,"WXQK, WRHA",Rhea,47143,CLASSIC ROCK,THE EAGLE 101.1,EX-WRHA //W266DE 101.1
970,KYOW,TX,DEL VALLE,1000.0,1000.0,,,30.3205,-97.6239,LICEN,KIXL,Travis,48453,RELIGION,EWTN RELEVANT RADIO,EX-KIXL //K286CX 105.1
970,KHVN,TX,FORT WORTH,1000.0,270.0,,,32.799,-97.2956,LICEN,"KNOK, KSAX",Johnson,48251,URBAN NEWS/TALK,BIN BLACK INFO NETWORK,"//K237HD 95.3, KKGM 1630"
970,WMPW,VA,DANVILLE,1000.0,54.0,,,36.5596,-79.367,LICEN,"WYPR, WVOV, WMPW, WZDV",Danville,51590,C&W,COUNTRY LEGENDS,EX-WVOV/WZDV //W290DA 105.9
970,WKCI,VA,WAYNESBORO,5000.0,1000.0,,,38.0868,-78.9114,LICEN,"WANV, WVAO, WINF",Waynesboro,51820,NEWS/TALK,FOX NEWSRADIO 107.9,EX-WVAO/WINF //WKCY-1300
970,WSTX,VI,CHRISTIANSTED,5000.0,1000.0,,,17.7564,-64.6939,LICRP,,St. Croix,78010,SILENT,,
970,KTTO,WA,SPOKANE,5300.0,750.0,,,47.616,-117.3663,LICEN,"KZZU, KHIT, KTRW",Spokane,53063,RELIGION,EWTN SACRED HEART R.,EX-KTRW //K291CO 106.1
970,WHA,WI,MADISON,5000.0,51.0,,,43.0417,-89.4096,LICEN,,Dane,55025,NEWS/TALK,NPR IDEAS 970,//W262DD 100.3
970,WDUL,WI,SUPERIOR,1000.0,26.0,,,46.7244,-92.1199,LICEN,"WAKX, KXTP, WGEE",Douglas,55031,ROCK,98X ROCKS,EX-KXTP/WGEE //W251CD 98.1
980,KCAB,AR,DARDANELLE,5000.0,32.0,,,35.2223,-93.1691,LICEN,,Yell,5149,AC/OLDIES,70S 80S 90S & WHATEVER,//K246CT 97.1
980,KNTR,AZ,LAKE HAVASU CITY,1000.0,49.0,,,34.5033,-114.3586,LICEN,"KFWJ, KBBC",Mohave,4015,SPORTS,W1S THE TEAM,"//K232EI 94.3, K263BM 100.5"
980,KWSW,CA,EUREKA,5000.0,500.0,,,40.8004,-124.1287,LICEN,"KINS, KWSW, KEJY",Humboldt,6023,OLDIES,EZ RADIO,EX-KWJY/KEJY //K238CJ 95.5
980,KEYQ,CA,FRESNO,500.0,48.0,,,36.7411,-119.8543,LICEN,"KEYQ, KFSO",Fresno,6019,SPANISH RELIGION,RADIO NUEVA VIDA,EX-KEAP/KFSO //KMRO 90.3
980,KFWB,CA,LOS ANGELES,5000.0,5000.0,,,34.0697,-118.194,LICEN,,Los Angeles,6037,SPANISH RANCHERA,LA MERA MERA,
980,KGLN,CO,GLENWOOD SPRINGS,2000.0,225.0,,,39.5527,-107.3306,LICEN,,Garfield,8045,NEWS/TALK,SRN WW1 NEWSRADIO 980,//K267CH 101.3
980,WXLM,CT,GROTON,1000.0,72.0,,,41.3848,-72.0698,LICEN,WSUB,New London,9011,NEWS/TALK,ABC WW1 NEWSTALK 980,EX-WSUB
980,WTEM,DC,WASHINGTON,50000.0,5000.0,,,38.9621,-76.973,LICEN,"WRC, WWRC",Montgomery,24031,SPORTS/BETTING,FSR BETMGGM TEAM 980,//W240DJ 95.9
980,WDVH,FL,GAINESVILLE,5000.0,166.0,,,29.6241,-82.2884,LICEN,"WDVH, WLUS",Alachua,12001,URBAN HIPHOP,R&B 94.1,//W231DH 94.1
980,WRNE,FL,GULF BREEZE,4000.0,1000.0,,,30.4858,-87.0836,LICEN,"WCHZ, WFXP",Santa Rosa,12113,URBAN AC,ABC COOL 93.7,EX-WFXP //W229CV 93.7
980,WPBR,FL,POMPANO BEACH,5000.0,2500.0,,,26.1806,-80.2206,LICEN,"WBSS, WWHR, WWNN, WHSR, WTPA",Broward,12011,ETHNIC HAITIAN,R. NOUVELLE LUMIERE,EX-WHSR/WTPA //W280DU 103.9
980,WKLY,GA,HARTWELL,1000.0,149.0,,,34.3579,-82.9762,LICEN,,Hart,13147,C&W/GOSPEL/TALK,LAKE HARTWELL'S R.HOME,//W281BS 104.1
980,WDDO,GA,PERRY,2600.0,80.0,,,32.5557,-83.7371,LICEN,WPGA,Peach,13225,GOSPEL,THE GLORY,//W300EB 107.9
980,WDYN,GA,ROSSVILLE,2500.0,45.0,,,34.9653,-85.2997,LICEN,"WGVT, WLMX, WCVT, WLMX, WUUS",Walker,13295,TALK/RELIGION,SRN TOGETHER,EX-WUUQ/WUUS //W235AO 94.9
980,KSPZ,ID,AMMON,5000.0,1000.0,,,43.523,-112.0108,LICEN,KUPI,Bonneville,16019,SPORTS,FSR THE SPORTS ZONE,EX-KUPI //K254DI 98.7
980,KSGM,IL,CHESTER,1000.0,470.0,,,37.7878,-89.9059,LICEN,,Perry,29157,CL. C&W,CLASSIC COUNTRY,//K287CE 105.3
980,WITY,IL,DANVILLE,1000.0,1000.0,,,40.0781,-87.6389,LICEN,,Vermilion,17183,ADLT STNDS,ABC IL'S BEST CHOICE,//W258CY 99.5
980,KOKA,LA,SHREVEPORT,5000.0,79.0,,,32.5262,-93.8221,LICEN,KIOU,Caddo,22017,BLK GSPL,THE HEART OF GOSPEL,//K227CY 93.3
980,WCAP,MA,LOWELL,5000.0,5000.0,,,42.6545,-71.3614,LICEN,,Middlesex,25017,TALK/OLDIES,THE GREAT 98,
980,WAKV,MI,OTSEGO,1000.0,101.0,,,42.4592,-85.7328,LICEN,"WAOP, WOAM, WQXC",Allegan,26005,C&W,JETHRO FM,"//W255DF 98.9, WYGR-1530"
980,KKMS,MN,RICHFIELD,5000.0,5000.0,,,44.7883,-93.2152,LICEN,"KMZZ, KRXX, KEGE",Dakota,27037,RELIGION,SRN THE MISSION,EX-WAYL/KMZZ/KRXK/KEGE
980,KMBZ,MO,KANSAS CITY,9000.0,5000.0,,,39.0403,-94.5086,LICEN,,Johnson,20091,NEWS/TALK/SPORTS,ABC TALK 980,
980,WAAV,NC,LELAND,5000.0,85.0,,,34.2482,-78.0006,LICEN,WKLM,Brunswick,37019,NEWS/TALK/SPORTS,FOX WW1 THE WAVE,
980,WTOB,NC,WINSTON-SALEM,1300.0,49.0,,,36.1113,-80.2431,LICEN,"WAAA, WTIX, WEGO",Forsyth,37067,OLDIES,FOX CLASSIC HITS,"//1470-WBIG, W242CC 96.3"
980,KMIN,NM,GRANTS,5000.0,230.0,,,35.0975,-107.8726,LICEN,,Cibola,35006,CLASSIC ROCK,SRN,//K282BW 104.3
980,KVLV,NV,FALLON,5000.0,,,,39.4963,-118.8149,LICEN,,Churchill,32001,C&W,ABC HOT NEW COUNTRY,
980,WOFX,NY,TROY,5000.0,5000.0,,,42.7823,-73.8348,LICEN,WTRY,Schenectady,36093,SPORTS,ABC FOX SPORTSRADIO,//W240EC 95.9
980,WONE,OH,DAYTON,5000.0,5000.0,,,39.6676,-84.1669,LICEN,,Montgomery,39113,SPORTS,FOX SPORTS 980,
980,WILK,PA,WILKES-BARRE,5000.0,1000.0,,,41.2284,-75.9477,LICEN,,Luzerne,42079,NEWS/TALK,ABC BNN WILK NETWORK,//WAAF-910
980,WAZS,SC,SUMMERVILLE,1000.0,131.0,,,33.0327,-80.2,LICEN,,Dorchester,45035,REG. MEX.,LA RAZA 103.9,//W280EX 103.9
980,WULR,SC,YORK,3000.0,167.0,,,34.9032,-81.0923,LICEN,WBZK,York,45091,SPANISH RELIGION,RADIO NUEVA VIDA,EX-WBZK
980,KDSJ,SD,DEADWOOD,5000.0,1000.0,,,44.3825,-103.6627,LICEN,,Lawrence,46081,OLDIES,USA BLACK HILLS GOLD,//K278AM 103.5
980,WYFN,TN,NASHVILLE,5000.0,5000.0,,,36.207,-86.6736,LICEN,"WYFN, WSIX",Davidson,47037,RELIGION,SRN BBN CHRISTIAN R.,
980,KQUE,TX,ROSENBURG-RICHMOND,5000.0,4000.0,,,29.8222,-95.883,LICEN,"KFRD, KMPQ, KRTX",Waller,48473,SPANISH RELIGION,RADIO ALELUYA,EX-KMPQ/KRTX //K264CN 100.7
980,KSVC,UT,RICHFIELD,,1000.0,,,38.7611,-112.0771,LICEN,,Sevier,49041,TALK/SPORTS,FOX TALK OF MID-UTAH,//K266CN 101.1
980,KSVC,UT,RICHFIELD,10000.0,,,,38.788,-112.0124,LICEN,,Sevier,49041,TALK/SPORTS,FOX TALK OF MID-UTAH,//K266CN 101.1
980,WWTB,VA,BRISTOL,5000.0,1000.0,,,36.6084,-82.1599,LICEN,"WFHG, WXBQ, WFHG",Washington,51191,URBAN AC/HIPHOP,THE BEAT,EX-WXBQ/WFHG //W287CF 105.3
980,WJYK,VA,CHASE CITY,1000.0,26.0,,,36.8054,-78.44,LICEN,WMEK,Mecklenburg,51117,RELIGION,JOY 980,EX-WMEK //W257EL 99.3
980,KTCR,WA,SELAH,5000.0,500.0,,,46.6401,-120.5978,LICEN,"KUTI, KCHT, KJOX, KBBO",Yakima,53077,OLDIES,KRUZN 102.5,EX-KJOX/KBBO //K273DK 102.5
980,WPFP,WI,PARK FALLS,1000.0,105.0,,,45.9177,-90.4496,LICEN,WNBI,Price,55099,ADLT CONT,TRAIL MIX 103.1,EX-WNBI //W276DJ 103.1
980,WPRE,WI,PRAIRIE DU CHIEN,1000.0,30.0,,,43.0608,-91.1574,LICEN,,Crawford,55023,OLDIES/ROCK,WW1 PRAIRIES OWN,//W282BU 104.3
980,WCUB,WI,TWO RIVERS,5000.0,5000.0,,,44.0639,-87.697,LICEN,,Manitowoc,55071,C&W,FOX WW1 CLASSIC CNTRY,//W246DY 97.1
980,WHAW,WV,LOST CREEK,2500.0,47.0,,,39.0404,-80.4542,LICEN,,Lewis,54041,C&W/BLUEGRASS,SRN REAL COUNTRY,//W257DY 99.3
990,WEIS,AL,CENTRE,1000.0,30.0,,,34.1501,-85.6852,LICEN,,Cherokee,1019,C&W,ABC SOUTHERN COUNTRY,//W263BW 100.5
990,WLDX,AL,FAYETTE,1000.0,42.0,,,33.6851,-87.8211,LICEN,WWWF,Fayette,1057,CLASSIC ROCK,BIG CAT 97.1,//W246DJ 97.1
990,KTKT,AZ,TUCSON,10000.0,490.0,,,32.2554,-111.0095,LICEN,,Pima,4019,SPANISH AC,LA BUENA 94.3,//K232FD 94.3
990,KATD,CA,PITTSBURG,10000.0,5000.0,,,38.5046,-121.1811,LICEN,"KIXA, KKIS",Sacramento,6067,SPANISH VARIETY,SF'S SPANISH RADIO,EX-KIXA/KKIS //KIQI-1010
990,KTMS,CA,SANTA BARBARA,5000.0,500.0,,,34.4708,-119.6768,LICEN,"KSSM, KKJZ, KQSB",Santa Barbara,6083,SPORTS,FOX SPORTS 990 AM,EX-KSUR/KQSB //K250BS 97.9
990,KRKS,CO,DENVER,6500.0,390.0,4200.0,,39.7992,-104.9705,LICEN,,Arapahoe,8005,RELIGION,SRN THE WORD,CH: 4.2 KW
990,WNTY,CT,SOUTHINGTON,2500.0,80.0,,,41.5832,-72.8832,LICEN,"WNTY, WXCT",Hartford,9003,OLDIES,KOOL RADIO,//WSKP-1180
990,WMYM,FL,KENDALL,7500.0,5000.0,,,25.6268,-80.5209,LICEN,WFBA,Miami-Dade,12086,SPANISH TALK,NUEVA LA PODEROSA,EX-WFBA //W254DT 98.7
990,WTLN,FL,ORLANDO,50000.0,14000.0,,,28.5744,-81.4626,LICEN,"WHOO, WMMA, WHOO, WDYZ",Lake,12069,RELIGION,SRN THE WORD,EX-WDYZ //W268CT 101.5
990,WISK,GA,LAWRENCEVILLE,2500.0,,,,33.9532,-83.9707,LICEN,,Gwinnett,13135,REG. MEX.,ALPHA 103.9,//W280EZ 103.9
990,KIKI,HI,HONOLULU,5700.0,5700.0,,,21.3208,-157.8728,LICEN,"KIKI, KHVH, KIKI, KHBZ",Honolulu,15003,SPORTS,FOX SPORTS 990,EX-KIKI/KHBZ
990,KAYL,IA,STORM LAKE,250.0,6.0,,,42.6347,-95.1697,LICEN,,Buena Vista,19021,SPANISH AC,WW1 JUAN AM 990,//K260BS 99.9
990,WITZ,IN,JASPER,1000.0,6.0,,,38.3506,-86.9406,LICEN,,Dubois,18037,SPANISH AC,JUAN FM,//W256DA 99.1
990,KRSL,KS,RUSSELL,250.0,30.0,,,38.9061,-98.8612,LICEN,,Russell,20167,CL. C&W,AP RUSSELL RADIO,//K251BM 98.1
990,WWKY,KY,WINCHESTER,1000.0,20.0,,,38.014,-84.1544,LICEN,"WLPQ, WKPJ, WMAK, WGWM",Clark,21049,AC/EZL,NBC WW1 MOVED FROM 980,//W275CO 102.9
990,WGSO,LA,NEW ORLEANS,600.0,310.0,,,29.9571,-90.1592,LICEN,"WLTS, WYAT",Orleans,22071,NEWS/TALK,SRN WW1 SPEAKIN EASY,EX-WYAT
990,WDEO,MI,YPSILANTI,9200.0,250.0,,,42.2653,-83.6116,LICEN,"WYFC, WWCM",Washtenaw,26161,RELIGION,EWTN AVE MARIA RADIO,EX-WWCM //WMAX 1440
990,KRMO,MO,CASSVILLE,2500.0,47.0,,,36.9376,-93.9252,LICEN,,Lawrence,29109,C&W/FARM/SPORTS,ABC AG SOURCE RADIO,
990,WABO,MS,WAYNESBORO,1000.0,100.0,,,31.6779,-88.6703,LICEN,,Wayne,28153,CLASSIC ROCK,CLASSIC HITS,//FM 105.5
990,WEEB,NC,SOUTHERN PINES,10000.0,30.0,5000.0,,35.1963,-79.4125,LICEN,"WEEB, WCEL",Moore,37125,TALK,SRN WW1 TALKRADIO,CH: 5000 W //W247CE 97.3
990,WBTE,NC,WINDSOR,1000.0,25.0,,,35.9668,-76.948,LICEN,,Bertie,37015,BLK GSPL,,//W292FY 106.3
990,KSVP,NM,ARTESIA,1000.0,250.0,,,32.8248,-104.4003,LICEN,,Eddy,35015,NEWS/TALK/SPORTS,SRN WW1 ARTESIAS OWN,//K229AS 93.7
990,WDCX,NY,ROCHESTER,5000.0,2500.0,,,43.2317,-77.8664,LICEN,"WEZO, WRMM, WCMF, WDCZ, WLGZ, WRCI",Monroe,36055,RELIGION,SRN LIFE AM,EX-WRMM/WCMF/WDCZ/WLGZ/WRCI
990,WTIG,OH,MASSILLON,250.0,112.0,,,40.8326,-81.5607,LICEN,,Stark,39151,SPORTS,W1S ESPN 990,
990,KTHH,OR,ALBANY,250.0,9.0,,,44.5959,-123.127,LICEN,KRKT,Linn,41043,COMEDY,COMEDY 990,EX-KRKT //K247CR 97.3
990,WNTP,PA,PHILADELPHIA,50000.0,10000.0,,,40.0954,-75.2766,LICEN,WZZD,Burlington,34005,TALK,SRN THE ANSWER,
990,WGGI,PA,SOMERSET,10000.0,100.0,,,40.0254,-79.0947,LICEN,"WVSC, WNTW, WLLI, WNTI",Somerset,42111,C&W,FROGGY 95.5,"EX-WLLI,WNTI"
990,WPRA,PR,MAYAGUEZ,910.0,910.0,,,18.1672,-67.1502,LICEN,,Mayagüez,72097,SPANISH VARIETY,LA PRIMERA,
990,WNML,TN,KNOXVILLE,10000.0,10000.0,,,36.0426,-83.8996,LICEN,"WNOX, WTNZ, WIVK, WNOX",Knox,47093,SPORTS,W1S SPORTS ANIMAL,EX-WIVK //FM 99.1
990,KWAM,TN,MEMPHIS,10000.0,450.0,,,35.1345,-90.094,LICEN,,Shelby,47157,TALK,FOX SRN BNN MIGHTY 990,//W300DE 107.9
990,KZZB,TX,BEAUMONT,1000.0,1000.0,,,30.1494,-94.1332,LICEN,"KYND, KGIC",Jefferson,48245,BLK GSPL,ABC GOSPEL 990,//K298CB 107.5
990,KFCD,TX,FARMERSVILLE,7000.0,920.0,,,33.1171,-96.28,LICEN,"KGTM, KKCR, KNIN, KWFT, KTUB, KXXL, KCAF, KMSR",Hunt,48231,SPANISH RELIGION,VOZ EVANGELICA,//K260CX 99.9
990,KAML,TX,KENEDY-KARNES CITY,250.0,70.0,,,28.8508,-97.8803,LICEN,,Karnes,48255,GOSPEL,NUMBER 1 FOR GOSPEL MX,//K237GJ 95.3
990,WNRV,VA,NARROWS-PEARISBURG,5000.0,10.0,,,37.3443,-80.7765,LICEN,"WNRV, WPSK",Giles,51071,BLUEGRASS,THE RIDGE,EX-WNRV/WPSK //W247DC 97.3
990,WREJ,VA,RICHMOND,1000.0,13.0,,,37.5279,-77.3797,LICEN,"WANT, WTMZ, WTMM, WVNZ, WLEE",Henrico,51087,RELIGION,RELEVANT RADIO,EX-WVNZ/WLEE //W267CB 101.3
1000,WKLF,AL,CLANTON,1000.0,,,,32.8321,-86.6933,LICEN,,Chilton,1021,S. GSPL/OLDIES,WKLF 95.5 / WBIB 95.1,"//W238CS 95.5, WBIB-1110"
1000,WDJL,AL,HUNTSVILLE,1100.0,,,,34.7798,-86.6544,LICEN,"WVOV, WTAK",Madison,1089,BLK GSPL,ABC GOSPEL EXPLOSIONS,EX-WTAK //W234AD 94.7
1000,WJNZ,AL,ROBERTSDALE,1000.0,,,,30.5371,-87.705,LICEN,"WXWY, WDXZ, WNSI, WBZR, WDXZ",Baldwin,1003,TALK/SPORTS,W1S TALKRADIO 1000,EX-WXWY/WNSI/WBZR/WDXZ
1000,KFLG,AZ,BULLHEAD CITY,1000.0,,,,35.1694,-114.6347,LICEN,KRHS,Clark,32003,ADLT STNDS,WW1 K-STAR 99.3,EX-KRHS //K257FM 99.3
1000,KCEO,CA,VISTA,10000.0,900.0,,,33.2328,-117.2706,LICEN,"KKOS, KVSD",San Diego,6073,RELIGION,RELEVANT RADIO,EX-KVSD //K257FV 99.3
1000,WYBT,FL,BLOUNTSTOWN,5000.0,,,,30.4544,-85.0421,LICEN,WKMK,Calhoun,12013,OLDIES,,//W251BM 98.1
1000,WJBW,FL,JUPITER,650.0,17.0,,,26.9392,-80.1164,LICEN,"WMLZ, WJBW, WDBE, WDBF",Palm Beach,12099,ETHNIC,,EX-WDBE/WDBF //W229DG 93.7
1000,WMVP,IL,CHICAGO,50000.0,37000.0,,,41.5414,-88.0342,LICEN,"WCFL, WLUP",Cook,17031,SPORTS,ESPN RADIO 1000,EX-WCFL/WLUP
1000,WCMX,MA,LEOMINSTER,1000.0,,,,42.5237,-71.7348,LICEN,WLMS,Worcester,25027,SPANISH RELIGION,ABC RENUEVA,
1000,WXTN,MS,BENTON,5000.0,,,,33.111,-90.0393,LICSL,,Holmes,28051,SILENT,THE MIX 1000,
1000,WRTG,NC,GARNER,1000.0,,,,35.7307,-78.6031,LICEN,"WKBQ, WHEV",Wake,37183,REG. MEX.,PURO POWER LATINO,"//WLLQ 1530, WLLN 1370, ETC"
1000,KKIM,NM,ALBUQUERQUE,10000.0,53.0,,,35.0512,-106.6434,LICEN,,Bernalillo,35001,RELIGION,CHRISTIAN TALK,
1000,WLNL,NY,HORSEHEADS,5000.0,,2500.0,,42.154,-76.8461,LICEN,WIQT,Chemung,36015,TALK,SRN THE BELL 1000 AM,CH: 2500 W
1000,WABQ,OH,PARMA,500.0,,,,41.3198,-81.7685,LICEN,"WSUM, WCCD, WHK, WCCD",Cuyahoga,39035,BLK GSPL,RADIO 1000 PRAISIEST,EX-WCCD/WHK //W278DQ 105.3
1000,WABQ,OH,PARMA,200.0,,,,41.3584,-81.6674,LICEN,"WSUM, WCCD, WHK, WCCD",Cuyahoga,39035,BLK GSPL,RADIO 1000 PRAISIEST,EX-WCCD/WHK //W278DQ 105.3
1000,KTOK,OK,OKLAHOMA CITY,5800.0,5800.0,,,35.3581,-97.4636,LICEN,,Canadian,40017,NEWS/TALK,FOX WW1 NEWSRADIO 1000,
1000,WIOO,PA,CARLISLE,15000.0,,2700.0,,40.1584,-77.1966,LICEN,,Cumberland,42041,CL. C&W,ABC COUNTRY GOLD FM,CH: 2700 W
1000,KSOO,SD,SIOUX FALLS,10000.0,100.0,,,43.4869,-96.597,LICEN,KXRB,Minnehaha,46099,SPORTS,ESPN,EX-KXRB //K272FZ 102.3
1000,WHNY,TN,PARIS,5000.0,,2500.0,,36.3139,-88.2926,LICEN,"WMUF, WRQR",Henry,47079,C&W,BIG HENRY 104.7,CH:2.5KW //FM 104.7
1000,KSTA,TX,COLEMAN,250.0,,,,31.8546,-99.427,LICSL,,Coleman,48083,SILENT,WW1 COUNTRY 100,DELETED
1000,KBIB,TX,MARION,250.0,,,,29.5694,-98.1633,LICEN,KKJB,Guadalupe,48187,SPANISH RELIGION,LA ESTACION DE BIBLIA,
1000,WGVY,VA,ALTAVISTA,1000.0,,,,37.1224,-79.2886,LICEN,WKDE,Campbell,51031,OLDIES,ABC 102.3 THE GROOVE,EX-WKDE //W272EO 102.3
1000,WVWI,VI,CHARLOTTE AMALIE,5000.0,1000.0,,,18.3364,-64.9447,LICEN,"WVWI, WWKS",St. Thomas,78030,NEWS/TALK,RADIO ONE,
1000,KNWN,WA,SEATTLE,50000.0,50000.0,,,47.4634,-122.4421,LICEN,KOMO,Kitsap,53035,NEWS/TALK,ABC NW NEWS R. EX-KOMO,"//FM 97.7, 99.7, 102.1"
1010,KXXT,AZ,TOLLESON,23000.0,300.0,9800.0,,33.5078,-112.2177,LICEN,"KXEG, KXEM",Maricopa,4013,RELIGION/SPANISH,FAMILY VALUES RADIO,CH: 9800 EX-KXEG/KXEM
1010,KCHJ,CA,DELANO,5000.0,1000.0,,,35.8111,-119.3226,LICEN,,Tulare,6107,SPANISH RANCHERA,EL GALLITO,//K229CD 93.7
1010,KIQI,CA,SAN FRANCISCO,10000.0,10000.0,,,37.826,-122.3114,LICEN,,Alameda,6001,SPANISH VARIETY,SF'S SPANISH RADIO,//KATD-990
1010,KSIR,CO,BRUSH,25000.0,280.0,,,40.3139,-103.5922,LICEN,"KCMP, KKGZ",Morgan,8087,NEWS/TALK/SPORTS,ABC ESPN FARM RADIO,"//K226DA 93.1, K228FZ 93.5"
1010,WJXL,FL,JACKSONVILLE BEACH,50000.0,30000.0,,,30.2994,-82.0071,LICEN,"WBIX, WXTL, WIOJ",Duval,12031,SPORTS,W1S VSIN JAX SPORTS R.,EX-WXTL/WIOJ //WJXL 92.5
1010,WJBR,FL,SEFFNER,50000.0,5000.0,,,27.9906,-82.2515,LICEN,"WINQ, WCBF, WQYK, WBZZ, WQYK, WHFS, WJBR, WHFS",Hillsborough,12057,TALK/SPORTS,FSR ALUMNI RADIO,EX-WBZZ/WHFS //W221DW 92.1
1010,WXKG,GA,ATLANTA,50000.0,78.0,45000.0,,33.6987,-84.2896,LICEN,"WGUN, WTZA, WKXG",DeKalb,13089,TALK/BROKERED,ABC 105.5 THE KING,CH: 45000 W //W286DN 105.1
1010,KRNI,IA,MASON CITY,760.0,16.0,,,43.1419,-93.1113,LICEN,"KSMN, KLSS",Cerro Gordo,19033,NEWS/TALK,NPR IOWA PUBLIC RADIO,EX-KLSS //KUNI 90.9
1010,WCSI,IN,COLUMBUS,330.0,18.0,,,39.1867,-85.95,LICEN,,Bartholomew,18005,NEWS/TALK,FOX NEWSTALK 1010&98.1,//W251CK 98.1
1010,KIND,KS,INDEPENDENCE,250.0,32.0,,,37.2617,-95.7666,LICEN,,Montgomery,20125,SPORTS,FSR THE FAN,//K270CQ 101.9
1010,WCKW,LA,GARYVILLE,500.0,42.0,,,30.0766,-90.6215,LICEN,"WKQT, WCKW, WLTS",St. John the Baptist,22095,RELIGION,EWTN CATHOLIC RADIO,EX-WCKW/WLTS //W230CL 93.9
1010,WOLB,MD,BALTIMORE,250.0,30.0,,,39.3018,-76.5689,LICEN,"WYST, WERQ",Baltimore,24510,URBAN OLDIES,ABC NEW 1010 OLB SOUL,EX-WYST/WERQ
1010,WMIN,MN,SAUK RAPIDS,2500.0,230.0,,,45.605,-94.1394,LICEN,WPPI,Benton,27009,ADLT STNDS,FOX UPTOWN 1010,EX-WPPI //W266DT 101.1
1010,KCHI,MO,CHILLICOTHE,250.0,37.0,,,39.7642,-93.5561,LICEN,,Livingston,29117,CLASSIC ROCK,ABC YESTERDAYS MUSIC,//FM 102.5
1010,KDHX,MO,ST. LOUIS,160.0,14.0,,,38.6359,-90.1959,LICSL,"KXEN, WGNU",St. Clair,17163,SILENT,SRN REAL TALK 100.7,"//K264CY 100.7, KRTK 93.3"
1010,WMOX,MS,MERIDIAN,10000.0,1000.0,,,32.3951,-88.6578,LICEN,,Lauderdale,28075,NEWS/TALK/SPORTS,SRN FSR NEWSTALK 1010,
1010,WSPC,NC,ALBEMARLE,1000.0,64.0,,,35.3871,-80.192,LICEN,"WWWX, WXLX",Stanly,37167,NEWS/TALK,FOX SRN WW1,EX-WWWX/WXLX //W297CE 107.3
1010,WKJW,NC,BLACK MOUNTAIN,47000.0,90.0,,,35.5915,-82.4146,LICEN,"WFGW, WLYT",Buncombe,37021,S. GSPL,SRN PURE GOSPEL,CH: 19 KW //W297CI 107.3
1010,WWMC,NC,KINSTON,1000.0,78.0,,,35.2843,-77.6644,LICEN,WELS,Lenoir,37107,SPANISH CONT HITS,LA LEY 101.1,EX-WELS //W225CD 92.9
1010,WCNL,NH,NEWPORT,10000.0,37.0,,,43.3645,-72.1793,LICEN,"WCNL, WXXK, WNTK",Sullivan,33019,CL. C&W,COUNTRY AM 1010,CH: 10KW //W234BN 94.7
1010,WINS,NY,NEW YORK,50000.0,50000.0,,,40.804,-74.1062,LICEN,,Bergen,34003,NEWS,ABC 10-10 WINS,//WNYL 92.3
1010,WIOI,OH,NEW BOSTON,1000.0,22.0,,,38.7301,-82.9527,LICEN,,Greenup,21089,OLDIES,TRUE OLDIES,//W294CN 106.7
1010,KOOR,OR,MILWAUKIE,4500.0,,1100.0,,45.484,-122.4123,LICEN,"KRKX, KZRC, KGUY, KZNY, KSZN, KMUZ",Multnomah,41051,SPANISH URBAN AC,URBANA 1010,CH: 1.1 KW //KXXP 104.5
1010,WHIN,TN,GALLATIN,5000.0,47.0,,,36.4334,-86.4667,LICEN,,Sumner,47165,ADLT CONT,ABC SUMNER COUNTYS #1,//W264CR 100.7
1010,WORM,TN,SAVANNAH,250.0,27.0,,,35.2401,-88.2414,LICEN,,Hardin,47071,C&W,ABC 101 THE WORM,//FM 101.7
1010,KDJW,TX,AMARILLO,5000.0,500.0,,,35.1842,-101.6916,LICEN,"KDJW, KTNZ",Potter,48375,RELIGION,EWTN KDJW RADIO,"//KHFN 105.5, K233CB 94.5"
1010,KLAT,TX,HOUSTON,5000.0,3000.0,,,29.8966,-95.2905,LICEN,KODA,Harris,48201,SPANISH AC,,
1010,KBBW,TX,WACO,,2500.0,,,31.5021,-96.9653,LICEN,KKIK,McLennan,48309,RELIGION,SRN GOOD NEWS STATION,"//K290CV 105.9,K267CA 101.3"
1010,KBBW,TX,WACO,10000.0,,,,31.5685,-97.0006,LICEN,KKIK,McLennan,48309,RELIGION,SRN GOOD NEWS STATION,"//K290CV 105.9,K267CA 101.3"
1010,KIHU,UT,TOOELE,50000.0,194.0,42000.0,,40.7208,-112.0422,LICEN,"KDYL, KTLE, KTUR, KIQN, KCPW, KPCW",Salt Lake,49035,RELIGION,RELEVANT RADIO,EX-KTUR/KCPW/KPCW CH: 42KW
1010,WUKZ,VA,MARION,1000.0,,,,36.8562,-81.5048,LICEN,WMEV,Smyth,51173,CLASSIC ROCK,KZ-105.1 FM,//W286DG 105.1
1010,WPCN,WI,STEVENS POINT,1000.0,10.0,,,44.538,-89.5954,LICEN,"WXYQ, WSPO, WSPT",Portage,55097,OLDIES,ABC TRUE OLDIES 92.1,EX-WSPO/WSPT //W221CN 92.1
1010,WCST,WV,BERKELEY SPRINGS,270.0,17.0,,,39.6167,-78.2172,LICEN,,Morgan,54065,NEWS/TALK/SPORTS,FOX PANHANDLE NEWS NET,//WEPM-1340
1020,KVNT,AK,EAGLE RIVER,10000.0,10000.0,,,61.4847,-149.7661,LICSL,"KCFA, KFFR, KAXX, KABA, KOAN",Matanuska-Susitna,2170,NEWS/TALK,SRN VALLEY NEWSTALK,EX-KABA/KOAN //K223BJ 92.5
1020,KTNQ,CA,LOS ANGELES,50000.0,50000.0,,,34.0333,-117.9842,LICEN,,Los Angeles,6037,SPANISH NEWS/TALK,TU VOZ EN LOS ANGELES,
1020,WHDD,CT,SHARON,2500.0,,1800.0,,41.9765,-73.5237,LICEN,WKZE,Dutchess,36027,NEWS/TALK,NPR ROBIN HOOD RADIO,"CH: 1800 W //FM 91.9, 88.1"
1020,WLVJ,FL,BOYNTON BEACH,4700.0,1500.0,,,26.4743,-80.2028,LICEN,"WAOP, WRBF, WRHB, WURN",Palm Beach,12099,ETHNIC HAITIAN,RADIO LEVANJIL,"//W248CK 97.5, W280DU 103.9"
1020,WCIL,IL,CARBONDALE,1000.0,,,,37.7253,-89.257,LICEN,,Jackson,17077,NEWS/TALK,WW1 NEWSRADIO WJPF,"//WJPF-1340, W300DY 107.9"
1020,WPEO,IL,PEORIA,1000.0,,,,40.6981,-89.5254,LICEN,,Tazewell,17179,RELIGION,SRN THE WORD,"//W249CZ 97.7, W280FA 103.9"
1020,KJJK,MN,FERGUS FALLS,1900.0,11.0,,,46.2453,-95.9797,LICEN,,Otter Tail,27111,CONTEMP HITS,HIT MUSIC CHANNEL 977,EX-1090 //K249EZ 97.7
1020,KMMQ,NE,PLATTSMOUTH,50000.0,1400.0,,,41.0858,-95.7128,LICEN,"KOTD, KKSC, KOIL",Mills,19129,REG. MEX.,LA NUEVA,EX-KKSC/KOIL //K258DC 99.5
1020,WWAC,NJ,OCEAN CITY-SOMERS POINT,1900.0,,680.0,,39.2293,-74.6813,LICEN,WIBG,Cape May,34009,C&W,HOT COUNTRY 101,CH: 680 W //W267BP 101.3
1020,KCKN,NM,ROSWELL,50000.0,50000.0,,,33.4648,-104.5,LICEN,"KBCQ, KCKN, KXEM, KINF",Chaves,35005,SPANISH RELIGION,RADIO VISION CRISTIANA,EX-KCKM/KXEM/KINF
1020,KOKP,OK,PERRY,400.0,250.0,,,36.2598,-97.2172,LICEN,"KRAD, KASR, KVCS",Noble,40103,SPORTS,FSR TRIPLE PLAY SPORTS,EX-KASR/KVCS //KOKB-1580
1020,KDKA,PA,PITTSBURGH,50000.0,50000.0,,,40.5592,-79.9528,LICEN,,Allegheny,42003,NEWS/TALK,ABC NEWSRADIO 1020,//W261AX 100.1
1020,WOQI,PR,ADJUNTAS,1000.0,280.0,,,18.1492,-66.713,LICEN,WPJC,Adjuntas,72001,SPANISH TROPICAL,RADIO CASA PUEBLO,EX-WPJC
1020,WRIX,SC,HOMELAND PARK,10000.0,,,,34.4707,-82.634,LICEN,,Anderson,45007,TALK,LIFE TALK,CH: 3000 W //W284CZ 104.7
1020,KWIQ,WA,MOSES LAKE NORTH,2000.0,400.0,,,47.1632,-119.362,LICEN,,Grant,53025,SPORTS,ESPN RADIO 900/1020,//KKRT-900
1020,KDYK,WA,UNION GAP,4000.0,400.0,,,46.5704,-120.4553,LICEN,KYXE,Yakima,53077,SPANISH ROMANTICA,LA PANTERA,EX-KYXE //K229AD 93.7
1030,WJNZ,AL,ROBERTSDALE,16000.0,22.0,,,30.5974,-87.8829,LICEN,"WXWY, WDXZ, WNSI, WBZR, WDXZ",Baldwin,1003,,,
1030,KFAY,AR,FARMINGTON,6000.0,1000.0,,,36.1095,-94.1838,LICEN,KHOG,Washington,5143,NEWS/TALK,FOX WW1 NEWSTALK 1030,
1030,KVOI,AZ,CORTARO,10000.0,1000.0,,,32.3476,-111.0726,LICEN,"KEVT, KCEE",Pima,4019,TALK,SRN WW1 THE VOICE,
1030,KJDJ,CA,SAN LUIS OBISPO,2500.0,700.0,,,35.2994,-120.6743,LICEN,KXZI,San Luis Obispo,6079,SPANISH RELIGION,RADIO VIDA ABUNDANTE,
1030,WONQ,FL,OVIEDO,45000.0,1700.0,,,28.6753,-81.1664,LICEN,WCAG,Seminole,12117,SPANISH AC,PARTY FM,EX-WCAG //W230AL 93.9
1030,WEBS,GA,CALHOUN,5000.0,3.0,,,34.4904,-84.9177,LICEN,"WEBS, WKEP",Gordon,13129,C&W,AP WW1 THE FOX 103.5,//W278CD 103.5
1030,WNVR,IL,VERNON HILLS,10000.0,120.0,3200.0,,42.2528,-88.3959,LICEN,WLMV,McHenry,17111,ETHNIC POLISH,POLSKIE RADIO CHICAGO,CH: 3.2 KW
1030,KBUF,KS,HOLCOMB,2500.0,1200.0,,,38.0003,-100.8988,LICEN,,Finney,20055,TALK/FARM,ABC THE AG LEADER,//K296HO 107.1
1030,WBZ,MA,BOSTON,50000.0,50000.0,,,42.279,-70.8756,LICEN,,Norfolk,25021,NEWS/TALK,NEWSRADIO 1030,
1030,WKEG,MI,STERLING HEIGHTS,5000.0,,,,42.6048,-82.911,LICEN,"WVLF, WDRQ, WUFL",Macomb,26099,RELIGION,RELEVANT RADIO DETROIT,EX-WUFL //W232CA 94.3
1030,WCTS,MN,MAPLEWOOD,50000.0,4000.0,,,44.8669,-92.9008,LICEN,WMIN,Washington,27163,RELIGION,SRN THE BIBLE STATION,EX-WMIN //K250BY 97.9
1030,KCWJ,MO,BLUE SPRINGS,5000.0,500.0,,,39.0456,-94.2352,LICEN,"KBEQ, KBZR, KBEQ, KOWW",Jackson,29095,SPANISH RELIGION,RADIO VIDA,EX-KBEQ/KOWW //K224FF 92.7
1030,WDRU,NC,CREEDMOOR,50000.0,,,,36.1787,-78.7581,LICEN,"WBZN, WFTK",Granville,37077,RELIGION,SRN THE TRUTH,EX-WFTK //WTRU-830
1030,WNOW,NC,MINT HILL,9400.0,,,,35.1407,-80.6001,LICEN,WCQR,Union,37179,REG. MEX.,LA ZETA 97.3 & 99.1,//WXNC-1060
1030,KDUN,OR,REEDSPORT,50000.0,630.0,,,43.7379,-124.0762,LICEN,KLLU,Douglas,41019,SILENT,FOX DUNE RADIO,DELETED EX-KDUN/KLLU
1030,WGSF,TN,MEMPHIS,50000.0,,10000.0,,35.1833,-89.9378,LICEN,"WXSS, WSFZ, WWGQ, WWGQ",Shelby,47157,REG. MEX.,R. AMBIENTE CALIENTE,CH: 10KW //W268DP 101.5
1030,WYCZ,TN,WHITE BLUFF,1000.0,250.0,,,36.1342,-87.2161,LICEN,"WBDX, WJKZ, WQSE",Dickson,47043,C&W,YOUNG COUNTRY 96.7,EX-WQSE //W244EK 96.7
1030,KCTA,TX,CORPUS CHRISTI,50000.0,,,,27.9334,-97.26,LICEN,,Nueces,48355,EE/SPAN. RELIGION,YOUR CHRIST. COMPANION,
1030,WGFC,VA,FLOYD,1000.0,,,,36.926,-80.2759,LICEN,,Floyd,51063,S.GSPL/C&W,NEW LIFE CHRISTIAN R.,
1030,KMAS,WA,SHELTON,10000.0,1000.0,,,47.2212,-123.0807,LICEN,,Mason,53045,OLDIES,ABC,//K277CZ 103.3
1030,WTHQ,WV,POINT PLEASANT,10000.0,,2900.0,,38.8117,-82.0996,LICEN,"WTGR, WBGS",Mason,54053,TALK,FOX THE EAGLE,CH: 2900 W //W231CY 94.1
1030,KTWO,WY,CASPER,50000.0,50000.0,,,42.8428,-106.2192,LICEN,,Natrona,56025,NEWS/TALK,FOX K-2 RADIO,//K236CX 95.1
1040,KURS,CA,SAN DIEGO,360.0,61.0,,,32.6942,-117.1223,LICEN,"KSDG, KIRS",San Diego,6073,SPANISH RELIGION,ESNE RADIO,
1040,KPPF,CO,MONUMENT,15000.0,,2000.0,,38.8189,-104.7761,LICEN,"KRTS, KKRE, KCBR",El Paso,8041,AC/TALK,SRN POWERTALK 1040,CH: 2000 W //K239CH 95.7
1040,WURN,FL,MIAMI,50000.0,5000.0,,,25.8432,-80.4198,LICEN,"WKAO, WYFX, WJNA, WJNO, WJNO, WBZT, WJNA, WLVJ",Miami-Dade,12086,SPANISH NEWS/TALK,ACTUALIDAD 1040,//W280FV 103.9
1040,WHBO,FL,PINELLAS PARK,3600.0,420.0,,,27.8475,-82.7723,LICEN,"WHBO, WMTX, WWBA",Pinellas,12103,NEWS/TALK/SPORTS,USA W1S NEWSTALK,EX-WMTX/WWBA //W233CV 94.5
1040,WPBS,GA,CONYERS,50000.0,,5500.0,,33.6809,-84.0288,LICSL,"WTPO, WPBE",Rockdale,13247,SILENT,VSAM 1040,CH: 5500 W //W256DJ 99.1
1040,KLHT,HI,HONOLULU,10000.0,10000.0,,,21.3319,-157.8908,LICEN,"KPOI, KIFH",Honolulu,15003,RELIGION,K-LIGHT THE PURE LIGHT,
1040,WHO,IA,DES MOINES,50000.0,50000.0,,,41.6528,-93.3505,LICEN,,Warren,19181,NEWS/TALK,FOX SRN NEWSRADIO 1040,
1040,WLCR,KY,MT WASHINGTON,1500.0,,,,38.0031,-85.6808,LICEN,"WSAC, WBUL",Bullitt,21029,RELIGION,EWTN SPIRIT & TRUTH,EX-WBUL //W235CZ 94.9
1040,WSGH,NC,LEWISVILLE,1100.0,,,,36.1314,-80.501,LICEN,,Yadkin,37197,C. CHRIST.,SPIRIT FM,
1040,WCHR,NJ,FLEMINGTON,15000.0,1500.0,7500.0,,40.5051,-74.9763,LICEN,"WJHR, WCHR, WNJE",Hunterdon,34019,RELIGION,NBC INSPIRATION STA.,CH: 7.5KW SOME SPAN ON SAT.
1040,WYSL,NY,AVON,27000.0,500.0,10000.0,,42.8545,-77.7106,LICEN,,Livingston,36051,NEWS/TALK,SRN VOICE OF LIBERTY,CH: 10 KW //W221CL 92.1
1040,KXPD,OR,TIGARD,2200.0,200.0,,,45.4737,-122.6604,LICEN,"KEZF, KLVP, KSKD, KLVP",Multnomah,41051,ETHNIC/TALK,SLAVIC FAMILY RADIO,EX-KEZF/KLVP/KSKD
1040,WZNA,PR,MOCA,9000.0,250.0,,,18.2753,-67.1666,LICEN,"WCXQ, WZNA, WNVI",Añasco,72011,SPANISH RELIGION,NUEVA VIDA,EX-WNVI //W238CR 95.5
1040,WJBE,TN,POWELL,10000.0,,3000.0,,36.0429,-84.0474,LICEN,"WKXT, WBZW, WQBB, WKTI, WWAM",Knox,47093,URBAN AC,JAMMIN 99.7,CH: 3KW //W259AV 99.7
1040,KGGR,TX,DALLAS,3300.0,,2800.0,,32.7788,-96.7311,LICEN,,Dallas,48113,BLK GSPL/RELIGION,GREAT GOSPEL RADIO,CH: 2800 W //K295DA 106.9
1050,WFXO,AL,ALEXANDER CITY,1000.0,48.0,,,32.9509,-85.9853,LICEN,"WXTH, WTLM, WRFS, WBNM, WLMA, WSGN",Tallapoosa,1123,C&W,KIX COUNTRY 100.3 96.3,EX-WLMA/WSGN //W242CP 96.3
1050,WWIC,AL,SCOTTSBORO,1000.0,100.0,,,34.6731,-86.053,LICEN,WCRI,Jackson,1071,CL. C&W,FOX REAL COUNTRY,//W283CM 104.5
1050,KJBN,AR,LITTLE ROCK,1000.0,19.0,,,34.7662,-92.294,LICEN,"KSOH, KWNN",Pulaski,5119,RELIGION/GOSPEL,MUSIC YOU WANT,EX-KWNN
1050,KJBN,AR,LITTLE ROCK,2500.0,19.0,,,34.6094,-92.2374,LICEN,"KSOH, KWNN",Pulaski,5119,RELIGION/GOSPEL,MUSIC YOU WANT,EX-KWNN
1050,KJPG,CA,FRAZIER PARK,10000.0,,,,35.0244,-118.919,LICEN,"KTNT, KNOB, KKGO, KTRJ, KMAP",Kern,6029,RELIGION,RELEVANT RADIO,EX-KTRJ/KMAP //K294DK 106.7
1050,KCAA,CA,LOMA LINDA,1400.0,35.0,,,33.9895,-117.187,LICEN,KBBV,Riverside,6065,TALK,INLAND TALK EXPRESS,"//K272FQ 102.3,K293CF 106.5"
1050,KTCT,CA,SAN MATEO,50000.0,10000.0,,,37.6505,-122.1516,LICEN,KOFY,Alameda,6001,SPORTS,ESPN,"EX-KOFY ""KNBR 1050"""
1050,WJSB,FL,CRESTVIEW,3100.0,,,,30.7671,-86.5852,LICEN,,Okaloosa,12091,C&W,THE GOOD COUNTRY,"//WAAZ 104.7, W266DF 101.1"
1050,WROS,FL,JACKSONVILLE,5000.0,13.0,,,30.3541,-81.739,LICEN,"WCMG, WQIK",Duval,12031,RELIGION,THE ROSE OF JAX,
1050,WJCM,FL,SEBRING,1000.0,11.0,,,27.5086,-81.422,LICEN,"WJCM, WALC",Highlands,12055,SPORTS,ESPN HIGHLANDS 1050,EX-WJCM/WALC //W292FP 106.3
1050,WFAM,GA,AUGUSTA,5000.0,82.0,,,33.4557,-81.9384,LICEN,"WHGI, WIGL",Aiken,45003,RELIGION,TODAY'S FAMILY TALK,//W255AS 98.9
1050,WMNZ,GA,MONTEZUMA,250.0,41.0,,,32.2982,-84.0338,LICEN,,Macon,13193,C&W/OLDIES,THE BIG Z,
1050,WDZ,IL,DECATUR,1000.0,250.0,,,39.815,-89.0023,LICEN,,Macon,17115,SPORTS,FOX SPORTS DECATUR,
1050,WTCA,IN,PLYMOUTH,250.0,250.0,,,41.3184,-86.3114,LICEN,,Marshall,18099,ADLT CONT,GIANT FM,//W291BQ 106.1
1050,WNES,KY,CENTRAL CITY,1000.0,172.0,,,37.2692,-87.1422,LICEN,,Muhlenberg,21177,CL. C&W,K-COUNTRY,//W284AO 104.7
1050,KVPI,LA,VILLE PLATTE,250.0,10.0,,,30.6944,-92.3129,LICEN,,Evangeline,22039,CL. C&W/CAJUN,ABC THE LEGEND,//K297CD 107.3
1050,WMSG,MD,OAKLAND,1000.0,75.0,,,39.3923,-79.3981,LICEN,,Garrett,24023,OLDIES,ABC CLASSIC HITS 1050,//W236DI 95.1
1050,WHFS,MD,SILVER SPRING,2000.0,41.0,,,39.0421,-77.0461,LICEN,"WGAY, WNTR, WKDL, WPLC, WFED, WTOP, WZAA, WTOP, WBQH",Montgomery,24031,ROCK,THE GAMUT,EX-WTOP/WBQH //W228DI 93.5
1050,WTKA,MI,ANN ARBOR,10000.0,500.0,,,42.1461,-83.6599,LICEN,"WPAG, WPZA",Washtenaw,26161,SPORTS,W1S THE BIG 1050,EX-WPZA
1050,KLOH,MN,PIPESTONE,9380.0,432.0,,,43.9953,-96.345,LICEN,,Pipestone,27117,FARM/C&W,FOX BLAZIN COUNTRY,//K231DG 94.1
1050,KMIS,MO,PORTAGEVILLE,600.0,,,,36.4253,-89.6915,LICEN,,New Madrid,29143,SPORTS,W1S FOX SPORTSRADIO,//FM 103.9
1050,KSIS,MO,SEDALIA,1000.0,86.0,,,38.7342,-93.2255,LICEN,,Pettis,29159,TALK,FOX NEWSTALK 1050,//K234CE 94.7
1050,WTWG,MS,COLUMBUS,1000.0,48.0,,,33.5101,-88.4128,LICEN,WACR,Lowndes,28087,BLK GSPL/TALK,THE NEW AM 1050,EX-WACR //W245DM 96.9
1050,KMTA,MT,MILES CITY,10000.0,136.0,,,46.4011,-105.6522,LICEN,KCCA,Custer,30017,OLDIES,SRN WW1 OLDIES 95.3,//K237DW 95.3
1050,WFSC,NC,FRANKLIN,5000.0,153.0,,,35.2112,-83.3685,LICEN,,Macon,37113,OLDIES,SMOKIES CLASSIC,HITS //W285FD 104.9
1050,WLON,NC,LINCOLNTON,1000.0,231.0,,,35.4912,-81.2673,LICEN,,Lincoln,37109,CLASSIC ROCK,ABC,//W298CK 107.5
1050,WWGP,NC,SANFORD,1000.0,161.0,,,35.4407,-79.2145,LICEN,,Lee,37105,C&W,ABC TODAYS BEST CNTRY,//W236DE 95.1
1050,KTBL,NM,LOS RANCHOS,1000.0,1000.0,,,34.9795,-106.7375,LICEN,"KMBA, KJBO, KHFN, KNML, KHTL",Bernalillo,35001,ROCK,THE PIT,EX-KHFN/KNML //K233CG 94.5
1050,WEPN,NY,NEW YORK,50000.0,50000.0,,,40.7768,-74.0518,LICEN,"WFAN, WUKQ, WEVD",Bergen,34003,SPORTS,ESPN,
1050,WGRI,OH,CINCINNATI,2500.0,250.0,,,38.9692,-84.6822,LICEN,"WZIP, WTSJ, WCVX",Warren,39165,BLK GSPL,INSPIRATION 1050&103.1,EX-WTSJ/WCVX //W276DD 103.1
1050,KKRX,OK,LAWTON,250.0,6.0,,,34.5909,-98.3531,LICEN,"KCCO, KKRX, KXCA",Comanche,40031,ROCK,X 93.7,EX-KXCA //K229DG 93.7
1050,KGTO,OK,TULSA,1000.0,22.0,,,36.1598,-96.0528,LICEN,"KFMJ, KRAV",Tulsa,40143,URBAN AC/OLDIES,ABC HEART AND SOUL,//K256CR 99.1
1050,KORE,OR,SPRINGFIELD-EUGENE,5000.0,105.0,,,44.0815,-123.1106,LICEN,,Lane,41039,SPORTS,FOX SPORTS EUGENE,//K275CX 102.9
1050,WBUT,PA,BUTLER,500.0,62.0,,,40.8976,-79.8889,LICEN,,Butler,42019,C&W,BUT KICKIN COUNTRY,//W247DF 97.3
1050,WLYC,PA,WILLIAMSPORT,1000.0,30.0,,,41.2623,-77.0328,LICEN,,Lycoming,42081,ROCK,THE GOAT 102-104-107,"FM 93.7,102.3"
1050,WAYS,SC,CONWAY,5000.0,473.0,,,33.8491,-79.0839,LICSL,"WJXY, WIQB, WHSC, WRWM",Horry,45051,SILENT,NASH ICON 106.5,EX-WRWM //W270BZ 101.9
1050,WSMT,TN,SPARTA,950.0,178.0,,,35.9545,-85.4769,LICEN,,White,47185,CONTEMP. CHRIST,SRN 105.5 THE ONE,//W288DO 105.5
1050,KCHN,TX,BROOKSHIRE,410.0,,,,29.8794,-96.0358,LICEN,KPXE,Waller,48473,ETHNIC/ASIAN/SPAN,MULTICULTURAL STATION,
1050,WBRG,VA,LYNCHBURG,3800.0,90.0,,,37.421,-79.115,LICEN,,Amherst,51009,TALK/SPORTS,SRN WW1 SUPERTALK,"//W283DA 104.5,W286CX 105.1"
1050,WVXX,VA,NORFOLK,5000.0,358.0,,,36.829,-76.2069,LICEN,"WCMS, WFOG, WXMM, WCMS",Virginia Beach,51810,SPANISH TROPICAL,LA SELECTA,EX-WCMS //W277DF 103.3
1050,KSPO,WA,DISHMAN,25000.0,260.0,,,47.5993,-117.3783,LICEN,"KEYF, KDRK, KEYF, KFIO",Spokane,53063,RELIGION,AMERICAN CHRISTIAN NET,EX-KEYF/KFIO //K249FF 97.7
1050,KBLE,WA,SEATTLE,5000.0,440.0,,,47.5634,-122.361,LICEN,,Kitsap,53035,RELIGION,EWTN SACRED HEART R.,
1050,WDVM,WI,EAU CLAIRE,860.0,260.0,,,44.7772,-91.4749,LICEN,"WOKL, WISM, WEIO",Eau Claire,55035,RELIGION,EWTN RELEVANT RADIO,EX-WEIO/WMMA //W300DB 107.9
1050,WJOK,WI,KAUKAUNA,1000.0,500.0,,,44.2475,-88.3001,LICEN,WSGC,Outagamie,55087,RELIGION,EWTN RELEVANT RADIO,EX-WQWM/WSGC //W300CM 107.9
1050,WLIP,WI,KENOSHA,250.0,250.0,,,42.5528,-87.894,LICEN,,Kenosha,55059,NEWS/TALK,FOX WW1,
1050,WAMN,WV,GREEN VALLEY,1430.0,200.0,,,37.3057,-81.1248,LICEN,,Mercer,54055,CL. C&W,WILLIE RADIO 94.5,//W233CL 94.5
1050,WLYQ,WV,PARKERSBURG,1000.0,144.0,,,39.2581,-81.5634,LICEN,WADC,Wood,54107,C&W,ABC WW1 WILLIE 94.7,EX-WADC //W234DC 94.7
1060,KDUS,AZ,TEMPE,5000.0,500.0,,,33.362,-111.9682,LICEN,KUKQ,Maricopa,4013,SPORTS,FSR VSIN PHOENIX SPRTS,EX-KUKQ
1060,KTNS,CA,OAKHURST,5000.0,23.0,,,37.2961,-119.6074,LICEN,,Madera,6039,REG. MEX.,LA MEXICANA,EX-1090 //KMEN 100.5
1060,KRCN,CO,LONGMONT,,111.0,,,40.1911,-105.1269,LICEN,KLMO,Weld,8123,RELIGION,EWTN CATHOLIC RADIO,EX-KLMO //K221GI 92.1
1060,KRCN,CO,LONGMONT,50000.0,,,,40.2808,-104.9408,LICEN,KLMO,Weld,8123,RELIGION,EWTN CATHOLIC RADIO,EX-KLMO //K221GI 92.1
1060,WIXC,FL,TITUSVILLE,50000.0,5000.0,17000.0,,28.6633,-80.9212,LICEN,"WRMF, WAMT",Brevard,12009,C&W,I AM COUNTRY 105.5,CH: 17 KW //W288DZ 105.5
1060,WKNG,GA,TALLAPOOSA,15000.0,,5000.0,,33.7351,-85.2522,LICEN,,Haralson,13143,CL. C&W,FOX KING COUNTRY,CH: 5000 W //W229CI 93.7
1060,KIPA,HI,HILO,1000.0,,,,19.6936,-155.0487,LICEN,"KAHU, KHBC",Hawaii,15001,RELIGION,CSN INTERNATIONAL,EX-KAHU/KHBC //K257GV 99.3
1060,KBGN,ID,CALDWELL,10000.0,,,,43.7202,-116.5338,LICEN,,Canyon,16027,RELIGION,VOICE OF PRAISE,
1060,WMCL,IL,MCLEANSBORO,2500.0,2.0,,,38.1045,-88.5634,LICSL,,Hamilton,17065,SILENT,WW1 CLASSIC COUNTRY,"//W233CY 94.5, W300BD 107.9"
1060,WRHL,IL,ROCHELLE,250.0,50.0,,,41.9234,-89.0584,LICEN,,Ogle,17141,CL. ROCK/OLDIES,SUPERHITS 93.5,//W228DT 93.5
1060,WJKY,KY,JAMESTOWN,1000.0,,,,37.0253,-85.073,LICEN,,Russell,21207,ADLT CONT,106.5 JACK FM,//W293DK 106.5
1060,WQOM,MA,NATICK,50000.0,2500.0,,,42.2473,-71.4248,LICEN,"WBIV, WBPS, WBIV, WJLT, WMEX, WBIX",Middlesex,25017,RELIGION,EWTN STN OF THE CROSS,EX-WJLT/WMEX/WBIX CH: 22 KW
1060,WHFB,MI,BENTON HARBOR,3000.0,1.0,2500.0,,42.0789,-86.467,LICEN,,Berrien,26021,URBAN AC/OLDIES,MOTOWN AND MORE,CH: 2500 W //W273BM 102.5
1060,KFIL,MN,PRESTON,1000.0,,,,43.6805,-92.1418,LICSL,,Fillmore,27045,SILENT,SRN TRUE COUNTRY 103,//FM 103.1
1060,KBFL,MO,SPRINGFIELD,470.0,19.0,,,37.2259,-93.3594,LICEN,"KBUG, KLSM, KTOZ",Greene,29077,SPORTS,ESPN 96.9 THE JOCK,//K245CA 96.9
1060,WKMQ,MS,TUPELO,960.0,12.0,,,34.2551,-88.6901,LICEN,"WPMX, WWZD, WNRX",Lee,28081,TALK,FOX NEWS & TALK,EX-WWZD/WNRX //W266BC 101.1
1060,WXNC,NC,MONROE,4000.0,,2400.0,,34.9879,-80.5178,LICEN,"WMAP, WKRE, WBTB",Union,37179,REG. MEX.,LA ZETA 99.1 CH:2.4 KW,"//W247CV 97.3, WNOW-1030"
1060,WCOK,NC,SPARTA,1100.0,,,,36.4821,-81.0929,LICEN,,Alleghany,37005,C&W/S. GSPL,AP GOSPEL OF MOUNTAINS,//W297CM 107.3
1060,KNLV,NE,ORD,1000.0,23.0,,,41.5714,-98.9229,LICEN,,Valley,31175,OLDIES,ABC GREATEST HITS 93.9,//K230BR 93.9
1060,KKVV,NV,LAS VEGAS,5000.0,43.0,,,36.1561,-115.2597,LICEN,,Clark,32003,RELIGION,SRN BEST NEWS RADIO,"//K261ES 100.1,K291BX 106.1"
1060,KFOY,NV,SPARKS,5000.0,500.0,,,39.5735,-119.8477,LICEN,,Washoe,32031,TALK,SRN RADIO FOR AMERICA,
1060,WILB,OH,CANTON,15000.0,,15000.0,,40.8342,-81.4298,LICEN,"WQIO, WRCW, WTOF, WRCW",Stark,39151,RELIGION,EWTN LIVING BREAD R.,EX-WTOF/WBRE CH: 15000
1060,KYW,PA,PHILADELPHIA,50000.0,50000.0,,,40.1034,-75.2485,LICEN,,Burlington,34005,NEWS,ABC NEWSRADIO,//WPHI 103.9
1060,WCGB,PR,JUANA DIAZ,5000.0,500.0,,,17.9892,-66.4752,LICEN,,Juana Díaz,72075,SPANISH RELIGION,THE ROCK,"//WBMJ-1190, WIVV-1370"
1060,KGFX,SD,PIERRE,10000.0,1000.0,,,44.2866,-100.3388,LICEN,,Stanley,46117,C&W/TALK,ABC SDS PIONEER STN,"//K296FI 107.1,K276GT 103.1"
1060,WNPC,TN,NEWPORT,1000.0,,,,35.9862,-83.1793,LICEN,"WNPC, WGGQ",Cocke,47029,C&W,BEST COUNTRY EVER,EX-WGGQ //W222AN 92.3
1060,WQMV,TN,WAVERLY,1000.0,4.0,,,36.0876,-87.8551,LICEN,"WPHC, WMQV",Humphreys,47085,OLDIES,ABC CLASSIC ROCK&ROLL,//W228DG 93.5
1060,KTSN,TX,LOCKHART,2000.0,,,,30.3205,-97.65,LICEN,"KCLT, KHJK, KFIT",Travis,48453,ROCK/AMERICANA,SUN RADIO,//K261DW 100.1
1060,KDYL,UT,SOUTH SALT LAKE,10000.0,149.0,,,40.5355,-112.078,LICEN,"KRSP, KKDS",Salt Lake,49035,SPANISH RELIGION,ESTACION DE LA FAMILIA,EX-KRSP/KKDS
1070,WAPI,AL,BIRMINGHAM,50000.0,5000.0,,,33.5521,-86.9111,LICSL,,Jefferson,1073,SILENT,ABC WW1 TALK 99.5,//WZRR 99.5
1070,KNX,CA,LOS ANGELES,50000.0,50000.0,,,33.8597,-118.3498,LICEN,,Los Angeles,6037,NEWS,ABC NEWS 1070,
1070,WNVY,FL,CANTONMENT,15000.0,28.0,,,30.5799,-87.2883,LICEN,"WJBW, WKGT",Escambia,12033,RELIGION,SRN FAITH RADIO,//W283CU 104.5 CH: 2.3 KW
1070,WWCD,FL,SOLANA,1800.0,233.0,,,26.8939,-82.0506,LICEN,WKII,Charlotte,12015,SPORTS,FSR 1070 THE ZONE,EX-WKII
1070,WFRF,FL,TALLAHASSEE,10000.0,,,,30.5096,-84.3352,LICEN,WANM,Leon,12073,SPANISH RELIGION,RADIO FE,"//WLTG-1430, W262CC 100.3"
1070,KILR,IA,ESTHERVILLE,250.0,48.0,,,43.4291,-94.8233,LICEN,,Emmet,19063,TALK,SRN WW1 NEWSTALK 1070,//K247CJ 97.3
1070,WFNI,IN,INDIANAPOLIS,50000.0,10000.0,,,39.9559,-86.3583,LICEN,WIBC,Marion,18097,SPORTS,ESPN THE FAN,
1070,KFTI,KS,WICHITA,10000.0,1000.0,,,37.7614,-97.3334,LICSL,"KFDI, KFTI, KLIO",Sedgwick,20173,SILENT,CLASSIC COUNTRY,EX-KFDA/KLIO
1070,WEKT,KY,ELKTON,500.0,18.0,,,36.8092,-87.1606,LICEN,"WSRG, WOAM",Todd,21219,CLASSIC ROCK,TODD 1070,
1070,KBCL,LA,BOSSIER CITY,250.0,,,,32.5374,-93.7246,LICEN,,Bossier,22015,RELIGION,PRAISE 1070,
1070,KSKK,MN,VERNDALE,5000.0,5000.0,,,46.3958,-94.9648,LICEN,KVKK,Wadena,27159,RELIGION,"RELEVANT RADIO, K-YES",EX-KVKK //K267CU 101.3
1070,KHMO,MO,HANNIBAL,5000.0,1000.0,,,39.6295,-91.376,LICEN,,Ralls,29173,NEWS/TALK,FOX NEWSTALK 1070,
1070,KATQ,MT,PLENTYWOOD,5000.0,50.0,,,48.767,-104.5458,LICEN,"KATQ, KHPN",Sheridan,30091,C&W/FARM,SRN R. INTERNATIONAL,//K296HF 107.1
1070,WNCT,NC,GREENVILLE,5000.0,13.0,,,35.6032,-77.4261,LICSL,,Pitt,37147,SILENT,BEACH BOOGIE & BLUES,"//W239BC 95.7, W266AV 101.1"
1070,WGOS,NC,HIGH POINT,1000.0,,,,35.9162,-80.0164,LICEN,,Davidson,37057,SPANISH RELIGION,R. NUEVA VIDA,//W248CW 97.5
1070,WKMB,NJ,STIRLING,250.0,,,,40.6765,-74.4763,LICEN,,Morris,34027,BLK GSPL,HARVEST RADIO,//W264BT 100.7
1070,WJMP,NY,PLATTSBURGH,5000.0,,,,44.6042,-73.4551,LICEN,"WKDR, WNWX, WZBZ, WDOT, WGLY, WLFE, WTWK, WPLB",Clinton,36019,URBAN HIPHOP/R&B,JUMP 103.7,//W279DE 103.7 EX-WPLB
1070,WZUN,NY,SANDY CREEK-PULASKI,2500.0,,,,43.6053,-76.1296,LICEN,WSCP,Oswego,36075,CLASSIC ROCK,SUNNY 102,"//FM 102.1, W291BU 106.1"
1070,WKOK,PA,SUNBURY,10000.0,1000.0,,,40.8817,-76.8194,LICEN,,Snyder,42109,NEWS/TALK/SPORTS,FSR NEWSRADIO 1070,
1070,WMIA,PR,ARECIBO,610.0,2500.0,,,18.4569,-66.7552,LICEN,,Arecibo,72013,SPANISH NEWS/TALK,WAPA LA PODEROSA,//W227DY 93.3
1070,WCSZ,SC,SANS SOUCI,50000.0,1500.0,,,34.9201,-82.4568,LICEN,WHYZ,Greenville,45045,SPANISH AC,LA JEFA,EX-WHYZ //W235BM 94.9
1070,WFLI,TN,LOOKOUT MOUNTAIN,50000.0,2500.0,,,35.0451,-85.3622,LICEN,,Hamilton,47065,TALK/SPORTS,FOX W1S THE BIG ONE,"//W241AF 96.1, W262DQ 100.3"
1070,WDIA,TN,MEMPHIS,50000.0,5000.0,,,35.2681,-90.0176,LICEN,,Shelby,47157,URBAN AC/OLDIES,HEART&SOUL OF MEMPHIS,
1070,KOPY,TX,ALICE,1000.0,1000.0,,,27.7778,-98.0817,LICEN,"KOPY, KDSI",Jim Wells,48249,SPANISH RELIGION,LA PODEROSA,EX-KDSI //K254AZ 98.7
1070,KNTH,TX,HOUSTON,10000.0,5000.0,,,29.9927,-95.4733,LICEN,"KCRR, KRBE, KENR, KKHT",Harris,48201,NEWS/TALK,SRN THE ANSWER,EX-KRBE/KKHT //K277DE 103.3
1070,KWEL,TX,MIDLAND,2500.0,,,,31.9623,-102.069,LICEN,,Midland,48329,NEWS/TALK,SRN ABC WW1,//K296FG 107.1
1070,WINA,VA,CHARLOTTESVILLE,5000.0,5000.0,,,38.0887,-78.5061,LICEN,,Albemarle,51003,NEWS/TALK,SRN NEWSRADIO 1070,//W255CT 98.9
1070,WTSO,WI,MADISON,10000.0,5000.0,,,42.9958,-89.3165,LICEN,,Dane,55025,SPORTS,FSR THE GAME,
1070,WBKW,WV,BECKLEY,10000.0,,7700.0,,37.7551,-81.2365,LICEN,"WJKK, WCIR, WIWS",Raleigh,54081,ROCK,93.5 THE BUZZ,//W228CF 93.5 CH: 7700 W
1080,KOAN,AK,ANCHORAGE,10000.0,10000.0,,,61.1194,-149.8975,LICEN,"KTNX, KASH, KKSD, KASH, KUDO",Anchorage,2020,SPANISH RELIGION,ESTACION DE LA FAMILIA,EX-KASH/KUDO //K236KG 95.1
1080,WKAC,AL,ATHENS,5000.0,,2500.0,,34.837,-86.9744,LICEN,,Limestone,1083,AC/OLDIES,AP GREATEST HITS,CH: 2500 W
1080,KGVY,AZ,GREEN VALLEY,1000.0,,,,31.9293,-110.997,LICEN,,Pima,4019,ADLT STNDS/OLDIES,ABC FAMILIAR FAVORITES,//K268DC 101.5
1080,KSCO,CA,SANTA CRUZ,10000.0,28.0,,,36.9615,-121.982,LICEN,"KSCO, KLRS",Santa Cruz,6087,NEWS/TALK,KSCO NEWSTALK,"//KOMY-1340, K300DD 107.9"
1080,WTIC,CT,HARTFORD,50000.0,50000.0,,,41.7776,-72.8048,LICEN,,Hartford,9003,NEWS/TALK,ABC BNN NEWSTALK 1080,
1080,WQOS,FL,CORAL GABLES,50000.0,10000.0,,,25.7484,-80.5462,LICEN,"WVCG, WTPS, WMCU, WWFH, WHIM, WKAT, WOCN",Miami-Dade,12086,RELIGION,RELEVANT RADIO,EX-WKAT/WOCN //W249DM 97.7
1080,WHOO,FL,WINTER PARK,6000.0,55.0,,,28.4669,-81.3745,LICEN,WFIV,Orange,12095,RELIGION,RELEVANT RADIO,CH: 10000 W //W284DM 104.7
1080,WFTD,GA,MARIETTA,50000.0,,30000.0,,34.0234,-84.668,LICEN,"WEKS, WECA",Cobb,13067,REG. MEX.,LA MEGA MUNDIAL,CH: 30000 W //W243DQ 96.5
1080,KOAK,IA,RED OAK,250.0,,,,41.0175,-95.2053,LICEN,"KOAK, KCSI",Montgomery,19137,C&W,ABC COUNTRY SUNSHINE,//KCSI 95.3
1080,KVNI,ID,COEUR D'ALENE,10000.0,1000.0,,,47.6163,-116.7207,LICEN,,Kootenai,16055,CLASSIC ROCK,92.5 CLASSIC HITS,//K223AN 92.5
1080,WRYT,IL,EDWARDSVILLE,500.0,20.0,380.0,,38.7995,-89.9001,LICEN,"WHRC, WHRC",Madison,17119,RELIGION,EWTN HEART OF JESUS,CH: 380 W //KHOJ-1460
1080,WNWI,IL,OAK LAWN,5000.0,2600.0,,,41.6428,-87.6456,LICEN,,Cook,17031,ETHNIC/BROKERED,SUPER ETHNIC STATION,
1080,WOKT,KY,CANNONSBURG,1800.0,,,,38.3862,-82.6979,LICEN,"WKOG, WKOT, WOKT, WYHY, WONS",Boyd,21019,RELIGION,WALK-FM,//WKAO 91.1 CH: 1000 W
1080,WKJK,KY,LOUISVILLE,10000.0,1000.0,,,38.3078,-85.8291,LICEN,"WWSN, WDJX, WRES, WHKM, WRES, WHKW",Jefferson,21111,TALK,FOX WW1 TALKRADIO 1080,EX-WHKW/WJDX/WRES
1080,WOAP,MI,OWOSSO,1000.0,,,,43.0309,-84.178,LICSL,,Shiawassee,26155,SILENT,LA PODEROSA,//W276CZ 103.1
1080,KYMN,MN,NORTHFIELD,1000.0,11.0,,,44.4866,-93.1055,LICEN,,Dakota,27037,ROCK,THE ONE,//K236CO 95.1
1080,KYMO,MO,EAST PRAIRIE,500.0,,,,36.797,-89.3554,LICEN,,Mississippi,29133,C&W,SHOTGUN RADIO 97,//K246DB 97.1
1080,WKGX,NC,LENOIR,5000.0,,2500.0,,35.9107,-81.5595,LICEN,,Caldwell,37027,OLDIES/ROCK,CLASSIC HITS 99.5,//W229CB 104.5 CH: 2500 W
1080,WWDR,NC,MURFREESBORO,930.0,,,,36.4402,-77.1358,LICEN,"WWDR, WYCM, WWDR, WINX",Northampton,37131,URBAN HIPHOP,99.5 JAMZ,EX-WYCM/WINX
1080,KNDK,ND,LANGDON,1000.0,45.0,,,48.7858,-98.3665,LICEN,,Cavalier,38019,NEWS/TALK,FOX WW1 NEWSRADIO,//K254DC 98.7
1080,KEMR,NM,MORIARTY,2500.0,,2000.0,,35.0092,-105.917,LICEN,"KOFK, KCIB, KQEO, KQEO, KZKL, KRKE, KQNM, KKJY, KIVA, KQNM, KRKE, KSFE, KMYN",Torrance,35057,ADLT CONT,EAST MOUNTAIN RADIO,//K271DC 102.1 CH: 2000 W
1080,WUFO,NY,AMHERST,1000.0,,,,42.9242,-78.7778,LICEN,,Erie,36029,URBAN AC,POWER 96.5,//W243DX 96.5
1080,KRSK,OR,PORTLAND,50000.0,9000.0,,,45.5582,-122.4837,LICEN,"KWJJ, KOTK, KFXX",Multnomah,41051,SPORTS,ESPN THE FAN,EX-KOTK/KFXX //FM 105.1
1080,WWNL,PA,PITTSBURGH,50000.0,,25000.0,,40.6048,-79.9601,LICEN,"WDSY, WEEP, WDSY, WPGR",Allegheny,42003,RELIGION,THE GOOD NEWS,//W280FG 103.9 CH: 25 KW
1080,WLEY,PR,CAYEY,250.0,250.0,,,18.1133,-66.1407,LICEN,,Cayey,72035,SPANISH NEWS/TALK,RADIO ISLA,//WSKN-1320
1080,WALD,SC,JOHNSONVILLE,9000.0,,2700.0,,33.9102,-79.6689,LICEN,"WPOG, WRIT",Florence,45041,BLK GSPL,WORSHIP & WORD NETWORK,//WEAF-1130 CH: 2700 W
1080,KRLD,TX,DALLAS,50000.0,50000.0,,,32.8904,-96.6458,LICEN,,Dallas,48113,NEWS/TALK,ABC WW1 NEWSRADIO 1080,
1080,KSLL,UT,PRICE,10000.0,,5000.0,,39.5619,-110.7774,LICEN,KRPX,Carbon,49007,C&W,ABC TRUE COUNTRY,//K285AB 104.9 CH: 5000 W
1080,WKBY,VA,CHATHAM,1000.0,,,,36.7818,-79.3911,LICEN,,Pittsylvania,51143,BLK GSPL,INSPIRATIONAL 1080,
1090,WWGC,AL,ALBERTVILLE,500.0,,,,34.2645,-86.2789,LICEN,"WIUA, WXBK",Marshall,1095,REG. MEX.,LA DOBLE X,EX-WXBK
1090,KAAY,AR,LITTLE ROCK,50000.0,3400.0,,,34.6004,-92.2241,LICEN,,Pulaski,5119,RELIGION/GOSPEL,SRN GOSPEL VOICE,
1090,KMXA,CO,AURORA,50000.0,500.0,,,39.6647,-104.6572,LICEN,"KLSZ, KLSC, KYBG",Douglas,8035,SPANISH SPORTS,TUDN,EX-KYBG
1090,WBAF,GA,BARNESVILLE,1000.0,,,,33.0537,-84.1352,LICEN,,Lamar,13171,CLASSIC ROCK,MYFOX FM,//W285FK 104.9
1090,KSOU,IA,SIOUX CENTER,500.0,,,,43.0561,-96.1717,LICEN,KVDB,Sioux,19167,SPANISH AC,"FOX SIOUX RITMO, JUAN",EX-KVDB //K268CZ 101.5
1090,KNWS,IA,WATERLOO,1000.0,57.0,,,42.4439,-92.2994,LICEN,,Black Hawk,19013,RELIGION,FAITH 1090,//K226CK 93.1
1090,WCRA,IL,EFFINGHAM,640.0,11.0,,,39.1072,-88.5622,LICEN,,Effingham,17049,TALK,SRN NEWSTALK 1090,"//W258CQ 99.5, W299CO 107.7"
1090,WFCV,IN,FORT WAYNE,2500.0,,1000.0,,41.0837,-85.0755,LICEN,WFWR,Allen,18003,RELIGION,SRN BOTT RADIO,CH: 1000 W //W229CO 93.7
1090,WILD,MA,BOSTON,2600.0,,1750.0,,42.275,-71.0417,LICEN,,Norfolk,25021,RELIGION,SRN LIFE CHANGING R.,CH: 1750 W
1090,WBAL,MD,BALTIMORE,50000.0,50000.0,,,39.3759,-76.7722,LICEN,,Baltimore,24510,NEWS/TALK,ABC FOX NEWSRADIO,//W268BA 101.5
1090,WCAR,MI,LIVONIA,250.0,500.0,,,42.3295,-83.3619,LICSL,WIID,Wayne,26163,OLDIES,,
1090,WKBZ,MI,MUSKEGON,1000.0,,,,43.2767,-86.2539,LICEN,WMUS,Muskegon,26121,NEWS/TALK,FOX WW1 NEWSTALK 1090,EX-WMUS
1090,KEXS,MO,EXCELSIOR SPRINGS,10000.0,,4000.0,,39.2942,-94.2605,LICEN,,Clay,29047,RELIGION,EWTN CATHOLIC TALK,"CH: 4000 W //KPHN-1360, ETC"
1090,KBOZ,MT,BOZEMAN,5000.0,5000.0,,,45.616,-111.0886,LICEN,,Gallatin,30031,C&W/FARM,CLASSIC COUNTRY 1090,//FM 99.9
1090,WKTE,NC,KING,1000.0,,,,36.2968,-80.3714,LICEN,,Stokes,37169,OLDIES,YOUR HOMETOWN STATION,
1090,WTSB,NC,SELMA,9000.0,,1700.0,,35.616,-78.4089,LICEN,WBZB,Johnston,37101,GOSPEL,SRN THE CROSS,CH: 1700 W //W288DH 105.5
1090,KTGO,ND,TIOGA,1100.0,6.0,,,48.3911,-102.9349,LICEN,,Williams,38105,TALK,FOX SRN 1090 THE FLAG,//K224FJ 92.7
1090,WKFI,OH,WILMINGTON,1000.0,,,,39.4367,-83.8558,LICEN,,Clinton,39027,C&W/GOSPEL/BLUES,FOX REAL ROOTS RADIO,"//WBZI-1500, WEDI-1130"
1090,WSOL,PR,SAN GERMAN,250.0,730.0,,,18.0769,-67.0213,LICEN,WBOZ,San Germán,72125,SPANISH VARIETY,RADIO SOL,
1090,WCZZ,SC,GREENWOOD,5667.0,,2250.0,,34.1629,-82.1946,LICEN,WMTY,Greenwood,45047,URBAN AC,EMERALD CITY RADIO,CH: 2250 W //W274CC 102.7
1090,WENR,TN,ENGLEWOOD,1000.0,,,,35.4265,-84.5157,LICEN,"WENR, WEHA",McMinn,47107,CLASSIC ROCK,105.5 JAKE FM,//W288EL 105.5
1090,WTNK,TN,HARTSVILLE,1000.0,2.0,,,36.3881,-86.1653,LICEN,WJKM,Trousdale,47169,CLASSIC ROCK,FOX 93.5 FUN RADIO,"//W228CB 93.5, W230CV 93.9"
1090,WHGG,TN,KINGSPORT,10000.0,,1800.0,,36.4612,-82.4532,LICEN,"WGOC, WKCV",Sullivan,47163,C. CHRIST.,LOVE 97.3 & 100.3,"CH: 1800 W //FM 97.3,100.3"
1090,KVOP,TX,PLAINVIEW,5000.0,500.0,,,34.0923,-101.641,LICSL,KKYN,Hale,48189,FARM/TALK/SPORTS,ABC FSR HIGH PLAINS,
1090,KPTR,WA,SEATTLE,50000.0,50000.0,,,47.3937,-122.4249,LICEN,"KMPS, KRPM, KMPS, KYCW, KPTK, KFNQ",Kitsap,53035,TALK/SPORTS,NBC THE PATRIOT,EX-KNWX/KRPM/KMPS/KPTK/KFNQ
1090,WAQE,WI,RICE LAKE,5000.0,,,,45.5377,-91.7641,LICEN,"WAQE, WMYD",Barron,55005,SPORTS,FSR SPORTSTALK,EX-WMYD //W299CQ 107.7
1090,WAQE,WI,RICE LAKE,5000.0,,4200.0,,45.5086,-91.7742,LICEN,"WAQE, WMYD",Barron,55005,SPORTS,FSR SPORTSTALK,EX-WMYD //W299CQ 107.7
1100,KFNX,AZ,CAVE CREEK,50000.0,1000.0,,,33.7978,-111.9924,LICEN,KCCF,Maricopa,4013,NEWS/TALK,FOX PULSE OF ARIZ.,EX-KCCF
1100,KAFY,CA,BAKERSFIELD,4200.0,800.0,,,35.4499,-118.9476,LICEN,KZPM,Kern,6029,SPANISH RELIGION,ESNE RADIO,EX-KZPM
1100,KFAX,CA,SAN FRANCISCO,50000.0,50000.0,,,37.6322,-122.1314,LICEN,,Alameda,6001,RELIGION,SRN SPIRIT OF THE BAY,
1100,KNZZ,CO,GRAND JUNCTION,50000.0,10000.0,36000.0,,38.9516,-108.4201,LICEN,"KVEE, KJYE",Mesa,8077,NEWS/TALK,FOX SRN NEWSRADIO 1100,CH:36KW //K224FE 92.7
1100,WJZA,GA,HAPEVILLE,5000.0,,3800.0,,33.7287,-84.3221,LICEN,"WLBB, WLBB, WWWE",DeKalb,13089,JAZZ,SMOOTH JAZZ 101.1,EX-WLBB/WWWE CH: 3800 W
1100,WJZA,GA,NORTH DECATUR,4500.0,,,,33.7726,-84.2817,LICEN,"WLBB, WLBB, WWWE",DeKalb,13089,JAZZ,SMOOTH JAZZ 101.1,EX-WLBB/WWWE CH: 3800 W
1100,WCGA,GA,WOODBINE,10000.0,,10000.0,,31.0474,-81.7462,LICEN,"WGBE, WGMM",Camden,13039,TALK,SRN FOX COASTAL GA,
1100,WOMN,LA,FRANKLINTON,15000.0,,8000.0,,30.7369,-90.2012,LICEN,WFCG,Washington,22117,,,
1100,WZFG,MN,DILWORTH,50000.0,440.0,5000.0,,46.7619,-96.672,LICEN,WZFN,Clay,27027,NEWS/TALK,ABC FOX 1100 THE FLAG,CH: 22 KW //K222DF 92.3
1100,KJCW,MO,WEBB CITY,5000.0,,2500.0,,37.1064,-94.2808,LICEN,KKLL,Jasper,29097,RELIGION,EWTN CATHOLIC TALK,CH: 2500 W //K221GQ 92.1
1100,KRKE,NM,PERALTA,1000.0,,,,34.857,-106.6925,LICEN,KVVD,Valencia,35061,ROCK,THE 80S CHANNEL,EX-KVVD //K229CL 93.7
1100,KWWN,NV,LAS VEGAS,22000.0,2000.0,,,36.2125,-115.1633,LICEN,,Clark,32003,SPORTS,ESPN LAS VEGAS,//K265EZ 100.9
1100,KWWN,NV,LAS VEGAS,6300.0,54.0,,,36.1919,-115.1778,LICEN,,Clark,32003,SPORTS,ESPN LAS VEGAS,//K265EZ 100.9
1100,WHLI,NY,HEMPSTEAD,10000.0,,,,40.6851,-73.6096,LICEN,,Nassau,36059,OLDIES,NBC,//W284DG 104.7
1100,WTAM,OH,CLEVELAND,50000.0,50000.0,,,41.2806,-81.6226,LICEN,WWWE,Cuyahoga,39035,NEWS/TALK,ABC BIG ONE NEWSRADIO,EX-WWWE //W295DE 106.9
1100,WGPA,PA,BETHLEHEM,250.0,,,,40.6243,-75.3549,LICEN,,Northampton,42095,OLDIES/C&W,SRN WW1 SUNNY 1100,//W253CC 98.5
1100,WSGI,TN,SPRINGFIELD,1000.0,,,,36.5167,-86.8917,LICEN,,Robertson,47147,RELIGION,GOD'S INFORMER,
1100,KDRY,TX,ALAMO HEIGHTS,11000.0,1000.0,,,29.558,-98.3759,LICEN,,Bexar,48029,RELIGION,ALL TEACHING CHRISTIAN,
1100,WTWN,VT,WELLS RIVER,5000.0,,2000.0,,44.1487,-72.0667,LICEN,WYKR,Orange,50017,C&W,YOUR COUNTRY,CH:2KW //W286DE 105.1;101.3
1100,WISS,WI,BERLIN,2500.0,,1600.0,,43.9486,-88.9859,LICEN,,Green Lake,55047,TALK,ABC REAL NEWS,CH: 1600 W //W252DR 98.3
1110,KAGV,AK,BIG LAKE,10000.0,10000.0,,,61.6336,-149.7956,LICEN,,Matanuska-Susitna,2170,RELIGION,SRN AK'S GOSPEL VOICE,
1110,WTOF,AL,BAY MINETTE,10000.0,,2500.0,,30.8696,-87.7692,LICEN,WBCA,Baldwin,1003,RELIGION,SRN CHRISTIAN VOICE,DELETED CH: 2500 W
1110,WTOF,AL,BAY MINETTE,6800.0,,2200.0,,30.8269,-87.8639,LICEN,WBCA,Baldwin,1003,RELIGION,SRN CHRISTIAN VOICE,DELETED CH: 2500 W
1110,WBIB,AL,CENTREVILLE,1000.0,,,,32.9671,-87.1503,LICEN,,Bibb,1007,S. GSPL/OLDIES,WKLF 95.5 / WBIB 95.1,"//W236DX 95.1, WKLF-1000"
1110,KGFL,AR,CLINTON,5000.0,,1000.0,,35.5584,-92.4591,LICEN,,Van Buren,5141,OLDIES,THE TRIP 97.3 & 94.7,CH: 1000 W //K234BV 94.7
1110,KWVE,CA,PASADENA,50000.0,20000.0,,,34.1139,-117.9975,LICEN,"KRLA, KSPN, KDIS, KRDC",Los Angeles,6037,C. CHRIST,K-WAVE,EX-KRDC //K256CX 99.1
1110,KLIB,CA,ROSEVILLE,5000.0,500.0,,,38.7393,-121.2149,LICEN,"KPOP, KPIP, KRCX",Sutter,6101,ETHNIC/SPANISH,RADIO MULTICULTURAL,EX-KRCX
1110,WTIS,FL,TAMPA,10000.0,,5500.0,,27.9186,-82.3948,LICEN,,Hillsborough,12057,SPANISH TROPICAL,LA MEGA,//W266CW 101.1 CH: 5000W
1110,KAOI,HI,KIHEI,5000.0,5000.0,,,20.8194,-156.4514,LICEN,"KVIB, KHEI, KAOI, KPOI",Maui,15009,NEWS/TALK/SPORTS,ABC TALK OF MAUI,EX-KAOI/KIMO //K244AG 96.7
1110,WXES,IL,CHICAGO,4200.0,,,,41.9281,-88.007,LICEN,WMBI,Cook,17031,RELIGION/SPAN REL,ESNE RADIO,EX-WMBI //W292GB 106.3
1110,WKDZ,KY,CADIZ,790.0,,,,36.8826,-87.8456,LICEN,,Trigg,21221,OLDIES,FOX WHVO 96.5/100.9,//WHVO-1480
1110,WCBR,KY,RICHMOND,340.0,,,,37.7506,-84.206,LICEN,,Madison,21151,S. GSPL,MOUNTAIN GOSPEL,//W229CP 93.7
1110,WOMN,LA,FRANKLINTON,1000.0,,,,30.8596,-90.1659,LICEN,WFCG,Washington,22117,C&W,CAT COUNTRY,EX-WFCG //WUUU 98.9
1110,KTTP,LA,PINEVILLE,2000.0,,,,31.3646,-92.4543,LICEN,"KPAL, KKLC, KTLD",Rapides,22079,BLK GSPL,THE PRAISE,EX-KKLC/KTLD
1110,WUNN,MI,MASON,1000.0,,,,42.5519,-84.4053,LICEN,,Ingham,26065,RELIGION,FAMILY LIFE RADIO,//W260BX 99.9
1110,WWMN,MI,PETOSKEY,10000.0,10.0,,,45.3347,-84.9262,LICEN,WJML,Emmet,26047,RELIGION,STRONG TOWER RADIO,EX-WJML
1110,WKRA,MS,HOLLY SPRINGS,1000.0,,,,34.7865,-89.4167,LICEN,,Marshall,28093,SPORTS,THE CHANGE,
1110,WBT,NC,CHARLOTTE,50000.0,50000.0,,,35.1324,-80.8895,LICEN,,Mecklenburg,37119,STUNTING,,
1110,KFAB,NE,OMAHA,50000.0,50000.0,,,41.1197,-96.002,LICEN,,Douglas,31055,NEWS/TALK,FOX ABC NEWSRADIO,
1110,WMVX,NH,SALEM,5000.0,,,,42.7617,-71.2698,LICEN,"WVNH, WNNW, WCCM, WCEC, WCCM",Rockingham,33015,CLASSIC HITS,VALLEY 98.9,EX-WCEC/WCCM //W255DA 98.9
1110,KEJL,NM,HUMBLE CITY,5000.0,,2500.0,,32.8165,-103.2327,LICEN,"KCIA, KYKK, KPER",Lea,35025,CLASSIC ROCK,ABC WW1 EAGLE 100.5,CH: 2500 W //K263AZ 100.5
1110,WSFW,NY,SENECA FALLS,1000.0,,,,42.9153,-76.7741,LICEN,,Seneca,36099,RELIGION,VOICE OF CSN INT'L,//W296DI 107.1
1110,WTBQ,NY,WARWICK,500.0,,,,41.2809,-74.3624,LICEN,,Orange,36071,TALK/OLDIES,ABC WORTH LISTENING TO,//W228CG 93.5
1110,WGNZ,OH,FAIRBORN,5000.0,2.0,1700.0,,39.6648,-83.9438,LICEN,"WELX, WMMX",Greene,39057,S. GSPL/RELIGION,SRN GOOD NEWS 1110,CH: 1700 W //W282CD 104.3
1110,KBND,OR,BEND,10000.0,5000.0,,,44.1068,-121.2453,LICEN,,Deschutes,41017,NEWS/TALK,FOX WW1 NEWSTALK 1110,//K261DO 100.1
1110,WJSM,PA,MARTINSBURG,1000.0,,,,40.304,-78.2661,LICSL,"WJSM, WWBJ",Blair,42013,RELIGION,HEAVEN 1110 AM,EX-WJSM/WWBJ //FM 92.7
1110,WVJP,PR,CAGUAS,2500.0,500.0,,,18.2214,-66.0199,LICEN,,Caguas,72025,SPANISH TROPICAL,RADIO CAGUAS,//FM 103.3
1110,WPMZ,RI,EAST PROVIDENCE,5000.0,,,,41.8279,-71.3687,LICEN,"WHIM, WWRX, WHIM",Providence,44007,SPANISH TROPICAL,PODER 1110,EX-WWRX/WHIM //W271CR 102.1
1110,WSLV,TN,ARDMORE,2500.0,,1000.0,,34.9931,-86.8561,LICEN,,Giles,47055,C&W,OUTLAW 96.5 CH: 1000 W,"//W243EP 96.5, W286DF 105.5"
1110,WUAT,TN,PIKEVILLE,250.0,,,,35.6051,-85.1872,LICEN,,Bledsoe,47007,C&W,LITTLE GIANT OF VALLEY,
1110,KTEK,TX,ALVIN,2500.0,,2500.0,,29.3811,-95.2377,LICEN,,Brazoria,48039,RELIGION,RELEVANT RADIO,//K241CM 96.1
1110,KVTT,TX,MINERAL WELLS,50000.0,,39000.0,,33.3304,-97.7359,LICEN,"KORC, KYXS, KJSA",Wise,48497,ETHNIC ASIAN,FUN ASIA RADIO 104.9,CH: 39KW //K238CC 95.5
1110,KRPA,WA,OAK HARBOR,9000.0,2500.0,,,48.2818,-122.7082,LICEN,"KEUE, KISD, KJTT, KWDB",Island,53029,ETHNIC S. ASIAN,PUNJABI 1340,"//K258CW 99.5, KWLE-1340"
1110,WYMW,WV,HURRICANE,1000.0,,,,38.4448,-82.0149,LICEN,"WZTQ, WVKV, WOKU, WIHY, WMUX",Putnam,54079,C. CHRIST.,WALK FM,EX-WIHY/WMUX
1120,WHOG,AL,HOBSON CITY,500.0,,,,33.614,-85.8552,LICEN,"WHOX, WJOK",Calhoun,1015,SILENT,THE HOG,//W228EK 93.5
1120,KZSJ,CA,SAN MARTIN,5000.0,150.0,,,36.9636,-121.4905,LICEN,KSJI,San Benito,6069,ETHNIC VIETNAMESE,QUE HUONG RADIO,//K269GX 101.7
1120,KCRN,CO,LIMON,50000.0,,,,39.2744,-104.1622,LICEN,KLIM,Elbert,8039,RELIGION,EWTN //K232FG 94.3,"//K251CV 98.1, K282CH 104.3"
1120,WPRX,CT,BRISTOL,1000.0,500.0,,,41.6582,-72.9471,LICEN,WBIS,Hartford,9003,TROPICAL,DINAMICA ADRENALINA,EX-WBIS
1120,WUST,DC,WASHINGTON,50000.0,,3000.0,,38.8693,-76.8961,LICEN,,Montgomery,24031,URBAN NEWS/TALK,BIN BLACK INFO NETWORK,CH: 3000 W
1120,WXJO,GA,DOUGLASVILLE,1000.0,,,,33.7634,-84.7411,LICEN,"WQXM, WYGO, WBNM",Douglas,13097,RELIGION,MY CITY,EX-WYGO/WBNM //W283CT 104.5
1120,WBNW,MA,CONCORD,5000.0,1000.0,,,42.4484,-71.427,LICEN,"WWCC, WADN",Middlesex,25017,BUSINESS TALK,AP MONEY MATTERS RADIO,//W275CM 102.9
1120,KMOX,MO,ST. LOUIS,50000.0,50000.0,,,38.7226,-90.0551,LICEN,,St. Clair,17163,NEWS/TALK,ABC WW1 KMOX,//FM 104.1
1120,WTWZ,MS,CLINTON,10000.0,,2500.0,,32.351,-90.3395,LICEN,,Hinds,28049,ADLT STNDS,THE CONCERT HALL,CH: 2500 W //W273CY 102.5
1120,WSME,NC,CAMP LEJEUNE,6000.0,,4200.0,,34.7177,-77.2822,LICEN,"WBQZ, WJIK, WWOF, WCTJ, WWJV, WSMO",Onslow,37133,FOX OLDIES,"BEACH R., FREEDOM 97.1",CH: 4200 W //W246CJ 97.1
1120,WBBF,NY,BUFFALO,1000.0,,,,42.8306,-78.8,LICEN,"WHTT, WTKS, WHTT, WMNY",Erie,36029,CONTEMP HITS,HOT 98-9,EX-WHTT/WMNY //W255DH 98.9
1120,WKAJ,NY,SAINT JOHNSVILLE,2700.0,400.0,,,42.9998,-74.6913,LICEN,,Montgomery,36057,CLASSIC ROCK,SRN CLASSIC ROCK WYVS,//W250CX 97.9
1120,KETU,OK,CATOOSA,10000.0,,7000.0,,36.307,-95.9731,LICEN,KEOR,Tulsa,40143,SPANISH,LA QUETU LA DIFERENTE,CH: 7KW //K250BN 97.9
1120,KPNW,OR,EUGENE,50000.0,50000.0,,,43.9565,-123.0373,LICEN,,Lane,41039,NEWS/TALK,FOX NEWSRADIO 1120,//K229DC 93.7
1120,WKQW,PA,OIL CITY,1000.0,,,,41.3959,-79.6645,LICEN,,Venango,42121,SPORTS,FOX SPORTS,//W281CA 104.1
1120,WMSW,PR,HATILLO,2600.0,400.0,,,18.4683,-66.8402,LICEN,,Camuy,72027,SPANISH NEWS/TALK,RADIO ONCE,
1120,WTLT,TN,MARYVILLE,1000.0,,,,35.8423,-83.7724,LICEN,"WDOZ, WCGM, WKCE, WVLZ, WJMP",Blount,47009,URBAN HIPHOP/R&B,JUMP 97.1,EX-WVLZ/WJMP //W246DH 97.1
1120,KTXW,TX,MANOR,5600.0,155.0,,,30.3313,-97.5072,LICEN,KRAU,Travis,48453,RELIGION,THE BRIDGE,//K266CI 101.1
1120,KANN,UT,ROY,10000.0,1100.0,,,41.0586,-112.0702,LICEN,,Davis,49011,CONT. CHRIST,SRN SOUNDS OF SPIRIT,
1130,WALQ,AL,CARRVILLE,25000.0,,1000.0,,32.4549,-85.9325,LICEN,"WACQ, WSFU, WACQ",Elmore,1051,REG. MEX.,RADIO ESTRELLA,//W274BG 102.7 CH: 1000 W
1130,KAAB,AR,BATESVILLE,1000.0,20.0,,,35.7445,-91.6393,LICEN,,Independence,5063,C&W,OUTLAW COUNTRY,//KKIK 106.5
1130,KQNA,AZ,PRESCOTT VALLEY,1000.0,4.0,,,34.6295,-112.3168,LICEN,"KLKY, KWDS",Yavapai,4025,NEWS/TALK/SPORTS,SRN QUAD CITIES,"//K260BL 99.9, K238CB 95.5"
1130,KRDU,CA,DINUBA,5000.0,6200.0,,,36.4841,-119.2668,LICEN,,Tulare,6107,RELIGION,FRESNOS CHRISTIAN R.,
1130,KSDO,CA,SAN DIEGO,10000.0,10000.0,,,32.8512,-116.965,LICEN,,San Diego,6073,SPANISH RELIGION,RADIO INSPIRACION,"//KLTX-1390, KEZY-1240"
1130,KSDO,CA,SAN DIEGO,5000.0,300.0,,,32.7309,-117.0839,LICEN,,San Diego,6073,SPANISH RELIGION,RADIO INSPIRACION,"//KLTX-1390, KEZY-1240"
1130,WWBF,FL,BARTOW,2500.0,500.0,,,27.9089,-81.8256,LICEN,WPUL,Polk,12105,OLDIES,FOX CLASSIC HITS WBF,//W275AX 102.9
1130,WLBA,GA,GAINESVILLE,10000.0,,1000.0,,34.2793,-83.7757,LICEN,,Hall,13139,REG. MEX.,LA MEJOR,CH: 1000 W //WAOS-1600
1130,KPHI,HI,HONOLULU,1000.0,1000.0,,,21.4352,-157.9886,LICEN,KRUD,Honolulu,15003,OLDIES,OLDIES 107.5,"//K244EO 96.7, K298BA 107.5"
1130,KILJ,IA,MOUNT PLEASANT,250.0,22.0,,,40.9606,-91.5849,LICEN,KKSI,Henry,19087,CL. C&W,WW1 KJ COUNTRY,//K253CN 98.5
1130,WFNB,IN,BRAZIL,500.0,20.0,,,39.5122,-87.1384,LICEN,"WWCM, WSDM, WBZL, WSDM, WSDX, WFNF, WAMB",Clay,18021,SPORTS,FSR THE FAN BASE,"//W258BA 99.5, W295CQ 106.9"
1130,KLEY,KS,WELLINGTON,250.0,1.0,,,37.2411,-97.4014,LICEN,,Sumner,20191,C&W,THUNDER COUNTRY,//K281DI 104.1
1130,WBZB,KY,MURRAY,1500.0,,,,36.6356,-88.3195,LICEN,"WSJP, WRKY, WJGY, WOFC",Calloway,21035,C&W,FROGGY 103,EX-WJGY/WOFC //W283CP 104.5
1130,KWKH,LA,SHREVEPORT,50000.0,50000.0,,,32.7051,-93.8821,LICEN,,Caddo,22017,SPORTS,FSR THE TIGER,//K277DO 103.3
1130,WDFN,MI,DETROIT,50000.0,10000.0,,,42.1109,-83.1977,LICEN,"WCXI, WWWW",Wayne,26163,URBAN NEWS/TALK,BIN BLACK INFO NETWORK,EX-WCXI
1130,KTLK,MN,MINNEAPOLIS,50000.0,25000.0,,,44.6466,-93.3922,LICEN,"WDGY, KFAN, KTCN",Washington,27163,NEWS/TALK,FOX TWIN CITIES NWSTLK,EX-KFAN/KTCN //K278BP 103.5
1130,WQFX,MS,GULFPORT,1000.0,,,,30.3894,-89.1064,LICEN,"WGUF, WAIZ",Harrison,28047,BLK GSPL,MY POWER GOSPEL,//W254DJ 98.7
1130,WPYB,NC,BENSON,6500.0,,1000.0,,35.361,-78.5689,LICEN,,Harnett,37085,C&W,SRN THE BIG Y,CH: 1000 W
1130,WCLW,NC,EDEN,1000.0,,,,36.5226,-79.765,LICEN,"WWMO, WEDE",Rockingham,37157,S. GSPL,SOUTHERN GOSPEL AM1130,EX-WWMO/WEDE
1130,KBMR,ND,BISMARCK,10000.0,24.0,,,46.8103,-100.7365,LICEN,,Morton,38059,C&W,ABC COUNTRY 1130,
1130,WBBR,NY,NEW YORK,50000.0,50000.0,,,40.8109,-74.0396,LICEN,WNEW,Bergen,34003,BUSINESS NEWS,ABC BBN BLOOMBERG 1130,EX-WNEW
1130,WEDI,OH,EATON,250.0,,,,39.7487,-84.5838,LICEN,WCTM,Preble,39135,C&W/GOSPEL/BLUES,FOX REAL ROOTS RADIO,"//WBZI-1500, WKFI-1090"
1130,KQRR,OR,MOUNT ANGEL,25000.0,490.0,,,45.0762,-122.8087,LICEN,"KTRP, KPWX, KQRR, KXET",Marion,41047,SPANISH RELIGION,FAMILIAR CRISTIANA,//K227DU 93.3
1130,WOIZ,PR,GUAYANILLA,200.0,700.0,,,18.0155,-66.7724,LICEN,,Guayanilla,72059,SPANISH VARIETY,RADIO ANTILLAS,
1130,WEAF,SC,CAMDEN,5000.0,7.0,,,34.259,-80.5795,LICEN,"WPUB, WVEF, WAME, WQIS",Kershaw,45055,BLK GSPL,WORSHIP & WORD NETWORK,EX-WAME/WQIS //WALD-1080
1130,WHHW,SC,HILTON HEAD ISLAND,1000.0,500.0,,,32.2005,-80.724,LICSL,"WHHR, WHHQ, WHHR, WFXH, WHHR, WFXH",Beaufort,45013,SILENT,LA PANTERA 96.1,EX-WHHR/WFXH //W241CV 96.1
1130,WYXE,TN,GALLATIN,2300.0,,940.0,,36.4106,-86.4544,LICEN,WAMG,Sumner,47165,SPANISH RELIGION,RADIO VIDA,EX-WAMG CH:940W //WSBI 1210
1130,KTMR,TX,CONVERSE,25000.0,,,,29.3197,-97.9767,LICEN,"KQTI, KVOJ",Wilson,48493,SPANISH RELIGION,RADIO LA NUESTRA,EX-KVOJ //K223CT 92.5
1130,WISN,WI,MILWAUKEE,50000.0,10000.0,,,42.755,-88.0815,LICEN,,Milwaukee,55079,NEWS/TALK,FOX WW1 TALKRADIO 1130,
1130,WRRL,WV,RAINELLE,1000.0,,,,37.9579,-80.7623,LICEN,,Greenbrier,54025,CLASSIC ROCK,THE RIVER 107.7,"//W299CF 107.7,W268AZ 101.5"
1140,KSLD,AK,SOLDOTNA,10000.0,10000.0,,,60.5233,-151.0586,LICEN,KCSY,Kenai Peninsula,2122,SPORTS,ESPN 1140,//K245DB 96.9
1140,WBXR,AL,HAZEL GREEN,15000.0,,7500.0,,34.9531,-86.645,LICEN,"WKZF, WIXC",Madison,1089,RELIGION,THE ANCHOR,CH: 7500 W //W267CG 101.3
1140,KLTK,AR,CENTERTON,5000.0,,,,36.364,-94.3483,LICEN,KCTE,Benton,5007,REG. MEX.,RADIO LAS AMERICAS,//K260CS 99.9
1140,KVLI,CA,LAKE ISABELLA,1000.0,,,,35.6322,-118.4762,LICEN,"KVLI, KQAB",Kern,6029,C&W,OUTLAW COUNTRY,EX-KQAB //K240FH 95.9
1140,KNWQ,CA,PALM SPRINGS,10000.0,2500.0,,,33.8609,-116.4731,LICEN,"KCMJ, KNWZ",Riverside,6065,NEWS/TALK,WW1 94.3 K-NEWS,"//KNWZ-970, K232CX 94.3"
1140,KHTK,CA,SACRAMENTO,50000.0,50000.0,,,38.3927,-121.1986,LICEN,KRAK,Yolo,6113,SPORTS,W1S SACTOWN SPORTS,EX-KRAK
1140,KNAB,CO,BURLINGTON,1000.0,10.0,,,39.2947,-102.2607,LICEN,,Kit Carson,8063,ADLT STNDS,ABC THE PEOPLES CHOICE,//K230CD 93.9
1140,WPNS,FL,DESTIN,3000.0,12.0,2400.0,,30.5096,-86.4761,LICEN,"WWOU, WBZR, WNWF",Okaloosa,12091,NEWS/TALK,NEWSTALK 1140,CH: 2400 W EX-WNWF
1140,WQBA,FL,MIAMI,50000.0,10000.0,,,25.7679,-80.4859,LICEN,,Miami-Dade,12086,SPANISH AC,EL PULSO DE MIAMI,
1140,WVVO,FL,ORLANDO,5000.0,8.0,,,28.5803,-81.4209,LICEN,"WONQ, WRMQ, WURF, WURB",Lake,12069,SPANISH SALSA,VIVA FM,EX-WRMQ/WURF/WURB
1140,KGEM,ID,BOISE,10000.0,10000.0,,,43.5963,-116.2509,LICEN,,Canyon,16027,RELIGION,EWTN SALT & LIGHT R.,//K272FS 102.3
1140,WVEL,IL,PEKIN,5000.0,,3200.0,,40.6034,-89.6257,LICEN,WSIV,Tazewell,17179,RELIGION/BLK GSPL,CENTRAL IL CHRISTIAN,CH: 3200 W
1140,WAWK,IN,KENDALLVILLE,250.0,,,,41.4545,-85.2633,LICEN,,Noble,18113,OLDIES,THE HAWK,//W238BH 95.5
1140,WVHF,MI,KENTWOOD,5000.0,,,,42.9359,-85.4573,LICEN,"WKWM, WXBV, WKWM, WJNZ",Kent,26081,RELIGION,EWTN HOLY FAMILY RADIO,EX-WXBV/WJNZ //W252DG 98.3
1140,KCXL,MO,LIBERTY,4000.0,6.0,,,39.2383,-94.3999,LICEN,"KLDY, KKCI",Clay,29047,TALK/STNDS/SPORTS,SRN WW1 LIBERTY 1140,"//K275BQ 102.9,K284CH 104.7"
1140,KPWB,MO,PIEDMONT,1000.0,,,,37.1414,-90.7032,LICEN,,Wayne,29223,C&W,KICKIN COUNTRY 104.9,//FM 104.9
1140,WAPF,MS,MCCOMB,1000.0,,,,31.2477,-90.4207,LICSL,WAKK,Pike,28113,SPORTS,ESPN,
1140,WRNA,NC,CHINA GROVE,1000.0,,250.0,,35.5724,-80.5889,LICEN,,Rowan,37159,S.GSPL/RELIGION,BEST&MOST S. GSPL,//WRKB-1460 CH: 250 W
1140,WCJW,NY,WARSAW,8000.0,,2300.0,,42.7262,-78.1117,LICEN,,Wyoming,36121,C&W,FOX CJ COUNTRY CH:2.3K,"//FM 100.9, 103.7, 105.5"
1140,KRMP,OK,OKLAHOMA CITY,1000.0,,,,35.3873,-97.4992,LICEN,"KVSP, KPRW, KVSP",Canadian,40017,URBAN OLDIES,ABC HEART AND SOUL,EX-KPRW/KVSP //K221FQ 92.1
1140,WQII,PR,SAN JUAN,10000.0,10000.0,,,18.3564,-66.1344,LICSL,,San Juan,72127,SILENT,11Q CADENA NACIONAL,
1140,KXRB,SD,SIOUX FALLS,10000.0,5000.0,,,43.4805,-96.6856,LICEN,KSOO,Minnehaha,46099,CL. C&W,REAL COUNTRY,EX-KSOO //FM 100.1
1140,WLOD,TN,LOUDON,1000.0,,,,35.7265,-84.3469,LICEN,WLNT,Loudon,47105,C&W,FOX TRUE OLDIES,//W248DC 93.9
1140,KCPP,TX,CLEBURNE,5000.0,710.0,,,32.2826,-97.4134,LICEN,"KCLE, KHFX",Johnson,48251,RELIGION,EWTN GUADALUPE RADIO,EX-KCLE/KHFX //K268DQ 101.5
1140,KYOK,TX,CONROE,5000.0,,,,30.3447,-95.4591,LICEN,"KMUV, KPHD, KSSQ, KCHC",Montgomery,48339,BLK GSPL,THE LEGENDARY KY,EX-KSSQ/KCHC //K293CZ 105.3
1140,WRVA,VA,RICHMOND,50000.0,50000.0,,,37.4045,-77.3148,LICEN,,Henrico,51087,NEWS/TALK,ABC FOX NEWSRADIO 1140,//W241AP 96.1
1140,WHNQ,VA,ST. PAUL,250.0,,,,36.8709,-82.3057,LICEN,"WSPC, WXLZ",Russell,51167,C&W,TODAYS BEST CNTRY,EX-WXLZ //FM 107.3 CH:1100W
1140,KZMQ,WY,GREYBULL,10000.0,,,,44.4502,-108.0496,LICEN,KMMZ,Big Horn,56003,OLDIES,FOX GOODTIME OLDIES,EX-KMMZ //K225CO 92.9
1150,WJRD,AL,TUSCALOOSA,20000.0,1000.0,,,33.2496,-87.6086,LICEN,"WJRD, WZBQ, WSPZ",Tuscaloosa,1125,OLDIES,ABC TRUE OLDIES CHAN.,//W271AM 102.1
1150,KEIB,CA,LOS ANGELES,50000.0,44000.0,,,34.0333,-117.9842,LICEN,"KUSA, KPRZ, KIIS, KXTA, KTLK",Los Angeles,6037,TALK/SPORTS,FOX WW1 THE PATRIOT,EX-KIIS/KXTA/KTLK
1150,KNRV,CO,ENGLEWOOD,10000.0,1000.0,,,39.605,-104.8408,LICEN,"KRZN, KFRR, KCUV, KNRC",Arapahoe,8005,SPANISH NEWS/TALK,"ONDA 1150, R. FORMULA",EX-KCUV/KNRC //K241CP 96.1
1150,WMRD,CT,MIDDLETOWN,2500.0,46.0,,,41.5573,-72.6198,LICEN,WCNX,Middlesex,9007,TALK,WE GOT PERSONALITY,"//W279EK 103.7, WLIS-1420"
1150,WDEL,DE,WILMINGTON,5000.0,5000.0,,,39.8159,-75.5296,LICEN,,New Castle,10003,NEWS/TALK/SPORTS,ABC DELAWARE'S NEWS,//FM 101.7
1150,WNDB,FL,DAYTONA BEACH,1000.0,1000.0,,,29.2353,-81.0717,LICEN,,Volusia,12127,NEWS/TALK,FOX NEWS DAYTONA BEACH,
1150,WTMP,FL,EGYPT LAKE,10000.0,500.0,,,28.012,-82.4979,LICEN,,Hillsborough,12057,SPORTS,ESPN TAMPA,"//W225CQ 92.9, W271DL 102.1"
1150,WXKO,GA,FORT VALLEY,1000.0,62.0,,,32.5762,-83.9046,LICEN,WFPM,Peach,13225,SPORTS,ESPN SPORTS SUPER STA.,"//W226BZ 93.1, W290BD 105.9"
1150,WJEM,GA,VALDOSTA,2300.0,50.0,,,30.8471,-83.2371,LICEN,,Lowndes,13185,SPORTS,FOX SPORTSRADIO,//W232DB 94.3
1150,KCPS,IA,BURLINGTON,500.0,67.0,,,40.8531,-91.1363,LICEN,KKUZ,Des Moines,19057,TALK,SRN VOICE OF THE,PEOPLE
1150,KDLX,IA,DES MOINES,2500.0,1000.0,,,41.4525,-93.6813,LICEN,KWKY,Warren,19181,REG. MEX.,LA LEY,EX-KWKY //K233BT 94.5
1150,WGGH,IL,MARION,5000.0,44.0,,,37.7298,-88.8956,LICEN,,Williamson,17199,NEWS/TALK/REL,SRN THE LEGENDARY,//W251DC 98.1
1150,KSAL,KS,SALINA,5000.0,5000.0,,,38.8842,-97.5175,LICEN,,Saline,20169,NEWS/TALK/SPORTS,SRN BNN NEWSRADIO,//K294DI 106.7
1150,WMST,KY,MT. STERLING,2500.0,53.0,,,38.0448,-83.9013,LICEN,,Montgomery,21173,ADLT STNDS,AMERICAS BEST MX,//W295BD 106.9
1150,WLOC,KY,MUNFORDVILLE,1000.0,61.0,,,37.2692,-85.9155,LICEN,,Hart,21099,C&W/AC,STUDIO 101.7,//W269DD 101.7
1150,WJBO,LA,BATON ROUGE,15000.0,5000.0,,,30.4632,-91.2696,LICEN,,West Baton Rouge,22121,NEWS/TALK,FOX NEWSRADIO,//K254DM 98.7
1150,WWDJ,MA,BOSTON,5000.0,5000.0,,,42.4134,-71.2106,LICEN,"WSNY, WHUE, WMEX, WROR, WNFT, WAMG, WBPS, WTTT",Norfolk,25021,RELIGION,RELEVANT RADIO,EX-WROR/WNFT/WAMG/WBPS/WTTT
1150,KASM,MN,ALBANY,2100.0,21.0,,,45.6314,-94.6003,LICEN,,Stearns,27145,C&W/POLKA,CHASEM,//K299BT 107.7
1150,KRMS,MO,OSAGE BEACH,840.0,55.0,,,38.0881,-92.7383,LICEN,,Camden,29029,NEWS/TALK,FOX YOUR NEWSTALK,"//K248BP 97.5, K277DJ 103.3"
1150,KSEN,MT,SHELBY,10000.0,5000.0,,,48.4811,-111.8848,LICEN,,Toole,30101,OLDIES,ABC GOOD AS GOLD,
1150,WBAG,NC,BURLINGTON-GRAHAM,1000.0,48.0,,,36.1135,-79.4498,LICEN,"WBAG, WQRB",Alamance,37001,TALK/OLDIES,AP HOMETOWN STATION,//W290CX 105.9
1150,WGBR,NC,GOLDSBORO,5000.0,800.0,,,35.3741,-78.0114,LICEN,,Wayne,37191,OLDIES/ROCK,GREATEST HITS,//W252CL 98.3
1150,KNMM,NM,ALBUQUERQUE,1500.0,105.0,,,35.1323,-106.6223,LICEN,"KDQQ, KDRM, KDEF",Bernalillo,35001,OLDIES,Q-102,EX-KDEF //K271CP 102.1
1150,WCUE,OH,CUYAHOGA FALLS,5000.0,500.0,,,41.2014,-81.5234,LICSL,,Summit,39153,SILENT,FAMILY RADIO,
1150,WIMA,OH,LIMA,1000.0,1000.0,,,40.6798,-84.1094,LICEN,,Allen,39003,NEWS/TALK/SPORTS,FOX NEWSRADIO 1150,FSR 6-8 PM
1150,KNED,OK,MCALESTER,1000.0,500.0,,,34.9367,-95.7333,LICEN,,Pittsburg,40121,C&W/RELIGION,ABC CLASSIC COUNTRY,//K252FQ 98.3
1150,KAGO,OR,KLAMATH FALLS,5000.0,52.0,,,42.2155,-121.7985,LICEN,,Klamath,41035,NEWS/TALK,FOX WW1 NEWSTALK 1150,//K225CW 92.9
1150,WHUN,PA,HUNTINGDON,1000.0,36.0,,,40.4551,-77.9803,LICEN,"WHUN, WLLI",Huntingdon,42061,OLDIES/ROCK,WOW-EE RADIO,"//FM 103.5, WOWY 97.1, 97.7"
1150,WMNY,PA,NEW KENSINGTON,1000.0,70.0,,,40.5734,-79.7826,LICEN,"WKPA, WGBN",Allegheny,42003,ETHNIC HINDU,RADIO DHOOM,EX-WKPA/WGBN
1150,WAVO,SC,ROCK HILL,5000.0,59.0,,,34.9487,-80.9993,LICEN,"WXLF, WYRS",York,45091,RELIGION,THE LIGHT FM,"//W268DM 101.5,W282BP 104.3"
1150,WSNW,SC,SENECA,500.0,58.0,,,34.6876,-82.9876,LICEN,,Oconee,45073,RELIGION,THE LIGHT FM,//W231BX 94.1
1150,KIMM,SD,RAPID CITY,5000.0,36.0,,,44.0761,-103.1121,LICEN,,Pennington,46103,SPORTS,FOX SPORTSRADIO,//K294BT 106.7
1150,WGOW,TN,CHATTANOOGA,5000.0,1000.0,,,35.0681,-85.3344,LICEN,,Hamilton,47065,NEWS/TALK,ABC WW1 NEWSTALK RADIO,
1150,WCRK,TN,MORRISTOWN,4500.0,13.0,,,36.207,-83.3329,LICEN,,Hamblen,47063,CLASSIC HITS,ABC 107.5 CRK,//W289BQ 105.7
1150,WDTM,TN,SELMER,1000.0,,,,35.1909,-88.5892,LICEN,,McNairy,47109,S. GSPL,GOOD NEWS 1150,
1150,KZNE,TX,COLLEGE STATION,1000.0,500.0,,,30.6319,-96.3577,LICEN,"WTAW, WTAW",Brazos,48041,SPORTS,ESPN THE ZONE,EX-WTAW //K229DK 93.7
1150,KCCT,TX,CORPUS CHRISTI,1000.0,500.0,,,27.8006,-97.4792,LICEN,,Nueces,48355,TEJANO,RETRO TEJANO 104.1,//K281AV 104.1
1150,KHRO,TX,EL PASO,5000.0,380.0,,,31.7537,-106.4166,LICEN,"KSVE, KINT, KSVE",El Paso,48141,REG. MEX.,LA SAUVECITA,EX-KEZB/KSVE //KINT 93.9
1150,KBPO,TX,PORT NECHES,500.0,63.0,,,30.0847,-93.9704,LICEN,"KSUZ, KDLF, KUHD",Orange,48361,SPANISH RELIGION,RADIO VIDA,EX-KDLF/KUHD //K225CN 92.9
1150,KOLJ,TX,QUANAH,530.0,77.0,,,34.3154,-99.7473,LICEN,"KOLJ, KIXC, KVDL, KREL",Hardeman,48197,CL. C&W,AP COUNTRY CLASSICS,EX-KVDL/KREL //K264BI 100.7
1150,WNLR,VA,CHURCHVILLE,2500.0,35.0,,,38.211,-79.1311,LICEN,WABH,Augusta,51015,RELIGION,NEW LIFE RADIO,
1150,KQQQ,WA,PULLMAN,11000.0,27.0,,,46.7266,-117.2074,LICEN,,Whitman,53075,NEWS/TALK/SPORTS,ABC WW1 NEWSTALK 1150,//K271CU 102.1
1150,KKNW,WA,SEATTLE,10000.0,6000.0,,,47.5865,-122.1873,LICEN,"KGNW, KGMW, KEZX, KSRB",Kitsap,53035,NEWS/TALK/ETHNIC,NBC ALTERNATIVE TALK,EX-KEZX/KSRB
1150,WEAQ,WI,CHIPPEWA FALLS,5000.0,46.0,,,44.8847,-91.3904,LICEN,WAYY,Chippewa,55017,C&W,THE FARM,EX-WAYY //W240DC 95.9
1150,WHBY,WI,KIMBERLY,20000.0,25000.0,,,44.1389,-88.5462,LICEN,WYNE,Winnebago,55139,NEWS/TALK,REAL LOCAL RADIO,"//W278AU 103.5,W292FA 106.3"
1150,WELC,WV,WELCH,5000.0,,,,37.4171,-81.6159,LICEN,,McDowell,54047,AC/EZL,WW1 98.7 EZ-FM,//WKEZ-1240
1160,WEWC,FL,CALLAHAN,5000.0,250.0,,,30.3747,-81.7409,LICEN,"WJVR, WELX",Duval,12031,REG. MEX.,LA RAZA 92.9,
1160,WRLZ,FL,ST. CLOUD,2500.0,500.0,,,28.2711,-81.3331,LICEN,"WOYE, WIWA",Osceola,12097,ETHNIC PORTUGUESE,NOSSA RADIO USA,EX-WIWA
1160,WCFO,GA,EAST POINT,50000.0,160.0,,,33.8262,-84.6055,LICEN,"WMLD, WERD, WKGE, WMLB, WWAA",Fulton,13121,RELIGION,EWTN THE QUEST,EX-WMLB/WWAA //W290AS 92.5
1160,WYLL,IL,CHICAGO,15000.0,50000.0,,,41.5731,-87.9937,LICEN,"WJJD, WSCR, WXRT",Cook,17031,RELIGION,SRN HOPE FOR YOUR LIFE,EX-WJJD/WSCR/WXRT
1160,WYLL,IL,CHICAGO,50000.0,,,,42.0417,-87.8659,LICEN,"WJJD, WSCR, WXRT",Cook,17031,RELIGION,SRN HOPE FOR YOUR LIFE,EX-WJJD/WSCR/WXRT
1160,WCVX,KY,FLORENCE,5000.0,990.0,,,38.9692,-84.6822,LICEN,"WMLX, WBND, WKYN, WBOB, WDJO, WQRT",Boone,21015,RELIGION,SRN CHRISTIAN TALK,EX/WBND/WKYN/WBOB/WDJO/WQRT
1160,WKCM,KY,HAWESVILLE,2500.0,55.0,,,37.9056,-86.7581,LICEN,,Hancock,21091,C&W,ABC COUNTRY CLASSICS,"//WBIO 94.7,W250BW 97.9,ETC"
1160,WMET,MD,GAITHERSBURG,50000.0,1500.0,,,39.1879,-77.2152,LICEN,"WJOK, WMTG",Montgomery,24031,RELIGION,EWTN GUADALUPE R. NET,//W276DT 103.1
1160,WSKW,ME,SKOWHEGAN,10000.0,730.0,,,44.7451,-69.6917,LICEN,WQMR,Somerset,23025,SPORTS,W1S THE SCORE,
1160,WCXI,MI,FENTON,15000.0,400.0,,,42.5442,-83.5594,LICEN,"WACY, WCXI, WWON",Oakland,26125,RELIGION,,EX-WACY/WWON
1160,KCTO,MO,CLEVELAND,5000.0,230.0,,,38.6739,-94.608,LICEN,,Cass,29037,SPANISH RELIGION,RADIO MARIA,
1160,WYDU,NC,RED SPRINGS,5000.0,250.0,,,34.8396,-79.1797,LICEN,"WYRU, WTEL, WYRU, WTEL, WYRU, WTEL",Robeson,37155,BLK GSPL,POWERHOUSE 1160 & 98.5,"//WIDU-1600,WEWO-1460,WAGR"
1160,WWQT,NC,TRYON,25000.0,500.0,,,35.2382,-82.2426,LICEN,"WTYN, WKJT, WJFJ",Polk,37149,RELIGION,THE LIFE FM,EX-WKJT/WJFJ //W252EJ 98.3
1160,WJLK,NJ,LAKEWOOD TOWNSHIP,5000.0,8900.0,,,40.1359,-74.2296,LICEN,"WHLW, WOBM",Monmouth,34025,OLDIES,BEACH RADIO,//W281CK 104.1
1160,WVNJ,NJ,OAKLAND,20000.0,2500.0,,,41.0565,-74.249,LICEN,,Bergen,34003,RELIGION,RELEVANT RADIO,//WNSW-1430
1160,WSSV,NY,MECHANICVILLE,5000.0,570.0,,,42.9201,-73.7018,LICEN,"WMVI, WABY, WAIX",Saratoga,36091,CLASSIC ROCK,STAR RADIO,//W227DW 93.3 EX-WAIX
1160,WPIE,NY,TRUMANSBURG,5000.0,220.0,,,42.545,-76.7102,LICEN,WJCU,Schuyler,36097,SPORTS,ESPN ITHACA,//W296CP 107.1
1160,WCCS,PA,HOMER CITY,10000.0,1000.0,,,40.5717,-79.1697,LICEN,WRID,Indiana,42063,NEWS/TALK/SPORTS,FOX W1S HOMETOWN STN,//W266CZ 101.1
1160,WMTI,PR,BARCELONETA-MANATI,5000.0,3500.0,,,18.3436,-66.4178,LICEN,"WBQN, WAPA, WISO",Morovis,72101,SPANISH NEWS/TALK,WAPA LA PODEROSA,//W287DR 105.3 EX-WBQN
1160,WCRT,TN,DONELSON,50000.0,1000.0,,,36.1637,-86.7156,LICEN,WAMB,Davidson,47037,RELIGION,SRN BOTT RADIO NET,EX-WAMB //WECV 89.1
1160,KBDT,TX,HIGHLAND PARK,,1000.0,,,33.0393,-96.9431,LICSL,"KVIX, KVIL, KDMM, KBIS, KMGS, KVCE",Denton,48121,SILENT,RADIO SAIGON DALLAS,EX-KMGS/KVCE
1160,KBDT,TX,HIGHLAND PARK,35000.0,,,,33.1771,-97.677,LICSL,"KVIX, KVIL, KDMM, KBIS, KMGS, KVCE",Denton,48121,SILENT,RADIO SAIGON DALLAS,EX-KMGS/KVCE
1160,KRDY,TX,SAN ANTONIO,10000.0,1000.0,,,29.5366,-98.6867,LICEN,"KFHM, KVAR, KENS",Medina,48325,RELIGION,RELEVANT RADIO,EX-KFHM/KVAR
1160,KSL,UT,SALT LAKE CITY,50000.0,50000.0,,,40.7794,-112.0997,LICEN,,Salt Lake,49035,NEWS/TALK,ABC BNN NEWSRADIO 1160,//FM 102.7
1160,WODY,VA,FIELDALE,5000.0,250.0,,,36.7101,-79.9659,LICEN,"WBYG, WCBX",Henry,51089,RELIGION,JOY FM,//W264CM 100.7
1170,KJNP,AK,NORTH POLE,50000.0,21000.0,,,64.759,-147.3263,LICEN,,Fairbanks North Star,2090,RELIGION/ETHNIC,SRN,
1170,WGMP,AL,MONTGOMERY,850.0,7.0,,,32.4549,-86.2905,LICEN,"WCOV, WACV",Montgomery,1101,ROCK,THE GUMP,//W285AJ 104.9 EX-WACV
1170,KYET,AZ,GOLDEN VALLEY,6000.0,1.0,,,35.2131,-114.1147,LICEN,"KBWA, KDAN",Mohave,4015,CL. C&W,AP WW1 CACTUS COUNTRY,//K222CZ 92.3
1170,KCBQ,CA,SAN DIEGO,50000.0,2900.0,,,32.8951,-116.9261,LICEN,,San Diego,6073,NEWS/TALK,SRN THE ANSWER,//K241CT 96.1
1170,KLOK,CA,SAN JOSE,50000.0,9000.0,,,37.3577,-121.8724,LICEN,,Santa Clara,6085,ETHNIC S. ASIAN,PUNJABI RADIO USA,
1170,KJJD,CO,WINDSOR,1000.0,,,,40.4627,-104.9136,LICEN,"KSGR, KFSC, KVVS",Weld,8123,REG. MEX.,LA LEY,EX-KVVS
1170,WKFL,FL,BUSHNELL,1000.0,,,,28.7089,-82.1265,LICEN,"WWLB, WBEA",Sumter,12119,OLDIES,BOSS HOGG RADIO,"//WWAB-1330, WHNR-1360"
1170,WAVS,FL,DAVIE,5000.0,250.0,,,26.0779,-80.2173,LICEN,,Broward,12011,ETHNIC CARIBBEAN,VOICE OF CARRIBEAN,//W300DF 107.9
1170,WSOS,FL,ST. AUGUSTINE BEACH,710.0,,,,29.9183,-81.3904,LICEN,"WAIA, WHWY, WKLN",St. Johns,12109,OLDIES,OLDIES 103.9,"//W239CN 95.7, W280EY 103.9"
1170,WDFB,KY,JUNCTION CITY,1000.0,,,,37.5962,-84.8386,LICEN,,Boyle,21021,S. GSPL/RELIGION,CHRISTIAN RADIO,//FM 88.1
1170,WFPB,MA,ORLEANS,670.0,,,,41.7807,-70.01,LICEN,"WKPE, WHXT, WKPE",Barnstable,25001,VARIETY,NPR WUMB 91.9,EX-WKPE //W287DE 105.3
1170,WFPB,MA,ORLEANS,1000.0,,,,41.7757,-69.9959,LICEN,"WKPE, WHXT, WKPE",Barnstable,25001,VARIETY,NPR WUMB 91.9,EX-WKPE //W287DE 105.3
1170,KFOW,MN,WASECA,2500.0,5.0,1000.0,,44.0447,-93.3858,LICEN,"KOWO, KOWZ, KRUE, KOWZ",Steele,27147,SPORTS,FSR THE FAN OWATONNA,CH: 1000 W //K292GU 106.3
1170,KJXX,MO,JACKSON,250.0,5.0,,,37.382,-89.6534,LICSL,"KJAS, KUGT",Cape Girardeau,29031,SILENT,101.9 THE BLOCK,EX-KUGT //K270CN 101.9
1170,WRPM,MS,POPLARVILLE,1000.0,,,,30.8155,-89.5067,LICEN,,Pearl River,28109,S. GSPL,BEST IN S. GSPL,//W259DA 99.7
1170,WCXN,NC,CLAREMONT,7700.0,,1000.0,,35.7262,-81.1476,LICSL,,Catawba,37035,SILENT,,CH: 1000 W
1170,WCLN,NC,CLINTON,5000.0,,1000.0,,35.0227,-78.3492,LICEN,,Sampson,37163,OLDIES,ABC FUN TIME OLDIES,CH: 1000 W
1170,WWTR,NJ,BRIDGEWATER,600.0,,,,40.5604,-74.5891,LICEN,"WBRW, WWTR, WJJZ",Somerset,34035,ETHNIC S. ASIAN,EBC RADIO,EX-WBRW/WSPW/WWTR/WJJZ
1170,WWLE,NY,CORNWALL,800.0,,,,41.4401,-74.0732,LICEN,"WNBW, WARW",Orange,36071,SPANISH AC,EL PODER,EX-WARW/WRWD //W261DY 100.1
1170,KOTV,OK,TULSA,50000.0,50000.0,,,36.1465,-95.8075,LICEN,"KVOO, KFAQ, KTSB",Tulsa,40143,NEWS/TALK/SPORTS,NEWS ON SIX NOW,EX-KVOO/KFAQ/KTSB
1170,WLEO,PR,PONCE,200.0,200.0,,,17.9792,-66.6133,LICEN,"WLEO, WZUR",Ponce,72113,SPANISH OLDIES,RADIO LEO,
1170,WDEK,SC,LEXINGTON,10000.0,,3300.0,,33.9738,-81.1495,LICEN,"WXAX, WLGO, WQVA",Lexington,45063,BLK GSPL,COLOMBIA'S PRAISE 97.9,CH: 3300W //W239DA 95.7
1170,KPUG,WA,BELLINGHAM,10000.0,5000.0,,,48.7759,-122.4404,LICEN,,Whatcom,53073,SPORTS,ESPN W1S SPORTS LEADER,//K250BW 97.9
1170,WFDL,WI,WAUPUN,1000.0,,,,43.6431,-88.7237,LICEN,"WLKE, WLKD, WMRH",Fond du Lac,55039,OLDIES/NEWS,ABC THE SOURCE 1170,EX-WLKD/WMRH //W277AC 103.3
1170,WWVA,WV,WHEELING,50000.0,50000.0,,,40.102,-80.867,LICEN,,Belmont,39013,TALK/RELIGION,FOX NEWSRADIO 1170,
1180,WGUE,AR,TURRELL,5000.0,26.0,3500.0,,35.142,-90.1351,LICEN,"WWEE, WPLX, KXIQ, WUMY",Crittenden,5035,REG. MEX.,LA JEFA 99.3,CH: 3500 W //W257CY 99.3
1180,KGEO,CA,WASCO-GREENACRES,10000.0,10000.0,,,35.5713,-119.3248,LICEN,"KWSO, KERI, KERN",Kern,6029,NEWS/TALK,SRN NEWSTALK 1230 96.1,EX-KERI/KERN //K241CI 96.1
1180,WZQZ,GA,TRION,5000.0,,,,34.4729,-85.3252,LICEN,"WENL, WSAF",Chattooga,13055,CL. C&W,WW1 REAL COUNTRY,EX-WSAF //W256DP 99.1
1180,WLDS,IL,JACKSONVILLE,1000.0,2.0,,,39.7345,-90.1973,LICEN,,Morgan,17137,TALK,YOUR NEWS SOURCE,
1180,WSQR,IL,SYCAMORE,900.0,1.0,,,42.0067,-88.6779,LICEN,,DeKalb,17037,CLASSIC ROCK,ABC WW1 92.9 THE Q,FROM 1560 //W225CC 92.9
1180,WGAB,IN,NEWBURGH,670.0,1.0,,,37.9545,-87.4186,LICEN,,Warrick,18173,GOSPEL,FAITH MUSIC RADIO,EX-WJJN //W226CB 93.1
1180,WXLA,MI,DIMONDALE,10000.0,,2000.0,,42.6503,-84.5803,LICEN,WDTB,Ingham,26065,AC/EZL,ABC EASY 93.3,CH: 2000 W //W227DO 93.3
1180,KYES,MN,ROCKVILLE,50000.0,5000.0,8000.0,,45.3619,-94.2994,LICEN,,Stearns,27145,RELIGION,RELEVANT RADIO / K-YES,CH: 8000 W //K228FV 93.5
1180,WJNT,MS,PEARL,50000.0,500.0,10000.0,,32.2954,-90.1151,LICEN,"WPRL, WKKE",Rankin,28121,NEWS/TALK,FOX WW1 NEWSTALK 1180,CH: 10000 W //W245AH 96.9
1180,KOFI,MT,KALISPELL,50000.0,10000.0,,,48.1978,-114.2518,LICEN,,Flathead,30029,CLASSIC ROCK/TALK,ABC NEWSTALK OLDIES,//K282BP 104.3
1180,KZOT,NE,BELLEVUE,25000.0,1000.0,,,41.27,-95.7864,LICEN,"KNPE, KKAR, KOIL, KYDZ, KOIL",Sarpy,31153,CLASSIC ROCK,YACHT ROCK 1180,EX-KYDZ/KOIL
1180,WHAM,NY,ROCHESTER,50000.0,50000.0,,,43.082,-77.7247,LICEN,,Monroe,36055,NEWS/TALK,FOX BNN NEWSRADIO 1180,//W241DG 96.1
1180,WFYL,PA,KING OF PRUSSIA,1000.0,,,,40.1351,-75.3905,LICEN,"WVFC, WMEX, WVFC",Montgomery,42091,RELIGION,,MOVED FROM 1530
1180,WSKP,RI,HOPE VALLEY,1800.0,,1000.0,,41.5268,-71.7426,LICEN,"WJJF, WCNX, WCRI, WSKP, WWRX",Washington,44009,OLDIES,KOOL RADIO,CH:1KW //WNTY-990
1180,WFGN,SC,GAFFNEY,2500.0,,,,35.0499,-81.6448,LICEN,WFGN,Cherokee,45021,BLK GSPL,YOUR SPIRITUAL FRIEND,
1180,WKCE,TN,KNOXVILLE,10000.0,,2600.0,,35.9801,-83.8191,LICEN,"WHJM, WVLZ",Knox,47093,OLDIES,ABC MID-CENTURY RADIO,CH: 2600 W //W223DM 92.5
1180,KGOL,TX,HUMBLE,50000.0,3000.0,,,30.1394,-95.2902,LICEN,KTUN,Montgomery,48339,ETHNIC,103.5 HUM FM,//K278DA 103.5
1180,KGOL,TX,HUMBLE,50000.0,5700.0,35000.0,,29.9016,-95.8044,LICEN,KTUN,Montgomery,48339,ETHNIC,103.5 HUM FM,//K278DA 103.5
1180,KLPF,TX,MIDLAND,25000.0,215.0,,,31.934,-102.0429,LICEN,"KJBC, KVDG",Midland,48329,RELIGION,EWTN GUADALUPE RADIO,MOVED FROM 1150
1180,KLAY,WA,LAKEWOOD,5000.0,1000.0,,,47.1498,-122.4118,LICEN,"KLAY, KDFL",Pierce,53053,RELIGION,EWTN SACRED HEART R.,//K297CA 107.3
1190,WEUV,AL,MOULTON,2500.0,,,,34.482,-87.3011,LICEN,WHIY,Lawrence,1079,BLK GSPL,WORSHIP 94.5,EX-WHIY //WEUP-1700
1190,KREB,AR,GENTRY,3000.0,,,,36.4115,-94.4508,LICEN,"KJEM, KESE",Benton,5007,REG. MEX.,RADIO EXITOS,EX-KJEM/KESE //K263CB 100.5
1190,KASZ,AR,WHITE HALL,25000.0,350.0,,,34.2837,-92.1276,LICEN,KJJI,Jefferson,5069,CLASSIC ROCK,ARKANSAS ROCKS,EX-KJJI //K255AX 98.9
1190,KNUV,AZ,TOLLESON,640.0,22.0,,,33.4936,-112.1392,LICEN,"KRDS, KMYL",Maricopa,4013,SPANISH NEWS/TALK,LA ONDA GRUPO FORMULA,EX-KRDS/KMYL //KRPH 99.5
1190,KGBN,CA,ANAHEIM,20000.0,1300.0,,,33.945,-117.8631,LICEN,"KEZY, KPZE, KORG, KEZY, KXMX",Orange,6059,ETHNIC KOREAN,MULTICULTURAL RADIO,EX-KORG/KEZY/KXMX
1190,KDYA,CA,VALLEJO,3000.0,,,,38.1341,-122.4266,LICEN,"KNBA, KXBT, KDIA, KXBT",Sonoma,6097,BLK GSPL,GOSPEL 1190 THE LIGHT,EX-KNBA/KDIA/KXBT
1190,KVCU,CO,BOULDER,6800.0,110.0,5000.0,,39.9647,-105.2358,LICEN,"KBCO, KBLD, KBCO",Boulder,8013,MODERN ROCK/VAR,RADIO 1190,EX-KBCO CH: 5000 W
1190,WAMT,FL,PINE CASTLE SKY LAKE,4700.0,230.0,,,28.4669,-81.3745,LICEN,"WREM, WWLD, WAJL, WIXL",Orange,12095,RELIGION,FAMILY RADIO,EX-WAJL/WIXL
1190,WPSP,FL,ROYAL PALM BEACH,690.0,410.0,,,26.8173,-80.2517,LICEN,"WOEZ, WOEQ, WLAZ",Palm Beach,12099,SPANISH TALK,LA PRIMERA,EX-WOEQ/WLAZ //W281CJ 104.1
1190,WAFS,GA,ATLANTA,25000.0,,,,33.8096,-84.3538,LICEN,WGKA,DeKalb,13089,RELIGION,RELEVANT RADIO,EX-WGKA CH: 2300 W
1190,WPAA,GA,ST. MARYS,1800.0,,,,30.7633,-81.6108,LICEN,"WECC, WWIO",Camden,13039,CL. C&W,CLASSIC COUNTRY 104.3,"//W290AX 94.3, WECC 89.3"
1190,KDAO,IA,MARSHALLTOWN,250.0,20.0,,,42.0714,-92.9221,LICEN,,Marshall,19127,OLDIES,ABC OLDIES 1190&103.7,"//K232GG 94.3, K279AN 103.7"
1190,WOWO,IN,FORT WAYNE,50000.0,9800.0,,,40.9964,-85.3516,LICEN,,Allen,18003,NEWS/TALK,FOX WOWO NEWSTALK 92.3,//W298BJ 107.5
1190,KVSV,KS,BELOIT,2300.0,90.0,,,39.4481,-98.0795,LICEN,KRZJ,Mitchell,20123,C&W/AC,ABC THE MIX,//K275CS 102.9
1190,KKOJ,MN,JACKSON,5000.0,,,,43.5291,-95.0017,LICEN,,Jackson,27063,C&W,FOX TRUE COUNTRY,//K249EO 97.7
1190,WPVW,MN,WABASHA,1000.0,,,,44.3461,-91.9782,LICEN,"KWMB, KMFX, WBHA",Wabasha,27157,C&W,PURE COUNTRY 99.7,EX-WQOR //W259CG 99.7
1190,KDMR,MO,KANSAS CITY,5000.0,500.0,,,39.0636,-94.5105,LICEN,"KAYQ, KJLA, KFEZ, KPHN",Johnson,20091,RELIGION,EWTN CATHOLIC TALK,"//K237GQ 95.3, KEXS-1090"
1190,WMEJ,MS,BAY ST. LOUIS,5000.0,,,,30.3238,-89.3509,LICEN,"WXGR, WBSL, WJZD",Hancock,28045,BLK GSPL,SOUL OF THE BAY,EX-WBSL/WJZD //W282CE 104.3
1190,WIXE,NC,MONROE,5000.0,70.0,,,34.9615,-80.5442,LICEN,,Union,37179,C&W,THE MIGHTY 93.1 & 1190,//W226CD 93.1
1190,KXKS,NM,ALBUQUERQUE,10000.0,24.0,,,35.0512,-106.6434,LICEN,"KPAR, KKJY",Bernalillo,35001,TALK,SRN NEW LIFE TODAY,
1190,WSDE,NY,COBLESKILL,1000.0,20.0,,,42.6906,-74.444,LICEN,"WSCM, WDCS, WLAL, WXBH",Schoharie,36095,ADLT STNDS,ABC LITE 94.3 & AM1190,EX-WLAL/WXBH //W232CE 94.3
1190,WLIB,NY,NEW YORK,10000.0,30000.0,,,40.7968,-74.1012,LICEN,,Bergen,34003,EE/SPANISH CONT.,LA EXITOSA,//WEPN 98.7
1190,KEX,OR,PORTLAND,50000.0,50000.0,,,45.4221,-122.567,LICEN,,Multnomah,41051,TALK,ABC BNN NEWSRADIO 1190,
1190,WBMJ,PR,SAN JUAN,10000.0,5000.0,,,18.348,-66.1135,LICEN,"WBMJ, WXTO",San Juan,72127,SPANISH RELIGION,THE ROCK,"//WCGB-1060, WIVV-1370"
1190,WSDQ,TN,DUNLAP,5000.0,,1000.0,,35.3614,-85.3758,LICEN,WSVC,Sequatchie,47153,C&W/GOSPEL,COUNTRY ROADS 93.3,CH: 1000 W //W227DM 93.3
1190,WJPJ,TN,HUMBOLDT,420.0,,,,35.8448,-88.9023,LICEN,"WHMT, WLLI, WHUN",Gibson,47053,REG. MEX.,LA PODEROSA,//W260BA 99.9
1190,KFXR,TX,DALLAS,,5000.0,,,32.8993,-96.4133,LICEN,"KYII, KUII, KGBS, KDFX, KOOO, KLUV, KJOI, KTRA",Dallas,48113,TALK,FOX TALKRADIO 1190,EX-KOOO/KLUV/KJOI/KTRA
1190,KFXR,TX,DALLAS,50000.0,,,,32.7863,-96.9503,LICEN,"KYII, KUII, KGBS, KDFX, KOOO, KLUV, KJOI, KTRA",Dallas,48113,TALK,FOX TALKRADIO 1190,EX-KOOO/KLUV/KJOI/KTRA
1190,WTSD,VA,LEESBURG,50000.0,1200.0,,,39.0412,-77.4447,LICSL,"WAGE, WCRW",Loudoun,51107,SILENT,FSR VSIN SPORTS DC,//W284CQ104.7 SEP NIGHTSITE
1190,WNWC,WI,SUN PRAIRIE,4800.0,21.0,,,43.16,-89.2154,LICEN,"WERU, WMAD",Dane,55025,RELIGION,SRN FAITH 104.7 & 1190,EX-WMAD //W284CW 104.7
1190,WVUS,WV,GRAFTON,250.0,22.0,,,39.3506,-80.0437,LICEN,"WVVW, WKGA, WTBZ",Taylor,54091,RELIGION,EWTN LIGHT OF LIFE R.,"//WDWC 90.7, WLOL 89.7"
1200,KYAA,CA,SOQUEL,25000.0,10000.0,,,36.6605,-121.5424,LICEN,"KOQI, KBOQ, KOQI, KYAA, KSRK",Monterey,6053,RELIGION,RELEVANT RADIO,EX-KOQI/KSRK //K271BP 102.1
1200,WRTO,IL,CHICAGO,20000.0,4500.0,,,41.662,-87.6301,LICEN,"WMXA, WOPA, WLXX, WVIV",Cook,17031,SPANISH AC,RADIO CHICAGO,EX-WOPA/WLXX/WVIV
1200,WBCE,KY,WICKLIFFE,1000.0,,,,36.9817,-89.0776,LICEN,,Ballard,21007,RELIGION,CHRISTIAN RADIO,
1200,WXKS,MA,NEWTON,50000.0,50000.0,,,42.289,-71.1887,LICEN,WKOX,Middlesex,25017,TALK,FOX BNN WW1 TALK 1200,EX-WKOX
1200,WMUZ,MI,TAYLOR,50000.0,15000.0,,,42.1567,-83.3322,LICEN,"WBTI, WMKM, WCHB",Wayne,26163,RELIGION,THE SALT,"//W244DL 96.7, FM 103.5"
1200,KYOO,MO,BOLIVAR,1000.0,,,,37.6211,-93.4019,LICEN,KBLR,Polk,29167,C. CHRIST.,JOY 102.9,//K275CD 102.9
1200,WXIT,NC,BLOWING ROCK,4200.0,,,,36.2165,-81.7015,LICEN,"WOIX, WXLX, WVIO",Watauga,37189,CONTEMP HITS,PULSE BOONE 95.3/107.5,CH: 7 KW //W237EG 95.3
1200,WSML,NC,GRAHAM,10000.0,1000.0,,,36.1338,-79.4703,LICEN,"WSML, WWOK",Alamance,37001,C&W,MAVERICK RADIO,"//W236BO 95.1, W232DT 94.3"
1200,KFNW,ND,WEST FARGO,50000.0,13000.0,,,46.7191,-97.0304,LICEN,,Clay,27027,RELIGION,SRN FAITH RADIO,//K273DJ 102.5
1200,WTLA,NY,NORTH SYRACUSE,1000.0,1000.0,,,43.1517,-76.1324,LICEN,"WNSS, WKRL",Onondaga,36067,SPORTS,ESPN SYRACUSE,"//WSGO-1440, W249BC 97.7"
1200,WRKK,PA,HUGHESVILLE,10000.0,250.0,,,41.212,-76.7483,LICEN,"WHUM, WKHL, WMRE",Lycoming,42081,OLDIES/ROCK,ROCK 95.5,EX-WKHL //WBYL 95.5
1200,WUZZ,PA,NEW CASTLE,5000.0,1000.0,,,40.9395,-80.3937,LICEN,"WBZY, WBZY, WKST",Lawrence,42073,CLASSIC ROCK,WUZZ RADIO,EX-WBZY/WKST //W250CW 97.9
1200,WGDL,PR,LARES,250.0,,,,18.293,-66.8966,LICEN,,Lares,72081,SPANISH TROPICAL,RADIO GRITO,//W227DR 93.3
1200,WMIR,SC,ATLANTIC BEACH,6500.0,11.0,,,33.8368,-78.7839,LICEN,"WMIW, WMIR, WJXY",Horry,45051,BLK GSPL,103.5/95.5 REJOICE FM,EX-WJXY //W278CB 103.5
1200,WFCN,TN,NASHVILLE,2000.0,,,,36.2084,-86.8725,LICEN,"WQDQ, WQZQ, WQDQ, WKDA, WQDQ, WKDA, WAMB",Davidson,47037,RELIGION,SRN MOODY WHERE U TURN,CH: 3800 W //W254CK 98.7
1200,WOAI,TX,SAN ANTONIO,50000.0,50000.0,,,29.5022,-98.1289,LICEN,,Medina,48325,NEWS/TALK,FOX BNN NEWSRADIO 1200,
1200,KDYM,WA,SUNNYSIDE,10000.0,43.0,,,46.3301,-120.0372,LICEN,"KREW, KZTS",Yakima,53077,,,
1200,WNRJ,WV,HUNTINGTON,5000.0,9.0,,,38.4048,-82.4891,LICEN,"WKSD, WWHY, WHRD, WEMM, WRWB, WNBL, WEMM, WZPS, WYSN, WJOE",Cabell,54011,GOSPEL,SRN VOICE OF S. GSPL,CH: 8 KW //W237ER 95.3
1210,WTXK,AL,PIKE ROAD,10000.0,3.0,5000.0,,32.2926,-86.2172,LICEN,"WAYD, WFSF, WQLS",Montgomery,1101,SPORTS,ESPN THE TICKET,CH: 5000 W //W298BC 107.5
1210,KQEQ,CA,FOWLER,,370.0,,,36.6602,-119.6846,LICSL,"KLIP, KRGO",Fresno,6019,ETHNIC S. ASIAN,RADIO PUNJAB,EX-KRGO //KIGS-620
1210,KQEQ,CA,FOWLER,5000.0,138.0,,,36.7705,-119.9232,LICSL,"KLIP, KRGO",Fresno,6019,ETHNIC S. ASIAN,RADIO PUNJAB,EX-KRGO //KIGS-620
1210,KRPU,CA,ROCKLIN,5000.0,80.0,,,38.4627,-121.1313,LICEN,"KFRP, KEBR",Sacramento,6067,ETHNIC S. ASIAN,RADIO PUNJAB,EX-KEBR
1210,KPRZ,CA,SAN MARCOS-POWAY,20000.0,10000.0,,,33.0695,-117.1939,LICEN,KNEF,San Diego,6073,RELIGION,SRN K-PRAISE,//K291CR 106.1
1210,WNMA,FL,MIAMI SPRINGS,47000.0,2500.0,,,25.9004,-80.3634,LICSL,WCMQ,Miami-Dade,12086,SILENT,RADIO MUNDO,EX-WCMQ
1210,WNMA,FL,MIAMI SPRINGS,50000.0,2500.0,,,25.8579,-80.4809,LICSL,WCMQ,Miami-Dade,12086,SILENT,RADIO MUNDO,EX-WCMQ
1210,KZOO,HI,HONOLULU,1000.0,1000.0,,,21.2916,-157.8608,LICEN,,Honolulu,15003,ETHNIC JAPANESE,K-ZOO,//K292HM 106.3
1210,WILY,IL,CENTRALIA,,3.0,,,38.5245,-89.1342,LICSL,,Marion,17121,SILENT,SUPER HITS,CH: 1100 W //W254BE 98.7
1210,WILY,IL,CENTRALIA,10000.0,,1100.0,,38.482,-89.149,LICSL,,Marion,17121,SILENT,SUPER HITS,CH: 1100 W //W254BE 98.7
1210,WJNL,MI,KINGSLEY,10000.0,,2500.0,,44.5594,-85.5936,LICEN,"WKNX, WJZZ, WLDR, WWJR, WLDR",Grand Traverse,26055,C&W,WINE COUNTRY RADIO,CH: 2500 W
1210,WDAO,OH,DAYTON,1000.0,,,,39.7267,-84.2063,LICEN,WAVI,Montgomery,39113,URBAN AC,RHYTHM OF THE CITY,//W272DR 102.3
1210,KGYN,OK,GUYMON,22000.0,10000.0,,,36.6761,-101.3832,LICEN,,Texas,40139,TALK/SPORTS,FOX FSR BIG TALKER,//K292HJ 106.3
1210,WPHT,PA,PHILADELPHIA,50000.0,50000.0,,,39.9796,-74.9866,LICEN,"WCAU, WOGL, WGMP, WPTS",Burlington,34005,TALK,ABC FOX NEW TALK RADIO,EX-WCAU/WOGL/WGMP/WPTS
1210,WANB,PA,WAYNESBURG,5000.0,,710.0,,39.8701,-80.1334,LICEN,"WANB, WXXP",Greene,42059,C&W,WW1 COOL COUNTRY,CH: 710 W //W286AL 105.1
1210,WHOY,PR,SALINAS,5000.0,5000.0,,,17.9753,-66.3035,LICEN,,Salinas,72123,SPANISH VARIETY,RADIO HOY,
1210,KOKK,SD,HURON,5000.0,870.0,,,44.3622,-98.1529,LICEN,,Beadle,46005,C&W,AP DAKOTA COUNTRY,
1210,WMPS,TN,BARTLETT,10000.0,250.0,,,35.2612,-89.8306,LICEN,"WGSF, WWGQ, WTCK, WWCZ",Shelby,47157,ADLT STNDS/OLDIES,103.1 SUNNY 1210,EX-WWGQ/WTCK //W242CF 96.3
1210,WSBI,TN,STATIC,10000.0,,2500.0,,36.6228,-85.0874,LICEN,,Clinton,21053,SPANISH RELIGION,RADIO VIDA,CH: 2500 W //WYXE-1130
1210,KUBR,TX,SAN JUAN,10000.0,5000.0,,,26.2442,-98.0906,LICEN,,Hidalgo,48215,SPANISH RELIGION,NUEVA RADIO CRISTIANA,
1210,KMIA,WA,AUBURN-FEDERAL WAY,27500.0,220.0,,,47.3054,-122.2493,LICEN,"KASY, KBSG, KTTH, KNWX, KDDS, KWMG, KTBK",King,53033,SPANISH RELIGION,RADIO AMOR,EX-KWMG/KTBK //K221FJ 92.1
1210,KRSV,WY,AFTON,5000.0,250.0,,,42.7227,-110.9616,LICEN,,Lincoln,56023,C&W,ABC WW1 THE SPUR,//KMER-940
1210,KHAT,WY,LARAMIE,10000.0,1000.0,,,41.2552,-105.5508,LICEN,"KOJO, KLDI, KRRR, KKHI",Albany,56001,C&W,TRUE COUNTRY 96.7,//K244FN 96.7
1220,WAYE,AL,BIRMINGHAM,1000.0,75.0,,,33.4771,-86.8833,LICEN,"WAYE, WTWG",Jefferson,1073,REG. MEX.,93.1 98.3 1220 LA JEFA,//W252BE 98.3
1220,WERM,AL,FAIRHOPE,1000.0,30.0,,,30.511,-87.9036,LICEN,WABF,Baldwin,1003,BLK GSPL,GOSPEL 1220,EX-WABF
1220,KHTS,CA,CANYON COUNTRY,1000.0,500.0,,,34.4653,-118.4029,LICEN,"KBET, KIIS",Los Angeles,6037,TALK/SOFT AC,FOX SRN HOMETOWN STN,EX-KBET/KIIS //K251CF 98.1
1220,KDOW,CA,PALO ALTO,5000.0,145.0,,,37.4844,-122.1355,LICEN,"KIBE, KDFC, KBPA, KBZS, KSFB, KNTS",San Mateo,6081,BUSINESS TALK,SRN BUSINESS R. 1220,EX-KBZS/KNTS //K237GZ 95.3
1220,KLDC,CO,DENVER,1000.0,12.0,,,39.6581,-105.0141,LICEN,"KBNO, KLVZ",Arapahoe,8005,TALK/RELIGION,SERVING GOD & COUNTRY,EX-KBNO/KLVZ
1220,WATX,CT,HAMDEN,1000.0,305.0,,,41.3773,-72.9284,LICEN,"WSCR, WNNR, WXCT, WQUN",New Haven,9009,OLDIES,CONNECTICUT GOLD,EX-WXCT/WQUN
1220,WATX,CT,HAMDEN,390.0,,,,41.3773,-72.9517,LICEN,"WSCR, WNNR, WXCT, WQUN",New Haven,9009,OLDIES,CONNECTICUT GOLD,EX-WXCT/WQUN
1220,WKTZ,FL,JACKSONVILLE,1000.0,36.0,,,30.3253,-81.5706,LICEN,"WRXJ, WKTZ, WJAX",Duval,12031,RELIGION,AMERICAN FAMILY RADIO,EX-WJAX //W270CD 101.9
1220,WOTS,FL,KISSIMMEE,1000.0,110.0,,,28.3244,-81.3954,LICEN,WMJK,Osceola,12097,SPANISH NEWS/TALK,LA VOZ 1440,EX-WMJK
1220,WSRQ,FL,SARASOTA,770.0,15.0,,,27.3242,-82.4959,LICEN,"WQSA, WIBQ",Sarasota,12115,CLASSIC ROCK,THE NEW SRQ,//W295BH 106.9
1220,WZOT,GA,ROCKMART,500.0,103.0,,,34.004,-85.0561,LICEN,WPLK,Polk,13233,S. GSPL,SINGING NEWS RADIO,EX-WPLK //W270CE 101.9
1220,KJAN,IA,ATLANTIC,178.0,62.0,,,41.4172,-95.0044,LICEN,,Cass,19029,NEWS/TALK/SOFT AC,FOX WHERE FRIENDS ARE,//K266AN 101.1
1220,KQMG,IA,INDEPENDENCE,250.0,134.0,,,42.4756,-91.8741,LICSL,KOUR,Buchanan,19019,SILENT,WW1 BRIGHT 95.3,EX-KOUR //FM 95.3
1220,WLPO,IL,LASALLE,1000.0,500.0,,,41.3039,-89.0956,LICEN,,LaSalle,17099,TALK/OLDIES,CLASSIC HITS 103.9,//W280EG 103.9
1220,WKRS,IL,WAUKEGAN,1000.0,90.0,,,42.3498,-87.8815,LICEN,,Lake,17097,SPANISH SPORTS,TUDN DEPORTES,
1220,WSLM,IN,SALEM,5000.0,82.0,,,38.6153,-86.0861,LICEN,,Washington,18175,TALK/SPORTS/C&W,NBC MY COUNTRY,//FM 97.9
1220,KOFO,KS,OTTAWA,250.0,40.0,,,38.5844,-95.2661,LICEN,"KOFO, KFRG",Franklin,20059,C&W,USA COUNTRY FAVORITES,//K279CS 103.7
1220,WFKN,KY,FRANKLIN,250.0,90.0,,,36.7389,-86.5783,LICEN,,Simpson,21213,C&W,FOX TODAYS BEST CNTRY,//W222CZ 92.3
1220,WWSF,ME,SANFORD,1000.0,234.0,,,43.4315,-70.7617,LICEN,"WSME, WPHX",York,23031,OLDIES/ROCK,SEACOAST OLDIES,EX-WSME/WPHX //W282CS 104.3
1220,WBCH,MI,HASTINGS,250.0,48.0,,,42.6261,-85.2781,LICEN,,Barry,26015,NEWS/TALK,ABC NEWSTALK 1220,
1220,KCAX,MO,BRANSON,1000.0,44.0,,,36.7189,-93.2391,LICEN,"KBHM, KLCO, KOMC",Taney,29213,CLASSIC ROCK,,EX-KOMC //K251BZ 98.1
1220,KGIR,MO,CAPE GIRARDEAU,250.0,137.0,,,37.3001,-89.4901,LICEN,"KZIM, KGIR, KCGQ",Alexander,17003,SPORTS,ESPN SE MISSOURI,EX-KCGQ //K228FX 93.5
1220,KLPW,MO,UNION,1000.0,126.0,,,38.4826,-91.0443,LICEN,,Franklin,29071,ROCK/AMERICANA,NBC ROCK'N AMERICANA,//K224EZ 92.7
1220,WOEG,MS,HAZLEHURST,164.0,33.0,,,31.8927,-90.4023,LICEN,WMDC,Copiah,28029,URBAN HIPHOP,G93,EX-WMDC //WDXO 92.9
1220,WDYT,NC,KINGS MOUNTAIN,25000.0,106.0,,,35.2868,-81.1742,LICEN,WKMT,Gaston,37071,SPANISH RELIGION,NUEVA VIDA CHARLOTTE,EX-WKMT //W281BY 104.1
1220,WREV,NC,REIDSVILLE,1000.0,,,,36.3861,-79.6507,LICEN,,Rockingham,37157,REG. MEX.,PURO POWER LATINO,"//WRTG 1000, WLLQ 1530, ETC"
1220,WENC,NC,WHITEVILLE,5000.0,152.0,,,34.3085,-78.7164,LICEN,,Columbus,37047,BLK GSPL/URBAN,POWER 1220,
1220,KDDR,ND,OAKES,1000.0,327.0,,,46.123,-98.0896,LICEN,,Dickey,38021,C&W,FOX THE TORNADO,//K262DH 100.3
1220,WZBK,NH,KEENE,1000.0,146.0,,,42.9306,-72.2995,LICEN,WKBK,Cheshire,33005,CLASSIC ROCK,REWIND 92.7 & 102.3,EX-WKBK //W272DZ 102.3
1220,WGNY,NY,NEWBURGH,10000.0,180.0,,,41.5315,-74.1129,LICEN,,Orange,36071,SPORTS,FOX SPORTS 1220 & 94.5,//W233BM 94.5
1220,WHKW,OH,CLEVELAND,50000.0,50000.0,,,41.3073,-81.689,LICEN,"WGAR, WKNR, WHKC, WHK, WHKZ",Cuyahoga,39035,RELIGION,SRN THE WORD 1220&96.9,//W245CY 96.9
1220,WERT,OH,VAN WERT,250.0,29.0,,,40.872,-84.5541,LICEN,,Van Wert,39161,ADLT STNDS,FOX UNFORGETTABLE,//W282CF 104.3
1220,KTLV,OK,MIDWEST CITY,250.0,5.0,,,35.3973,-97.4514,LICEN,KRMC,Oklahoma,40109,BLK GSPL,LIVING VICTORIOUSLY,
1220,KSLM,OR,SALEM,1000.0,171.0,,,44.9512,-122.9706,LICEN,"KCCS, KBDY, KPJC",Marion,41047,TALK,SRN RELIABLE NEWSTALK,EX-KBDY/KPJC //K282BY 104.3
1220,WJUN,PA,MEXICO,1000.0,46.0,,,40.5351,-77.3403,LICEN,,Juniata,42067,CLASSIC ROCK,ABC 99.5 THE BUS,//W298CR 107.5
1220,WSTL,RI,PROVIDENCE,1000.0,166.0,,,41.8209,-71.3848,LICEN,WRIB,Providence,44007,SPANISH TROPICAL,MEGA 94.9,EX-WRIB //W235CN 94.9
1220,WCPH,TN,ETOWAH,1000.0,109.0,,,35.3209,-84.5094,LICEN,"WCPH, WDRZ",McMinn,47107,OLDIES,WW1 HOMEGROWN 1220,//W238CW 95.5
1220,WCPH,TN,ETOWAH,1000.0,110.0,,,35.4264,-84.5157,LICEN,"WCPH, WDRZ",McMinn,47107,OLDIES,WW1 HOMEGROWN 1220,//W238CW 95.5
1220,KMVL,TX,MADISONVILLE,500.0,11.0,,,30.9657,-95.898,LICEN,,Madison,48313,ADLT STNDS,SRN KMVL ADLT STNDS,//K255AR 98.9
1220,KZEE,TX,WEATHERFORD,1600.0,200.0,,,32.7882,-97.7928,LICEN,,Parker,48367,ETHNIC S. ASIAN,RED HOT PEPPER 1220,
1220,WLSD,VA,BIG STONE GAP,1000.0,45.0,,,36.8407,-82.7371,LICEN,,Wise,51195,CLASSIC ROCK,92.5 THE VAULT,//W223AA 92.5
1220,WFAX,VA,FALLS CHURCH,5000.0,48.0,,,38.8798,-77.1714,LICEN,,Falls Church,51610,REG. MEX.,LA PANTERA,//W264DB 100.7
1230,KIFW,AK,SITKA,1000.0,1000.0,,,57.0571,-135.3357,LICEN,,Sitka,2220,CLASSIC ROCK,ABC WW1 SOUND OF SITKA,//K272FV 102.3
1230,KVAK,AK,VALDEZ,1000.0,1000.0,,,61.1206,-146.259,LICEN,,Valdez-Cordova,2261,C&W,WW1,
1230,WAUD,AL,AUBURN,1000.0,1000.0,,,32.6279,-85.4602,LICEN,,Lee,1081,SPORTS,ABC VSIN TOTAL SPORTS,//W283DQ 104.5
1230,WKWL,AL,FLORALA,1000.0,1000.0,,,31.0057,-86.3313,LICEN,,Covington,1039,CLASSIC ROCK,SRN,
1230,WTBC,AL,TUSCALOOSA,1000.0,1000.0,,,33.2193,-87.5086,LICEN,"WRRX, WRLX, WTNW",Tuscaloosa,1125,SPORTS,100.9 THE TIDE,EX-WRRX/WTNW //W265CG 100.9
1230,KFPW,AR,FORT SMITH,1000.0,1000.0,,,35.3918,-94.3319,LICEN,,Crawford,5033,S. GSPL,98.7 THE CROSS,//K254AM 98.7
1230,KBTM,AR,JONESBORO,1000.0,1000.0,,,35.8414,-90.6624,LICEN,,Craighead,5031,NEWS/TALK,FOX WW1 NEWSTALK 101.3,"//K267AS 101.3,K271CV 102.1"
1230,KAAA,AZ,KINGMAN,1000.0,1000.0,,,35.1636,-114.0708,LICEN,,Mohave,4015,NEWS/TALK/SPORTS,FOX SRN ALL TALK A-Z,//KZZZ-1490
1230,KOY,AZ,PHOENIX,1000.0,1000.0,,,33.4362,-112.1101,LICEN,"KAMJ, KISP, KYOT",Maricopa,4013,REG. MEX.,93.7 EL PATRON,EX-KYOT/KISO //K229DB 93.7
1230,KATO,AZ,SAFFORD,1000.0,1000.0,,,32.8295,-109.7551,LICEN,,Graham,4009,TALK/SPORTS,ABC FSR NEWSTALK,
1230,KERN,CA,BAKERSFIELD,1000.0,1000.0,,,35.348,-119.0101,LICEN,"KGEE, KGAM, KGEO",Kern,6029,NEWS/TALK,SRN NEWSTALK 1230 96.1,EX-KGEO //K241CI 96.1
1230,KSZL,CA,BARSTOW,1000.0,1000.0,,,34.9122,-117.0284,LICEN,"KWTC, KPRD",San Bernardino,6071,NEWS/TALK,HOT TALK AM 1230,//K228FU 93.5
1230,KBOV,CA,BISHOP,1000.0,1000.0,,,37.3455,-118.3962,LICEN,KIBS,Inyo,6027,CLASSIC ROCK,ABC WW1 CLASSIC HITS,
1230,KXO,CA,EL CENTRO,830.0,1000.0,,,32.8067,-115.5464,LICEN,,Imperial,6025,OLDIES,BEST OLDIES,
1230,KDAC,CA,FORT BRAGG,1000.0,1000.0,,,39.4429,-123.7811,LICSL,,Mendocino,6045,SILENT,WW1 GREATEST HITS,"//KLLK-1250, KUKI-1400"
1230,KYPA,CA,LOS ANGELES,1000.0,1000.0,,,34.0856,-118.2576,LICEN,"KKTT, KGFJ",Los Angeles,6037,ETHNIC KOREAN,RADIO KOREA,EX-KGFJ
1230,KPRL,CA,PASO ROBLES,1000.0,1000.0,,,35.6561,-120.6857,LICEN,,San Luis Obispo,6079,NEWS/TALK,FOX THE RIGHT CHOICE,//K257GL 99.3
1230,KLXR,CA,REDDING,1000.0,1000.0,,,40.5537,-122.3825,LICEN,"KRDG, KPAK",Shasta,6089,RELIGION,,EX-KPAK
1230,KWG,CA,STOCKTON,900.0,900.0,,,37.9594,-121.2588,LICEN,,San Joaquin,6077,RELIGION,RELEVANT RADIO,//K224FB 92.7
1230,KDZA,CO,PUEBLO,1000.0,1000.0,,,38.2778,-104.6547,LICEN,"KDZA, KKPC",Pueblo,8101,CLASSIC ROCK,CL. HITS 101.9 & 107.3,EX-KDZA/KKPC //K270CM 101.9
1230,KKSB,CO,STEAMBOAT SPRINGS,1000.0,1000.0,,,40.4886,-106.8498,LICSL,"KBCR, KSBT, KBCR, KBWZ, KCOQ, KTYV",Routt,8107,SILENT,ALMA MEXICANA 99.5,EX-KBWZ/KCOQ //K258DK 99.5
1230,KSTC,CO,STERLING,1000.0,1000.0,,,40.6178,-103.1786,LICEN,,Logan,8075,SPORTS,FOX SPORTS 1230,
1230,WNEZ,CT,MANCHESTER,1000.0,1000.0,,,41.7762,-72.557,LICEN,"WFNS, WLVH, WLAT, WNEZ, WKND",Hartford,9003,ETHNIC CARIBBEAN,ISLAND MANGO RADIO,EX-WLAT/WKND //W287CS 105.3
1230,WRBD,FL,GAINESVILLE,1000.0,1000.0,,,29.6825,-82.4132,LICEN,"WGGG, WFTP, WGGG",Alachua,12001,URBAN R&B,POWER 92.1,"//W221DX 92.1, WMOP-900"
1230,WONN,FL,LAKELAND,1000.0,1000.0,,,28.04,-81.9606,LICEN,,Polk,12105,AC/ROCK,MAX 107.1 & 95.9,//W296CS 107.1
1230,WSBB,FL,NEW SMYRNA BEACH,1000.0,1000.0,,,29.0327,-80.9173,LICEN,,Volusia,12127,ADLT STNDS,WW1 VOICE OF VOLUSIA,//W295CN 106.9
1230,WDWR,FL,PENSACOLA,790.0,790.0,,,30.4333,-87.2191,LICEN,"WBOP, WTKX, WZNO",Escambia,12033,RELIGION,GRN EWTN DIVINE WORD,EX-WTKX/WZNO //W277CC 103.3
1230,WBZT,FL,POMPANO BEACH,800.0,800.0,,,26.2554,-80.1467,LICEN,"WJNO, WJNA",Broward,12011,SPORTS/BETTING,W1S VSIN THE GAMBLER,EX-WJNO/WJNA
1230,WBZT,FL,WEST PALM BEACH,1000.0,1000.0,,,26.7595,-80.1442,LICEN,"WJNO, WJNA",Palm Beach,12099,SPORTS/BETTING,W1S VSIN THE GAMBLER,EX-WJNO/WJNA
1230,WEZO,GA,AUGUSTA,1000.0,1000.0,,,33.454,-82.0296,LICEN,"WBIA, WCKJ, WKIM, WNRR",Aiken,45003,URBAN AC/GOSPEL,CLASSY 1230,EX-WCKJ/WNRR
1230,WBLJ,GA,DALTON,1000.0,1000.0,,,34.7561,-84.951,LICEN,,Whitfield,13313,NEWS/TALK/SPORTS,FOX FSR NEWSTALK 1230,//WBAC-1340
1230,WXLI,GA,DUBLIN,700.0,700.0,,,32.5227,-82.8999,LICEN,,Laurens,13175,C&W/S. GSPL,CLASSIC COUNTRY,
1230,WJUL,GA,HIAWASSEE,1000.0,1000.0,,,34.9429,-83.7741,LICEN,WNGM,Towns,13281,CLASSIC ROCK/TALK,FOX SRN LAKE 97.7,EX-WNGM //W249DB 97.7
1230,WFOM,GA,MARIETTA,1000.0,1000.0,,,33.9273,-84.5022,LICEN,,Cobb,13067,TALK,FOX NEWSTALK X-TRA,//W292EV 106.3
1230,WSOK,GA,SAVANNAH,1000.0,1000.0,,,32.0705,-81.0782,LICEN,,Chatham,13051,URBAN AC/BLK GSPL,GOSPEL 99.7,//W259DE 99.7
1230,WAYX,GA,WAYCROSS,1000.0,1000.0,,,31.1938,-82.3229,LICEN,WWGA,Ware,13299,SPORTS,FOX SPORTS WAYX/WAWO,//W242BE 96.3
1230,KFJB,IA,MARSHALLTOWN,1000.0,1000.0,,,42.0642,-92.9677,LICEN,,Marshall,19127,NEWS/TALK/SPORTS,ABC FOX NEWSTALK 1230,//K230CB 93.9
1230,KBAR,ID,BURLEY,1000.0,1000.0,,,42.5346,-113.8159,LICEN,,Cassia,16031,TALK,FOX WW1 HOT TALK,
1230,KORT,ID,GRANGEVILLE,1000.0,1000.0,,,45.931,-116.1315,LICEN,,Idaho,16049,OLDIES/ROCK,ALL HITS 96.9,//K245CH 96.9
1230,KRXK,ID,REXBURG,1000.0,1000.0,,,43.8471,-111.785,LICEN,,Madison,16065,ADULT ALTERNATIVE,RADIO PANDEMIC(!),
1230,WJBC,IL,BLOOMINGTON,1000.0,1000.0,,,40.4503,-89.0117,LICEN,,McLean,17113,NEWS/TALK,ABC VOICE CENTRAL IL,//W271DC 102.1
1230,WFXN,IL,MOLINE,1000.0,1000.0,,,41.4817,-90.5304,LICEN,"WQUA, WMRZ, WLLR",Rock Island,17161,SPORTS,FSR W1S QUAD CITIES,EX-WMRZ/WLLR
1230,WHCO,IL,SPARTA,1000.0,1000.0,,,38.1237,-89.7223,LICEN,,Randolph,17157,CL. C&W,NBC REAL COUNTRY,//W247CP 97.3
1230,WJOB,IN,HAMMOND,1000.0,1000.0,,,41.597,-87.4792,LICEN,,Lake,18089,NEWS/TALK/SPORTS,VOICE OF THE REGION,//W284CY 104.7
1230,WSAL,IN,LOGANSPORT,1000.0,1000.0,,,40.7545,-86.3111,LICEN,,Cass,18017,ADLT STNDS/TALK,WW1,//W235CU 94.9
1230,WTCJ,IN,TELL CITY,850.0,850.0,,,37.9259,-86.7219,LICEN,,Perry,18123,ADLT CONT,106.7 & 98.7 JACK FM,"//W227CO 93.3, W294CG 106.7"
1230,WHIR,KY,DANVILLE,1000.0,1000.0,,,37.674,-84.7658,LICEN,,Boyle,21021,TALK/SPORTS,NBC TALK OF THE TOWN,//W280FM 103.9
1230,WCDS,KY,GLASGOW,750.0,750.0,,,37.0048,-85.9408,LICEN,WWKU,Barren,21009,ADLT CONT,WCLU 103.1 & 104.7,"//WCLU 1490, W284DH 104.7"
1230,WHOP,KY,HOPKINSVILLE,1000.0,1000.0,,,36.8817,-87.5122,LICEN,,Christian,21047,TALK/SPORTS/AC,FOX WW1 NEWSRADIO,"//W237BV 95.3, W257EV 99.3"
1230,WQJM,KY,PINEVILLE,1000.0,1000.0,,,36.7687,-83.7163,LICEN,WANO,Bell,21013,URBAN CONT. HITS,JAMZ 98.1,EX-WANO //W251CV 98.1
1230,WBOK,LA,NEW ORLEANS,1000.0,1000.0,,,29.9885,-90.0459,LICEN,,Orleans,22071,URBAN TALK/GOSPEL,ABC WHAT NEW ORLEANS,IS TALKING ABOUT
1230,KSLO,LA,OPELOUSAS,1000.0,1000.0,,,30.5252,-92.1062,LICEN,,St. Landry,22097,RELIGION,EWTN CATHOLIC ACADIANA,//KLFT 90.5
1230,WESX,MA,NAHANT,450.0,450.0,,,42.4529,-70.9801,LICEN,,Essex,25009,SPANISH NEWS/TALK,RADIO VIDA,
1230,WNAW,MA,NORTH ADAMS,1000.0,1000.0,,,42.6842,-73.1059,LICEN,WMNB,Berkshire,25003,C&W,NEW COUNTRY 94.7,//W234DD 94.7
1230,WNEB,MA,WORCESTER,1000.0,1000.0,,,42.2731,-71.8226,LICEN,,Worcester,25027,RELIGION,EWTN STN OF THE CROSS,
1230,WFOA,MD,BALTIMORE,600.0,600.0,,,39.3018,-76.5689,LICEN,"WITH, WRBS",Baltimore,24510,SPANISH CONT HITS,MAXIMA 94.3,EX-WITH/WRBS //W232CL 94.3
1230,WCMD,MD,CUMBERLAND,1000.0,1000.0,,,39.644,-78.742,LICEN,"WCMD, WALI, WNTR",Allegany,24001,TALK/SPORTS,FOX NEWS-TALK-SPORTS,"//W271AT 102.1, WKLP-1390"
1230,WGUY,ME,VEAZIE,1000.0,640.0,,,44.8473,-68.6786,LICEN,,Penobscot,23019,C&W,TRUE COUNTRY 93.5,
1230,WTKG,MI,GRAND RAPIDS,1000.0,1000.0,,,42.995,-85.6767,LICEN,WCUZ,Kent,26081,TALK/SPORTS,FOX VSIN WW1 TALK 1230,EX-WCUZ
1230,WFER,MI,IRON RIVER,1000.0,1000.0,,,46.0652,-88.6382,LICSL,WIKB,Iron,26071,SILENT,MY 97.9/CLASSIC CNTRY,EX-WIKB //W250CQ 97.9
1230,WMPC,MI,LAPEER,1000.0,1000.0,,,43.0795,-83.3097,LICEN,,Lapeer,26087,RELIGION,AP GOSPEL 1230,//W295CT 106.9
1230,WSOO,MI,SAULT ST. MARIE,1000.0,1000.0,,,46.4403,-84.377,LICEN,,Chippewa,26033,SOFT AC/TALK,ABC RADIO SOO,
1230,WBET,MI,STURGIS,1000.0,1000.0,,,41.7698,-85.4191,LICEN,"WSTR, WMSH",St. Joseph,26149,SPORTS,FOX SPORTSRADIO,EX-WQMX/WMSH //W259CR 99.7
1230,WKLK,MN,CLOQUET,720.0,720.0,,,46.7494,-92.4216,LICEN,,Carlton,27017,ADLT STNDS,ABC AMERICAS BEST MUS.,
1230,KGHS,MN,INTERNATIONAL FALLS,460.0,230.0,,,48.5913,-93.3818,LICEN,,Koochiching,27071,OLDIES,ABC WW1 THE BEAR,//W237EX 95.3
1230,KFSP,MN,MANKATO,1000.0,1000.0,,,44.1683,-93.9111,LICEN,KYSM,Blue Earth,27013,SPORTS,FOX SPORTS THE FAN,EX-KYSM //K276EH 103.1
1230,KMRS,MN,MORRIS,1000.0,1000.0,,,45.603,-95.8876,LICEN,,Stevens,27149,TALK/SOFT AC,ABC GREAT PLACE 2 COME,//K299BX 107.7
1230,KTRF,MN,THIEF RIVER FALLS,1000.0,1000.0,,,48.1297,-96.1867,LICEN,,Pennington,27113,TALK/SPORTS,FOX FSR,//K227DF 93.3
1230,KWNO,MN,WINONA,1000.0,990.0,,,44.0337,-91.6053,LICEN,,Winona,27169,TALK,ABC BNN TALK OF WINONA,//K254CM 98.7
1230,KZYM,MO,JOPLIN,560.0,600.0,,,37.0762,-94.5424,LICEN,"KLES, KSSC, KWAS",Jasper,29097,TALK,ABC WW1 THE BIG TALKER,EX-KSSC/KWAS
1230,KWIX,MO,MOBERLY,490.0,1000.0,,,39.4031,-92.4327,LICEN,,Randolph,29175,TALK,NBC SRN INFORMATION R.,//FM 92.5
1230,KHDN,MT,HARDIN,1000.0,1000.0,,,45.7152,-107.6004,LICEN,"KYTY, KBSR, KKUL",Big Horn,30003,NEWS/TALK,SRN WW1 THE VIGILANTE,EX-KBSR/KKUL //K222DL 92.3
1230,KXLO,MT,LEWISTOWN,1000.0,1000.0,,,47.0711,-109.4096,LICEN,,Fergus,30027,C&W/TALK,FOX BIG SKY BULLSEYE,//K295BQ 106.9
1230,KLCB,MT,LIBBY,1000.0,1000.0,,,48.3705,-115.5396,LICSL,,Lincoln,30053,SILENT,ABC AMERICAS BEST CTRY,
1230,WSKY,NC,ASHEVILLE,1000.0,1000.0,,,35.619,-82.5718,LICEN,,Buncombe,37021,RELIGION,WEZZ RADIO,//WEZZ-970
1230,WFAY,NC,FAYETTEVILLE,1000.0,1000.0,,,35.0716,-78.8739,LICEN,WFAI,Cumberland,37051,C&W,FOX CAROLINA COUNTRY,//W261CX 100.1
1230,WMFR,NC,HIGH POINT,1000.0,1000.0,,,35.9557,-80.0059,LICEN,,Davidson,37057,C. CHRIST.,HOPE 104.5,//W283CV 104.5
1230,WLNR,NC,KINSTON,1000.0,1000.0,,,35.2588,-77.6089,LICSL,"WISP, WQDW",Lenoir,37107,SILENT,WLLY 1350,//WLLY-1350
1230,WNNC,NC,NEWTON,1000.0,1000.0,,,35.6724,-81.2365,LICEN,,Catawba,37035,OLDIES,ABC OLDIES 101.3,EX-WWNC //W267CH 101.3
1230,WCBT,NC,ROANOKE RAPIDS,1000.0,1000.0,,,36.446,-77.6639,LICEN,,Halifax,37083,BLK GSPL/OLDIES,SOUL 1230 & 102.7,//W274AZ 102.7
1230,KDIX,ND,DICKINSON,1000.0,1000.0,,,46.8725,-102.7443,LICEN,,Stark,38089,AC/OLDIES,ABC THE CLASSIC 1230,//K264CV 100.7
1230,KTNC,NE,FALLS CITY,500.0,1000.0,,,40.0658,-95.6155,LICEN,,Richardson,31147,CLASSIC ROCK,ABC GOOD TIME OLDIES,//K296HK 107.1
1230,KHAS,NE,HASTINGS,1000.0,1000.0,,,40.5778,-98.4051,LICEN,,Adams,31001,TALK/OLDIES,ABC HASTINGS LINK,//K281CW 104.1
1230,WMOU,NH,BERLIN,1000.0,930.0,,,44.4828,-71.1768,LICEN,WIGW,Coos,33007,ROCK,KISS 106.1,"//WXXS 102.3, W294AZ 106.1"
1230,WTSV,NH,CLAREMONT,1000.0,1000.0,,,43.3709,-72.3279,LICEN,,Sullivan,33019,SPORTS,ESPN WEEI 93.7 FM,//W232DN 94.3
1230,WCMC,NJ,WILDWOOD,1000.0,1000.0,,,39.0026,-74.8124,LICEN,,Cape May,34009,OLDIES,ABC CLASSIC OLDIES,//WMID-1340
1230,KRSY,NM,ALAMOGORDO,1000.0,1000.0,,,32.8962,-105.9456,LICEN,KPSA,Otero,35035,SPORTS/TALK,SRN ESPN ALAMO SPORT,EX-KRSY/KREZ //K270CS 101.9
1230,KOTS,NM,DEMING,1000.0,1000.0,,,32.2515,-107.7584,LICEN,,Luna,35029,C&W,COUNTRY 1230,
1230,KYVA,NM,GALLUP,920.0,920.0,,,35.5339,-108.7056,LICEN,"KYVA, KTHR",McKinley,35031,OLDIES,ABC WW1 ROCKIN OLDIES,"//FM 103.7, K252FM 98.3"
1230,KFUN,NM,LAS VEGAS,1000.0,1000.0,,,35.5967,-105.2064,LICEN,,San Miguel,35047,SPANISH/C&W,AP FUN COUNTRY,//K279BW 103.7
1230,KSFX,NM,ROSWELL,620.0,1000.0,,,33.3937,-104.605,LICEN,"KPSA, KBCQ",Chaves,35005,CLASSIC ROCK,WW1 THE X,EX-KPSA/KBCQ //K223BH 92.5
1230,KELY,NV,ELY,250.0,250.0,,,39.2624,-114.8636,LICEN,,White Pine,32033,TALK,SRN NEVADA TALK NETWRK,//K253CJ 98.5
1230,KLAV,NV,LAS VEGAS,900.0,1000.0,,,36.213,-115.1633,LICEN,"KLAV, KEZD",Clark,32003,SPORTS,VSIN THE GAME,
1230,KBZZ,NV,RENO,1000.0,1000.0,,,39.5138,-119.716,LICEN,"KCBN, KRNO, KCBN, KPLY, KJFK, KSGG, KBZZ, KZTQ",Washoe,32031,OLDIES,96.1 THE ZONE,EX-KSGG/KZTQ //K223AL 92.5
1230,WECK,NY,CHEEKTOWAGA,1000.0,1000.0,,,42.9242,-78.7778,LICEN,WNIA,Erie,36029,OLDIES,THE BIG WECK,//W275BB 102.9
1230,WMAJ,NY,ELMIRA,1000.0,910.0,,,42.0748,-76.7794,LICEN,WENY,Chemung,36015,ADLT CONT,SRN MAGIC 106.7/106.9,EX-WENY //W295BY 106.9
1230,WMML,NY,GLENS FALLS,1000.0,1000.0,,,43.3293,-73.6479,LICEN,WBZA,Warren,36113,C&W,BIG COUNTRY 104.9 97.9,EX-WBZA //W250CC 97.9
1230,WHUC,NY,HUDSON,1000.0,1000.0,,,42.2537,-73.7621,LICEN,"WHUC, WAIP",Columbia,36021,C&W,CONSTANT COUNTRY 107.3,EX-WAIP //WRWD 107.3
1230,WIXT,NY,LITTLE FALLS,1000.0,1000.0,,,43.0426,-74.8582,LICEN,WLFH,Herkimer,36043,VARIETY HITS,TONY FM,EX-WLFH //W256AJ 99.1
1230,WDBZ,OH,CINCINNATI,1000.0,1000.0,,,39.1142,-84.4922,LICEN,"WMLX, WDJO, WUBE",Warren,39165,URBAN TALK,THE BUZZ,EX-WUBE
1230,WYTS,OH,COLUMBUS,1000.0,1000.0,,,39.942,-83.0221,LICEN,"WCOL, WFII, WZNW, WCOL, WTPG",Franklin,39049,URBAN NEWS/TALK,BIN BLACK INFO NETWORK,EX-WZNW/WTPG
1230,WITO,OH,IRONTON,1000.0,1000.0,,,38.5395,-82.6713,LICSL,WIRO,Lawrence,39087,SILENT,ABC HOTTEST LITTLE AM,EX-WIRO
1230,WCWA,OH,TOLEDO,1000.0,1000.0,,,41.637,-83.5644,LICEN,,Wood,39173,SPORTS,FSR THE GAMBLER,
1230,KADA,OK,ADA,1000.0,1000.0,,,34.7851,-96.6792,LICEN,,Pontotoc,40123,ROCK,PIRATE RADIO 102.3,//K272FW 102.3
1230,WBBZ,OK,PONCA CITY,1000.0,1000.0,,,36.6961,-97.0523,LICEN,,Kay,40071,TALK/AC,FOX NEWSTALK,
1230,KKOR,OR,ASTORIA,1000.0,1000.0,,,46.1901,-123.8276,LICEN,"KVAS, KKEE, KVAS",Clatsop,41007,SPORTS,ESPN,EX-KKEE/KVAS //K292GZ 106.3
1230,KZHC,OR,BURNS,1000.0,1000.0,,,43.5646,-119.0605,LICEN,"KRNS, KZZR, KBNH, KYQT",Harney,41025,ADLT CONT,FOX,EX-KBNH/KYQT //K256DC 99.1
1230,KHSN,OR,COOS BAY,1000.0,1000.0,,,43.4326,-124.2096,LICEN,KOOS,Coos,41011,SPORTS,W1S INFINITY SPRTS NET,
1230,KRYN,OR,GRESHAM,920.0,920.0,,,45.484,-122.4123,LICEN,"KMUZ, KKBK, KMUZ, KSZN",Multnomah,41051,SPANISH RELIGION,ESTACION DE LA FAMILIA,EX-KKGR/KKBK/KMUZ/KSZN
1230,KSJK,OR,TALENT,1000.0,1000.0,,,42.2281,-122.7465,LICEN,KDOV,Jackson,41029,NEWS/TALK,NPR JEFFERSON PUBLIC R,EX-KDOV
1230,KCUP,OR,TOLEDO,1000.0,1000.0,,,44.6309,-123.9457,LICEN,"KTDO, KZUS, KPPT",Lincoln,41041,SPORTS,ESPN 1230 THE CUP,EX-KPPT
1230,WBVP,PA,BEAVER FALLS,1000.0,1000.0,,,40.7378,-80.2962,LICEN,,Beaver,42007,NEWS/TALK,FOX BEAVER COUNTY R.,//W257EA 99.3
1230,WEEX,PA,EASTON,1000.0,1000.0,,,40.7087,-75.2163,LICEN,"WEEX, WODE, WIPI",Northampton,42095,SPORTS,FOX SPORTSRADIO,//W234AX 94.7
1230,WKBO,PA,HARRISBURG,480.0,480.0,,,40.2812,-76.868,LICEN,,Dauphin,42043,C. CHRIST.,FORTRESS 1230,
1230,WCRO,PA,JOHNSTOWN,1000.0,1000.0,,,40.332,-78.9125,LICEN,,Cambria,42021,OLDIES,WW1 KOOL 102.9,//W275CV 102.9
1230,WBPZ,PA,LOCK HAVEN,1000.0,1000.0,,,41.1342,-77.4689,LICEN,,Clinton,42035,CLASSIC ROCK,WW1,//W245DB 96.9
1230,WTIV,PA,TITUSVILLE,1000.0,1000.0,,,41.6167,-79.692,LICEN,,Venango,42121,CLASSIC ROCK,WUZZ RADIO,//WUZZ-1200
1230,WNIK,PR,ARECIBO,1000.0,1000.0,,,18.4536,-66.7396,LICEN,,Arecibo,72013,SPANISH TROPICAL,,
1230,WBLQ,RI,WESTERLY,1000.0,1000.0,,,41.3659,-71.8359,LICEN,"WERI, WXNI",Washington,44009,TALK/OLDIES,I-1230,EX-WERI/WXNI //W276DF 103.1
1230,WAIM,SC,ANDERSON,1000.0,1000.0,,,34.5312,-82.6137,LICEN,,Anderson,45007,NEWS/TALK,ABC SRN NEWSTALK 1230,
1230,WOLH,SC,FLORENCE,1000.0,1000.0,,,34.2302,-79.7467,LICEN,"WOLS, WTIX, WOLS",Florence,45041,SPORTS,ESPN,//W242CB 96.3
1230,KWSN,SD,SIOUX FALLS,440.0,440.0,,,43.4577,-96.6709,LICEN,"KYKC, KKFN",Minnehaha,46099,SPORTS,FOX SPORTS 98.1 & 1230,EX-KKFN //K251BH 98.1
1230,WMLR,TN,HOHENWALD,1000.0,1000.0,,,35.5229,-87.5445,LICEN,,Lewis,47101,OLDIES,ABC FUN 99.5,//W258DS 99.5
1230,WAKI,TN,MCMINNVILLE,620.0,1000.0,,,35.6668,-85.7764,LICEN,,Warren,47177,CONTEMP. CHRIST,92.1 THE ONE,//W221ED 92.1
1230,KSIX,TX,CORPUS CHRISTI,720.0,720.0,,,27.7842,-97.4578,LICEN,,Nueces,48355,SPORTS,W1S SPORTSRADIO CC,//K236CM 95.1
1230,KDRN,TX,DEL RIO,860.0,860.0,,,29.4294,-100.9051,LICEN,"KDLK, KLKE, KDLK, KTJK, KLTO",Val Verde,48465,REG. MEX.,LA UNICA 1230,EX-KLKE/KDLK/KTJK/KLTO
1230,KCOH,TX,HOUSTON,410.0,410.0,,,29.8597,-95.5591,LICEN,"KNUZ, KQUE",Harris,48201,URBAN AC,THE SOURCE,
1230,KCOH,TX,HOUSTON,1000.0,1000.0,,,29.7574,-95.3386,LICEN,"KNUZ, KQUE",Harris,48201,URBAN AC,THE SOURCE,
1230,KERV,TX,KERRVILLE,990.0,990.0,,,30.0708,-99.1856,LICEN,,Kerr,48265,ADLT CONT,103.7 MIKE FM,//K299CA 107.7?
1230,KLVT,TX,LEVELLAND,1000.0,1000.0,,,33.5984,-102.386,LICEN,,Hockley,48219,NEWS/TALK,SRN WW1 LETS TALK,
1230,KGRO,TX,PAMPA,1000.0,1000.0,,,35.5776,-100.9526,LICEN,,Gray,48179,SOFT AC,ABC WW1 SOFT HITS,//K260DU 99.9
1230,KSST,TX,SULPHUR SPRINGS,1000.0,1000.0,,,33.1168,-95.5849,LICEN,,Hopkins,48223,OLDIES,GOODTIME OLDIES,//K267CR 101.3
1230,KWTX,TX,WACO,1000.0,1000.0,,,31.5285,-97.1208,LICEN,,McLennan,48309,NEWS/TALK,FOX THE TALK OF WACO,
1230,KJJC,UT,MURRAY,1000.0,1000.0,,,40.6658,-111.908,LICEN,"KLAF, KOLC, KMGR, KWUN, KJQS, KRUZ, KRRF, KEZF",Salt Lake,49035,TALK,SRN COMMON SENSE TALK,EX-KADH/KRRF/KEZF
1230,WABN,VA,ABINGDON,1000.0,1000.0,,,36.7343,-81.9715,LICEN,WBBI,Washington,51191,ADLT CONT,GOAT 104.1 FM,//W281CF 104.1
1230,WFVA,VA,FREDERICKSBURG,1000.0,1000.0,,,38.2807,-77.4361,LICEN,,Stafford,51179,NEWS/TALK,ABC FOX NEWSTALK 1230,
1230,WJOY,VT,BURLINGTON,1000.0,1000.0,,,44.4509,-73.1971,LICEN,,Chittenden,50007,ADLT STNDS,ABC AMERICAS BEST MX,
1230,KOZI,WA,CHELAN,1000.0,1000.0,,,47.8499,-120.0068,LICEN,,Chelan,53007,TALK,FOX WW1 NEWSRADIO,//KOZI-FM 93.5 0800-1200
1230,KWYZ,WA,EVERETT,1000.0,1000.0,,,47.9681,-122.1746,LICEN,,Snohomish,53061,ETHNIC KOREAN,RADIO HANKOOK,//KSUH-1450
1230,KSBN,WA,SPOKANE,1000.0,1000.0,,,47.6582,-117.4199,LICEN,"KSBN, KRSS",Spokane,53063,NEWS/TALK,AP SRN ABC MONEY TALK,EX-KRSS //KBNW 107.1
1230,KDYM,WA,SUNNYSIDE,700.0,700.0,,,46.3301,-120.0373,LICEN,"KREW, KZTS",Yakima,53077,SPANISH RELIGION,ESTACION DE LA FAMILIA,"//KRYN-1230,K239CS 95.7,..."
1230,WCLO,WI,JANESVILLE,1000.0,1000.0,,,42.6597,-89.0423,LICEN,,Rock,55105,NEWS/TALK,USA NEWS WEATHER SPRTS,//W224DE 92.7
1230,WXCO,WI,WAUSAU,1000.0,1000.0,,,44.9747,-89.6126,LICEN,,Marathon,55073,TALK,NBC BULLS FALLS RADIO,//W255DN 98.9
1230,WPKB,WV,PARKERSBURG,880.0,880.0,,,39.2581,-81.5634,LICEN,"WKYG, WVNT",Wood,54107,CONTEMP. HITS,POP 103.5,EX-WKYG/WVNT //W278CQ 103.5
1230,KVOC,WY,CASPER,1000.0,1000.0,,,42.8347,-106.2961,LICEN,,Natrona,56025,SILENT,SRN WW1 VOICE OF CASPR,//K240EW 95.9
1240,WEBJ,AL,BREWTON,1000.0,1000.0,,,31.1099,-87.06,LICEN,,Escambia,1053,TALK,FOX SRN ALL TALK RADIO,
1240,WMGJ,AL,GADSDEN,1000.0,1000.0,,,34.0012,-86.03,LICEN,,Etowah,1055,URBAN AC,ABC MAGIC 1240,
1240,WJLX,AL,JASPER,1000.0,1000.0,,,33.8151,-87.2719,LICEN,"WARF, WTID, WLYJ, WZTQ",Walker,1127,OLDIES,OLDIES 101.5 & 1240,EX-WLYJ/WZTQ
1240,KVRC,AR,ARKADELPHIA,1000.0,1000.0,,,34.1109,-93.0504,LICSL,,Clark,5019,SILENT,EZ ROCK,//KAFN-690
1240,KTLO,AR,MOUNTAIN HOME,830.0,830.0,,,36.3564,-92.3593,LICEN,,Baxter,5005,TALK,FOX WW1 REAL TALK,
1240,KWAK,AR,STUTTGART,960.0,960.0,,,34.4857,-91.5599,LICEN,,Arkansas,5001,OLDIES,ABC OLDIES 102.7,//K274BX 102.7
1240,KJAA,AZ,GLOBE,1000.0,1000.0,,,33.3809,-110.7576,LICEN,"KSML, KYOR",Gila,4007,OLDIES,ARIZONA'S JUKEBOX,EX-KYOR //K291CU 106.1
1240,KPOD,CA,CRESCENT CITY,1000.0,1000.0,,,41.7596,-124.1923,LICEN,,Del Norte,6015,NEWS/TALK/SPORTS,FOX NEWSTALK SPORTS,//K294CX 106.7
1240,KJOP,CA,LEMOORE,250.0,1000.0,,,36.313,-119.731,LICEN,,Kings,6031,RELIGION,RELEVANT RADIO,//K231DC 94.1
1240,KMBY,CA,MONTEREY,1000.0,1000.0,,,36.6155,-121.8994,LICEN,"KNRY, KRCV, KNRY, KNBI",Monterey,6053,CLASSIC ROCK,,//K240EV 95.9 EX-KNRY/KNBI
1240,KLOA,CA,RIDGECREST,820.0,820.0,,,35.6344,-117.6717,LICEN,,Kern,6029,SPORTS,INFINITY SPORTS NET,
1240,KCVV,CA,SACRAMENTO,1000.0,1000.0,,,38.588,-121.4691,LICEN,"KENZ, KSAC, KSQR, KSAC, KRJY",Yolo,6113,SPANISH RELIGION,RADIO SANTISIMO,EX-KSAC/KRJY //K239CK 95.7
1240,KEZY,CA,SAN BERNARDINO,700.0,700.0,,,34.0722,-117.2987,LICEN,"KBON, KDIG, KLFE, KKLA, KLTH",San Bernardino,6071,SPANISH RELIGION,RADIO INSPIRACION,"//KSDO-1130, KLTX-1390"
1240,KNSN,CA,SAN DIEGO,550.0,550.0,,,32.6942,-117.1223,LICEN,"KSON, KDDZ, KSON",San Diego,6073,RELIGION,K-BRIGHT,EX-KDDZ/KSON //KBRT 740
1240,KSMA,CA,SANTA MARIA,1000.0,1000.0,,,34.9505,-120.4918,LICEN,"KSMA, KSMX",Santa Barbara,6083,NEWS/TALK,WW1 NEWSTALK,EX-KSMA/KSMX //K258CY 99.5
1240,KSUE,CA,SUSANVILLE,1000.0,1000.0,,,40.3957,-120.6288,LICEN,,Lassen,6035,NEWS/TALK,ABC K SUE,
1240,KRDO,CO,COLORADO SPRINGS,1000.0,1000.0,,,38.8286,-104.8394,LICEN,,El Paso,8041,NEWS/TALK,ABC NEWSRADIO,"//FM 105.5, K223CU 92.5"
1240,KDGO,CO,DURANGO,1000.0,1000.0,,,37.305,-107.8576,LICEN,,La Plata,8067,NEWS/TALK,FOX WW1 KENN RADIO,//K252FJ 98.3
1240,KBGV,CO,MONTE VISTA,1000.0,1000.0,,,37.6028,-106.15,LICEN,KSLV,Rio Grande,8105,SPORTS,FOX SPORTS SAN LUIS V.,//K267BQ 101.3 EX-KSLV
1240,KCRT,CO,TRINIDAD,250.0,250.0,,,37.1459,-104.5122,LICEN,,Las Animas,8071,ADLT CONT,ABC WW1 MY 99.3,"//K257FE 99.3, K257EQ 99.3"
1240,WWCO,CT,WATERBURY,1000.0,1000.0,,,41.5665,-73.0559,LICEN,,New Haven,9009,SPANISH TROPICAL,VIVA RADIO,//WRYM-840
1240,WBGC,FL,CHIPLEY,1000.0,1000.0,,,30.7721,-85.5585,LICEN,,Washington,12133,VARIETY/TALK,EZ CHOICE,
1240,WZCC,FL,CROSS CITY,1000.0,1000.0,,,29.6099,-83.134,LICEN,"WDKA, WUSW, WDFL, WYNY, WMJQ",Dixie,12029,C&W,COUNTRY LEGENDS 93.1,EX-WYNY/WMJQ //WLQH 940
1240,WKIQ,FL,EUSTIS,790.0,790.0,,,28.8389,-81.6959,LICEN,"WLCF, WWLB",Lake,12069,REG. MEX.,LA NUEVA QUE BUENA,EX-WCLF //W296DO 107.1
1240,WMMB,FL,MELBOURNE,1000.0,1000.0,,,28.0781,-80.5984,LICEN,,Brevard,12009,NEWS/TALK/SPORTS,FOX SPACE COAST TALKS,"//WMMV-1350, W224DJ 92.7"
1240,WFOY,FL,ST. AUGUSTINE,500.0,500.0,,,29.8505,-81.3301,LICEN,,St. Johns,12109,NEWS/TALK,NEW TALK LEADER,//W271CJ 102.1
1240,WGGA,GA,GAINESVILLE,1000.0,1000.0,,,34.3171,-83.8291,LICEN,"WDUN, WDUN",Hall,13139,ADLT CONT,WW1 THE LAKE,//W233CO 94.5
1240,WLAG,GA,LA GRANGE,1000.0,1000.0,,,33.0401,-85.0241,LICEN,,Troup,13285,SPORTS/TALK,ESPN EAGLE SPORTS,"//W245AW 96.6, WLWE-1360"
1240,WWNS,GA,STATESBORO,710.0,710.0,,,32.4554,-81.7743,LICEN,,Bulloch,13031,NEWS/TALK,FOX NEWS 107.7,//W299CT 107.7
1240,WWNS,GA,STATESBORO,660.0,660.0,,,32.4654,-81.8309,LICEN,,Bulloch,13031,NEWS/TALK,FOX NEWS 107.7,//W299CT 107.7
1240,WPAX,GA,THOMASVILLE,1000.0,1000.0,,,30.8371,-83.9789,LICEN,,Grady,13131,ADLT STNDS,1240 AM STEREO,//W279BD 103.7
1240,WTWA,GA,THOMSON,600.0,600.0,,,33.4724,-82.5171,LICEN,,McDuffie,13189,OLDIES,ABC,//W285EP 104.9
1240,KWOE,HI,KAHULUI,5000.0,5000.0,,,20.8194,-156.4514,LICEN,KEWE,Maui,15009,OLDIES,WOWIE 97.9,EX-KEWE //K250CC 97.9
1240,KWLC,IA,DECORAH,1000.0,1000.0,,,43.3097,-91.8085,LICEN,,Winneshiek,19191,ALTERNATIVE/JAZZ,LUTHER COLLEGE RADIO,SHARES W/KDEC
1240,KDEC,IA,DECORAH,1000.0,1000.0,,,43.3097,-91.8085,LICEN,,Winneshiek,19191,AC/EZL,99.1 THE RIVER,SHARES W/KWLC
1240,KBIZ,IA,OTTUMWA,1000.0,1000.0,,,41.0,-92.3899,LICEN,,Wapello,19179,TALK,FOX NEWS & INFO LEADER,//K274CV 102.7
1240,KICD,IA,SPENCER,1000.0,1000.0,,,43.1658,-95.1464,LICEN,,Clay,19041,NEWS/TALK/SPORTS,FOX NEWSRADIO 1240,//K273DD 102.5
1240,KMHI,ID,MOUNTAIN HOME,1000.0,1000.0,,,43.1507,-115.7081,LICEN,"KFLI, KJCY, KLVJ",Elmore,16039,RELIGION,CSN INTERNATIONAL,EX-KJCY/KLVJ //K256DI 99.1
1240,KWIK,ID,POCATELLO,960.0,960.0,,,42.9241,-112.4594,LICEN,,Bannock,16005,NEWS/TALK,FOX KID NEWS RADIO,//KIDG 92.1
1240,KOFE,ID,ST. MARIES,1000.0,500.0,,,47.3205,-116.5482,LICEN,,Benewah,16009,CLASSIC ROCK,ABC CLASSIC HITS,
1240,WSBC,IL,CHICAGO,1000.0,1000.0,,,41.9814,-87.7723,LICEN,,Cook,17031,ETHNIC/TALK,NBC ACCESS RADIO,BROKERED //WCPT-820 NIGHTS
1240,WEBQ,IL,HARRISBURG,1000.0,1000.0,,,37.7176,-88.5437,LICEN,,Saline,17165,C&W,FOX WW1 REAL COUNTRY,//W229CR 93.7
1240,WTAX,IL,SPRINGFIELD,1000.0,1000.0,,,39.7934,-89.6051,LICEN,"WTAX, WFLK",Sangamon,17167,NEWS/TALK,SRN NEWSRADIO,//FM 93.9
1240,WSDR,IL,STERLING,500.0,1000.0,,,41.8164,-89.6704,LICEN,,Whiteside,17195,NEWS/TALK,SRN,//W226CL 93.1
1240,WHBU,IN,ANDERSON,700.0,700.0,,,40.0737,-85.6994,LICEN,,Madison,18095,OLDIES,OLDIES 101,//W266DM 101.1
1240,KIUL,KS,GARDEN CITY,1000.0,1000.0,,,37.9978,-100.9074,LICEN,,Finney,20055,TALK/SPORTS,SRN BIG TALKER 98.5,"//KYUL-1310, K285HE 104.9"
1240,KFH,KS,WICHITA,630.0,630.0,,,37.7183,-97.3184,LICEN,"KAKZ, KRZZ, KNSS",Sedgwick,20173,SPORTS,ESPN SPORTS RADIO 1240,EX-KRZZ/KNSS //K248CY 97.5
1240,WLLV,KY,LOUISVILLE,530.0,530.0,,,38.2308,-85.8222,LICEN,WINN,Jefferson,21111,B. GSPL/RELIGION,1240 LOVE,//W270CR 101.9
1240,WFTM,KY,MAYSVILLE,1000.0,1000.0,,,38.6362,-83.7605,LICEN,,Mason,21161,SPORTS,W1S 1240 SPORTS,
1240,WPKE,KY,PIKEVILLE,1000.0,1000.0,,,37.4809,-82.5263,LICEN,,Pike,21195,CLASSIC ROCK,THE GOAT 98.1 & 104.5,"//WPRT-960, W251AI 98.1"
1240,WSFC,KY,SOMERSET,790.0,790.0,,,37.1176,-84.6116,LICEN,,Pulaski,21199,NEWS/TALK,FOX WW1 NEWSRADIO 1240,
1240,KASO,LA,MINDEN,1000.0,1000.0,,,32.6307,-93.2824,LICEN,,Webster,22119,OLDIES/TALK,WW1 TIMELESS,
1240,KANE,LA,NEW IBERIA,1000.0,1000.0,,,30.0177,-91.8362,LICEN,,Iberia,22045,OLDIES/TALK/CAJUN,ABC VOICE OF THE CATCH,//K298CQ 107.5
1240,WGTX,MA,WEST YARMOUTH,1000.0,1000.0,,,41.6354,-70.2345,LICEN,"WOCB, WUOK, WBUR, WBAS",Barnstable,25001,CLASSIC ROCK,X 102.3,EX-WBUR/WBAS //W268CP 101.5
1240,WJEJ,MD,HAGERSTOWN,1000.0,1000.0,,,39.6668,-77.7247,LICEN,,Washington,24043,ADLT STNDS,CLASSIC RADIO,//W282CR 104.3
1240,WIGY,ME,LEWISTON,1000.0,860.0,,,44.1154,-70.2481,LICEN,"WCOU, WXGL, WTME, WCNM, WEZR",Androscoggin,23001,OLDIES,WIGY 95.7&105.5 RADIO,//W288CW 105.5
1240,WSYY,ME,MILLINOCKET,1000.0,1000.0,,,45.6734,-68.7181,LICEN,WMKR,Penobscot,23019,TALK,TALK RADIO,//W273DJ 102.5
1240,WATT,MI,CADILLAC,1000.0,1000.0,,,44.2242,-85.4001,LICEN,,Wexford,26165,TALK,FOX NEWSTALK,//W291DE 106.1
1240,WCBY,MI,CHEBOYGAN,1000.0,1000.0,,,45.6583,-84.49,LICEN,,Cheboygan,26031,CL. C&W,BIG COUNTRY GOLD,"//W264CF 100.7, W251CW 98.1"
1240,WJIM,MI,LANSING,890.0,890.0,,,42.72,-84.5197,LICEN,,Ingham,26065,SPORTS,ESPN 1240 THE TICKET,//W295BP 106.9
1240,WMFG,MN,HIBBING,1000.0,1000.0,,,47.4083,-92.9513,LICEN,"WMFG, WGGR",St. Louis,27137,ADLT STNDS,YOUR MUSIC YOUR MEM.,
1240,WJON,MN,ST. CLOUD,1000.0,1000.0,,,45.56,-94.1394,LICEN,,Benton,27009,NEWS/TALK,ABC INFORMATION RADIO,//W237EU 95.3
1240,KFMO,MO,FLAT RIVER,1000.0,1000.0,,,37.8528,-90.5204,LICEN,,St. Francois,29187,NEWS/TALK,PARKLANDS NEWS,
1240,KLIK,MO,JEFFERSON CITY,1000.0,1000.0,,,38.5639,-92.1894,LICSL,KWOS,Cole,29051,SILENT,FOX WW1 NEWSTALK 1240,EX-KWOS //K278CT 103.5
1240,KNEM,MO,NEVADA,500.0,500.0,,,37.8603,-94.3819,LICEN,,Vernon,29217,ADLT CONT,ABC SUNNY 99.9,//K260DP 99.9
1240,WWZQ,MS,ABERDEEN,1000.0,1000.0,,,33.809,-88.5426,LICEN,WMPA,Monroe,28095,TALK/SPORTS,ESPN 1240 SPORTS,
1240,WZQK,MS,FLOWOOD,880.0,880.0,,,32.301,-90.1367,LICEN,"WZQA, WPBQ",Rankin,28121,CLASSIC ROCK,THE BRIDGE,//W232DD 94.3 EX-WPBQ
1240,WGCM,MS,GULFPORT,940.0,940.0,,,30.4294,-89.0189,LICEN,"WGCM, WTAM",Harrison,28047,URBAN OLDIES,ABC HYPE 100.9,//W265DH 100.9
1240,WMIS,MS,NATCHEZ,1000.0,1000.0,,,31.5207,-91.3859,LICEN,,Adams,28001,NEWS/TALK,THE BUZZ OF MISS LOU,//WTYJ 97.7
1240,WMSO,MS,SOUTHAVEN,580.0,580.0,,,34.9826,-90.0126,LICEN,"WAVN, WBLZ, WAVN",DeSoto,28033,URBAN AC/BLUES,POWER 104.1 THE SOURCE,EX-WBLZ/WMSO //W281BR 104.1
1240,KJCR,MT,BILLINGS,1000.0,1000.0,,,45.758,-108.4985,LICEN,"KZBO, KUUS, KMAY, KMZK",Yellowstone,30111,RELIGION,EWTN LOCAL CATHOLIC R.,"//K248BL 97.5, K265FK 100.9"
1240,KLTZ,MT,GLASGOW,1000.0,1000.0,,,48.2186,-106.6461,LICEN,,Valley,30105,C&W,ABC BIG COUNTRY,//K273DB 102.5
1240,KLYQ,MT,HAMILTON,1000.0,1000.0,,,46.2596,-114.1651,LICEN,,Ravalli,30081,NEWS/TALK,SRN WW1 NEWSTALK,
1240,KHNK,MT,WHITEFISH,400.0,400.0,,,48.3955,-114.3207,LICEN,KSAM,Flathead,30029,C&W,102.7 OUTLAW COUNTRY,EX-KSAM //K274CY 102.7
1240,WSQL,NC,BREVARD,1000.0,1000.0,,,35.2232,-82.7054,LICEN,"WPNF, WRAQ",Transylvania,37175,TALK/ROCK,WHITE SQUIRREL RADIO,EX-WPNF/WRAQ //W271CL 102.1
1240,WHVN,NC,CHARLOTTE,1000.0,1000.0,,,35.2641,-80.7702,LICEN,WIST,Mecklenburg,37119,SPANISH RELIGION,LA VERDAD NETWORK,//W282BP 104.3
1240,WCNC,NC,ELIZABETH CITY,1000.0,1000.0,,,36.3107,-76.2319,LICEN,,Pasquotank,37139,NEWS/TALK,BIN WW1 NEWSTALK,
1240,WJNC,NC,JACKSONVILLE,1000.0,1000.0,,,34.7491,-77.4139,LICEN,,Onslow,37133,RELIGION,GO MIX CHRISTIAN RADIO,//W225CV 92.9
1240,WPJL,NC,KNIGHTDALE,1000.0,1000.0,,,35.8681,-78.4303,LICEN,,Wake,37183,SPANISH RELIGION,DEVINE MERCY RADIO,
1240,WPJL,NC,RALEIGH,1000.0,1000.0,,,35.7738,-78.6189,LICEN,,Wake,37183,SPANISH RELIGION,DEVINE MERCY RADIO,
1240,WWWC,NC,WILKESBORO,1000.0,1000.0,,,36.1501,-81.1615,LICEN,,Wilkes,37193,S. GSPL,HOMETOWN CHRISTIAN,
1240,KDLR,ND,DEVILS LAKE,1000.0,1000.0,,,48.1117,-98.8457,LICEN,,Ramsey,38071,CL. C&W,YOUR KIND OF CNTRY,//K259CV 99.7
1240,KFOR,NE,LINCOLN,1000.0,1000.0,,,40.8194,-96.6589,LICEN,,Lancaster,31109,NEWS/TALK,FOX WW1 FIRST FOR NEWS,//K268DF 101.5
1240,KODY,NE,NORTH PLATTE,1000.0,1000.0,,,41.1539,-100.7735,LICEN,,Lincoln,31111,NEWS/TALK/SPORTS,FOX FSR NEWSTALK 1240,"//K223CQ 92.5, K291BW 106.1"
1240,WFTN,NH,FRANKLIN,1000.0,1000.0,,,43.4545,-71.642,LICEN,,Merrimack,33013,OLDIES,ABC OLDIES 92.9,"//W225CB 92.9, WPNH-1300"
1240,WSNJ,NJ,BRIDGETON,1000.0,1000.0,,,39.459,-75.203,LICEN,,Cumberland,34011,ROCK,WILMINGTONS ROCK STN.,//W260BW 99.9
1240,KAMQ,NM,CARLSBAD,1000.0,1000.0,,,32.3954,-104.2472,LICEN,KHHA,Eddy,35015,ROCK,96.3 THE Q,//K242DB 96.3
1240,KCLV,NM,CLOVIS,1000.0,1000.0,,,34.3884,-103.1866,LICEN,,Curry,35009,NEWS/TALK,SRN TALK 1240,
1240,KDSK,NM,LOS RANCHOS DE ALBUQ,1000.0,1000.0,,,35.2017,-106.5995,LICEN,"KLTN, KALY",Bernalillo,35001,OLDIES,SRN SOUND SOUVENIRS,"//FM 92.7, K225CH 92.9"
1240,KDSK,NM,LOS RANCHOS DE ALBUQ,1000.0,880.0,,,35.0135,-106.6646,LICEN,"KLTN, KALY",Bernalillo,35001,OLDIES,SRN SOUND SOUVENIRS,"//FM 92.7, K225CH 92.9"
1240,KELK,NV,ELKO,1000.0,1000.0,,,40.8655,-115.7202,LICEN,,Elko,32007,ADLT CONT,ABC ELKOS ORIGINAL,//K240AI 95.9
1240,KLAV,NV,LAS VEGAS,1000.0,1000.0,,,36.1919,-115.1778,LICEN,"KLAV, KEZD",Clark,32003,,,
1240,WGBB,NY,FREEPORT,1000.0,1000.0,,,40.6457,-73.5771,LICEN,"WGBB, WBAB",Nassau,36059,VARIETY/ETHNIC,SERVING LONG ISLAND,CHINESE WKDAYS //W240DF95.9
1240,WGVA,NY,GENEVA,1000.0,1000.0,,,42.8603,-77.0161,LICEN,,Ontario,36069,NEWS/TALK,FINGER LAKES NEWS,"//WFLR, WAUB, W241AW 96.1"
1240,WJTN,NY,JAMESTOWN,500.0,1000.0,,,42.1048,-79.2573,LICEN,,Chautauqua,36013,TALK/AC,ABC WW1,//W267CN 101.3
1240,WVOS,NY,LIBERTY,1000.0,1000.0,,,41.7817,-74.7299,LICEN,,Sullivan,36105,NEWS/TALK,FOX CATSKILLS NEWSTALK,//FM 95.9
1240,WVSL,NY,SARANAC LAKE,1000.0,1000.0,,,44.3162,-74.1185,LICEN,WNBZ,Essex,36031,CLASSIC ROCK,ADIRONDACK 105,"//W237EY 95.3, WLPW 105.5"
1240,WPTR,NY,SCHENECTADY,1000.0,1000.0,,,42.8104,-73.984,LICEN,"WWWD, WVKZ",Schenectady,36093,OLDIES,YOUR COMMUNITY RADIO,//W246DS 97.1
1240,WATN,NY,WATERTOWN,1000.0,1000.0,,,43.9803,-75.9363,LICEN,,Jefferson,36045,NEWS/TALK,NEWSTALK AUTHORITY,
1240,WBBW,OH,YOUNGSTOWN,1000.0,1000.0,,,41.0806,-80.6481,LICEN,,Mahoning,39099,SPORTS,W1S SPORTSRADIO 1240,//WLLF 96.7
1240,WHIZ,OH,ZANESVILLE,1000.0,960.0,,,39.9556,-81.9835,LICEN,,Muskingum,39119,TALK/SPORTS,ABC WW1 THE VOICE,//W272EE 102.3
1240,KVSO,OK,ARDMORE,1000.0,1000.0,,,34.1818,-97.147,LICEN,"KKAJ, KVSO, KKAJ",Carter,40019,SPORTS,ESPN THE SPORTS ANIMAL,EX-KKAJ
1240,KADS,OK,ELK CITY,1000.0,1000.0,,,35.3809,-99.4073,LICEN,,Beckham,40009,SPORTS,ESPN SPORTS ANIMAL,
1240,KBEL,OK,IDABEL,1000.0,1000.0,,,33.8818,-94.8197,LICEN,,McCurtain,40089,C&W,WW1,//FM 96.7
1240,KOKL,OK,OKMULGEE,1000.0,1000.0,,,35.6087,-95.9722,LICEN,,Okmulgee,40111,CLASSIC ROCK,ABC WW1 THE BREW,//K292HF 106.3
1240,KRJW,OR,ALTAMONT,1000.0,1000.0,,,42.2049,-121.7608,LICEN,,Klamath,41035,REG. MEX.,LA PATRONA 106.5,//K293CQ 106.5
1240,KEJO,OR,CORVALLIS,1000.0,1000.0,,,44.5937,-123.2262,LICEN,KFLY,Benton,41003,SPORTS,FSR W1S JOE RADIO,EX-KFLY //K229DI 93.7
1240,KTIX,OR,PENDLETON,800.0,800.0,,,45.6849,-118.8558,LICEN,,Umatilla,41059,SPORTS,FSR THE TICKET 103.1,//K276GF 103.1
1240,KRDM,OR,REDMOND,1000.0,1000.0,,,44.2779,-121.1467,LICEN,,Deschutes,41017,REG. MEX.,LA BRONCA,
1240,KQEN,OR,ROSEBURG,1000.0,1000.0,,,43.1929,-123.362,LICEN,,Douglas,41019,TALK,FOX NEWSRADIO 1240,//K230CG 93.9
1240,WRTA,PA,ALTOONA,1000.0,1000.0,,,40.5073,-78.4206,LICEN,,Blair,42013,NEWS/TALK,SRN FOX TALKRADIO 98.5,//W253CJ 98.5
1240,WRLD,PA,READING,1000.0,1000.0,,,40.3245,-75.9416,LICEN,"WHUM, WAGO, WIOV",Berks,42011,URBAN HIPHOP,LOUD 98.5,EX-WAGO/WIOV //W253CK 98.5
1240,WFUZ,PA,WILKES-BARRE,1000.0,1000.0,,,41.2537,-75.9066,LICEN,"WBAX, WQFM",Luzerne,42079,CLASSIC ROCK,ROCK 107,//W295CV 106.9
1240,WALO,PR,HUMACAO,1000.0,1000.0,,,18.145,-65.8132,LICEN,,Humacao,72069,SPANISH STNDS,RADIO ORIENTAL,//W286DH 105.1
1240,WOON,RI,WOONSOCKET,1000.0,1000.0,,,42.0162,-71.4912,LICEN,WWON,Providence,44007,OLDIES/STNDS/TALK,NBC ON RADIO,EX-WWON //W258DU 99.5
1240,WLSQ,SC,LORIS,1000.0,1000.0,,,34.0349,-78.8825,LICEN,"WLSC, WVSL, WLSC",Horry,45051,TALK,SRN WW1 TALK 94.5,EX-WLSC //W294CW 106.7
1240,WKDK,SC,NEWBERRY,1000.0,1000.0,,,34.2918,-81.6207,LICEN,,Newberry,45071,ADLT CONT,FOX VOICE FOR 60 YEARS,//W269DW 101.7
1240,WDXY,SC,SUMTER,1000.0,1000.0,,,33.9046,-80.3234,LICEN,,Sumter,45085,TALK,FOX NEWSTALK 1240&1059,//W290AY 105.9
1240,KCCR,SD,PIERRE,1000.0,1000.0,,,44.3505,-100.3193,LICEN,,Stanley,46117,AC/SPORTS,ESPN CAPITAL CITY,//K255DE 98.9
1240,WBEJ,TN,ELIZABETHTON,1000.0,1000.0,,,36.3352,-82.2151,LICEN,,Carter,47019,S. GSPL,THE BRIDGE,//W300CC 107.9
1240,WEKR,TN,FAYETTEVILLE,1000.0,1000.0,,,35.1579,-86.5903,LICEN,,Lincoln,47103,CLASSIC ROCK,THE ELK,//W235CX 98.5
1240,WIFA,TN,KNOXVILLE,1000.0,1000.0,,,35.9548,-83.951,LICEN,"WEZK, WZEZ, WEZK, WIMZ, WTXM, WJXB",Knox,47093,C. CHRIST.,FAITH 1240,//W234CU 94.7
1240,WNVL,TN,NASHVILLE,1000.0,1000.0,,,36.1564,-86.7711,LICEN,"WKDA, WNSG",Davidson,47037,SPANISH AC,ACTIVA 105.1FM-1240AM,EX-WKDA/WNSG //W286CY 105.1
1240,WENK,TN,UNION CITY,1000.0,1000.0,,,36.4278,-89.0348,LICEN,,Obion,47131,OLDIES,ABC,//W238CU 95.5
1240,KVLF,TX,ALPINE,1000.0,1000.0,,,30.3738,-103.6627,LICEN,,Brewster,48043,CLASSIC ROCK,VOICE OF LAST FRONTIER,//K254CW 98.7
1240,KXYL,TX,BROWNWOOD,1000.0,1000.0,,,31.706,-98.9962,LICEN,"KXYL, KZZE",Brown,48049,NEWS/TALK,SRN NEWSTALK 102.3,EX-KZZE //FM 102.3
1240,KTAM,TX,BRYAN,380.0,380.0,,,30.6505,-96.3495,LICEN,,Brazos,48041,REG. MEX.,RADIO ALEGRIA,//K261EY 100.1
1240,KXIT,TX,DALHART,1000.0,1000.0,,,36.0959,-102.511,LICEN,,Dallam,48111,OLDIES/ROCK,ABC THE PULSE 94.5,//K233BY 94.5
1240,KDOK,TX,KILGORE,1000.0,1000.0,,,32.4174,-94.8544,LICEN,"KOCA, KTXC, KKTX, KBGE",Gregg,48183,CLASSIC ROCK,ALL HIT RADIO,EX-KKTX/KBGE
1240,KSOX,TX,RAYMONDVILLE,520.0,850.0,,,26.4056,-97.9147,LICEN,,Hidalgo,48215,SPANISH RELIGION,VISION HISPANA,//K255DB 98.9
1240,KXOX,TX,SWEETWATER,1000.0,1000.0,,,32.4879,-100.3923,LICEN,,Nolan,48353,C&W,GREAT TIMES GREAT CTRY,//FM 96.7
1240,WDCJ,VA,PETERSBURG,1000.0,1000.0,,,37.2337,-77.3764,LICEN,"WSSV, WPLZ, WGCV, WROU, WTPS",Petersburg,51730,URBAN HIPHOP,THE BOX,EX-WTPS //W274BX 102.7
1240,WGMN,VA,ROANOKE,1000.0,1000.0,,,37.2701,-79.9703,LICEN,WROV,Roanoke,51770,VARIETY/TALK,NPR,//W258DN 99.5
1240,WTON,VA,STAUNTON,1000.0,1000.0,,,38.1418,-79.0423,LICSL,,Staunton,51790,SILENT,ABC NEWS TALK SPORTS,
1240,WSKI,VT,MONTPELIER,1000.0,1000.0,,,44.2445,-72.5459,LICEN,,Washington,50023,ROCK,ROCK 102.3,//W227DF 93.3
1240,KCVL,WA,COLVILLE,1000.0,1000.0,,,48.5207,-117.9089,LICEN,,Stevens,53065,C&W/TALK,WW1,
1240,KXLE,WA,ELLENSBURG,1000.0,1000.0,,,47.0024,-120.5264,LICEN,,Kittitas,53037,C&W,VALLEYS CNTRY STATION,//FM 95.3
1240,KBUP,WA,OLYMPIA,1000.0,1000.0,,,47.0576,-122.9021,LICEN,KGY,Thurston,53067,RELIGION,EWTN SACRED HEART R.,EX-KGY //K284CG 104.7
1240,WOMT,WI,MANITOWOC,992.0,992.0,,,44.1253,-87.6281,LICEN,,Manitowoc,55071,AC/EZL,EASY LISTENING RADIO,//W300EE 107.9
1240,WHFA,WI,POYNETTE,1000.0,1000.0,,,43.3606,-89.4023,LICEN,WIBU,Columbia,55021,RELIGION,RELEVANT RADIO 1240,EX-WIBU //W247CI 97.3
1240,WOBT,WI,RHINELANDER,950.0,1000.0,,,45.6283,-89.394,LICEN,,Oneida,55085,SPORTS,FSR 101.3 THE GAME,//W267AF 101.3
1240,WJMC,WI,RICE LAKE,1000.0,1000.0,,,45.5086,-91.7741,LICEN,,Barron,55005,TALK/OLDIES,GOOD FRIENDS GREAT INF,//W243ED 96.5
1240,WKEZ,WV,BLUEFIELD,1000.0,1000.0,,,37.2659,-81.1887,LICEN,WKOY,Mercer,54055,AC/EZL,WW1 98.7 EZ-FM,"//W254CB 98.7, WELC-1150"
1240,WVTS,WV,DUNBAR,1000.0,1000.0,,,38.3856,-81.714,LICEN,"WTIP, WVSR, WBES",Kanawha,54039,NEWS/TALK,FOX CHARLESTONS NWSTLK,EX-WVSR/WBES //W239CH 95.7
1240,WDNE,WV,ELKINS,1000.0,1000.0,,,38.9234,-79.8623,LICEN,,Randolph,54083,NEWS/TALK,FOX PROUD TO LIVE HERE,//W260DG 99.9
1240,KFBC,WY,CHEYENNE,700.0,700.0,,,41.1214,-104.84,LICEN,,Laramie,56021,SPORTS,INFINITY SPORTS NET,//K248CZ 97.5
1240,KASL,WY,NEWCASTLE,1000.0,1000.0,,,43.8464,-104.213,LICEN,,Weston,56045,C&W,ABC REAL COUNTRY,//K232FV 94.3
1240,KRAL,WY,RAWLINS,1000.0,1000.0,,,41.7819,-107.2617,LICSL,,Carbon,56007,SILENT,ABC RAWLINS RADIO,//KIQZ 92.7
1250,WZOB,AL,FORT PAYNE,5000.0,122.0,,,34.4398,-85.7533,LICEN,,DeKalb,1049,CL. C&W,FOX NUMBER ONE COUNTRY,//W265DS 100.9
1250,WRBZ,AL,WETUMPKA,2000.0,65.0,,,32.4136,-86.2903,LICEN,"WETU, WAPZ",Montgomery,1101,REG. MEX.,LA VOZ,EX-WAPZ //W238CE 95.5
1250,KPBI,AR,FAYETTEVILLE,920.0,45.0,,,36.0406,-94.2757,LICEN,"KFAY, KHOG, KOFC, KRRD",Washington,5143,REG. MEX.,LA PODEROSA,//K291CK 106.1
1250,KFOG,AR,LITTLE ROCK,2000.0,1200.0,,,34.7015,-92.2174,LICSL,"KOKY, KZOU, KURB, KLIH, KPZK",Pulaski,5119,SILENT,92 JAM,EX-KLIH/KPZK //KIPR 92.3
1250,KHIL,AZ,WILLCOX,5000.0,196.0,,,32.2668,-109.8334,LICEN,,Cochise,4003,C&W,AP WW1 OUTLAW COUNTRY,//K251CG 98.1
1250,KHOT,CA,MADERA,500.0,81.0,,,36.9661,-120.036,LICEN,"KHOT, KQMD",Madera,6039,RELIGION,RELEVANT RADIO,//K264CK 100.7
1250,KZER,CA,SANTA BARBARA,2500.0,1000.0,,,34.4183,-119.819,LICEN,"KTMS, KEYT",Santa Barbara,6083,REG. MEX.,RADIO LAZER 1250,EX-KTMS //K293CK 106.5
1250,KLLK,CA,WILLITS,5000.0,2500.0,,,39.3993,-123.3233,LICSL,,Mendocino,6045,SILENT,WW1 GREATEST HITS,"//KUKI-1400, KDAC-1230"
1250,KNWH,CA,YUCCA VALLEY,800.0,77.0,,,34.1308,-116.3708,LICEN,"KDHI, KQYN, KNWH, KDGR",San Bernardino,6071,NEWS/TALK,K-NEWS SUPERSTN,EX-KQYN/KDGR //KNWQ-1140
1250,WQHL,FL,LIVE OAK,1000.0,83.0,,,30.2874,-82.9654,LICEN,WNER,Suwannee,12121,TALK,FOX BIG TALKER,//W276DI 103.1
1250,WHNZ,FL,TAMPA,25000.0,5900.0,,,28.0209,-82.6093,LICEN,WDAE,Hillsborough,12057,BUSINESS NEWS,BLOOMBERG IMPACT RADIO,EX-WDAE //W290BJ 105.9
1250,WSRA,GA,ALBANY,1000.0,53.0,,,31.6168,-84.1588,LICEN,"WQDE, WANL",Dougherty,13095,SPORTS,W1S WORLD'S SPORTS R.,EX-WANL
1250,WYTH,GA,MADISON,1000.0,82.0,,,33.5475,-83.4772,LICEN,,Morgan,13211,BLK GSPL,THE PROMISE,
1250,WYTH,GA,MADISON,1000.0,79.0,,,33.5793,-83.4777,LICEN,,Morgan,13211,BLK GSPL,THE PROMISE,
1250,KCFI,IA,CEDAR FALLS,500.0,500.0,,,42.5447,-92.488,LICEN,"KCFI, KCNZ, KDNZ",Black Hawk,19013,OLDIES,CRUISIN 1250 & 105.1,EX-KCFI/KDNZ //K286CI 105.1
1250,WGL,IN,FORT WAYNE,2300.0,1000.0,,,41.0212,-85.1628,LICEN,,Allen,18003,NEWS,NEWSRADIO 1250,//W288EI 105.5
1250,WRAY,IN,PRINCETON,1000.0,59.0,,,38.357,-87.5903,LICEN,,Gibson,18051,C&W,COUNTRY 98.1,//W232DP 94.3
1250,KYYS,KS,KANSAS CITY,25000.0,3700.0,,,39.185,-94.458,LICEN,"WREN, KKGM, KXTR, KWSJ, KKHK",Wyandotte,20209,REG. MEX.,LA X SUPERESTACION,EX-KKGM/KXTR/KWSJ/KKHK
1250,WLRT,KY,NICHOLASVILLE,500.0,59.0,,,37.9051,-84.5569,LICEN,"WNVL, WUGR, WWFT, WVKY",Jessamine,21113,REG. MEX.,LA EXPLOSIVA,EX-WWFT/WVKY //W270DE 101.9
1250,WLCK,KY,SCOTTSVILLE,860.0,76.0,,,36.7403,-86.1752,LICEN,,Allen,21003,S.GSPL,SMN SRN SOLID GOSPEL,//W261DO 100.1
1250,WARE,MA,WARE,5000.0,2500.0,,,42.2454,-72.2076,LICEN,,Worcester,25027,CLASSIC ROCK,FOX CLASSIC HITS 97.7,//W249DP 97.7
1250,WJMK,MI,BRIDGEPORT,5000.0,1100.0,,,43.342,-83.8991,LICEN,"WXOX, WTCX, WXOX, WJZZ, WKNX, WNEM, WHHQ",Saginaw,26145,AC/OLDIES,1250 METV,EX-WNEM/WHHQ //W257EO 99.3
1250,KBRF,MN,FERGUS FALLS,5000.0,2200.0,,,46.2741,-96.0464,LICEN,,Otter Tail,27111,TALK/SPORTS,SRN FSR NEWSTALK,
1250,KCUE,MN,RED WING,1000.0,110.0,,,44.5372,-92.5227,LICEN,,Goodhue,27049,CL. C&W,FOX BLUFF COUNTRY,//K255CZ 98.9
1250,KBTC,MO,HOUSTON,980.0,50.0,,,37.3292,-91.8988,LICEN,,Texas,29215,SPORTS/TALK,ESPN,//K289CK 105.7
1250,KIKC,MT,FORSYTH,5000.0,132.0,,,46.2583,-106.6898,LICEN,,Rosebud,30087,CL. C&W,CLASSIC COUNTRY,//K233BL 94.5
1250,WGHB,NC,FARMVILLE,5000.0,2500.0,,,35.6049,-77.5744,LICEN,WFAG,Pitt,37147,TALK/SPORTS,NBC PIRATE RADIO 104.1,"//WDLX-930, W224EI 92.7"
1250,WKDX,NC,HAMLET,1000.0,80.0,,,34.8852,-79.6803,LICEN,,Richmond,37153,GOSPEL,THE SPIRIT,
1250,WBRM,NC,MARION,5000.0,51.0,,,35.6857,-82.0346,LICEN,,McDowell,37111,C&W,BIGFOOT COUNTRY 103.9,//W280FP 103.9
1250,KZOI,NE,DAKOTA CITY,500.0,700.0,,,42.4425,-96.2617,LICEN,KTFJ,Woodbury,19193,REG. MEX.,LA FIESTA,EX-KTFJ //K246CJ 97.1
1250,WGAM,NH,MANCHESTER,670.0,100.0,,,43.0106,-71.5037,LICEN,WKBR,Hillsborough,33011,OLDIES,OLDIES RADIO WGAM,EX-WKBR //WGHM-900
1250,WMTR,NJ,MORRISTOWN,5000.0,7000.0,,,40.8132,-74.4624,LICEN,,Morris,34027,OLDIES,CLASSIC OLDIES,
1250,WCHO,OH,WASHINGTON COURT HOU,500.0,42.0,,,39.5498,-83.4527,LICEN,"WCHO, WOFR, WBUB, WCHO, WMXV, WCHO, WKSI",Fayette,39047,OLDIES,ABC OLDIES 1250,EX-WOFR/WBUB/WMXV
1250,KCFM,OR,FLORENCE,900.0,37.0,,,44.029,-124.0982,LICEN,"KGBU, KCST",Lane,41039,ADLT STNDS,ABC SOUNDTRACK LIVES,EX-KCST
1250,WLEM,PA,EMPORIUM,2500.0,30.0,,,41.5062,-78.2236,LICEN,,Cameron,42023,OLDIES,FOX GREAT SONGS & MEM.,
1250,WPGP,PA,PITTSBURGH,5000.0,5000.0,,,40.3973,-79.9617,LICEN,"WTAE, WEAE, WDDZ",Allegheny,42003,NEWS/TALK,SRN THE ANSWER,EX-WEAE/WDDZ //W223CS 92.5
1250,WYYC,PA,YORK,1000.0,33.0,,,39.999,-76.695,LICEN,"WOBG, WXKU, WQXA",York,42133,RELIGION,TRUTH TALK,EX-WXKU/WQXA //W251CE 98.1
1250,WJIT,PR,SABANA,250.0,1000.0,,,18.425,-66.3385,LICEN,,Vega Alta,72143,TROPICAL,CIMA 103.7,//W279BU 103.7
1250,WTMA,SC,CHARLESTON,5000.0,1000.0,,,32.8243,-80.0026,LICEN,,Charleston,45019,NEWS/TALK,ABC WW1 BIG TALKER,
1250,WKBL,TN,COVINGTON,800.0,80.0,,,35.5868,-89.6393,LICEN,,Tipton,47167,CLASSIC ROCK,CLASSIC HITS KBL,//W270DR 101.9
1250,WRKQ,TN,MADISONVILLE,500.0,84.0,,,35.5081,-84.3791,LICEN,"WRKQ, WINW",Monroe,47123,CLASSIC ROCK,RAD RADIO,//W290DS 105.9
1250,KZHN,TX,PARIS,500.0,95.0,,,33.7226,-95.5474,LICEN,"KPRE, KGDD, KPJC",Lamar,48277,NEWS/TALK,SRN WW1 NEWSRADIO 1250,EX-KGDD/KPJC
1250,KDEI,TX,PORT ARTHUR,5000.0,1000.0,,,29.9513,-93.8796,LICEN,"KPAC, KTXC, KALO",Jefferson,48245,RELIGION,RADIO MARIA,EX-KALO //KJMJ-580
1250,KZDC,TX,SAN ANTONIO,,920.0,,,29.4972,-98.4161,LICEN,"KHBL, KZEP",Medina,48325,SPORTS,ESPN 1250,EX-KRNS/KZEP //K277CX 103.3
1250,KZDC,TX,SAN ANTONIO,25000.0,,,,29.2839,-98.4747,LICEN,"KHBL, KZEP",Medina,48325,SPORTS,ESPN 1250,EX-KRNS/KZEP //K277CX 103.3
1250,KIKZ,TX,SEMINOLE,1000.0,250.0,,,32.6996,-102.6371,LICEN,,Gaines,48165,ADLT CONT,ABC WW1,
1250,KNEU,UT,ROOSEVELT,5000.0,129.0,,,40.2869,-109.9596,LICEN,,Uintah,49047,C&W,FOX CLASSIC COUNTRY,//K228FR 93.5
1250,WDVA,VA,DANVILLE,5000.0,5000.0,,,36.5815,-79.4423,LICEN,,Danville,51590,C. CHRIST.,GREAT GOSPEL,
1250,WJZU,VA,FRANKLIN,1000.0,,,,36.6826,-76.9283,LICEN,"WYSR, WLQM",Franklin,51620,BLK GSPL,PRAISE 99.1,//W256DH 99.1 EX-WLQM
1250,KKDZ,WA,KENT,5000.0,2300.0,,,47.2996,-122.1886,LICEN,"KYAC, KKFX",King,53033,ETHNIC S. ASIAN,PUNJAB RADIO USA,EX-KKFX //KNTS 1680
1250,KWSU,WA,PULLMAN,5000.0,2500.0,,,46.6963,-117.2466,LICEN,,Whitman,53075,NEWS/TALK,NPR NW PUBLIC RADIO,
1250,KKDZ,WA,SEATTLE,,5000.0,,,47.6729,-122.1701,LICEN,"KYAC, KKFX",Kitsap,53035,ETHNIC S. ASIAN,PUNJAB RADIO USA,EX-KKFX //KNTS 1680
1250,KKDZ,WA,SEATTLE,5000.0,,,,47.5634,-122.361,LICEN,"KYAC, KKFX",Kitsap,53035,ETHNIC S. ASIAN,PUNJAB RADIO USA,EX-KKFX //KNTS 1680
1250,WSSP,WI,MILWAUKEE,5000.0,5000.0,,,42.9461,-88.0609,LICEN,WEMP,Milwaukee,55079,SPORTS,W1S 105.7 THE FAN,EX-WEMP
1250,WYKM,WV,RUPERT,5000.0,,,,37.9932,-80.684,LICEN,,Greenbrier,54025,C&W,YR CNTRY TRADITION,//W229CY 93.7
1260,WYDE,AL,BIRMINGHAM,5000.0,41.0,,,33.5248,-86.7861,LICSL,"WCRT, WCEO, WDJC, WLGS, WYDE, WLGD",Jefferson,1073,SILENT,GOD & COUNTRY MUSIC,"//FM 92.5, W237EK 95.3"
1260,KCCB,AR,CORNING,1000.0,31.0,,,36.4001,-90.5848,LICEN,,Clay,5021,JAZZ,JAZZ 1260,
1260,KBSZ,AZ,APACHE JUNCTION,4500.0,50.0,,,33.3823,-111.5365,LICEN,"KUUK, KCIW, KTIM",Pinal,4021,AC/JAZZ,THE BUZZ,EX-KCLW/KTIM //K247CF 97.3
1260,KMZT,CA,BEVERLY HILLS,20000.0,7500.0,,,34.2492,-118.4548,LICEN,"KGIL, KJQI, KNNS, KGIL, KJAZ, KSUR, KKGO, KMZT, KGIL, KMZT, KBOQ, KSUR, KMZT, KKGO",Los Angeles,6037,CLASSICAL,K-MOZART,EX-KKGO //K252FO 98.3
1260,KSFB,CA,SAN FRANCISCO,5000.0,1000.0,,,37.7161,-122.395,LICEN,"KOIT, KXLR, KOIT",Alameda,6001,RELIGION,EWTN RELEVANT RADIO,EX-KOIT //K269FB 101.7
1260,WSHU,CT,WESTPORT,688.0,72.0,,,41.1282,-73.3901,LICEN,"WMMM, WCFS, WMMM",Fairfield,9001,NEWS/TALK,NPR WSHU PUBLIC RADIO,"//W276DY 103.1, 1340 WYBC"
1260,WQOF,DC,WASHINGTON,35000.0,5000.0,,,38.9998,-77.0572,LICEN,"WWDC, WGAY, WWRC, WSPZ",Montgomery,24031,RELIGION,RELEVANT RADIO,EX-WWRC/WSPZ
1260,WFTW,FL,FORT WALTON BEACH,2500.0,131.0,,,30.4138,-86.6277,LICSL,"WFTW, WDIS",Okaloosa,12091,SILENT,COAST 93.3,//W298CV 107.5
1260,WSUA,FL,MIAMI,50000.0,20000.0,,,25.7732,-80.4209,LICEN,"WWOK, WHTT",Miami-Dade,12086,ETHNIC/VARIETY,AMERICA RADIO,//W284CT 104.7
1260,WIYD,FL,PALATKA,400.0,135.0,,,29.6522,-81.592,LICEN,WWPF,Putnam,12107,C&W/TALK,AP WW1 KICKIN COUNTRY,//W285FR 104.9
1260,WUFE,GA,BAXLEY,5000.0,,,,31.7994,-82.4118,LICEN,,Appling,13001,ADLT CONT,LITE FM 96.7,//W244CR 96.7
1260,WMDG,GA,EAST POINT,5100.0,52.0,,,33.6965,-84.4746,LICEN,"WKRW, WYXC",Fulton,13121,CLASSIC ROCK,MY FOX FM,//W261DL 100.1
1260,KDLF,IA,BOONE,5000.0,33.0,,,42.0486,-93.8986,LICEN,"KFGQ, KFFF, KTIA",Boone,19015,REG. MEX.,LA REINA,EX-KFFF/KTIA //K243CO 96.5
1260,KNBL,ID,IDAHO FALLS,5000.0,64.0,,,43.5207,-111.9933,LICEN,"KTEE, KICN, KZNI, KSSL, KBLY, KEIR",Bonneville,16019,C&W/FARM,FARM COUNTRY 1260,EX-KEIR //K266AF 101.1
1260,KKOO,ID,WEISER,8400.0,36.0,,,44.0621,-116.9071,LICEN,"KWEI, KTRP, KWEI, KBXN",Payette,16075,OLDIES,101.5 KOOL FM,//K268CU 101.5 EX-KWEI/KBXN
1260,WSDZ,IL,BELLEVILLE,20000.0,5000.0,,,38.4587,-89.9615,LICEN,WIBV,St. Clair,17163,RELIGION,RELEVANT RADIO,EX-WIBV //K236CS 95.1
1260,WNDE,IN,INDIANAPOLIS,5000.0,5000.0,,,39.865,-86.0619,LICEN,,Marion,18097,SPORTS/TALK,FOX SPORTS 1260,
1260,KBRH,LA,BATON ROUGE,5000.0,127.0,,,30.4608,-91.2437,LICEN,"WAIL, WTKL",West Baton Rouge,22121,URBAN OLDIES,CLASSIC BLUES & RHYTHM,EX-WTKL
1260,WBIX,MA,BOSTON,5000.0,5000.0,,,42.2746,-71.0417,LICEN,"WEZE, WPZE, WMKI",Norfolk,25021,ETHNIC PORTUGUESE,NOSSA RADIO USA,EX-WEZE/WPZE/WMKI
1260,WPNW,MI,ZEELAND,10000.0,1000.0,,,42.7323,-86.1017,LICEN,"WJBL, WWJQ",Allegan,26005,C. CHRIST.,SRN JOY WORSHIP,"//W243BD 96.5, W255DI 98.9"
1260,KROX,MN,CROOKSTON,1000.0,500.0,,,47.7977,-96.5876,LICEN,,Polk,27119,AC/OLDIES/TALK,AP VOICE OF VALLEY,//K289CE 105.7
1260,KDUZ,MN,HUTCHINSON,1000.0,64.0,,,44.9066,-94.3666,LICEN,,McLeod,27085,CLASSIC ROCK,ABC CLASSIC HITS 96.5,//K243CQ 96.5
1260,KSGF,MO,SPRINGFIELD,5000.0,5000.0,,,37.2642,-93.318,LICSL,"KGBX, KTTS, KTTF",Greene,29077,SILENT,FOX NEWSTALK AM 1260,DELETED //FM 104.1
1260,WGVM,MS,GREENVILLE,1000.0,32.0,,,33.4223,-91.0282,LICEN,,Washington,28151,OLDIES,WW1 GOODTIME OLDIES,//W247BA 97.3
1260,WKXR,NC,ASHEBORO,5000.0,500.0,,,35.724,-79.8056,LICEN,WGWR,Randolph,37151,C&W,WW1 CLASSIC COUNTRY,//W235CO 94.9
1260,WZBO,NC,EDENTON,1000.0,34.0,,,36.0796,-76.5997,LICEN,WCDJ,Chowan,37041,C&W,FOX THE SCORE 1530,//W297CJ 107.3
1260,WFJS,NJ,TRENTON,5900.0,2500.0,,,40.2657,-74.7571,LICEN,"WBUD, WKXW, WBUD",Bucks,42017,RELIGION,EWTN DOMESTIC CHURCH,"//FM 89.3, WGYM-1580"
1260,KTRC,NM,SANTA FE,5000.0,1000.0,,,35.6823,-105.9731,LICEN,KVSF,Santa Fe,35049,TALK,ABC TALK 1260,EX-KVSF //K279CX 103.7
1260,WBNR,NY,BEACON,1000.0,400.0,,,41.4923,-73.9782,LICEN,,Dutchess,36027,TALK,FOX WW1 THE BEACON,"//WBPM 92.9, WLNA-1420"
1260,WSKO,NY,SYRACUSE,5000.0,5000.0,,,43.0256,-76.0649,LICEN,"WNDR, WNSS",Onondaga,36067,SPORTS/TALK,W1S THE SCORE,EX-WNDR/WNSS
1260,WCCR,OH,CLEVELAND,10000.0,5000.0,,,41.2862,-81.6426,LICEN,"WMJI, WRDZ, WMIH, WWMK",Cuyahoga,39035,RELIGION,EWTN THE ROCK,EX-WRDZ/WMIH/WWMK
1260,WNXT,OH,PORTSMOUTH,250.0,,,,38.7226,-83.0014,LICEN,,Greenup,21089,SPORTS,ABC FSR SPORTSMOUTH,//W239CQ 95.7
1260,KWSH,OK,WEWOKA,1000.0,1000.0,,,35.1695,-96.5419,LICEN,,Seminole,40133,C&W,ABC TODAYS BEST CNTRY,//K249FH 97.7
1260,KLYC,OR,MCMINNVILLE,1000.0,850.0,,,45.2343,-123.1337,LICEN,"KMCM, KCYX",Yamhill,41071,CLASSIC HITS,VOICE OF YAMHILL,COUNTY //K256DF 99.1
1260,WRIE,PA,ERIE,5000.0,5000.0,,,42.0551,-80.0398,LICSL,"WLKK, WHDZ",Erie,42049,SILENT,CLASSY 100,//WXKC 99.9
1260,WLGJ,PA,PHILIPSBURG,5000.0,34.0,,,40.8942,-78.1972,LICEN,WPHB,Centre,42027,C&W,BIGFOOT LEGENDS,"//W282CV 104.3,W296ED 107.1"
1260,WVOZ,PR,PONCE,2300.0,2300.0,,,17.9875,-66.6194,LICEN,"WISO, WAPA, WBQN",Ponce,72113,SPANISH NEWS/TALK,WAPA,//W268DJ 101.5 EX-WISO/WAPA
1260,WPJF,SC,GREENVILLE,5000.0,15.0,,,34.9084,-82.3446,LICEN,WMUU,Greenville,45045,SPANISH RELIGION,RADIO VIDA,EX-WMUU //W225AZ 92.9
1260,KWYR,SD,WINNER,5000.0,150.0,,,43.3856,-99.9109,LICEN,,Tripp,46123,C&W,ABC REAL COUNTRY 1260,//K248DI 97.5
1260,WNOO,TN,CHATTANOOGA,5000.0,25.0,,,35.0523,-85.2727,LICEN,,Hamilton,47065,URBAN AC/GOSPEL,SOUL OF CHATTANOOGA,//W266EA 99.7
1260,WMCH,TN,CHURCH HILL,1000.0,21.0,,,36.5209,-82.7482,LICEN,,Hawkins,47073,RELIGION,THE OLD FASHION WAY,
1260,WDKN,TN,DICKSON,5000.0,18.0,,,36.1087,-87.3706,LICEN,,Dickson,47043,CLASSIC ROCK,ABC 101.5 THE RIDE,//W268BN 101.5
1260,KSML,TX,DIBOLL,4500.0,72.0,,,31.3649,-94.7191,LICEN,"KAFX, KDFX, KAFX",Angelina,48005,BLK GSPL,POWER 103.7,EX-KAFX //K279DC 103.7
1260,KTAE,TX,ELGIN,1000.0,144.0,,,30.6052,-97.4172,LICEN,"KTAE, KWNX, KLGO",Williamson,48491,REG. MEX.,MAGIA 101.9,EX-KWNX/KLGO //K270CO 101.9
1260,KLDS,TX,FALFURRIAS,500.0,330.0,,,27.2367,-98.1731,LICEN,KPSO,Brooks,48047,SPANISH RELIGION,RADIO CANTICO NUEVA,EX-KPSO //KDFM 103.3
1260,KKSA,TX,SAN ANGELO,540.0,71.0,,,31.4874,-100.4495,LICEN,"KAYJ, KXQZ",Tom Green,48451,NEWS/TALK/SPORTS,FOX WW1 FOXSP K-SAY,EX-KAYJ
1260,WCHV,VA,CHARLOTTESVILLE,800.0,,,,38.1149,-78.4551,LICEN,,Albemarle,51003,NEWS/TALK,FOX SRN C-VILLE 107.5,"//W231AD 94.1, FM 107.5"
1260,WWVT,VA,CHRISTIANSBURG,5000.0,25.0,,,37.1538,-80.507,LICEN,"WJJJ, WNNI",Montgomery,51121,CLASSICAL/JAZZ,NPR WVTF MUSIC,"//WVTF 89.1, W238BN 95.5"
1260,WLAK,WI,AMERY,5000.0,5000.0,,,45.2569,-92.3669,LICSL,"WXCE, WLAK, WXCE",Polk,55095,SILENT,95.7 ST CROIX COUNTRY,EX-WXCE //W298DK 107.5
1260,WWIS,WI,BLACK RIVER FALLS,580.0,,,,44.3197,-90.8921,LICEN,,Jackson,55053,AC/OLDIES,THE HILL,//W287CT 105.3
1260,WEKZ,WI,MONROE,1000.0,19.0,,,42.5944,-89.5929,LICEN,,Green,55045,CL. C&W,ABC BIG COUNTRY,//W238CB 95.5
1260,WOCO,WI,OCONTO,1000.0,29.0,,,44.8919,-87.9551,LICEN,,Oconto,55083,CLASSIC ROCK,METV FM,
1260,KPOW,WY,POWELL,5000.0,210.0,,,44.7166,-108.7615,LICEN,,Park,56029,TALK/SPORTS,FOX HOMETOWN RADIO,
1270,WGSV,AL,GUNTERSVILLE,1000.0,124.0,,,34.3087,-86.2955,LICEN,,Marshall,1095,NEWS/TALK,ABC WW1 TALKRADIO 1270,//W242CO 96.3
1270,WIJD,AL,PRICHARD,5000.0,103.0,,,30.746,-88.0942,LICEN,"WKSJ, WLLF, WKSJ",Mobile,1097,RELIGION,TRUTH TALK,EX-WKSJ //W250CB 97.9
1270,KDJI,AZ,HOLBROOK,5000.0,130.0,,,34.9059,-110.1909,LICEN,,Navajo,4017,NEWS/TALK,FOX THE GIANTS OF TALK,//KVWM-970
1270,KXBX,CA,LAKEPORT,500.0,97.0,,,39.0138,-122.8953,LICEN,"KBLC, KWTR",Lake,6033,OLDIES/ROCK,ABC WW1 GREATEST HITS,EX-KWTR //K243BT 96.5
1270,KFSQ,CA,THOUSAND PALMS,5000.0,750.0,,,33.8511,-116.3942,LICEN,"KGUY, KNWZ, KXPS, KCMJ, KNWU, KNWT, KFUT, KFSQ, KVGH, KGAY",Riverside,6065,SPORTS,FOX SPORTS 1270,EX-KVGH/KGAY //K293CL 106.5
1270,KVMI,CA,TULARE,5000.0,1000.0,,,36.1683,-119.2543,LICEN,"KCOK, KFIY, KJUG",Kings,6031,ADLT CONT,MY 97.5,EX-KFIY/KJUG //K248BX 97.5
1270,WIWA,FL,EATONVILLE,25000.0,5000.0,,,28.5678,-81.427,LICEN,"WORL, WBZS, WHBS, WRLZ",Orange,12095,RELIGION,SRN THE SHEPHARD,EX-WHBS/WRLZ
1270,WTLY,FL,TALLAHASSEE,5000.0,110.0,,,30.4291,-84.3285,LICEN,"WTNT, WYYN, WNLS",Leon,12073,SPORTS,FOX 96.5 THE SPEAR,EX-WYNN/WNLS //W243EG 96.5
1270,WBOJ,GA,COLUMBUS,5000.0,237.0,,,32.4651,-85.0227,LICEN,"WHYD, WTMQ, WMLF, WSHE, WZCG",Muscogee,13215,OLDIES/ROCK,BOOMER 102.5,EX-WSHE/WZCG //W273CW 102.5
1270,WJJC,GA,COMMERCE,1000.0,173.0,,,34.2159,-83.4357,LICEN,,Jackson,13157,C&W,WHISPERIN 95.1,//W236DU 95.1
1270,KNDI,HI,HONOLULU,5000.0,5000.0,,,21.3207,-157.8769,LICSL,,Honolulu,15003,SILENT,RADIO 1270,
1270,KTFI,ID,TWIN FALLS,5000.0,860.0,,,42.5433,-114.4714,LICEN,"KTLC, KTFI, KPDA, KXQZ",Twin Falls,16083,RELIGION,EWTN CATHOLIC RADIO,"//K269HA 101.7, KKSV 89.3"
1270,WCMR,IN,ELKHART,5000.0,1000.0,,,41.6212,-85.9611,LICEN,"WCMR, WFRN",Elkhart,18039,S. GSPL,SRN SOLID GOSPEL,EX-WCMR/WFRN //W287BL 105.3
1270,WWCA,IN,GARY,1000.0,1000.0,,,41.5278,-87.3767,LICEN,,Lake,18089,RELIGION,RELEVANT RADIO,//W268DI 101.5
1270,WXGO,IN,MADISON,1000.0,58.0,,,38.7412,-85.3613,LICEN,WORX,Jefferson,18077,OLDIES,NBC WW1 GREATEST HITS,EX-WORX //W265DK 100.9
1270,KSCB,KS,LIBERAL,5000.0,25.0,,,37.0595,-100.9018,LICEN,,Seward,20175,TALK/SPORTS,SRN FSR TALKRADIO 1270,//K222DM 92.3
1270,WAIN,KY,COLUMBIA,1000.0,68.0,,,37.1073,-85.2783,LICEN,,Adair,21001,SPORTS,INFINITY SPORTS NET,//W270DI 101.9
1270,WACM,MA,SPRINGFIELD,1000.0,350.0,,,42.1018,-72.6225,LICEN,WSPR,Hampden,25013,URBAN HIPHOP,JAMMIN 100.1,EX-WSPR //W261DD 100.1
1270,WCBC,MD,CUMBERLAND,5000.0,1000.0,,,39.6745,-78.7797,LICEN,,Allegany,24001,NEWS/TALK,ABC WW1,//W276DQ 103.1
1270,WMKT,MI,CHARLEVOIX,27000.0,5000.0,,,45.2728,-85.2523,LICEN,"WKOS, WKHQ",Charlevoix,26029,NEWS/TALK/SPORTS,FOX SRN TRIPLE TALK,"//W272CR 102.3,W277DY 103.3"
1270,WXYT,MI,DETROIT,50000.0,50000.0,,,42.0276,-83.3449,LICEN,WXYZ,Wayne,26163,SPORTS/BETTING,W1S BETQL THE BET 1270,
1270,WWWI,MN,BAXTER,5000.0,45.0,,,46.2986,-94.2783,LICEN,WJJY,Crow Wing,27035,TALK/SPORTS,FOX W1S 3-WI,EX-WJJY //W242DB 96.3
1270,KFAN,MN,ROCHESTER,5000.0,1000.0,,,43.9797,-92.4477,LICEN,"KWEB, KTCN",Olmsted,27109,SPORTS,FOX THE FAN,EX-KWEB //K228FY 93.5
1270,KYSJ,MO,ST. JOSEPH,1000.0,36.0,,,39.7442,-94.788,LICEN,"KUSN, KGNM",Buchanan,29021,ROCK,KY 102,//K273BF 102.5 EX-KGNM
1270,KIIK,MO,WAYNESVILLE,500.0,44.0,,,37.8284,-92.1743,LICSL,"KFBD, KOZQ",Pulaski,29169,SPORTS,INFINITY SPORTS NET,EX-KOZQ //KFBD 97.9
1270,WCGC,NC,BELMONT,10000.0,500.0,,,35.2515,-81.057,LICSL,,Gaston,37071,RELIGION,EWTN CAROLINA CATHOLIC,//WHVN-1240
1270,WMPM,NC,SMITHFIELD,5000.0,145.0,,,35.526,-78.3333,LICEN,,Johnston,37101,REG. MEX.,EL GALLO,//W232DO 94.3
1270,KLXX,ND,BISMARCK-MANDAN,1000.0,250.0,,,46.8103,-100.8365,LICEN,KBOM,Morton,38059,TALK,ABC SUPERTALK 1270,
1270,WTSN,NH,DOVER,5000.0,5000.0,,,43.1837,-70.8534,LICEN,,Strafford,33017,NEWS/TALK,FOX THE PULSE OF NH,"//W251CF 98.1, WEMJ-1490"
1270,WMIZ,NJ,VINELAND,360.0,210.0,,,39.4982,-75.0749,LICEN,"WDVL, WFHM",Cumberland,34011,SPANISH VARIETY,LA ZETA,EX-WFHM //W225DK 92.9
1270,KINN,NM,ALAMOGORDO,1000.0,80.0,,,32.887,-105.9517,LICEN,"KINN, KZZX",Otero,35035,TALK,FOX WW1 K-TALK,EX-KZZK //K292GJ 106.3
1270,WUSW,NY,NIAGARA FALLS,5000.0,1000.0,,,42.7448,-78.8867,LICEN,WHLD,Niagara,36063,TALK,SRN WW1 THE PATRIOT,EX-WHLD
1270,WDLA,NY,WALTON,5000.0,89.0,,,42.1362,-75.0796,LICEN,,Delaware,36025,NEWS/TALK,FOX NEWS TALK LEADER,//WDOS-730
1270,WILE,OH,CAMBRIDGE,830.0,28.0,,,40.0395,-81.6465,LICEN,,Guernsey,39059,C&W,FOX WW1 NASH ICON,//W300CB 107.9
1270,WDLR,OH,MARYSVILLE,500.0,500.0,,,40.2462,-83.3305,LICEN,"WUCO, WQTT",Union,39159,CLASSIC ROCK,ABC MY 96.7,EX-WQTT //W244DV 96.7
1270,KRXO,OK,CLAREMORE,5000.0,1000.0,,,36.2654,-95.7105,LICEN,"KOKN, KWPR, KTRT, KRVT, KTUZ",Rogers,40131,SPANISH TROPICAL,RITMO 107.9,"//FM 107.7, K300CY 107.9"
1270,KAJO,OR,GRANTS PASS,10000.0,48.0,,,42.4376,-123.3587,LICEN,,Josephine,41033,OLDIES/TALK,SRN K-JOE RADIO,//K259AE 99.7
1270,WLBR,PA,LEBANON,5000.0,1000.0,,,40.3598,-76.458,LICEN,,Lebanon,42075,CLASSIC ROCK,99.7 WILBUR RADIO,//W259DM 99.7
1270,WHGS,SC,HAMPTON,10000.0,219.0,,,32.8441,-81.1254,LICEN,WBHC,Hampton,45049,RELIGION,GOOD NEWS RADIO,EX-WBHC //W241DA 96.1
1270,KNWC,SD,SIOUX FALLS,5000.0,2300.0,,,43.2853,-96.7651,LICEN,,Minnehaha,46099,RELIGION,SRN FAITH 1270,//K298CY 107.5
1270,WLIK,TN,NEWPORT,5000.0,500.0,,,35.9637,-83.2085,LICEN,,Cocke,47029,OLDIES/RELIGION,THE SMOKIES OLDIES,//W250BR 97.9
1270,WQKR,TN,PORTLAND,1000.0,43.0,,,36.6112,-86.5811,LICEN,"WQSI, WHRP",Robertson,47147,CLASSIC ROCK/TALK,WW1 PORTLANDS RADIO,EX-WHRP //W269DQ 101.7
1270,KFLC,TX,BENBROOK,50000.0,5000.0,,,32.7268,-97.1919,LICEN,"KESS, KSBN, KESS",Tarrant,48439,SPANISH AC/SPORTS,DOCE SETENTA AM,
1270,WPMH,VA,NEWPORT NEWS,1500.0,900.0,,,37.0312,-76.3663,LICEN,"WOKT, WTJZ, WHKT",Hampton,51650,RELIGION,THE TRUTH,//W285FM 104.9 EX-WHKT
1270,WHEO,VA,STUART,5000.0,,,,36.6237,-80.2637,LICEN,,Patrick,51141,OLDIES,NEW WEO 1270,//W224DV 92.7
1270,KEDO,WA,LONGVIEW,5000.0,83.0,,,46.1829,-122.9593,LICEN,KBAM,Cowlitz,53015,NEWS/TALK/SPORTS,FOX TALK OF THE TOWN,//K260DH 99.9 EX-KBAM
1270,WRJC,WI,MAUSTON,500.0,27.0,,,43.8311,-90.081,LICEN,,Juneau,55057,C&W,SMASH COUNTRY 92.9,//W225BF 92.9
1280,WMXB,AL,TUSCALOOSA,5000.0,500.0,,,33.2187,-87.5681,LICEN,"WNPT, WWPG",Tuscaloosa,1125,URBAN AC,TODAYS BEST MIX 107.3,EX-WNPT/WWPG //W297BJ 107.3
1280,KNBY,AR,NEWPORT,1000.0,88.0,,,35.6106,-91.2507,LICEN,,Jackson,5067,OLDIES,GOLDEN OLDIES,
1280,KXEG,AZ,PHOENIX,2500.0,49.0,,,33.4936,-112.1392,LICEN,"KHEP, KTKP",Maricopa,4013,REG. MEX.,XTASIS TU LATINO VIBE,EX-KHEP/KTKP //K241CS 96.1
1280,KXTK,CA,ARROYO GRANDE,10000.0,2500.0,,,35.1455,-120.5218,LICEN,"KFYV, KKAL, KKOM",San Luis Obispo,6079,SPORTS,ESPN THE TICKET,EX-KKAL/KKOM //K269GY 101.7
1280,KFRN,CA,LONG BEACH,430.0,237.0,,,33.8917,-118.1856,LICEN,,Los Angeles,6037,RELIGION,FAMILY RADIO,
1280,KWSX,CA,STOCKTON,1000.0,1000.0,,,37.9819,-121.2299,LICEN,"KJOY, KJAX, KUYL",San Joaquin,6077,SPORTS,FOX SPORTS 1280,EX-KJAX/KUYL
1280,KBNO,CO,DENVER,5000.0,5000.0,,,39.6014,-104.9805,LICEN,"KTLK, KBRQ, KXKL, KRRF, KEXX, KXKL, KVOD",Arapahoe,8005,REG. MEX.,QUE BUENO,EX-KRRF/KVOD //K249EX 97.7
1280,WSUX,DE,SEAFORD,840.0,211.0,,,38.6132,-75.5863,LICEN,"WSUX, WECY, WJPY, WJWK, WSFD",Sussex,10005,REG. MEX.,LA Z 93.9,EX-WJWK/WSFD //W230CO 93.9
1280,WIPC,FL,LAKE WALES,1000.0,150.0,,,27.9253,-81.6042,LICEN,"WIPC, WKZJ",Polk,12105,REG. MEX.,RADIO ESPERANZA,//W245DO 96.9
1280,WTMY,FL,SARASOTA,300.0,100.0,,,27.3367,-82.5734,LICEN,"WWZZ, WSGX",Sarasota,12115,REG. MEX.,LA NUMERO UNO 106.9,"//W256DI 99.1, WZZS 106.9"
1280,WIHB,GA,MACON,5000.0,99.0,,,32.8046,-83.6043,LICEN,"WIBB, WKXK, WIBB, WQTK, WLCG, WIBB",Bibb,13021,C&W,97.3 THE BULL ICONS,"//W247BW 97.3, W277CL 103.3"
1280,KCOB,IA,NEWTON,730.0,19.0,,,41.7364,-93.0202,LICSL,,Jasper,19099,SILENT,YOUR HOMETOWN STATION,
1280,WTFN,IL,AURORA,1000.0,500.0,,,41.7695,-88.2456,LICEN,"WMRO, WYSY, WBIG",DuPage,17043,NEWS/TALK/SPORTS,FSR BBN THE BIG ONE,EX-WYSY/WBIG //W272EP 102.3
1280,WGBF,IN,EVANSVILLE,5000.0,1000.0,,,37.9959,-87.4767,LICSL,"WGBF, WWOK",Vanderburgh,18163,SILENT,FOX WW1 NEWSTALK 1280,EX-WWOK
1280,KSOK,KS,ARKANSAS CITY,1000.0,100.0,,,37.0861,-97.0331,LICEN,,Cowley,20035,C&W,FOX COUNTRY LEGENDS,//K277CK 103.3
1280,WZXI,KY,LANCASTER,1000.0,88.0,,,37.6323,-84.5672,LICEN,"WIXI, WKYY",Garrard,21079,TALK,SRN FOX OK TO THINK,EX-WKYY //W238CN 95.5
1280,WODT,LA,NEW ORLEANS,5000.0,5000.0,,,29.8955,-90.0045,LICEN,"WMKJ, WQUE",Orleans,22071,URBAN NEWS/TALK,BIN BLACK INFO NETWORK,EX-WQUE //K244FX 96.7
1280,WPKZ,MA,FITCHBURG,5000.0,1000.0,,,42.5945,-71.8362,LICEN,WEIM,Worcester,25027,TALK/SPORTS,ABC FOXSP K-ZONE 105.3,EX-WEIM //W287BT 105.3
1280,WHTP,ME,GARDINER,250.0,40.0,,,44.249,-69.8134,LICEN,"WQZN, WABK, WFAU, WJYE",Kennebec,23011,CONTEMP HITS,HOT RADIO MAINE,EX-WFAU/WJYE //FM 104.7
1280,WFYC,MI,ALMA,1000.0,56.0,,,43.3689,-84.6053,LICEN,,Gratiot,26057,SPORTS,FOX SPORTS 1280,
1280,WWTC,MN,MINNEAPOLIS,10000.0,15000.0,,,44.7883,-93.2152,LICEN,"WWTC, KSNE",Washington,27163,TALK,SRN WW1 THE PATRIOT,//K298CO 107.5
1280,KVXR,MN,MOORHEAD,5000.0,1000.0,,,46.8194,-96.7659,LICEN,KVOX,Clay,27027,RELIGION,EWTN REAL PRESENCE R.,"//KWTL 1370, K252GC 98.3"
1280,KYRO,MO,TROY,660.0,45.0,,,39.0537,-90.9965,LICEN,,Lincoln,29113,NEWS/TALK,FOX NEWSRADIO 105.3,//K287CM 105.3
1280,WYAL,NC,SCOTLAND NECK,5000.0,,,,36.136,-77.4355,LICEN,,Halifax,37083,RELIGION/BLK GSPL,GOSPEL 1280,
1280,KCNI,NE,BROKEN BOW,1000.0,,,,41.4086,-99.6748,LICEN,,Custer,31041,C&W,PURE COUNTRY,//K242CU 96.3
1280,KRZE,NM,FARMINGTON,5000.0,95.0,,,36.73,-108.2304,LICEN,,San Juan,35045,SPANISH AC,FIERRO 1280,//K278DD 103.5
1280,KQLL,NV,HENDERSON,5000.0,28.0,,,36.2108,-115.1639,LICEN,"KVOV, KREL, KDOL, KDOX",Clark,32003,OLDIES,FOX KOOL 102.3 & 104.7,EX-KDOX //K272EE 102.3
1280,WADO,NY,NEW YORK,50000.0,7200.0,,,40.8268,-74.0751,LICEN,,Bergen,34003,REG. MEX.,QUE BUENA,
1280,WHTK,NY,ROCHESTER,5000.0,5000.0,,,43.0984,-77.5833,LICEN,"WHTK, WPXY",Monroe,36055,SPORTS,FOX SPORTS 1280,EX-WPXY/WKQG
1280,WONW,OH,DEFIANCE,1000.0,500.0,,,41.2789,-84.3972,LICEN,,Defiance,39039,NEWS/TALK/SPORTS,FOX NEWSTALK & SPORTS,
1280,KPRV,OK,POTEAU,1000.0,108.0,,,35.0154,-94.6519,LICSL,"KZZE, KYYN",Le Flore,40079,SILENT,CLASSIC HITS & MORE,//FM 92.5
1280,KRVM,OR,EUGENE,5000.0,1500.0,,,44.1007,-123.0529,LICEN,"KWOW, KQAK, KDUK",Lane,41039,NEWS/TALK,NPR JEFFERSON PUBLIC R,EX-KDUK //KSJK-1230
1280,WBWX,PA,BERWICK,1000.0,164.0,,,41.079,-76.2594,LICEN,"WBRX, WSQV, WFBS",Columbia,42037,OLDIES,HANNA,EX-WSQV/WFBS
1280,WHVR,PA,HANOVER,5000.0,500.0,,,39.8198,-77.0066,LICEN,,Adams,42001,AC/OLDIES,WW1 HAPPY 95.3,//W237EN 95.3
1280,WKST,PA,NEW CASTLE,4900.0,1000.0,,,40.9539,-80.3178,LICEN,"WKST, WBZY, WJST, WUZZ",Lawrence,42073,C&W,WILLIE 95.1 & 97.5,EX-WJST/WUZZ //W248DJ 97.5
1280,WCMN,PR,ARECIBO,5000.0,1000.0,,,18.4791,-66.6874,LICEN,,Arecibo,72013,SPANISH NEWS/TALK,NOTI UNO SEIS TRIENTA,
1280,WJAY,SC,MULLINS,4200.0,270.0,,,34.1918,-79.3151,LICEN,,Marion,45067,BLK GSPL,JOY 1280,//W252BL 98.3
1280,WMCP,TN,COLUMBIA,5000.0,500.0,,,35.619,-86.9811,LICEN,,Maury,47119,RELIGION,RADIO MARIA,//W255DK 98.9
1280,WALI,TN,DAYTON,1000.0,310.0,,,35.4701,-85.0374,LICEN,"WDNT, WALV, WDNT, WRHA",Rhea,47143,AC/EZL,ALIVE 96.9,EX-WRHA //W245DZ 96.9
1280,KWHI,TX,BRENHAM,1000.0,72.0,,,30.1683,-96.4225,LICEN,KTTX,Washington,48477,C&W/TALK,ABC THE LEGEND,EX-KTTX //K269GU 101.7
1280,KMFR,TX,PEARSALL,460.0,190.0,,,28.8872,-99.1114,LICEN,"KVWG, KSAH, KTFM, KILM, KVWG",Frio,48163,C&W,NO BULL RADIO,"//KIBL-1490, FM 92.1, 95.3"
1280,KZNS,UT,SALT LAKE CITY,50000.0,670.0,,,40.8519,-111.9688,LICEN,"KWMS, KDYL",Salt Lake,49035,SPORTS,FSR KSL SPORTS ZONE,EX-KDYL //FM 97.5
1280,WYVE,VA,WYTHEVILLE,2500.0,164.0,,,36.9662,-81.0812,LICEN,,Wythe,51197,C&W,AP COUNTRY 1280 & 99.9,//W260DI 99.9
1280,KLDY,WA,LACEY,1000.0,500.0,,,47.062,-122.8315,LICEN,KTOL,Thurston,53067,SPANISH RELIGION,RADIO AMOR,EX-KTOL //K221GR 92.1
1280,KZFS,WA,SPOKANE,5000.0,125.0,,,47.6074,-117.3622,LICEN,"KUDY, KAQQ, KPTQ",Spokane,53063,URBAN HIPHOP,HOOPTOWN 101.5,EX-KAQQ/KPTQ //K268DL 101.5
1280,KIT,WA,YAKIMA,4500.0,810.0,,,46.5578,-120.4518,LICEN,,Yakima,53077,NEWS/TALK,FOX SRN NEWSTALK RADIO,//K267CV 101.3
1280,WNAM,WI,NEENAH-MENASHA,5000.0,5000.0,,,44.1003,-88.534,LICSL,,Winnebago,55139,SILENT,ABC AMERICAS BEST MX,
1280,WSAT,NC,SALISBURY,850,130,,,35.688333,-80.495556,LICEN,,Rowan,37159,CLASSIC HITS,FOX MEMORIES RADIO,//W269EE 101.7
1290,WOPP,AL,OPP,2500.0,500.0,,,31.291,-86.2308,LICEN,,Covington,1039,C&W,,
1290,WOPP,AL,OPP,500.0,30.0,,,31.3085,-86.2569,LICEN,,Covington,1039,C&W,,
1290,WBTG,AL,SHEFFIELD,1000.0,79.0,,,34.7743,-87.6706,LICEN,"WSHF, WHCM",Colbert,1033,ADLT STNDS,SRN MEMORY MUSIC,//W290CZ 105.9
1290,WYEA,AL,SYLACAUGA,1000.0,50.0,,,33.1956,-86.2339,LICEN,WMLS,Talladega,1121,C&W,KIX COUNTRY 100.3 96.3,//W262DI 100.3
1290,KDMS,AR,EL DORADO,500.0,120.0,,,33.2374,-92.6652,LICEN,,Union,5139,CONTEMP. CHRIST,101.5 THE HOG,
1290,KUOA,AR,SILOAM SPRINGS,5000.0,31.0,,,36.1912,-94.5663,LICEN,,Benton,5007,REG. MEX.,LA MAXXIMA,//K276CO 103.1
1290,KCUB,AZ,TUCSON,1000.0,1000.0,,,32.277,-110.9812,LICEN,"KCUB, KIIM, KCUB, KOAZ",Pima,4019,SPORTS,ABC W1S WILDCATS RADIO,EX-KIIM
1290,KPAY,CA,CHICO,5000.0,5000.0,,,39.7104,-121.7889,LICEN,"KHSL, KNSN",Butte,6007,SPORTS,FOX K-PAY SPORTS,EX-KHSL/KNSN //K275CO 102.9
1290,KAZA,CA,GILROY,1500.0,19.0,,,36.9636,-121.4905,LICEN,,San Benito,6069,ETHNIC VIETNAMESE,VIEN THAO RADIO,
1290,KKDD,CA,SAN BERNARDINO,5000.0,5000.0,,,34.1242,-117.2381,LICEN,"KMEN, KMRZ",San Bernardino,6071,RELIGION,RELEVANT RADIO,EX-KMEN/KICS
1290,KZSB,CA,SANTA BARBARA,500.0,114.0,,,34.4189,-119.6871,LICEN,"KESP, KKSB, KZBN, KRNP",Santa Barbara,6083,NEWS/TALK,BBC NEWS PRESS RADIO,EX-KZBN/KRNP //K245DD 96.9
1290,WNWW,CT,WEST HARTFORD,490.0,11.0,,,41.7968,-72.7968,LICEN,"WCCC, WTMI, WCCC",Hartford,9003,RELIGION,SRN FAITH RADIO,EX-WCCC //W231CZ 94.1
1290,WWTX,DE,WILMINGTON,2500.0,32.0,,,39.7343,-75.5285,LICEN,"WTUX, WJBR",New Castle,10003,SPORTS,FOX SPORTSRADIO,EX-WJBR
1290,WPCF,FL,PANAMA CITY BEACH,270.0,55.0,,,30.1791,-85.7819,LICEN,"WSCM, WPCF, WDLP",Bay,12005,RELIGION,FAITH RADIO,EX-WDLP //W226CJ 93.1
1290,WJNO,FL,WEST PALM BEACH,10000.0,4900.0,,,26.7642,-80.2045,LICEN,"WPCK, WPBG, WBZT",Palm Beach,12099,NEWS/TALK,FOX WW1 NEWSRADIO 1290,EX-WBZT
1290,WCHK,GA,CANTON,10000.0,500.0,,,34.2523,-84.4635,LICEN,,Cherokee,13057,SPANISH HITS,LA MEGA 96.5 Y 105.1,//W243CE 96.5
1290,WTKS,GA,SAVANNAH,5300.0,5000.0,,,32.0894,-81.1459,LICEN,"WTOC, WWSA, WCHY",Chatham,13051,NEWS/TALK,FOX WW1 NEWSRADIO,EX-WCHY //W249BS 97.7
1290,KOUU,ID,POCATELLO,50000.0,24.0,,,42.9577,-112.4303,LICEN,"KISU, KZBQ",Bannock,16005,C&W,ABC COUNTRY CLASSICS,"//K243CJ 96.5, K275BL 102.9"
1290,WIRL,IL,PEORIA,5000.0,5000.0,,,40.6234,-89.5909,LICSL,"WIRL, WWFS",Tazewell,17179,SILENT,FOX FREEDOM 95.9&1290,EX-WWFS //W240DM 95.9
1290,KMMM,KS,PRATT,5000.0,500.0,,,37.6428,-98.6779,LICEN,KWLS,Pratt,20151,C&W,SRN TRUE COUNTRY,EX-KWLS //KVWF 100.5
1290,WCBL,KY,BENTON,5000.0,53.0,,,36.8587,-88.3364,LICEN,,Marshall,21157,OLDIES,ABC GREAT OLDIES 99.1,//FM 99.1
1290,WKLB,KY,MANCHESTER,5000.0,34.0,,,37.1376,-83.7805,LICEN,,Clay,21051,NEWS/TALK,SRN KY VOICE 970,//W283AH 104.5
1290,WNIL,MI,NILES,500.0,44.0,,,41.8228,-86.2842,LICEN,,Berrien,26021,CLASSIC ROCK,,//W298CQ 107.5
1290,WLBY,MI,SALINE,500.0,26.0,,,42.2048,-83.7886,LICEN,"WNRS, WIQB, WAMX, WDEO, WYBN, WCAS, WHNE",Washtenaw,26161,BUSINESS TALK,ANN ARBORS BIZ TALK,EX-WAMX/WDEO/WYBN/WCAS
1290,KBMO,MN,BENSON,330.0,24.0,,,45.3183,-95.5636,LICEN,"KBMO, KSCR",Swift,27151,NEWS/TALK,ABC NEWSTALK,EX-KBMO/KSCR K278CX 103.5
1290,KALM,MO,THAYER,1000.0,56.0,,,36.5564,-91.5515,LICEN,,Oregon,29149,S. GSPL,SRN THE GIFT,//K279CT 103.7
1290,WJBI,MS,BATESVILLE,730.0,91.0,,,34.3037,-89.9831,LICEN,"WBLE, WWUN",Panola,28107,C&W,ABC COUNTRY LEGENDS,//WHKL 106.9
1290,WTYL,MS,TYLERTOWN,1000.0,,,,31.1307,-90.137,LICEN,,Walthall,28147,C&W,YOUR KIND OF COUNTRY,//FM 97.7
1290,KGVO,MT,MISSOULA,5000.0,5000.0,,,46.8296,-114.0801,LICEN,,Missoula,30063,NEWS/TALK,FOX NEWSTALK KGVO.COM,//K252FP 98.3
1290,WHKY,NC,HICKORY,50000.0,1000.0,,,35.7265,-81.3004,LICEN,,Catawba,37035,TALK/SPORTS,FOX SRN WW1 TALKRADIO,//W272DU 102.3
1290,WJCV,NC,JACKSONVILLE,5000.0,47.0,,,34.7663,-77.3908,LICEN,"WIIZ, WOPY",Onslow,37133,S. GSPL,SRN INSPIRATIONAL 1290,//W252BO 98.3
1290,WXKL,NC,SANFORD,1000.0,40.0,,,35.4504,-79.1581,LICEN,"WEYE, WSBL",Lee,37105,GOSPEL,EXALT KINGDOM LIVING,
1290,KOIL,NE,OMAHA,5000.0,5000.0,,,41.1889,-96.0061,LICEN,"KOIL, KKAR",Douglas,31055,NEWS/TALK,ABC WW1 NEWSTALK 1290,EX-KOIL/KKAR
1290,WKBK,NH,KEENE,5000.0,5000.0,,,42.9462,-72.3087,LICEN,WKNE,Cheshire,33005,NEWS/TALK,ABC SRN NEWSTALK,//W231DV 94.1
1290,WNBF,NY,BINGHAMTON,9300.0,5000.0,,,42.0581,-75.9538,LICEN,,Broome,36007,NEWS/TALK,ABC WW1 NEWSRADIO 1290,//W221EJ 92.1
1290,WLYV,OH,BELLAIRE,1000.0,33.0,,,40.0359,-80.7709,LICEN,"WOMP, WLEJ, WYLY, WLIE",Belmont,39013,NEWS/TALK/SPORTS,FOX SRN RIVER TALK,"//W261DH 100.1, WEIR-1430"
1290,WHIO,OH,DAYTON,5000.0,5000.0,,,39.6789,-84.1302,LICEN,,Montgomery,39113,NEWS/TALK,AM 1290 & NEWS 95.7,//FM 95.7
1290,KUMA,OR,PENDLETON,5000.0,5000.0,,,45.6735,-118.7477,LICEN,,Umatilla,41059,NEWS/TALK,FOX NEWSTALK 1290,//K243CK 96.5
1290,WFBG,PA,ALTOONA,5000.0,1000.0,,,40.4556,-78.3969,LICEN,,Blair,42013,CONTEMP HITS,POP RADIO 104.5,//W283DI 104.5
1290,WPVD,RI,PROVIDENCE,400.0,16.0,,,41.8564,-71.4451,LICSL,"WICE, WRCP, WRNI, WRPA, WPPB",Providence,44007,SILENT,NPR RI PUBLIC RADIO,EX-WRCP/WRNI/WRPA/WPPB
1290,WWHM,SC,SUMTER,1000.0,12.0,,,33.9241,-80.2865,LICEN,"WQMC, WFIG, WQMC",Sumter,45085,URBAN AC/HIPHOP,JAMZ 92.3 & 93.3,EX-WFIG/WQMC //W227BI 93.3
1290,KIVY,TX,CROCKETT,2500.0,175.0,,,31.3057,-95.4519,LICEN,,Houston,48225,ADLT STNDS,SRN AMERICAS BST MUSIC,"//K275AS 102.9,FM 92.7"
1290,KRGE,TX,WESLACO,5000.0,5000.0,,,26.2104,-97.9094,LICEN,KRGV,Hidalgo,48215,SPANISH RELIGION,RADIO VIDA,//KBIC 105.7
1290,KWFS,TX,WICHITA FALLS,5000.0,73.0,,,33.9606,-98.562,LICEN,"KTRN, KLLF",Wichita,48485,NEWS/TALK,FOX TEXAHOMAS NEWSTALK,EX-KLLF //K242DG 96.3
1290,WDZY,VA,COLONIAL HEIGHTS,25000.0,41.0,,,37.2585,-77.3941,LICEN,"WHUM, WPVA, WSTK, WZOD",Colonial Heights,51570,RELIGION,SRN THE WORD,EX-WSTK/WZOD //W277CT 103.3
1290,WRJM,WI,GREENFIELD,5000.0,5000.0,,,42.9198,-87.9881,LICEN,"WZUU, WMVP, WMCS, WZTI",Milwaukee,55079,OLDIES/TALK,TIMELESS HITS,EX-WMVP/WMCS/WZTI
1290,WKLJ,WI,SPARTA,5000.0,59.0,,,43.9683,-90.8599,LICEN,WCOW,Monroe,55081,SPORTS,ESPN LA CROSSE 105.5,//K271CM 102.1
1290,WVOW,WV,LOGAN,5000.0,1000.0,,,37.8562,-81.9718,LICEN,,Logan,54045,AC/SPORTS,ABC ESPN PREMIER SPTS,//FM 101.9
1290,KOWB,WY,LARAMIE,5000.0,1000.0,,,41.2833,-105.5819,LICEN,,Albany,56001,NEWS/TALK/SPORTS,FOX NEWS SPORTSTALK,//KCGY 95.1
1300,WBSA,AL,BOAZ,1000.0,37.0,,,34.214,-86.1527,LICEN,,Marshall,1095,GOSPEL/RELIGION,,//W228DD 93.5
1300,WTLS,AL,TALLASSEE,1200.0,18.0,,,32.511,-85.8925,LICEN,,Elmore,1051,TALK/SPORTS,ABC WW1,"//W234DL 94.7, W266DZ 101.1"
1300,KROP,CA,BRAWLEY,1000.0,475.0,,,33.1156,-115.5135,LICEN,"KROP, KKSC",Imperial,6025,RELIGION,SRN KEEP GOD BEFOR ALL,EX-KROP/KKSC //KGBA 100.1
1300,KWRU,CA,FRESNO,5000.0,1000.0,,,36.7705,-119.751,LICEN,KYNO,Fresno,6019,ETHNIC S. ASIAN,PUNJABI RADIO USA,EX-KYNO //K283CY 104.5
1300,KPMO,CA,MENDOCINO,5000.0,77.0,,,39.3424,-123.7819,LICEN,KMFB,Mendocino,6045,NEWS/TALK,NPR JEFFERSON PUBLIC R,
1300,KAZN,CA,PASADENA,23000.0,4200.0,,,34.1189,-118.0826,LICEN,KWKW,Los Angeles,6037,ETHNIC ASIAN,K ASIAN,//KAHZ-1600
1300,KCSF,CO,COLORADO SPRINGS,5000.0,1000.0,,,38.8128,-104.8147,LICEN,"KVOR, KVOR, KTWK, KUBL, KBZC, KKML",El Paso,8041,SPORTS,FSR BETQL W1S SPORTS,EX-KVOR/KTWK/KUBL/KBZC/KKML
1300,WAVZ,CT,NEW HAVEN,1000.0,1000.0,,,41.2879,-72.9462,LICEN,,Hampshire,25015,SPORTS,FOX SPORTS 1300,
1300,WKQK,FL,COCOA BEACH,5000.0,1000.0,,,28.3442,-80.7681,LICSL,"WRKT, WXXU, WTIR, WMEL",Brevard,12009,SILENT,SPACE COAST RADIO,EX-WTIR/WMEL //W283DJ 104.5
1300,WFFG,FL,MARATHON,2500.0,2500.0,,,24.6915,-81.1081,LICEN,,Monroe,12087,NEWS/TALK/SPORTS,FOX,
1300,WKQK,FL,MELBOURNE BEACH,2500.0,320.0,,,28.0576,-80.6364,LICSL,"WRKT, WXXU, WTIR, WMEL",Brevard,12009,SILENT,SPACE COAST RADIO,EX-WTIR/WMEL //W283DJ 104.5
1300,WQBN,FL,TEMPLE TERRACE,5000.0,160.0,,,27.9478,-82.3956,LICEN,"WSOL, WTYM",Hillsborough,12057,SPANISH,LA SUPER Q,//W294CR 106.7
1300,WMTM,GA,MOULTRIE,5000.0,60.0,,,31.1702,-83.7471,LICEN,,Colquitt,13071,NEWS/TALK,YOUR RADIO STN,//W286BO 105.1
1300,WNEA,GA,NEWNAN,1000.0,50.0,,,33.3754,-84.7855,LICEN,,Coweta,13077,GOSPEL/RELIGION,WORD CHRISTIAN VOICE,
1300,WJBB,GA,WINDER,650.0,50.0,,,33.9279,-83.7268,LICEN,WIMO,Barrow,13013,OLDIES/ROCK,ABC,EX-WIMO //W296CX 107.1
1300,KGLO,IA,MASON CITY,5000.0,5000.0,,,43.0536,-93.2049,LICEN,,Cerro Gordo,19033,TALK/SPORTS,HOMETOWN NEWS,
1300,KLER,ID,OROFINO,5000.0,1000.0,,,46.478,-116.2438,LICEN,,Clearwater,16035,C&W,ABC CLEARWATER COUNTRY,
1300,WRDZ,IL,LA GRANGE,4500.0,4000.0,,,41.6748,-87.7626,LICEN,WTAQ,Cook,17031,ROCK,REBEL RADIO CHICAGO,
1300,WFRX,IL,WEST FRANKFORT,1000.0,60.0,,,37.8845,-88.9289,LICEN,,Franklin,17055,SPORTS,FSR THE FAN,//W238CQ 95.5
1300,WBZQ,IN,HUNTINGTON,500.0,19.0,,,40.8753,-85.4741,LICEN,"WHLT, WCER",Huntington,18069,REG. MEX.,,EX-WCER/WPDJ //W249DS 97.7
1300,WLXG,KY,LEXINGTON,2500.0,1000.0,,,38.0973,-84.5291,LICEN,"WBLG, WTKC",Fayette,21067,SPORTS,ESPN 1300 & 92.5,//W223CV 92.5
1300,KSYB,LA,SHREVEPORT,5000.0,30.0,,,32.5301,-93.8046,LICEN,KFLO,Caddo,22017,BLK GSPL,GOSPEL POWERHOUSE,EX-KFLO
1300,WJDA,MA,QUINCY,1000.0,72.0,,,42.2598,-70.9762,LICEN,,Norfolk,25021,SPANISH AC,MAS LATINO,//W260DS 99.9
1300,WJZ,MD,BALTIMORE,5000.0,5000.0,,,39.3334,-76.77,LICEN,"WFBR, WLIF, WJFK",Baltimore,24510,SPORTS,W1S BETQL THE BET,EX-WLIF/WJFK //W285EJ 104.9
1300,WOOD,MI,GRAND RAPIDS,20000.0,20000.0,,,42.7561,-85.6567,LICEN,,Kent,26081,NEWS/TALK,FOX NEWSRADIO WOOD,//FM 106.9
1300,KPMI,MN,BEMIDJI,2500.0,600.0,,,47.4422,-94.8661,LICEN,NEW,Beltrami,27007,TALK/C&W,ABC WW1 THE LEGENDS,//W232DS 94.3
1300,WQPM,MN,PRINCETON,1000.0,83.0,,,45.5527,-93.5819,LICEN,,Sherburne,27141,C&W,TOTAL COUNTRY BOB-FM,//W298CE 107.5
1300,KMMO,MO,MARSHALL,1000.0,68.0,,,39.1342,-93.2221,LICEN,,Saline,29195,C&W,COUNTRY CONNECTION,//FM 102.9
1300,WOAD,MS,JACKSON,3600.0,730.0,,,32.3868,-90.1631,LICEN,"WRBC, WKXI",Hinds,28049,BLK GSPL,GOSPEL 1300,EX-WKXI //W278BW 103.5
1300,WSSG,NC,GOLDSBORO,1000.0,49.0,,,35.4024,-78.0219,LICEN,"WSSG, WFXN",Wayne,37191,URBAN HIPHOP,WW1 92.7 JAMZ,EX-WFXN //W224DD 92.7
1300,WLNC,NC,LAURINBURG,500.0,74.0,,,34.7835,-79.4392,LICEN,,Scotland,37165,AC/OLDIES,ABC HOMETOWN RADIO,//W236BP 95.1
1300,WSYD,NC,MOUNT AIRY,5000.0,1000.0,,,36.5035,-80.5928,LICEN,,Surry,37171,OLDIES,ABC GRANITE CITY GOLD,//W286DM 105.1
1300,KBRL,NE,MCCOOK,5000.0,136.0,,,40.1919,-100.6521,LICEN,"KBRL, KSWN",Red Willow,31145,TALK/SPORTS,FOX BIG TALKER 1300,EX-KSWN //K248CX 97.5
1300,WPNH,NH,PLYMOUTH,5000.0,82.0,,,43.7756,-71.7051,LICEN,,Grafton,33009,OLDIES,ABC WW1 OLDIES 92.9,//WFTN-1240
1300,KCMY,NV,CARSON CITY,5000.0,120.0,,,39.166,-119.7268,LICEN,KPTL,Carson City,32510,CL. C&W,WW1 COWBOY COUNTRY,//K273AF 102.5
1300,WOSW,NY,FULTON,1000.0,40.0,,,43.2948,-76.4427,LICEN,"WOSC, WZZZ, WAMF",Oswego,36075,SPORTS,FOX SPORTS 92.5,"//W253BZ 98.5, WOLF-1490"
1300,WXRL,NY,LANCASTER,5000.0,2500.0,,,42.8826,-78.6311,LICEN,,Erie,36029,CL. C&W/POLKA,ABC WW1 REAL COUNTRY,//W238DD 95.5
1300,WGDJ,NY,RENSSELAER,10000.0,8000.0,,,42.5898,-73.7432,LICEN,"WQBK, WTMM, WEEV, WTMM",Rensselaer,36083,TALK,SRN FOX TALK 98.7,EX-WTMM/WEEV //W254DA 98.7
1300,WJMO,OH,CLEVELAND,5000.0,5000.0,,,41.3412,-81.7415,LICEN,WERE,Cuyahoga,39035,SPANISH TROPICAL,LA MEGA 93.1,EX-WERE //W233CG 94.5
1300,KAKC,OK,TULSA,5000.0,1000.0,,,35.9946,-95.8578,LICEN,"KMOD, KBBJ",Tulsa,40143,TALK,SRN THE PATRIOT 1300,//K228BR 93.5
1300,KDSO,OR,PHOENIX,5000.0,5000.0,,,42.2954,-122.8053,LICEN,"KRVB, KHUG, KDOV, KAPL, KDSO, KAPL, KDSO, KAPL",Jackson,41029,SPORTS,VSIN THE ACE,EX-KDOV/KAPL
1300,KTDS,OR,THE DALLES,1000.0,13.0,,,45.5811,-121.1327,LICEN,KACI,Wasco,41065,C&W,103.9 THE HAWK,EX-KACI //K280FJ 103.9
1300,WWCH,PA,CLARION,850.0,28.0,,,41.1992,-79.3567,LICEN,,Clarion,42031,C&W,BIGFOOT LEGENDS 103.1,//W231DR 94.1
1300,WLMZ,PA,WEST HAZLETON,5000.0,500.0,,,40.9406,-76.0016,LICEN,"WYLV, WWKC, WXPX, WILP, WOGY, WKZN, WODS",Luzerne,42079,SPANISH TROPICAL,LA MEGA 102.3,EX-WKZN/WODS //WMQX 102.3
1300,WOSO,PR,MAYAGUEZ,5000.0,800.0,,,18.1528,-67.1519,LICEN,WTIL,Mayagüez,72097,SPANISH NEWS/TALK,WAPA LA PODEROSA,EX-WTIL //W265EC 100.9
1300,WCKI,SC,GREER,1000.0,94.0,,,34.9276,-82.2615,LICEN,,Spartanburg,45083,RELIGION,EWTN CATHOLIC RADIO,//WLTQ-730
1300,KOLY,SD,MOBRIDGE,5000.0,111.0,,,45.5353,-100.3463,LICEN,,Walworth,46129,CLASSIC ROCK,ABC WW1,//K270CU 101.9
1300,WMTN,TN,MORRISTOWN,5000.0,96.0,,,36.207,-83.3329,LICEN,,Hamblen,47063,CL. C&W,ABC COUNTRY LEGENDS,//W227DH 93.3
1300,WNQM,TN,NASHVILLE,50000.0,5000.0,,,36.2084,-86.8939,LICEN,"WMAK, WLUY",Davidson,47037,RELIGION/SPANISH,RADIO VIDA,//WMDB-880 AT NIGHT
1300,KVET,TX,AUSTIN,5000.0,1000.0,,,30.3752,-97.7164,LICEN,,Travis,48453,SPORTS,FSR THE ZONE,
1300,KKUB,TX,BROWNFIELD,1000.0,120.0,,,33.1804,-102.2474,LICEN,,Terry,48445,SPANISH RELIGION,GUADALUPE R. CATOLICA,
1300,KLAR,TX,LAREDO,1000.0,80.0,,,27.5295,-99.5212,LICEN,,Webb,48479,SPANISH RELIGION,RADIO PODER,
1300,KHTW,TX,LUMBERTON,1700.0,20.0,,,30.2331,-94.2115,LICEN,"KKAS, KSET, KLLS",Hardin,48199,TALK,SRN WW1 FREEDOM 1300,EX-KSET/KLLS //KLMO 98.9
1300,WKCY,VA,HARRISONBURG,6400.0,5.0,,,38.464,-78.8067,LICEN,,Rockingham,51165,TALK,FOX NEWSRADIO,"//WKCI-970, W300CX 107.9"
1300,KKOL,WA,SEATTLE,35000.0,3200.0,,,47.6551,-122.5196,LICEN,KMPS,Kitsap,53035,TALK,SRN THE ANSWER,EX-KMPS
1300,WPDX,WV,MORGANTOWN,2500.0,44.0,,,39.6279,-79.9695,LICEN,"WCLG, WFGM, WCLG",Monongalia,54061,C&W,104.9 SUPERSTAR CNTRY,"//W221DR 92.1, FM 104.9"
1300,WJYP,WV,ST. ALBANS,1000.0,49.0,,,38.3954,-81.8499,LICEN,"WGKV, WKAZ, WCOZ",Kanawha,54039,SPORTS,W1S THE JOCK,//WMON-1340
1310,WHEP,AL,FOLEY,2500.0,43.0,,,30.4441,-87.6811,LICEN,,Baldwin,1003,TALK,SRN RADIO BALDWIN,//W223AX 92.5
1310,WJUS,AL,MARION,5000.0,33.0,,,32.636,-87.3022,LICEN,WAJO,Perry,1105,BLK GSPL,YOUR PRAISE STATION,EX-WAJO //W232AN 94.3
1310,WAFN,AL,SOMERVILLE,1000.0,33.0,,,34.5404,-86.9042,LICEN,"WJRA, WQAH, WKZD",Morgan,1103,CLASSIC ROCK,FOX FUN 92.7 104.9,"//FM 92.7, W285EN 104.9"
1310,KZYP,AR,MALVERN,1000.0,,,,34.3737,-92.8302,LICSL,KBOK,Hot Spring,5059,SILENT,EZ ROCK,//K281CK 104.1
1310,KIHP,AZ,MESA,3400.0,260.0,,,33.362,-111.9682,LICEN,"KQXE, KZZP, KXAM",Maricopa,4013,RELIGION,RELEVANT RADIO,EX-KZZP/KXAM //K275CP 102.9
1310,KKZI,CA,BARSTOW,1000.0,80.0,,,34.9141,-117.0186,LICEN,"KIOT, KIQQ",San Bernardino,6071,TOURIST INFO,ACE RADIO,EX-KIQQ
1310,KMKY,CA,OAKLAND,5000.0,5000.0,,,37.8241,-122.3205,LICEN,"KDIA, KFYI, KDIA",Contra Costa,6013,ETHNIC S. ASIAN,RADIO PUNJAB,EX-KDIA //K225CK 92.9
1310,KFKA,CO,GREELEY,5000.0,1000.0,,,40.3655,-104.7327,LICEN,,Weld,8123,NEWS/TALK/SPORTS,ABC W1S VSIN,//K276GU 103.1
1310,WICH,CT,NORWICH,5000.0,5000.0,,,41.5529,-72.0756,LICEN,,New London,9011,ADLT STNDS,SRN PERSONALITY RADIO,//W233DB 94.5
1310,WYND,FL,DELAND,10400.0,115.0,,,28.9994,-81.2981,LICEN,"WKKX, WDLF",Volusia,12127,RELIGION,96.1 THE SPIRIT,//W241CZ 96.1
1310,WAUC,FL,WAUCHULA,5000.0,500.0,,,27.5303,-81.8187,LICEN,,Hardee,12049,C&W,THE OUTLAW 102.1,//W271DH 102.1
1310,WWWE,GA,DECATUR,2500.0,31.0,,,33.7726,-84.2817,LICEN,"WXLL, WPBC, WJZA",DeKalb,13089,SPANISH AC,LA MEGA 96.5 Y 105.1,EX-WPBC/WJZA //W266BW 101.1
1310,WOKA,GA,DOUGLAS,500.0,68.0,,,31.5235,-82.8726,LICEN,,Coffee,13069,C. CHRIST.,SRN THE TREE,//W292FQ 106.3
1310,WPCH,GA,WEST POINT,1000.0,25.0,,,32.8968,-85.1566,LICEN,"WZZZ, WPLV, WCJM, WPLV, WCJM, WPLV",Chambers,1017,SPORTS,FOX SPORTS THE GAME,EX-WCJM/WPLV //WZMG-910
1310,KOKX,IA,KEOKUK,1000.0,500.0,,,40.3806,-91.3526,LICEN,,Hancock,17067,TALK/SPORTS,NBC,//K227DO 93.3
1310,KDLS,IA,PERRY,500.0,300.0,,,41.8327,-94.0377,LICEN,,Dallas,19049,CLASSIC ROCK,ABC YESTERDAYS MUSIC,//K259AT 99.7
1310,KLIX,ID,TWIN FALLS,5000.0,2500.0,,,42.5516,-114.3684,LICEN,,Twin Falls,16083,NEWS/TALK,FOX NEWSRADIO 1310,EX-KEZJ //K241DD 96.1
1310,WTLC,IN,INDIANAPOLIS,5000.0,1000.0,,,39.7189,-86.1758,LICEN,"WMLF, WTUX",Marion,18097,BLK GSPL,INDY'S PRAISE,"//W224DI 92.7, W236CR 95.1"
1310,KYUL,KS,SCOTT CITY,500.0,147.0,,,38.5264,-100.9121,LICEN,KFLA,Scott,20171,TALK/SPORTS,SRN BIG TALKER 104.9,"//KIUL-1240, K253CW 98.5"
1310,WTTL,KY,MADISONVILLE,1000.0,40.0,,,37.3367,-87.5447,LICEN,,Hopkins,21107,C. CHRIST.,103.5 THE LIGHT,//W278CK 103.5
1310,WDOC,KY,PRESTONSBURG,5000.0,25.0,,,37.6959,-82.7566,LICEN,,Floyd,21071,OLDIES/ROCK,,
1310,KMBS,LA,WEST MONROE,5000.0,49.0,,,32.484,-92.1529,LICEN,KUZN,Ouachita,22073,SILENT,WW1 FSR REDDEN RADIO,DELETED
1310,WORC,MA,WORCESTER,5000.0,1000.0,,,42.222,-71.8167,LICEN,,Worcester,25027,SPANISH TROPICAL,LA MEGA,//WAMG-890
1310,WLOB,ME,PORTLAND,5000.0,5000.0,,,43.6895,-70.3342,LICEN,,Cumberland,23005,TALK,FOX WW1 NEWSTALK MAINE,//W263BZ 100.5
1310,WDTW,MI,DEARBORN,5000.0,5000.0,,,42.2639,-83.2544,LICEN,"WNIC, WMTG, WDOZ, WYUR, WXDX, WDTW, WWWW",Wayne,26163,REG. MEX.,LA ZETA 1310,//W300DI 107.9 STA 900/900W
1310,WCCW,MI,TRAVERSE CITY,15000.0,,,,44.7672,-85.6906,LICEN,,Grand Traverse,26055,SPORTS,FSR 1310 THE TICKET,WTCM GOLD
1310,KGLB,MN,GLENCOE,2500.0,270.0,,,44.778,-94.128,LICEN,"KRBI, KGLB, KTWN",McLeod,27085,CL. C&W,CLASSIC HIT COUNTRY,EX-KTWN //K241DE 96.1
1310,KZRG,MO,JOPLIN,5000.0,1000.0,,,37.1176,-94.5449,LICEN,"KFSB, KOCR",Jasper,29097,NEWS/TALK,FOX WW1 NEWSTALK 1310,"//K275BD 102.9,K290CO 105.9"
1310,KEIN,MT,GREAT FALLS,5000.0,1000.0,,,47.5222,-111.3891,LICEN,,Cascade,30013,COMEDY,MT'S COMEDY NETWORK,
1310,WISE,NC,ASHEVILLE,5000.0,1000.0,,,35.6193,-82.5724,LICEN,,Buncombe,37021,SPORTS,FOX SPORTS RADIO,W247BV 97.3
1310,WGSP,NC,CHARLOTTE,5000.0,240.0,,,35.2565,-80.8643,LICEN,WHVN,Mecklenburg,37119,SPANISH HITS,LATINA 1310,//W298CF 107.5
1310,WTIK,NC,DURHAM,5000.0,1000.0,,,36.0251,-78.9019,LICEN,,Durham,37063,REG. MEX.,LA KE BUENA,
1310,KNOX,ND,GRAND FORKS,5000.0,5000.0,,,47.8441,-97.0254,LICEN,,Grand Forks,38035,NEWS/TALK,ABC NEWSRADIO 1310,//K300BG 107.9
1310,KGMT,NE,FAIRBURY,500.0,95.0,,,40.1161,-97.1517,LICEN,,Jefferson,31095,OLDIES,ABC GOOD TIME OLDIES,
1310,WOBM,NJ,ASBURY PARK,2500.0,1000.0,,,40.2298,-74.0904,LICEN,"WJLK, WADB, WBUD, WADB",Monmouth,34025,OLDIES,BEACH RADIO,"//W244EE 96.7, FM 92.7"
1310,WEMG,NJ,CAMDEN,1000.0,250.0,,,39.9579,-75.1146,LICEN,"WCAM, WSSJ",Camden,34007,SPANISH TROPICAL,LA MEGA 105.7,EX-WSSJ //W289AZ 105.7
1310,WXMC,NJ,PARSIPPANY-TROY HILL,1000.0,88.0,,,40.8643,-74.3512,LICEN,"WQTK, WBIO",Morris,34027,ETHNICE S. ASIAN,RADIO ZINDAGI,//WBWD-540
1310,KKNS,NM,CORRALES,5000.0,82.0,,,35.1323,-106.6223,LICEN,"KIVA, KZRQ, KIVA, KBTK",Bernalillo,35001,NAVAJO/C&W,AP WW1 VOICE OF NAVAJO,//KTNN-660
1310,WOKR,NY,CANANDAIGUA,1000.0,1000.0,,,42.8889,-77.3189,LICEN,"WCGR, WRSB",Ontario,36069,C&W,CLASSIC COUNTRY,EX-WCGR/WRSB //W238DG 95.5
1310,WRVP,NY,MOUNT KISCO,5000.0,33.0,,,41.1937,-73.739,LICEN,WVIP,Westchester,36119,SPANISH RELIGION,RADIO VISION CRISTIANA,EX-WVIP //WWRV-1330
1310,WTLB,NY,UTICA,5000.0,500.0,,,43.0568,-75.2779,LICSL,,Oneida,36065,SILENT,ESPN UTICA-ROME,"//W261DV 100.1, WRNY-1350"
1310,WDPN,OH,ALLIANCE,1000.0,480.0,,,40.9262,-81.1279,LICEN,WFAH,Stark,39151,ADLT STNDS,ABC UNFORGETTABLE FAVS,
1310,WBFD,PA,BEDFORD,1000.0,85.0,,,40.0431,-78.5033,LICEN,"WBFD, WAYC, WOOX",Bedford,42009,TALK,FOX SRN WW1,EX-WAYC //W254DF 98.7
1310,WTZN,PA,TROY,1000.0,72.0,,,41.7809,-76.8188,LICEN,"WJOZ, WHGL",Bradford,42015,OLDIES,WW1 GOLDEN OLDIES 99.9,//W260AN 99.9
1310,WICU,PA,WARREN,5000.0,94.0,,,41.8139,-79.1676,LICEN,WNAE,Warren,42123,CONTEMP HITS,HAPPI 92.7,"//W244DY 96.7, FM 92.7"
1310,WDXI,TN,JACKSON,5000.0,50.0,,,35.6642,-88.8228,LICEN,,Madison,47113,SPORTS,FSR WEST TENN SPORTS,//W278CL 103.5
1310,KZIP,TX,AMARILLO,1000.0,88.0,,,35.1839,-101.9702,LICEN,,Potter,48375,SPANISH RELIGION,RADIO VIDA,//K224EF 92.7
1310,KTCK,TX,DALLAS,25000.0,5000.0,,,32.9448,-96.9406,LICEN,KAAM,Dallas,48113,SPORTS,FSR THE TICKET,EX-KAAM //FM 96.7
1310,KAHL,TX,SAN ANTONIO,5000.0,236.0,,,29.4149,-98.3436,LICEN,"KZVE, KONJ, KXTN, KPOZ, KXTN",Medina,48325,ADLT STNDS,CALL 1310,"//K290BO 105.9,K264CJ 100.7"
1310,WDCT,VA,FAIRFAX,5000.0,500.0,,,38.8523,-77.3155,LICEN,WEEL,Fairfax,51600,ETHNIC KOREAN,RADIO KOREA,//WWRU 1660
1310,WGH,VA,NEWPORT NEWS,20000.0,5000.0,,,37.0454,-76.448,LICEN,"WNSY, WGH, WCMS",Hampton,51650,SPORTS,FOX SPORTS 1310,EX-WGH/WCMS //W265EF 100.9
1310,KZXR,WA,PROSSER,5000.0,66.0,,,46.234,-119.8148,LICEN,KARY,Benton,53005,SPANISH RELIGION,ESTACION DE LA FAMILIA,EX-KARY //K237GY 95.3
1310,WIBA,WI,MADISON,5000.0,5000.0,,,42.9994,-89.4298,LICEN,,Dane,55025,NEWS/TALK,FOX WW1 NEWSTALK 1310,
1310,WSLW,WV,WHITE SULPHUR SPRING,5000.0,,,,37.8048,-80.3506,LICSL,,Greenbrier,54025,SILENT,FOX RADIO GREENBRIER,//W247BZ 97.3
1320,WENN,AL,BIRMINGHAM,5000.0,111.0,,,33.5615,-86.8603,LICEN,"WENN, WAGG, WEZN, WRJS, WZZK, WPSB",Jefferson,1073,CLASSIC ROCK,STAR 92,//W222BK 92.3
1320,WDSA,AL,DOTHAN,1000.0,92.0,,,31.2485,-85.3888,LICEN,"WAGF, WDBM, WAGF",Houston,1069,TALK,,EX-WAGF //W230CY 93.9
1320,KWHN,AR,FORT SMITH,5000.0,5000.0,,,35.417,-94.3652,LICEN,"KWHN, KYHN",Crawford,5033,NEWS/TALK,ABC NEWSTALK,EX-KWHN/KYHN
1320,KRLW,AR,WALNUT RIDGE,1000.0,152.0,,,36.0662,-90.9401,LICSL,,Lawrence,5075,SILENT,ABC OLDIES 1320,//K261EX 100.1
1320,KOFA,AZ,YUMA,730.0,106.0,,,32.6898,-114.5009,LICEN,KAWC,Yuma,4027,VARIETY/ROCK,NPR BORDER RADIO,EX-KAWC //K234CZ 94.7
1320,KWQQ,CA,HEMET,500.0,300.0,,,33.7497,-116.9989,LICEN,"KHSJ, KSDT",Riverside,6065,SPANISH RANCHERA,LA RANCHERA,EX-KHSJ/KSDT //K296HB 107.1
1320,KKSM,CA,OCEANSIDE,500.0,500.0,,,33.2023,-117.3389,LICEN,"KNNC, KGMG, KKLQ",San Diego,6073,ADLT ALTERNATIVE,RADIO REVOLUTION,EX-KGMG/KKLQ
1320,KIFM,CA,WEST SACRAMENTO,5000.0,620.0,,,38.6363,-121.5536,LICEN,"KGNR, KCTC",Sacramento,6067,SPORTS,ESPN 1320,EX-KGNR/KCTC
1320,WATR,CT,WATERBURY,5000.0,1000.0,,,41.5368,-73.0307,LICEN,,New Haven,9009,TALK/OLDIES,ABC,//W249DY 97.7
1320,WLQY,FL,HOLLYWOOD,5000.0,5000.0,,,26.0317,-80.2781,LICEN,"WGMA, WADY",Broward,12011,ETHNIC,INTERNATIONAL STATION,
1320,WJNJ,FL,JACKSONVILLE,16000.0,80.0,,,30.3289,-81.6948,LICEN,"WVOJ, WQIK, WJGR, WBOB",Duval,12031,SPANISH HITS,FLOW 105.3,EX-WJGR/WBOB //W279AG 103.7
1320,WDIZ,FL,VENICE,5000.0,142.0,,,27.1053,-82.3995,LICEN,"WAMR, WDDV",Sarasota,12115,OLDIES,OLDIES 1320,EX-WAMR/WDDV
1320,KNIA,IA,KNOXVILLE,500.0,222.0,,,41.3306,-93.1096,LICEN,,Marion,19125,C&W,ABC TRUE COUNTRY,"//K232FR 94.3, K232DH 95.3"
1320,KMAQ,IA,MAQUOKETA,500.0,135.0,,,42.0906,-90.6288,LICEN,,Jackson,19097,C&W,AP,"//K223DA 92.5, FM 95.1"
1320,WKAN,IL,KANKAKEE,1000.0,500.0,,,41.1356,-87.8195,LICEN,,Kankakee,17091,TALK/SPORTS,FOX WW1,//W267CI 101.3
1320,KLWN,KS,LAWRENCE,500.0,250.0,,,38.9347,-95.2869,LICEN,,Douglas,20045,NEWS/TALK/SPORTS,FOX FOXSP NEWSTALK,//K269GP 101.7
1320,WBRT,KY,BARDSTOWN,1000.0,44.0,,,37.8192,-85.4861,LICEN,,Nelson,21179,C&W/BLUEGRASS,AP HOMETOWN RADIO,//W246AT 97.1
1320,WCVG,KY,COVINGTON,500.0,430.0,,,39.0456,-84.5083,LICEN,WCLU,Kenton,21117,BLK GSPL,THE VOICE,//W280FW 103.9
1320,WNGO,KY,MAYFIELD,1000.0,97.0,,,36.7603,-88.6389,LICEN,"WNGO, WIVR, WKJM",Graves,21083,NEWS/TALK,FOX SRN SUPERTALK 94.3,EX-WKJM/WIVR //W290DF 105.9
1320,KNCB,LA,VIVIAN,5000.0,57.0,,,32.9024,-93.983,LICSL,,Caddo,22017,SILENT,ESPN,//K281CY 104.1
1320,WARA,MA,ATTLEBORO,5000.0,5000.0,,,41.9593,-71.3264,LICEN,"WARA, WJYT, WARL, WRNP",Bristol,25005,VARIETY,ALL ABOUT COMMUNITY,EX-WARA/WJYT/WARL/WRNP
1320,WJKI,MD,SALISBURY,1000.0,28.0,,,38.3609,-75.6163,LICEN,WICO,Wicomico,24045,CLASSIC ROCK,THE VAULT,"EX-WICO //FM 103.5, 102.9"
1320,WILS,MI,LANSING,25000.0,1900.0,,,42.622,-84.6439,LICEN,,Ingham,26065,NEWS/TALK,FOX MORE COMPELLING,
1320,WDMJ,MI,MARQUETTE,5000.0,140.0,,,46.5452,-87.4446,LICEN,,Marquette,26103,CLASSIC ROCK,GREATEST HITS 1320,
1320,KOZY,MN,GRAND RAPIDS,5000.0,5000.0,,,47.1727,-93.453,LICEN,,Itasca,27061,CLASSIC ROCK,ABC ALL CLASSICS,//K226CV 93.1
1320,KSIV,MO,CLAYTON,4600.0,270.0,,,38.6073,-90.354,LICEN,"KKOJ, KADI",St. Clair,17163,RELIGION,BOTT RADIO NET,"//K286AR 105.1, KSIV 91.5"
1320,WRJW,MS,PICAYUNE,5000.0,75.0,,,30.5185,-89.6448,LICEN,,Pearl River,28109,C&W,ABC THE PIC,//W295DG 106.9
1320,WAGY,NC,FOREST CITY,1000.0,30.0,,,35.3546,-81.8793,LICEN,,Rutherford,37161,OLDIES,ABC TRUE OLDIES,//W298CZ 107.5
1320,WCOG,NC,GREENSBORO,5000.0,5000.0,,,36.1504,-79.9131,LICEN,"WCOG, WGLD, WWWB, WTCK",Guilford,37081,CLASSIC ROCK,FOX CLASSIC HITS,//W287GD 105.3
1320,WKRK,NC,MURPHY,5000.0,62.0,,,35.1118,-84.0085,LICEN,,Cherokee,37039,S. GSPL/RELIGION,SRN CHRISTIAN RADIO,//W288DI 105.5
1320,WDER,NH,DERRY,10000.0,600.0,,,42.867,-71.2878,LICEN,,Rockingham,33015,RELIGION,SRN LIFE CHANGING R.,//FM 92.1
1320,WLOH,OH,LANCASTER,500.0,16.0,,,39.7037,-82.5535,LICEN,WHOK,Fairfield,39045,C&W,ABC THE WOLF,"//W257EQ 99.3, W284BD 104.5"
1320,WOBL,OH,OBERLIN,1000.0,1000.0,,,41.2681,-82.211,LICEN,,Lorain,39093,CL. C&W,ABC LORAIN COUNTRY,//W299CJ 107.7
1320,KCLI,OK,CLINTON,1000.0,108.0,,,35.4834,-98.982,LICEN,"KWOE, KKCC, KXOL",Custer,40039,SPORTS,FOX THE REF-THE SCORE,EX-KXOL //K247CO 97.3
1320,WTKZ,PA,ALLENTOWN,750.0,195.0,,,40.5926,-75.478,LICEN,WKAP,Lehigh,42077,SPANISH TROPICAL,MEGA,//W269DY 101.7
1320,WGET,PA,GETTYSBURG,1000.0,500.0,,,39.8418,-77.2233,LICSL,,Adams,42001,SILENT,K-LOVE,//W229DK 93.7
1320,WJAS,PA,PITTSBURGH,7000.0,3300.0,,,40.4795,-79.9031,LICEN,WKTQ,Allegheny,42003,TALK,FOX WW1 TALK RADIO,//W256DE 99.1
1320,WSKN,PR,SAN JUAN,5000.0,2300.0,,,18.3833,-66.0669,LICEN,"WUNO, WSKN, WDEP",San Juan,72127,SPANISH NEWS/TALK,RADIO ISLA,EX-WUNO //WKFE 1550
1320,KELO,SD,SIOUX FALLS,5000.0,5000.0,,,43.488,-96.6376,LICEN,,Minnehaha,46099,NEWS/TALK,FOX KELO NEWSRADIO,"//KELQ 107.9, K286CN 105.1"
1320,WGOC,TN,KINGSPORT,5000.0,500.0,,,36.5534,-82.4826,LICSL,WKIN,Sullivan,47163,SILENT,ABC TRICITIES BIZ TALK,EX-WKIN
1320,WMSR,TN,MANCHESTER,5000.0,79.0,,,35.4676,-86.095,LICEN,,Coffee,47031,TALK/VARIETY,FOX THUNDER 107.9&1320,"//W296DW 107.1,W300BL 107.9"
1320,KVMC,TX,COLORADO CITY,1000.0,,,,32.3876,-100.8929,LICEN,,Mitchell,48335,REG. MEX.,,//KAUM 107.1
1320,KXYZ,TX,HOUSTON,8400.0,2800.0,,,29.9158,-95.4619,LICEN,,Harris,48201,URBAN NEWS/TALK,BIN BLACK INFO NETWORK,
1320,KNIT,UT,SALT LAKE CITY,730.0,730.0,,,40.6658,-111.908,LICEN,"KUTR, KCPX, KCNR, KFNZ",Salt Lake,49035,RELIGION,SRN HOPE 94.5,EX-KCNR/KFNZ //K233DV 94.5
1320,WBTL,VA,ASHLAND,1000.0,8.0,,,37.7464,-77.4953,LICEN,"WLEE, WVNZ",Hanover,51085,REG. MEX.,LA PANTERA,EX-WLEE/WVNZ //W269DC 101.7
1320,WVGM,VA,LYNCHBURG,1000.0,24.0,,,37.4271,-79.1236,LICEN,"WJJS, WXYU, WVLR, WJJS",Amherst,51009,SPORTS,INFINITY SPORTS NET,//W227BG 93.3
1320,WCVR,VT,RANDOLPH,1000.0,66.0,,,43.9376,-72.6359,LICEN,"WCVR, WWWT, WTSJ",Orange,50017,C&W,WW1 NORTH COUNTRY,EX-WWWT/WTSJ //W261DJ 100.1
1320,KXRO,WA,ABERDEEN,5000.0,1000.0,,,46.9573,-123.8107,LICEN,,Grays Harbor,53027,TALK,GRAY'S HARBOR R.,//K269FT 101.7
1320,KGDC,WA,WALLA WALLA,1000.0,66.0,,,46.0235,-118.3558,LICEN,"KAFR, KSMX",Walla Walla,53071,NEWS/TALK,FOX SRN NEWSTALK RADIO,EX-KSMX //K225CJ 92.9
1320,WFHR,WI,WISCONSIN RAPIDS,5000.0,90.0,,,44.4152,-89.8359,LICEN,,Wood,55141,OLDIES,,//W248DE 97.5
1330,KXXJ,AK,JUNEAU,10000.0,3000.0,,,58.3011,-134.4423,LICEN,"KTNL, KXLJ",Juneau,2110,CLASSIC ROCK,KXJ 1330 & 93.3,EX-KXLJ //K227DP 93.3
1330,KWKW,CA,LOS ANGELES,5000.0,5000.0,,,34.0194,-118.3465,LICEN,KFAC,Los Angeles,6037,SPANISH TALK,LA PRIMERA 1330,//K264CQ 100.7
1330,KLBS,CA,LOS BANOS,420.0,5000.0,,,37.0974,-120.8319,LICEN,,Merced,6047,ETHNIC PORTUGUESE,RADIO PORTUGUESA,
1330,KJPR,CA,SHASTA LAKE CITY,1000.0,1000.0,,,40.6799,-122.2681,LICEN,KSNA,Shasta,6089,NEWS/TALK,NPR JEFFERSON PUBLIC R,
1330,WJNX,FL,FORT PIERCE,5000.0,1000.0,,,27.4559,-80.367,LICEN,"WFTP, WDKC",St. Lucie,12111,REG. MEX.,LA LEY 106.1/95.1,
1330,WWAB,FL,LAKELAND,1000.0,118.0,,,28.0448,-81.9743,LICEN,,Polk,12105,OLDIES,BOSS HOGG RADIO,"//WKFL-1170, WHNR-1360"
1330,WEBY,FL,MILTON,,79.0,,,30.6202,-87.0225,LICEN,"WSWL, WAVX",Santa Rosa,12113,SPORTS,ESPN PENSACOLA,//W256DL 99.1
1330,WEBY,FL,MILTON,25000.0,,,,30.5182,-87.0822,LICEN,"WSWL, WAVX",Santa Rosa,12113,SPORTS,ESPN PENSACOLA,//W256DL 99.1
1330,WCVC,FL,TALLAHASSEE,3200.0,26.0,,,30.5096,-84.3352,LICEN,,Leon,12073,RELIGION,GRN DIVINE WORD RADIO,//W245CB 96.9
1330,WLBB,GA,CARROLLTON,1000.0,34.0,,,33.5715,-85.0505,LICEN,"WPPI, WBTR",Carroll,13045,NEWS/TALK,WW1 NEWSTALK 1330,EX-WPPI/WBTR //W292EW 106.3
1330,WMLT,GA,DUBLIN,1000.0,12.0,,,32.5638,-82.8715,LICSL,,Laurens,13175,SILENT,FAITH 96,//W245BT 96.9
1330,WGTJ,GA,MURRAYVILLE,1000.0,,,,34.3701,-83.9482,LICEN,WKZD,Hall,13139,GOSPEL,97.5 GLORY FM,EX-WKZD //W248DL 97.5
1330,KPTY,IA,WATERLOO,5000.0,5000.0,,,42.4669,-92.2666,LICEN,"KWWL, KWLO",Black Hawk,19013,CL. C&W,107.3 HANK-FM,EX-KWLO //K297BS 107.3
1330,WKTA,IL,EVANSTON,5000.0,110.0,,,42.1395,-87.8853,LICEN,"WEAW, WSSY",Cook,17031,ETHNIC/SPANISH AC,CHICAGO'S INT'L STN,EX-WSSY //W240DE 95.9
1330,WRAM,IL,MONMOUTH,1000.0,50.0,,,40.9497,-90.5721,LICEN,,Warren,17187,CL. C&W/FARM,ABC CLASSIC COUNTRY,//W239DB 95.7
1330,WNTA,IL,ROCKFORD,1000.0,91.0,,,42.2256,-89.0471,LICEN,"WXTA, WYBR, WRRR",Winnebago,17201,SPORTS,FOX SPORTSFAN 1330,EX-WRRR //W246DW 97.1
1330,WBGW,IN,EVANSVILLE,5000.0,1000.0,,,38.0526,-87.5953,LICEN,"WJPS, WKKR, WVHI",Vanderburgh,18163,RELIGION,SRN THY WORD NETWORK,EX-WVHI //W273DY 102.5
1330,WTRE,IN,GREENSBURG,500.0,33.0,,,39.3281,-85.5016,LICEN,,Decatur,18031,C&W,TREE COUNTRY,//W282AZ 104.3
1330,KNSS,KS,WICHITA,5000.0,5000.0,,,37.7131,-97.2478,LICEN,KFH,Sedgwick,20173,NEWS/TALK,FOX WW1 NEWSTALK,EX-KFH //FM 98.7
1330,WKDP,KY,CORBIN,5000.0,16.0,,,36.939,-84.0788,LICEN,WYGO,Knox,21121,C&W,KD COUNTRY,//FM 99.5
1330,KVOL,LA,LAFAYETTE,5000.0,1000.0,,,30.2416,-92.0587,LICEN,"KVOL, KRKR",Lafayette,22055,AC/OLDIES,METV FM,//K249EY 97.7
1330,WRCA,MA,WATERTOWN,25000.0,17000.0,,,42.289,-71.1887,LICEN,"WAFN, WDLW",Middlesex,25017,CLASSIC ROCK,ROCK 92.9,EX-WDLW //W291CZ 106.1
1330,WHGM,MD,HAVRE DE GRACE,1000.0,18.0,,,39.5658,-76.1189,LICEN,"WASA, WJSS",Harford,24025,OLDIES,WW1 WHGM GOLD,EX-WASA/WJSS //W284BE 104.7
1330,WLOL,MN,MINNEAPOLIS,9700.0,5100.0,,,44.7839,-93.3441,LICEN,"KSJN, KNOW, WMNN",Washington,27163,RELIGION,RELEVANT RADIO,EX-KSJN/KNOW
1330,WNIX,MS,GREENVILLE,3800.0,55.0,,,33.4101,-91.0176,LICEN,WJPR,Washington,28151,TALK,TALK OF THE TOWN,//W266BY 101.1
1330,KGAK,NM,GALLUP,5000.0,1000.0,,,35.5428,-108.737,LICEN,,McKinley,35031,NAVAJO,ALL NAVAJO,//K246CY 97.1
1330,WWRV,NY,NEW YORK,10000.0,3800.0,,,40.8451,-74.0196,LICEN,"WEVD, WNYM",Bergen,34003,SPANISH RELIGION,RADIO VISION CRISTIANA,EX-WNYM //WRVP-1310
1330,WEBO,NY,OWEGO,5000.0,36.0,,,42.0926,-76.2563,LICEN,,Tioga,36107,AC/TALK,YOUR HOMETOWN STN,"//W267BQ 101.3,W300BV 107.9"
1330,WHAZ,NY,TROY,1000.0,49.0,,,42.7765,-73.6857,LICEN,,Schenectady,36093,RELIGION,ALIVE RADIO,"//FM 94.7,97.3,97.5,104.1"
1330,WGFT,OH,CAMPBELL,500.0,,,,41.0892,-80.6151,LICEN,"WYWR, WZKC, WASN",Mahoning,39099,SPORTS,ESPN MAHONING VALLEY,EX-WHOT/WASN //W234CH 94.7
1330,WFIN,OH,FINDLAY,1000.0,79.0,,,41.0086,-83.6353,LICEN,,Hancock,39063,TALK/SPORTS,NEWS SPORTS AUTHORITY,//W238CX 95.5
1330,WYPC,OH,WELLSTON,500.0,50.0,,,39.1062,-82.5788,LICEN,"WKOV, WYPC, WJTD",Jackson,39079,SPORTS,FOX SPORTS 1130&105.3,EX-WJTF //W287CZ 105.3
1330,WINT,OH,WILLOUGHBY,500.0,42.0,,,41.6492,-81.4234,LICEN,WELW,Lake,39085,TALK,INTEGRITY RADIO,EX-WELW //W268CO 101.5
1330,WFNN,PA,ERIE,5000.0,5000.0,,,41.9923,-80.0287,LICEN,"WEYZ, WFLP, WFNN, WFGO",Erie,42049,SPORTS,FOX 1330 THE FAN,EX-WHGT/WFLP //WEBG 95.9
1330,WENA,PR,YAUCO,2000.0,1400.0,,,18.0325,-66.863,LICEN,,Yauco,72153,SPANISH VARIETY,LA BUENA DEL SUR,
1330,WENA,PR,YAUCO,1500.0,1500.0,,,18.0186,-66.8641,LICEN,,Yauco,72153,SPANISH VARIETY,LA BUENA DEL SUR,
1330,WYRD,SC,GREENVILLE,5000.0,5000.0,,,34.8554,-82.4237,LICEN,WFBC,Greenville,45045,TALK,SRN FOX UPSTATE RED,EX-WFBC //WORD-950
1330,WAEW,TN,CROSSVILLE,1000.0,35.0,,,35.9503,-85.0358,LICEN,,Cumberland,47035,TALK,ABC TALK RADIO 96.9,//W242DH 96.3
1330,KTON,TX,CAMERON,2400.0,130.0,,,31.1124,-97.2969,LICEN,"KMIL, KTAE",Bell,48027,RELIGION,EWTN ARMOR OF GOD,EX-KMIL/KTAE //K230CH 93.9
1330,KINE,TX,KINGSVILLE,1000.0,280.0,,,27.6103,-97.7953,LICEN,,Nueces,48355,SPANISH RELIGION,TEJANITA CHRISTIANA,//K221GP 92.1
1330,KCKM,TX,MONAHANS,12000.0,1000.0,,,31.646,-103.0016,LICEN,"KVKM, KLBO",Ward,48475,CL. C&W,AP WEST TX. POWERHOUSE,EX-KLBO
1330,KGLD,TX,TYLER,1000.0,77.0,,,32.3765,-95.2655,LICEN,"KZAK, KDOK",Smith,48423,BLK GSPL/RELIGION,THE LIGHT,EX-KZAK/KDOK //K285GY 104.9
1330,WBTM,VA,DANVILLE,5000.0,1000.0,,,36.6074,-79.4334,LICEN,,Danville,51590,ADLT CONT,ABC BIG HITS 102.5,//W273CD 102.5
1330,WRAA,VA,LURAY,1000.0,26.0,,,38.6596,-78.4908,LICEN,,Page,51139,GOSPEL,JOY FM,
1330,WHNK,VA,MARION,1000.0,,,,36.8562,-81.5048,LICEN,"WOLD, WHGB, WITM, WSNQ",Smyth,51173,GOSPEL,PRAISE N GLORY RADIO,EX-WITM/WSNQ //W223DE 92.5
1330,WESR,VA,ONLEY-ONANCOCK,5000.0,51.0,,,37.7174,-75.6829,LICEN,,Accomack,51001,C&W,COASTAL COUNTRY 105.7,//W289CE 105.7
1330,KGRG,WA,ENUMCLAW,770.0,210.0,,,47.2144,-121.973,LICSL,"KENU, KQZQ, KENU",King,53033,SILENT,CLASSIC ALTERNATIVE,EX-KENU
1330,KYOZ,WA,SPOKANE,5000.0,23.0,,,47.6157,-117.3661,LICEN,KMBI,Spokane,53063,C. CHRIST.,WORSHIP 24/7,//K239CL 95.7
1330,WHBL,WI,SHEBOYGAN,5000.0,1000.0,,,43.7206,-87.7345,LICEN,,Sheboygan,55117,TALK,FOX NEWS & INFORMATION,//W268BR 101.5
1330,WETZ,WV,NEW MARTINSVILLE,1000.0,59.0,,,39.6576,-80.8593,LICEN,,Wetzel,54103,OLDIES,ABC WW1 MAGIC 1330,//W226BE 93.1
1330,KOVE,WY,LANDER,5000.0,250.0,,,42.8427,-108.7454,LICEN,,Fremont,56013,NEWS/TALK/SPORTS,ABC W1S,//K299BC 170.7
1340,WLVS,AL,FLORENCE,1000.0,1000.0,,,34.7973,-87.665,LICEN,"WXOR, WSBM",Lauderdale,1077,SPORTS,FOX SPORTS SHOALS,EX-WSBM
1340,WMHZ,AL,HOLT,1000.0,1000.0,,,33.2146,-87.4894,LICEN,,Tuscaloosa,1125,OLDIES/ROCK,ROCK 106.3,//W292DU 106.3
1340,WJAM,AL,SELMA,1000.0,1000.0,,,32.4254,-86.9964,LICEN,"WAMA, WMRK",Dallas,1047,URBAN AC/OLDIES,JAMMIN 94.7 & 1340,EX-WMRK //W234DM 94.7
1340,WFEB,AL,SYLACAUGA,1000.0,1000.0,,,33.1712,-86.2325,LICEN,,Talladega,1121,CLASSIC ROCK,VOLT 100.9 BORN 2 ROCK,//W265DV 100.9
1340,KBTA,AR,BATESVILLE,1000.0,1000.0,,,35.7443,-91.6393,LICEN,,Independence,5063,OLDIES,MUSIC AND MEMORIES,
1340,KQIS,AR,BETHEL HEIGHTS,1000.0,1000.0,,,36.212,-94.1274,LICEN,KFMD,Benton,5007,URBAN AC,KISS 105.3,//K287AN 105.3 EX-KFMD
1340,KZNG,AR,HOT SPRINGS,1000.0,1000.0,,,34.4954,-93.0243,LICEN,"KZNG, KWBO",Garland,5051,OLDIES,OLDIES 98,//K288FP 105.5
1340,KCAT,AR,PINE BLUFF,1000.0,1000.0,,,34.2132,-92.0315,LICEN,,Jefferson,5069,URBAN OLDIES,THE CAT,"//KTUV-1440, K224FN 92.7"
1340,KIKO,AZ,APACHE JUNCTION,1000.0,930.0,,,33.3823,-111.5365,LICEN,,Pinal,4021,C&W/TALK,SRN THE BULL,"//K246CH 97.1, K286BS 105.1"
1340,KPGE,AZ,PAGE,1000.0,1000.0,,,36.9056,-111.4579,LICEN,,Coconino,4005,C&W,ABC WW1 KIX 98.3,//K252FG 98.3
1340,KATA,CA,ARCATA,1000.0,1000.0,,,40.8535,-124.0848,LICEN,,Humboldt,6023,SPORTS,ESPN 1340,//K297BY 107.3
1340,KWXY,CA,CATHEDRAL CITY,1000.0,1000.0,,,33.802,-116.4631,LICEN,"KWXY, KPTR",Riverside,6065,ADLT STNDS,MUSIC RADIO 101.9,EX-KWXY/KPTR //K222DA 92.3
1340,KCBL,CA,FRESNO,1000.0,1000.0,,,36.7641,-119.7865,LICEN,"KKAM, KBOS, KKTR",Fresno,6019,SPORTS,FOX SPORTSRADIO 1340,EX-KBOS/KKTR
1340,KVGC,CA,JACKSON,440.0,250.0,,,38.3558,-120.7699,LICEN,,Amador,6005,AC/OLDIES/TALK,ABC VOICE GOLD COUNTRY,//K243CH 96.5
1340,KOMY,CA,LA SELVA BEACH,1000.0,850.0,,,36.9619,-121.9819,LICEN,,Santa Cruz,6087,NEWS/TALK,NEWSTALK,//KSCO-1080 AT TIMES
1340,KTPI,CA,MOJAVE,1000.0,1000.0,,,35.0397,-118.1501,LICEN,"KDOL, KVOY, KAVC",Kern,6029,NEWS/TALK,WW1 NEWSTALK 1340,EX-KVOY/KAVC
1340,KTOX,CA,NEEDLES,1000.0,1000.0,,,34.8528,-114.6227,LICEN,KSFE,San Bernardino,6071,TALK/SPORTS,TRI STATES TALK LEADER,EX-KSFE //K225DF 92.9
1340,KPYV,CA,OROVILLE,1000.0,1000.0,,,39.5088,-121.5994,LICEN,"KORV, KJAZ, KEWE, KNTF",Butte,6007,SPANISH RELIGION,RADIO SANTISIMO,EX-KORV/KJAZ/KEWE/KNTF
1340,KYNS,CA,SAN LUIS OBISPO,790.0,790.0,,,35.2341,-120.6768,LICEN,"KATY, KGLW",San Luis Obispo,6079,C&W,THE GRADE,EX-KATY/KGLW //K265FI 100.9
1340,KCLU,CA,SANTA BARBARA,740.0,700.0,,,34.4188,-119.687,LICEN,"KIST, KLDZ, KXXT, KIST, KTLK, KIST",Santa Barbara,6083,NEWS/TALK/JAZZ,NPR //KCLU 88.3,EX-KTLK/KIST //FM 88.3
1340,KDCO,CO,DENVER,1000.0,1000.0,,,39.6833,-105.0072,LICEN,"KDEN, KKYD, KCFR, KVOQ",Arapahoe,8005,SPANISH RELIGION,ESNE RADIO,"//K225BS 92.9, K284CI 104.7"
1340,KTMM,CO,GRAND JUNCTION,1000.0,1000.0,,,39.1264,-108.6373,LICEN,KQIL,Mesa,8077,SPORTS,W1S THE TEAM,//K266CE 101.1
1340,KGKG,CO,SALIDA,1000.0,1000.0,,,38.5319,-106.0156,LICEN,KVRH,Chaffee,8015,CLASSIC ROCK,ABC THE VALLEY 102.9,//K275CR 102.9 EX-KVRH
1340,WYBC,CT,NEW HAVEN,1000.0,880.0,,,41.2926,-72.9529,LICEN,WNHC,Hampshire,25015,NEWS/TALK,NPR FAIRFIELD COUNTY,"//W288DV 105.5, WSHU-1260"
1340,WYCB,DC,WASHINGTON,1000.0,1000.0,,,38.9554,-77.0039,LICEN,,Montgomery,24031,BLK GSPL,SPIRIT TODAYS GOSPEL,//W281AW 104.1
1340,WTAN,FL,CLEARWATER,1000.0,1000.0,,,27.9728,-82.7965,LICEN,,Pinellas,12103,TALK/OLDIES,TAN TALK RADIO NETWORK,//WDCF 1350
1340,WWFL,FL,CLERMONT,1000.0,1000.0,,,28.5833,-81.7051,LICEN,,Lake,12069,REG. MEX.,LE MEJOR,//W241CR 96.1
1340,WROD,FL,DAYTONA BEACH,1000.0,1000.0,,,29.1889,-81.0076,LICEN,,Volusia,12127,OLDIES/ROCK,USA TALK OF DAYTONA,//W236DY 95.1
1340,WDSR,FL,LAKE CITY,1000.0,1000.0,,,30.1558,-82.6371,LICEN,,Columbia,12023,C&W,THE FALCON,//W240DU 95.9
1340,WTPA,FL,LANTANA,810.0,810.0,,,26.6203,-80.0806,LICEN,WPBR,Palm Beach,12099,ETHNIC HAITIAN,RADIO NOUVELLE LUMIERE,EX-WPBR //W241AX 96.1
1340,WTYS,FL,MARIANNA,780.0,780.0,,,30.7635,-85.231,LICEN,,Jackson,12063,CL. C&W,FOX SRN REAL COUNTRY,//W282CM 104.3
1340,WROD,FL,PORT ORANGE,1000.0,1000.0,,,29.1549,-81.0218,LICEN,,Volusia,12127,OLDIES/ROCK,USA TALK OF DAYTONA,//W236DY 95.1
1340,WITS,FL,SEBRING,1000.0,1000.0,,,27.5086,-81.422,LICEN,WSEB,Highlands,12055,ADLT CONT,LITE 105.7,//WWLL 105.7
1340,WGAU,GA,ATHENS,1000.0,1000.0,,,33.9412,-83.3985,LICEN,,Clarke,13059,NEWS/TALK,FOX NEWS & WEATHER,//W254CJ 98.7
1340,WIFN,GA,ATLANTA,1000.0,1000.0,,,33.749,-84.4071,LICEN,"WIGO, WALR",DeKalb,13089,SPORTS,ESPN 103.7,EX-WIGO/WALR //W279CZ 103.7
1340,WYNF,GA,AUGUSTA,1000.0,990.0,,,33.4938,-81.9976,LICEN,"WBBQ, WINZ, WSGF",Aiken,45003,URBAN NEWS/TALK,BIN BLACK INFO NETWORK,EX-WBBQ/WINZ/WSGF/WNRR
1340,WGAA,GA,CEDARTOWN,1000.0,1000.0,,,34.0348,-85.2522,LICEN,,Polk,13233,CLASSIC ROCK,FOX THE BIG DOUBLE A,//W291DN 106.1
1340,WOKS,GA,COLUMBUS,1000.0,1000.0,,,32.4521,-84.9736,LICEN,,Muscogee,13215,URBAN R&B/OLDIES,VOICE OF THE COMMUNITY,//W231AO 94.1
1340,WBBT,GA,LYONS,1000.0,1000.0,,,32.2135,-82.3318,LICEN,,Toombs,13279,OLDIES,ABC TRUE OLDIES CHAN.,//W245DN 96.9
1340,WTIF,GA,TIFTON,1000.0,1000.0,,,31.4713,-83.4866,LICEN,,Tift,13277,C. CHRIST.,THE HOOK,//W260AT 99.9
1340,KROS,IA,CLINTON,1000.0,1000.0,,,41.86,-90.2051,LICEN,,Clinton,19045,NEWS/TALK/SPORTS,FSR TOTAL SOURCE,//K290CL 105.9
1340,KACH,ID,PRESTON,1000.0,1000.0,,,42.1244,-111.8466,LICEN,,Franklin,16041,CLASSIC ROCK,ABC,
1340,KXQZ,ID,WENDELL,1000.0,1000.0,,,42.7238,-114.6706,LICEN,"KXSL, KTFI",Gooding,16047,REG. MEX.,LA LIDER,EX-KTFI //K262DD 100.3
1340,WSOY,IL,DECATUR,1000.0,1000.0,,,39.815,-89.0023,LICEN,,Macon,17115,NEWS/TALK,FOX SRN NEWSTALK 1340,//W277DB 103.3
1340,WJPF,IL,HERRIN,770.0,770.0,,,37.8345,-89.0279,LICEN,WHPI,Williamson,17199,NEWS/TALK,WW1 NEWSRADIO WJPF,"//W258DP 99.5, WCIL-1020"
1340,WJOL,IL,JOLIET,1000.0,1000.0,,,41.535,-88.0542,LICEN,,Will,17197,NEWS/TALK/SPORTS,ABC FSR WILL COUNTY,
1340,WBIW,IN,BEDFORD,1000.0,1000.0,,,38.8731,-86.4761,LICEN,,Lawrence,18093,NEWS/TALK/SPORTS,FOX VOICE HOOSIERHILLS,
1340,WTRC,IN,ELKHART,1000.0,1000.0,,,41.6745,-85.9475,LICEN,,Elkhart,18039,ADLT STNDS,FOX WW1 MNC NATION,W270DK 101.9
1340,WMUN,IN,MUNCIE,1000.0,1000.0,,,40.1617,-85.378,LICEN,"WLBC, WXFN",Delaware,18035,TALK/SPORTS,TALK OF MUNCIE,EX-WXFN //W223CZ 92.5
1340,KGGS,KS,GARDEN CITY,1000.0,880.0,,,37.9689,-100.9327,LICEN,,Finney,20055,REG. MEX.,LA RAZA,//K275CT 102.9
1340,KDTD,KS,KANSAS CITY,1000.0,1000.0,,,39.1139,-94.6794,LICEN,"KCKM, KFKF, KNHN, KFEZ, KCKN",Wyandotte,20209,REG. MEX.,LA GRANDE,EX-KFKF/KNHN/KFEZ/KCKN
1340,KSEK,KS,PITTSBURG,1000.0,1000.0,,,37.3956,-94.6786,LICEN,"KNZS, KSEK, KPHN, KNHN",Crawford,20037,CLASSIC ROCK,THE ROCK OF KANSAS,//K300DE 107.9
1340,WCMI,KY,ASHLAND,1000.0,1000.0,,,38.4676,-82.5968,LICEN,,Lawrence,39087,SPORTS/TALK,ESPN CAT SPORTS 93.3,//W227CI 93.3
1340,WBVR,KY,BOWLING GREEN,1000.0,1000.0,,,37.0095,-86.4525,LICEN,WBGN,Warren,21227,C&W,THE BEAVER 106.3,EX-WBGN //W233CZ 94.5
1340,WKCB,KY,HINDMAN,1000.0,1000.0,,,37.3293,-83.0046,LICEN,,Knott,21119,RELIGION,CHRISTIAN RADIO 1340,
1340,WNBS,KY,MURRAY,1000.0,1000.0,,,36.6284,-88.3011,LICEN,,Calloway,21035,CLASSIC HITS,CLASSIC HITS,//W250CK 97.9
1340,WEKY,KY,RICHMOND,1000.0,1000.0,,,37.7168,-84.3069,LICEN,,Madison,21151,CLASSIC HITS,Y 92.5,//W223CU 92.5
1340,WGAW,MA,GARDNER,1000.0,1000.0,,,42.5926,-71.9884,LICEN,,Worcester,25027,NEWS/TALK,SRN WW1 LOCAL NEWSTALK,//W251CQ 98.1
1340,WNBH,MA,NEW BEDFORD,1000.0,960.0,,,41.6415,-70.9589,LICEN,,Bristol,25005,CLASSIC ROCK,BIG 101.3,//W267CY 101.3
1340,WBRK,MA,PITTSFIELD,1000.0,1000.0,,,42.4501,-73.2148,LICEN,,Berkshire,25003,ADLT CONT,WW1 THE PEAK,//W246DM 97.1
1340,WMDR,ME,AUGUSTA,1000.0,1000.0,,,44.3281,-69.7645,LICEN,WFAU,Kennebec,23011,RELIGION,SRN THE ARROW,//W265DP 100.9
1340,WBAN,ME,VEAZIE,1000.0,630.0,,,44.8529,-68.6784,LICEN,WNZS,Penobscot,23019,AC,107.9 THE MIX,EX-WNZS //W231CH 94.1
1340,WLEW,MI,BAD AXE,1000.0,1000.0,,,43.8009,-83.023,LICEN,,Huron,26063,C&W,AP THUMBS HOTTEST CTRY,//WHST 94.1
1340,WJRW,MI,GRAND RAPIDS,1000.0,1000.0,,,42.9514,-85.6986,LICEN,"WTWN, WLAV, WBBL",Kent,26081,SPORTS,W1S THE TICKET,EX-WLAV/WBBL //W291DJ 106.1
1340,WCSR,MI,HILLSDALE,500.0,250.0,,,41.9281,-84.6361,LICEN,,Hillsdale,26059,C&W,WW1 99.5 THE DALE,//W258DE 99.5
1340,WAGN,MI,MENOMINEE,1000.0,1000.0,,,45.1075,-87.6071,LICEN,,Menominee,26109,NEWS/TALK,FOX NEWSTALK,//W261DM 100.1
1340,WMBN,MI,PETOSKEY,1000.0,1000.0,,,45.3472,-84.967,LICEN,"WMBN, WWPZ",Emmet,26047,SPORTS,FSR THE TICKET,"//WKAD 93.7, W284DF 104.7"
1340,WMBN,MI,PETOSKEY,1000.0,1000.0,,,45.3344,-84.9261,LICEN,"WMBN, WWPZ",Emmet,26047,SPORTS,FSR THE TICKET,"//WKAD 93.7, W284DF 104.7"
1340,WCHB,MI,ROYAL OAK,1000.0,1000.0,,,42.4695,-83.1149,LICEN,WEXL,Oakland,26125,BLK GSPL,VOICE OF THE CHURCH,EX-WEXL
1340,KVBR,MN,BRAINERD,1000.0,1000.0,,,46.348,-94.1819,LICEN,"KVBR, KQBR",Crow Wing,27035,NEWS/TALK,MY TALK 95.1,//W236DF 95.1
1340,KDLM,MN,DETROIT LAKES,1000.0,1000.0,,,46.8372,-95.8384,LICEN,,Becker,27005,NEWS/TALK/OLDIES,STN U CAN COUNT ON,//K226CA 93.1
1340,KRBT,MN,EVELETH,1000.0,1000.0,,,47.4819,-92.5319,LICEN,WEVE,St. Louis,27137,SPORTS,ABC FSR THE FAN 1340,EX-WEVE //W285FP 104.9
1340,KROC,MN,ROCHESTER,1000.0,1000.0,,,44.0297,-92.4921,LICEN,,Olmsted,27109,NEWS/TALK,ABC SRN NEWSTALK 1340,//K245CX 96.9
1340,KWLM,MN,WILLMAR,1000.0,1000.0,,,45.1333,-95.0433,LICEN,,Kandiyohi,27067,NEWS/TALK,ABC NEWSTALK 1340,//K242CF 96.3
1340,KXEO,MO,MEXICO,960.0,960.0,,,39.1667,-91.8621,LICEN,,Audrain,29007,CLASSIC ROCK,ABC THE ROCK,
1340,KLID,MO,POPLAR BLUFF,1000.0,1000.0,,,36.7676,-90.3698,LICEN,,Butler,29023,OLDIES/TALK,SPIRIT OF POPLAR BLUFF,
1340,KSMO,MO,SALEM,1000.0,1000.0,,,37.6267,-91.536,LICEN,,Dent,29065,NEWS/SPORTS/C&W,AP OZARK INFO SOURCE,//K239CU 95.7
1340,KICK,MO,SPRINGFIELD,1000.0,1000.0,,,37.0928,-93.2666,LICEN,"KICK, KIDS, KADI",Greene,29077,NEWS/TALK/SPORTS,FOX SRN NEWSTALK SPORT,EX-KIDS/KADI //K222CT 92.3
1340,WAML,MS,COLLINS,1000.0,1000.0,,,31.6346,-89.5731,LICEN,,Covington,28031,BLK GSPL,BROOKHAVEN'S GOSPEL R.,//W236DD 95.1
1340,KQDE,MT,EVERGREEN,1000.0,670.0,,,48.2389,-114.2535,LICEN,"KQJZ, KLYW, KYWL",Flathead,30029,CLASSIC ROCK,MAGIC 97.9,EX-KQJZ/KYWL //K250BP 97.9
1340,KPRK,MT,LIVINGSTON,1000.0,1000.0,,,45.6724,-110.5399,LICEN,,Park,30067,NEWS/TALK,FOX NEWSTALK LEADER,//KMMS-1450
1340,KYLT,MT,MISSOULA,1000.0,1000.0,,,46.8821,-113.9865,LICEN,,Missoula,30063,ADLT STNDS,THE LOUNGE,
1340,WJRI,NC,LENOIR,1000.0,1000.0,,,35.8943,-81.5581,LICEN,,Caldwell,37027,ADLT CONT,STAR 100.5 & 94.7,"//W263CP 100.5, W234DG 94.7"
1340,WAGR,NC,LUMBERTON,1000.0,1000.0,,,34.5996,-79.0089,LICEN,WTSB,Robeson,37155,BLK GSPL,ABC INSPIRATION & INFO,"//WIDU-1600,WYDU-1160,WEWO"
1340,WCBQ,NC,OXFORD,1000.0,1000.0,,,36.3076,-78.5767,LICEN,,Granville,37077,BLK GSPL,PARADISE RADIO,//WHNC-890
1340,WADE,NC,WADESBORO,1000.0,1000.0,,,34.9527,-80.0498,LICEN,,Anson,37007,BLK GSPL,GOSPEL 1430,//WDEX-1430
1340,WLSG,NC,WILMINGTON,1000.0,1000.0,,,34.2674,-77.9258,LICEN,"WGNI, WAAV, WBMS, WAHH",New Hanover,37129,REG. MEX.,LA RAZA,EX-WBMS/WAHH //W231CL 94.1
1340,WPOL,NC,WINSTON-SALEM,1000.0,1000.0,,,36.074,-80.2551,LICEN,"WAIR, WMQX",Forsyth,37067,BLK GSPL/RELIGION,THE LIGHT 1340&1400,EX-WMQX //WKEW-1400
1340,KPOK,ND,BOWMAN,1000.0,1000.0,,,46.18,-103.3705,LICEN,,Bowman,38011,C&W,GOOD TIME RADIO,
1340,KXPO,ND,GRAFTON,1000.0,1000.0,,,48.3981,-97.4492,LICEN,,Walsh,38099,C&W/TALK,EXPO DEPEND ON US,//K230BU 93.9
1340,KHUB,NE,FREMONT,500.0,250.0,,,41.4328,-96.4548,LICEN,,Dodge,31053,C&W,THE NEW BIG DOG,//K255DF 98.9
1340,KGFW,NE,KEARNEY,1000.0,1000.0,,,40.6681,-99.0815,LICEN,,Buffalo,31019,TALK,FOX THE POWER OF NEWS,//K241CN 96.1
1340,KSID,NE,SIDNEY,1000.0,1000.0,,,41.1312,-102.9726,LICEN,,Cheyenne,31033,C&W/FARM,FOX CHEYENNE COUNTY,//K239BE 95.7
1340,WBNC,NH,CONWAY,620.0,620.0,,,43.9801,-71.1103,LICEN,"WFRG, WPQR",Carroll,33003,ADLT STNDS,EASY 95.3,EX-WPQR //W237BX 95.3
1340,WMID,NJ,ATLANTIC CITY,890.0,890.0,,,39.3765,-74.4518,LICEN,,Atlantic,34001,OLDIES,ABC CLASSIC OLDIES,"//WCMC-1230, WEZW 93.1"
1340,WMID,NJ,ATLANTIC CITY,1000.0,1000.0,,,39.2292,-74.6818,LICEN,,Atlantic,34001,OLDIES,ABC CLASSIC OLDIES,"//WCMC-1230, WEZW 93.1"
1340,KCQL,NM,AZTEC,1000.0,1000.0,,,36.8214,-108.0001,LICEN,"KKBK, KCEM",San Juan,35045,SPORTS,FOX SPORTS 1340,EX-KCEM //K230AF 93.9
1340,KVOT,NM,TAOS,1000.0,1000.0,,,36.39,-105.5869,LICEN,,Taos,35055,RELIGION/AC,VOICE OF TRUTH,
1340,KKGK,NV,LAS VEGAS,1000.0,880.0,,,36.213,-115.1633,LICEN,"KRAM, KMTW, KRLV",Clark,32003,SPORTS,FOX SPORTS 94.7,EX-KRLV //K234BS 94.7
1340,WMBO,NY,AUBURN,1000.0,1000.0,,,42.9514,-76.5844,LICEN,"WMBO, WKGJ, WWLF, WMBO, WNDR",Cayuga,36011,OLDIES/ROCK,WW1 THE DINOSAUR,"//W237AY 95.3, WSEN 103.9"
1340,WENT,NY,GLOVERSVILLE,1000.0,1000.0,,,43.0251,-74.3524,LICEN,,Fulton,36035,AC,,//W286CD 105.1
1340,WKSN,NY,JAMESTOWN,260.0,520.0,,,42.1048,-79.2573,LICEN,,Chautauqua,36013,ADLT STNDS,ABC WW1 LEGENDS 1340,
1340,WLVL,NY,LOCKPORT,1000.0,1000.0,,,43.1751,-78.7106,LICEN,,Niagara,36063,TALK/SPORTS,FOX WW1 HOMETOWN RADIO,
1340,WMSA,NY,MASSENA,910.0,910.0,,,44.9031,-74.8835,LICEN,,St. Lawrence,36089,OLDIES/TALK,NEWS & INFO SOURCE,//W225DE 92.9
1340,WALL,NY,MIDDLETOWN,1000.0,1000.0,,,41.457,-74.4396,LICEN,,Orange,36071,OLDIES/ROCK,HOMETOWN STATION,"//W231BP 94.1, 94.9, 105.7"
1340,WIRY,NY,PLATTSBURG,1000.0,940.0,,,44.6701,-73.4443,LICEN,,Clinton,36019,CLASSIC ROCK,AP HOMETOWN RADIO,//FM 100.7
1340,WNCO,OH,ASHLAND,1000.0,1000.0,,,40.8403,-82.3571,LICEN,,Ashland,39005,SPORTS,FOX SPORTSRADIO,
1340,WOUB,OH,ATHENS,500.0,1000.0,,,39.3293,-82.0912,LICEN,,Athens,39009,NEWS/TALK/VARIETY,NPR OH UNIV PUBLIC R,
1340,WIZE,OH,SPRINGFIELD,1000.0,1000.0,,,39.9426,-83.7874,LICEN,,Clark,39023,URBAN NEWS/TALK,BIN BLACK INFO NETWORK,
1340,KGHM,OK,MIDWEST CITY,1000.0,1000.0,,,35.4995,-97.5095,LICEN,"KXXY, KCNN, KXXY, KEBC",Oklahoma,40109,SPORTS,FSR THE GAME,EX-KXXY/KEBC
1340,KJMU,OK,SAND SPRINGS,500.0,1000.0,,,36.1359,-96.0925,LICEN,"KTOW, KTFX, KTKX",Tulsa,40143,REG. MEX.,RADIO LA RAZA,EX-KTOW/KTFX/KTKX
1340,KBNW,OR,BEND,1000.0,500.0,,,44.0796,-121.2839,LICEN,,Deschutes,41017,NEWS/TALK,ABC FM NEWSRADIO 104.5,"//KWLZ 96.3, K283BH 104.5"
1340,KLOO,OR,CORVALLIS,1000.0,1000.0,,,44.5937,-123.2262,LICEN,,Benton,41003,NEWS/TALK/SPORTS,FOX NEWSRADIO CLUE AM,//K243CW 96.5
1340,KWVR,OR,ENTERPRISE,1000.0,1000.0,,,45.3993,-117.2593,LICEN,,Wallowa,41063,TALK,SRN TALK OF THE TOWN,//K241CW 96.1
1340,KIHR,OR,HOOD RIVER,1000.0,1000.0,,,45.7015,-121.5359,LICEN,,Hood River,41027,C&W,ABC TODAYS COUNTRY,//K252EN 98.3
1340,KBBR,OR,NORTH BEND,1000.0,1000.0,,,43.4326,-124.2096,LICEN,,Coos,41011,OLDIES,THE JUKEBOX,
1340,WHAT,PA,PHILADELPHIA,1000.0,1000.0,,,40.0018,-75.2093,LICEN,,Burlington,34005,SPANISH,LA KALLE 99.9,//W260CZ 99.9
1340,WHAT,PA,PHILADELPHIA,250.0,250.0,,,39.9938,-75.1192,LICEN,,Burlington,34005,SPANISH,LA KALLE 99.9,//W260CZ 99.9
1340,WYCK,PA,PLAINS,810.0,810.0,,,41.2504,-75.8252,LICEN,"WBCR, WTSW",Luzerne,42079,AC/OLDIES,THE RIVER 105 & 103.5,"//WWRR 104.9, WMMZ 103.5"
1340,WRAW,PA,READING,1000.0,1000.0,,,40.3242,-75.9191,LICEN,"WRAW, WKAP",Berks,42011,NEWS/TALK,FOX NEWSRADIO 1340,EX-WRAW/WKAP
1340,WTRN,PA,TYRONE,1000.0,1000.0,,,40.6634,-78.2564,LICEN,,Blair,42013,CLASSIC ROCK,THE TRAIN,"//W245CZ 96.9, W264BZ 100.7"
1340,WWPA,PA,WILLIAMSPORT,1000.0,1000.0,,,41.2293,-77.0122,LICEN,,Lycoming,42081,TALK,SRN TWIN VALLEYS TALK,"//W269DX 101.7, WMLP-1380"
1340,WWNA,PR,AGUADILLA,950.0,950.0,,,18.398,-67.163,LICEN,"WUNA, WNOZ",Aguadilla,72005,SPANISH VARIETY,UNA 1340,EX-WNOZ //W243ET 96.5
1340,WRHI,SC,ROCK HILL,1000.0,1000.0,,,34.9832,-81.0195,LICEN,,York,45091,TALK/SPORTS,VOICE OF YORK COUNTY,//W261CY 100.1
1340,WSSC,SC,SUMTER,1000.0,1000.0,,,33.9293,-80.3245,LICEN,,Sumter,45085,RELIGION,CHRISTIAN RADIO,//W224DQ 92.7
1340,KIJV,SD,HURON,1000.0,1000.0,,,44.3458,-98.2101,LICEN,,Beadle,46005,CLASSIC HITS,TIGER 95.3,//K237EL 95.3
1340,KTOQ,SD,RAPID CITY,1000.0,1000.0,,,44.0683,-103.1702,LICEN,,Pennington,46103,SPORTS,ESPN,//K289AI 105.7
1340,WBAC,TN,CLEVELAND,1000.0,1000.0,,,35.1651,-84.8536,LICEN,,Bradley,47011,NEWS/TALK/SPORTS,FOX NEWSTALK 1230,//WBLJ-1230
1340,WKRM,TN,COLUMBIA,1000.0,1000.0,,,35.6106,-87.0561,LICEN,,Maury,47119,AC/TALK,ABC FOX TODAYS HITS,//W279DL 103.7
1340,WGRV,TN,GREENEVILLE,1000.0,1000.0,,,36.1696,-82.8477,LICEN,,Greene,47059,C&W/TALK,HOMETOWN RADIO,"//W238DC 95.5, W258DM 99.5"
1340,WKGN,TN,KNOXVILLE,1000.0,1000.0,,,35.9556,-83.9705,LICEN,"WKGN, WLIQ",Knox,47093,SPORTS,FSR FAN RUN RADIO,//W289CU 105.7
1340,WLOK,TN,MEMPHIS,1000.0,1000.0,,,35.117,-90.0165,LICEN,,Shelby,47157,BLK GSPL,FAMILY TRADITION,//W285FI 104.9
1340,WCDT,TN,WINCHESTER,1000.0,1000.0,,,35.1809,-86.0928,LICEN,,Franklin,47051,CLASSIC ROCK,ABC FRANKLIN COUNTY,//W295AV 106.9
1340,KWKC,TX,ABILENE,1000.0,1000.0,,,32.4207,-99.732,LICEN,"KORQ, KYYD",Taylor,48441,SPORTS,FOX SPORTS ABILENE,EX-KORQ/KYYD
1340,KAND,TX,CORSICANA,1000.0,1000.0,,,32.1149,-96.4633,LICSL,,Navarro,48349,SILENT,ABC REAL COUNTRY,//K285HC 104.9
1340,KVIV,TX,EL PASO,1000.0,910.0,,,31.7604,-106.4361,LICEN,"KSET, KALY",El Paso,48141,SPANISH RELIGION,RADIO VICTORIA,
1340,KKAM,TX,LUBBOCK,1000.0,1000.0,,,33.5568,-101.8632,LICSL,"KMKM, KFMX",Lubbock,48303,SILENT,SRN TALK 1340,EX-KFMX //K280GU 103.9
1340,KRBA,TX,LUFKIN,1000.0,1000.0,,,31.3649,-94.7191,LICEN,,Angelina,48005,C&W,E. TEXAS PIONEER STN,//K281CZ 104.1
1340,KOLE,TX,PORT ARTHUR,1000.0,1000.0,,,29.9044,-93.9363,LICEN,,Jefferson,48245,RELIGION,POWER 1340,
1340,KCCE,TX,SAN ANGELO,1000.0,1000.0,,,31.4788,-100.4642,LICEN,"KOJO, KTEO, KCRN",Tom Green,48451,SPANISH RELIGION,SAN ANGELOS VERY OWN,EX-KTEO/KCRN //KSAO 93.9
1340,KVNN,TX,VICTORIA,1000.0,1000.0,,,28.8306,-97.0094,LICEN,"KVIC, KCWM, KAMG, KRNX",Victoria,48469,TALK/SPORTS,FSR NEWSTALK,EX-KAMG //K251CB 98.1
1340,KTMP,UT,HEBER CITY,1000.0,1000.0,,,40.5014,-111.4494,LICEN,KLVR,Wasatch,49051,TALK,VOICE OF THE VALLEY,//K233DP 94.5
1340,WHAP,VA,HOPEWELL,1000.0,1000.0,,,37.2962,-77.3136,LICEN,,Hopewell,51670,SPORTS/REL/C&W,VSIN FSR THE POINT,//W245CU 96.9
1340,WVCV,VA,ORANGE,1000.0,1000.0,,,38.254,-78.1206,LICEN,WJMA,Orange,51137,C&W,ABC WW1 TODAYS COUNTRY,"//W288ED 105.5, WJMA 103.1"
1340,WBLB,VA,PULASKI,1000.0,1000.0,,,37.0659,-80.784,LICEN,,Pulaski,51155,S. GSPL,FAMILY 1340,//W298CY 107.5
1340,WSTA,VI,CHARLOTTE AMALIE,1000.0,1000.0,,,18.3361,-64.9547,LICEN,,St. Thomas,78030,URBAN/TALK,ABC LUCKY 13,
1340,WSTJ,VT,ST. JOHNSBURY,1000.0,1000.0,,,44.4184,-71.9954,LICEN,WTWN,Caledonia,50005,CLASSIC ROCK,THE NOTCH,"//WMTK 106.3, W276DK 103.1"
1340,KWLE,WA,ANACORTES,1000.0,1000.0,,,48.4954,-122.6054,LICEN,"KAGT, KLKI, KWLE, KLKI",Skagit,53057,ETHNIC S. ASIAN,PUNJABI 1340,EX-KLKI //KRPA-1110
1340,KJOX,WA,KENNEWICK,1000.0,1000.0,,,46.2215,-119.1872,LICEN,"KOTY, KTCR",Benton,53005,SPORTS,ESPN TRI-CITIES,"EX-KTCR //KIRO-710,KGA-1510"
1340,KUOW,WA,TUMWATER,1000.0,1000.0,,,47.0067,-122.9199,LICEN,"KCIG, KCIF, KVSN",Thurston,53067,NEWS/TALK,NPR NEWS & INFO STN,EX-KVSN //FM 94.9
1340,KYSP,WA,WENATCHEE,1000.0,1000.0,,,47.3971,-120.2748,LICEN,"KWWW, KWWX, KZNW, KWWX",Chelan,53007,SPORTS,FOX THE HAWK,EX-KWWW/KZNW/KWWX
1340,WLDY,WI,LADYSMITH,1000.0,1000.0,,,45.4664,-91.1232,LICEN,,Rusk,55107,C&W,WILLIE COUNTRY,//W228BQ 93.5
1340,WJOI,WI,MILWAUKEE,1000.0,1000.0,,,43.0469,-87.9812,LICEN,"WMKE, WBCS, WLZR, WJYI",Milwaukee,55079,RELIGION,SRN JOY 1340,EX-WJYI //W254CU 98.7
1340,WEPM,WV,MARTINSBURG,1000.0,1000.0,,,39.4634,-77.9861,LICEN,,Berkeley,54003,NEWS/TALK/SPORTS,FOX PANHANDLE NEWS NET,"//W229CM 93.7, WCST-1010"
1340,WMON,WV,MONTGOMERY,1000.0,1000.0,,,38.1773,-81.314,LICSL,,Fayette,54019,SILENT,W1S THE JOCK,//WJYP-1300
1340,KSGT,WY,JACKSON,1000.0,1000.0,,,43.4624,-110.7944,LICEN,,Teton,56039,REG. MEX.,LA NUEVA,//K242BU 96.3
1340,KYCN,WY,WHEATLAND,250.0,250.0,,,42.0455,-104.9469,LICEN,,Platte,56031,C&W,KICKIN COUNTRY,//K224DT 92.7
1340,KWOR,WY,WORLAND,1000.0,1000.0,,,44.0172,-107.9712,LICEN,,Washakie,56043,TALK,FOX K-WOR,//K284CJ 104.7
1350,WTDR,AL,GADSDEN,5000.0,1000.0,,,34.0176,-86.0875,LICEN,"WGAD, WJBY, WGAD",Etowah,1055,C&W,THUNDER 92.7,EX-WGAD/WJBY //FM 92.7
1350,KLHC,CA,BAKERSFIELD,1000.0,33.0,,,35.3497,-118.9812,LICEN,"KLYD, KBAD, KBID",Kern,6029,ETHNIC S. ASIAN,PUNJABI RADIO USA,EX-KBAD/KBID //K298DH 107.5
1350,KPWK,CA,SAN BERNARDINO,5000.0,600.0,,,34.0936,-117.3001,LICEN,"KCKC, KEWS, KTDD, KUBE",San Bernardino,6071,SPORTS,FOX SPORTS IE 1350,EX-KCKC/KEWS/KTDD/KUBE
1350,KSRO,CA,SANTA ROSA,5000.0,5000.0,,,38.4394,-122.7486,LICEN,,Sonoma,6097,NEWS/TALK,FOX SONOMA CTY NEWSTLK,"//K245DJ 96.9, K278CD 103.5"
1350,KUBE,CO,PUEBLO,1300.0,150.0,,,38.3578,-104.6392,LICEN,"KIDN, KRYT, KGHF, KDZA, KCCY, KBPL, KDZA",Pueblo,8101,SPORTS,FOX SPORTS RADIO,EX-KRYT/KGHF/KCCY/KDZA
1350,WNLK,CT,NORWALK,1000.0,500.0,,,41.1151,-73.4346,LICEN,,Fairfield,9001,RELIGION,EWTN,//W280FX 103.9
1350,WINY,CT,PUTNAM,5000.0,79.0,,,41.9029,-71.8948,LICEN,,Windham,9015,ADLT CONT,ABC COMMUNITY RADIO,//W246DN 97.1
1350,WMMV,FL,COCOA,1000.0,1000.0,,,28.3664,-80.752,LICEN,"WLRQ, WWHL, WMYM",Brevard,12009,NEWS/TALK/SPORTS,FOX SPACE COAST TALKS,EX-WWHL/WMYM //WMMB-1240
1350,WDCF,FL,DADE CITY,1000.0,500.0,,,28.3347,-82.1895,LICEN,,Pasco,12101,TALK/OLDIES,TAN TALK RADIO NETWORK,//WTAN-1340
1350,WZKO,FL,FORT MYERS,2000.0,150.0,,,26.6256,-81.8412,LICEN,"WWWQ, WHYS, WCRM",Lee,12071,URBAN AC,1350/107.5 JAMZ,EX-WHYS/WCRM //W298CB 107.5
1350,WFNS,GA,BLACKSHEAR,2500.0,117.0,,,31.3124,-82.2332,LICEN,"WBSG, WIEZ, WGIA, WXRB",Pierce,13229,SPORTS,SPORTSSUPERSTATIONS,EX-WGIA/WXRB //WSFN-790
1350,WRWH,GA,CLEVELAND,1000.0,93.0,,,34.5865,-83.7668,LICEN,,White,13311,TALK/OLDIES,FOX SRN NEWSTALK 1350,//W230CT 93.9
1350,WBML,GA,WARNER ROBINS,15000.0,500.0,,,32.6168,-83.6499,LICEN,"WAVC, WCOP, WNNG, WRWR, WYPZ",Houston,13153,CLASSIC ROCK,FOX FM 94.7 & 95.5,"//W238CG 95.5, FM 94.7"
1350,KUSG,GU,AGANA,250.0,250.0,,,13.4567,144.6722,LICSL,"KUSG, KUSZ",Guam,66010,,,
1350,KRNT,IA,DES MOINES,5000.0,5000.0,,,41.5586,-93.5794,LICEN,,Warren,19181,SPORTS,ESPN 1350,//K271CO 102.1
1350,KTIK,ID,NAMPA,5000.0,600.0,,,43.5493,-116.4115,LICEN,"KSGR, KANR",Ada,16001,SPORTS,W1S THE TICKET,EX-KSGR/KANR //K237HA 95.3
1350,WVBP,IL,PEORIA,1000.0,1000.0,,,40.5947,-89.5946,LICEN,"WXCL, WOAM, WTAZ, WOAM",Tazewell,17179,URBAN AC,107.5 THE VIBE,"//W225DC 92.9, W298BH 107.5"
1350,WSIQ,IL,SALEM,430.0,59.0,,,38.6323,-88.9173,LICEN,WJBD,Marion,17121,C&W,ABC REAL COUNTRY 92.1,EX-WJBD //W221DU 92.1
1350,WIOU,IN,KOKOMO,5000.0,1000.0,,,40.417,-86.1136,LICSL,,Howard,18067,SILENT,FOX SPORTS RADIO,
1350,KMAN,KS,MANHATTAN,500.0,40.0,,,39.2106,-96.5567,LICEN,,Riley,20161,NEWS/TALK/SPORTS,ESPN NEWSRADIO,"//K227CX 93.3, K229CW 93.7"
1350,WLOU,KY,LOUISVILLE,2200.0,500.0,,,38.2312,-85.8227,LICEN,,Jefferson,21111,URBAN AC,BIN BLACK INFO NETWORK,//W284AD 104.7
1350,WWWL,LA,NEW ORLEANS,5000.0,480.0,,,29.9249,-90.0345,LICEN,WSMB,Orleans,22071,SPORTS,W1S BETQL THE BET,EX-WSMB //W225CZ 92.9
1350,WGDN,MI,GLADWIN,250.0,,,,43.9509,-84.5094,LICEN,WJEB,Gladwin,26051,TALK/RELIGION,NORTHERN LIGHT 96.5,//W243EA 96.5
1350,KCHK,MN,NEW PRAGUE,500.0,70.0,,,44.5775,-93.5047,LICEN,,Scott,27139,CL. C&W/OLDIES,SRN K-CHECK,//KRDS 95.5
1350,KDIO,MN,ORTONVILLE,670.0,38.0,,,45.3497,-96.4526,LICEN,,Big Stone,27011,C&W,SRN CLASSIC COUNTRY,//K233DL 94.5
1350,WCMP,MN,PINE CITY,1000.0,52.0,,,45.8194,-92.9961,LICEN,,Pine,27115,C&W,WW1 ANTHEM COUNTRY,//W293DA 106.5
1350,KRAP,MO,WASHINGTON,500.0,84.0,,,38.5789,-90.9993,LICEN,"KSLQ, KWMO",Warren,29219,ADLT CONT,WESTPLEX 107.1,EX-KSLQ/KWMO //K296HA 107.1
1350,WKCU,MS,CORINTH,900.0,44.0,,,34.9081,-88.5017,LICEN,,Alcorn,28003,C&W,CORINTHS BEST COUNTRY,//W225BN 92.9
1350,WZGM,NC,BLACK MOUNTAIN,10000.0,56.0,,,35.5915,-82.4146,LICEN,"WAVJ, WZQR, WTZK, WWRN, WZNN",Buncombe,37021,C&W,BIGFOOT COUNTRY 103.9,EX-WTZK/WWRN //W241DD 96.1
1350,WHIP,NC,MOORESVILLE,1000.0,67.0,,,35.6012,-80.814,LICEN,,Iredell,37097,OLDIES,HITS OF 50/60/70S,//W257EJ 99.3
1350,WHIP,NC,MOORESVILLE,1000.0,70.0,,,35.6082,-80.8289,LICEN,,Iredell,37097,OLDIES,HITS OF 50/60/70S,//W257EJ 99.3
1350,WLLY,NC,WILSON,1000.0,79.0,,,35.7235,-77.9208,LICEN,,Wilson,37195,GOSPEL,WLLY 1350,"//W298CT 107.5, WLNR-1230"
1350,KBRX,NE,O'NEILL,1000.0,44.0,,,42.4594,-98.6568,LICEN,,Holt,31089,OLDIES,SRN THE ROCK,//K260DO 99.9
1350,WHNM,NH,LACONIA,5000.0,112.0,,,43.5076,-71.5162,LICEN,"WMRS, WLNH, WEZS",Belknap,33001,CLASSIC ROCK,WW1 THE MOOSE 103.3,"EX-WLNH,WEZS //W277DJ 103.3"
1350,WHWH,NJ,PRINCETON,5000.0,5000.0,,,40.3668,-74.7435,LICEN,,Mercer,34021,RELIGION/REG.MEX.,LA UNIKA / LA FAMILIA,//WTTM-1680
1350,KABQ,NM,ALBUQUERQUE,5000.0,500.0,,,35.1006,-106.6767,LICEN,,Bernalillo,35001,SPORTS,FOX SPORTS 1350,
1350,WRNY,NY,ROME,500.0,57.0,,,43.2051,-75.4852,LICEN,,Oneida,36065,SPORTS,ESPN UTICA-ROME,"//W243DY 96.5, WTLB-1310"
1350,WARF,OH,AKRON,5000.0,5000.0,,,41.1681,-81.5123,LICEN,"WSLR, WTOU",Summit,39153,SPORTS,FSR/VSIN THE GAMBLER,EX-WSLR/WTOU
1350,WCSM,OH,CELINA,500.0,11.0,,,40.5373,-84.5883,LICEN,,Mercer,39107,C&W,ABC LAKE 100.3,//W262DC 100.3
1350,WCHI,OH,CHILLICOTHE,1000.0,28.0,,,39.3212,-82.9524,LICEN,,Ross,39141,AC/EZL,EZ 1350 THE BREEZE,//W224BR 92.7
1350,KFTP,OK,DUNCAN,180.0,70.0,,,34.512,-97.9684,LICEN,"KRHD, KKEN, KXCD, KPNS",Stephens,40137,NEWS/TALK,ABC WW1 NEWSTALK 1350,EX-KXCD/KPNS //K291CT 106.1
1350,KTLQ,OK,TAHLEQUAH,1000.0,61.0,,,35.8954,-94.9536,LICEN,,Cherokee,40021,CL. C&W,BILLY COUNTRY,//K242CK 96.3
1350,WOYK,PA,YORK,5000.0,1000.0,,,39.9337,-76.8166,LICEN,WZIX,York,42133,SPORTS,FOX SPORTSRADIO,//W255DJ 98.9
1350,WEGA,PR,VEGA BAJA,2500.0,2500.0,,,18.4752,-66.3949,LICEN,,Vega Baja,72145,SPANISH RELIGION,CADELITA 7,
1350,WRKM,TN,CARTHAGE,1000.0,90.0,,,36.2451,-85.9456,LICEN,,Smith,47159,SPORTS,SPORTSMAP,
1350,KHDY,TX,CLARKSVILLE,410.0,65.0,,,33.6132,-95.0177,LICEN,KCAR,Red River,48387,SPORTS,FOX SPORTSRADIO,//K257GD 99.3 EX-KCAR
1350,KCOX,TX,JASPER,5000.0,37.0,,,30.9199,-93.9705,LICEN,KTXJ,Jasper,48241,SILENT,SRN,DELETED //KTXJ 102.7
1350,KXTN,TX,SAN ANTONIO,5000.0,5000.0,,,29.5244,-98.6184,LICEN,"KCOR, KXTN, KCOR",Medina,48325,TEJANO,TEJANO & PROUD,EX-KCOR
1350,WBLT,VA,BEDFORD,5000.0,47.0,,,37.3476,-79.5234,LICEN,,Bedford,51019,TALK,FOX VA TALK RADIO NET,//W238FH 95.5
1350,WNTX,VA,FREDERICKSBURG,1000.0,37.0,,,38.3129,-77.4386,LICEN,"WFLS, WYSK",Stafford,51179,NEWS/TALK/SPORTS,ESPN NEWSTALK SPORTS,EX-WFLS/WYSK //W243BS 96.5
1350,WNVA,VA,NORTON,5000.0,37.0,,,36.9421,-82.5966,LICEN,,Norton,51720,ROCK,THE X,//WEXX 99.3
1350,WGPL,VA,PORTSMOUTH,5000.0,5000.0,,,36.8835,-76.3724,LICEN,"WRAP, WBSK, WSVY",Portsmouth,51740,BLK GSPL,PEACE RADIO,EX-WRAP/WBSK/WSVY
1350,WAUN,WI,PORTAGE,1000.0,41.0,,,43.5283,-89.4337,LICEN,"WPDR, WEZY",Columbia,55021,ROCK,NBC WW1 WAU-NAU ROCK,"//W245DQ 96.9, W271DQ 102.1"
1360,WIXI,AL,JASPER,12000.0,42.0,,,33.8201,-87.2739,LICEN,"WWWB, WZPQ",Walker,1127,URBAN OLDIES/TALK,HEARTBEAT OF THE CITY,"//W277DM 103.3, WJLD-1400"
1360,WLWE,AL,ROANOKE,1000.0,54.0,,,33.184,-85.4058,LICEN,WELR,Randolph,1111,SPORTS/TALK,ESPN EAGLE SPORTS,"//FM 102.3, WLAG-1240"
1360,KGMR,AR,CLARKSVILLE,500.0,98.0,,,35.4726,-93.4913,LICEN,KLYR,Johnson,5071,REG. MEX.,LA RAZA,EX-KLYR //KDYN 92.7
1360,KFFA,AR,HELENA,1000.0,90.0,,,34.5276,-90.6301,LICEN,,Phillips,5107,C&W,ABC WW1 DELTAS BEST,
1360,KPXQ,AZ,GLENDALE,50000.0,1000.0,,,33.5078,-112.2177,LICEN,"KLFF, KNNS, KGME, KFDJ, KCTK",Maricopa,4013,RELIGION,SRN FAITH TALK 1360,EX-KLFF/KNNS/KGME/KFDJ
1360,KFIV,CA,MODESTO,4000.0,950.0,,,37.6896,-120.9544,LICEN,"KFIV, KASH",Stanislaus,6099,NEWS/TALK,FOX WW1 POWERTALK,EX-KASH
1360,KWDJ,CA,RIDGECREST,1000.0,31.0,,,35.6161,-117.6439,LICEN,KZIQ,Kern,6029,C&W,COUNTRY GOLD,EX-KZIQ
1360,KLSD,CA,SAN DIEGO,5000.0,1000.0,,,32.7303,-117.0845,LICEN,"KCNN, KPQP, KPOP",San Diego,6073,TALK,WW1 THE PATRIOT,//K277DH 103.3
1360,KHNC,CO,JOHNSTOWN,10000.0,1000.0,,,40.3864,-104.9058,LICEN,KZOI,Weld,8123,TALK,SRN ROAR OF ROCKIES,
1360,WDRC,CT,HARTFORD,5000.0,5000.0,,,41.8132,-72.6962,LICEN,,Hartford,9003,TALK,FOX SRN TALK OF CONN.,"//W277DT 103.3, WSNG, ETC."
1360,WHNR,FL,CYPRESS GARDENS,5000.0,2500.0,,,28.0214,-81.7004,LICEN,"WZNG, WYXY",Polk,12105,OLDIES,BOSS HOGG RADIO,"//WKFL-1170, WWAB-1330"
1360,WCGL,FL,JACKSONVILLE,5000.0,89.0,,,30.2761,-81.6365,LICEN,,Duval,12031,BLK GSPL/RELIGION,VICTORY AM 1360,//W234CW 94.7
1360,WQVN,FL,NORTH MIAMI,9300.0,400.0,,,25.8398,-80.1895,LICEN,WKAT,Miami-Dade,12086,ETHNIC HAITIAN,RADIO PIMENT BOUK,//W272DS 102.3 EX-WKAT
1360,WBMZ,GA,METTER,1000.0,59.0,,,32.3991,-82.0432,LICEN,"WMAC, WHCG, WEGC",Candler,13043,SPORTS,ESPN BETTER 105.9,EX-WHCG/WEGC //W290DI 105.9
1360,WGJK,GA,ROME,500.0,47.0,,,34.2692,-85.183,LICEN,"WIYN, WRJY, WTSH",Floyd,13115,C&W,K COUNTRY 99.5 & 92.7,EX-WRJY/WTSH //W258CH 99.5
1360,KMJM,IA,CEDAR RAPIDS,1000.0,124.0,,,41.9244,-91.6154,LICEN,"KHAK, KTOF",Linn,19113,OLDIES,NBC LEO 1360,EX-KHAK/KTOF //K268CY 101.5
1360,KBKB,IA,FORT MADISON,1000.0,34.0,,,40.6584,-91.2724,LICEN,,Lee,19111,SPORTS,FOX SPORTSRADIO,//K283CK 104.5
1360,KSCJ,IA,SIOUX CITY,5000.0,5000.0,,,42.5567,-96.337,LICEN,,Woodbury,19193,NEWS/TALK,FOX TALK RADIO 1360,//K235CA 94.9
1360,WLBK,IL,DEKALB,1000.0,24.0,,,41.9384,-88.7509,LICEN,,DeKalb,17037,CLASSIC ROCK,WLBK 80S 90S NOW,//W255BN 98.9
1360,KPHN,KS,EL DORADO,1000.0,240.0,,,37.8131,-96.8125,LICEN,"KOYY, KSPG, KSRX, KAHS",Butler,20015,RELIGION,EWTN CATHOLIC TALK,EX-KSRX/KAHS //KEXS-1090
1360,WFLW,KY,MONTICELLO,1000.0,20.0,,,36.8373,-84.8638,LICSL,,Wayne,21231,SILENT,CLASSIC COUNTRY 95.7,//W239CP 95.7
1360,KNIR,LA,NEW IBERIA,1000.0,209.0,,,30.0257,-91.8223,LICEN,,Iberia,22045,RELIGION,RADIO MARIA,//KJMJ 580
1360,WLYN,MA,LYNN,700.0,76.0,,,42.4529,-70.9801,LICEN,WNSR,Essex,25009,OLDIES,,
1360,WKYO,MI,CARO,1000.0,1000.0,,,43.4589,-83.3941,LICEN,,Tuscola,26157,C&W,ABC CLASSIC COUNTRY,
1360,WKMI,MI,KALAMAZOO,5000.0,1000.0,,,42.3267,-85.5258,LICEN,,Kalamazoo,26077,SPORTS,ESPN 1360 THE TICKET,
1360,KKBJ,MN,BEMIDJI,5000.0,2500.0,,,47.4422,-94.8661,LICEN,,Beltrami,27007,TALK,NORTHLANDS TALKRADIO,//K292HK 106.3
1360,KRWC,MN,BUFFALO,500.0,27.0,,,45.1666,-93.92,LICEN,,Wright,27171,TALK/AC,WW1 WRIGHT COUNTY,
1360,KMRN,MO,CAMERON,500.0,25.0,,,39.6847,-94.2397,LICEN,,Clinton,29049,CL. C&W,US COUNTRY 1360,//K257GU 99.3
1360,WCHL,NC,CHAPEL HILL,5000.0,1000.0,,,35.9385,-79.0264,LICEN,,Orange,37135,NEWS/TALK,WW1 THE HILL,//W250BP 97.9
1360,KNGN,NE,MCCOOK,1000.0,,,,40.2222,-100.6941,LICEN,KICX,Red Willow,31145,RELIGION,SRN MY BRIDGE RADIO,EX-KICX //K252FV 98.3
1360,WTOC,NJ,NEWTON,2000.0,320.0,,,41.0395,-74.7382,LICSL,WNNJ,Sussex,34037,SILENT,RADIO VISION CRISTIANA,EX-WNNJ //W240EE 95.9
1360,KBUY,NM,RUIDOSO,5000.0,201.0,,,33.3262,-105.6711,LICEN,"KRRR, KREE",Lincoln,35027,CLASSIC HITS,WW1 CLASSIC HITS K-BUY,//K290AY 105.9
1360,WOEN,NY,OLEAN,1000.0,30.0,,,42.1051,-78.39,LICEN,WMNS,Cattaraugus,36009,CLASSIC ROCK,THE GOAT,"//WMXO 101.5, W242CT 96.3"
1360,WSAI,OH,CINCINNATI,5000.0,5000.0,,,39.2476,-84.5311,LICEN,"WWNK, WSAI, WAOZ, WAZU, WCKY",Warren,39165,SPORTS,FOX SPORTS 1360,EX-WCKY/WAOZ/WAZU
1360,WWOW,OH,CONNEAUT,5000.0,35.0,,,41.9256,-80.542,LICEN,,Ashtabula,39007,OLDIES,NBC WOW BOOMER TUNES,//W275CU 102.9
1360,KOHU,OR,HERMISTON,4300.0,500.0,,,45.8657,-119.3136,LICSL,,Umatilla,41059,SILENT,ABC REAL COUNTRY,
1360,KUIK,OR,HILLSBORO,5000.0,5000.0,,,45.4868,-122.9098,LICSL,,Washington,41067,SILENT,SRN WESTSIDE RADIO,DELETED
1360,WGBN,PA,MCKEESPORT,1000.0,1000.0,,,40.3115,-79.8495,LICEN,"WIXZ, WPTT, WMNY",Allegheny,42003,BLK GSPL,NBC URBAN POWER 1360,//W255DM 98.9
1360,WPPA,PA,POTTSVILLE,3000.0,22.0,,,40.699,-76.1949,LICEN,,Schuylkill,42107,AC/TALK/SPORTS,W1S A-106 FM,//W290DP 105.9
1360,WELP,SC,EASLEY,5000.0,36.0,,,34.8396,-82.6387,LICEN,"WELP, WLWZ, WRAH",Pickens,45077,RELIGION,THE TRUTH,EX-WRAH/WLWZ //W282CL 104.3
1360,WBLC,TN,LENOIR CITY,1000.0,24.0,,,35.7923,-84.2958,LICEN,,Loudon,47105,RELIGION,LIFETALK RADIO,//W236DA 95.1
1360,WNAH,TN,NASHVILLE,1000.0,27.0,,,36.1917,-86.7739,LICEN,,Davidson,47037,RELIGION/BLK GSPL,POWER GOSPEL,
1360,KTNZ,TX,AMARILLO,6000.0,320.0,,,35.2423,-101.7844,LICEN,"KWAS, KFNS, KLCJ, KDJW",Potter,48375,SPANISH RELIGION,GUADALUPE RADIO,EX-KDJW //KSJH-LP 102.3
1360,KACT,TX,ANDREWS,1000.0,240.0,,,32.3473,-102.5568,LICEN,,Andrews,48003,TALK,MUSTANG AM,
1360,KWWJ,TX,BAYTOWN,5000.0,1000.0,,,29.7747,-95.0155,LICEN,KBUK,Harris,48201,BLK GSPL/RELIGION,GOSPEL 1360,
1360,KKTX,TX,CORPUS CHRISTI,1000.0,1000.0,,,27.8006,-97.4617,LICEN,KRYS,Nueces,48355,TALK/SPORTS,FOX NEWSRADIO 1360,EX-KRYS
1360,KMNY,TX,HURST,50000.0,890.0,,,32.7746,-96.965,LICEN,"KWJS, KNRB, KAHZ",Dallas,48113,SPANISH RELIGION,LA VOZ TRECE SESENTA,EX-KNRB/KAHZ
1360,WCGX,VA,GALAX,5000.0,31.0,,,36.6635,-80.9143,LICEN,"WBOB, WWWJ",Galax,51640,CLASSIC ROCK,SRN THE CAT,EX-WBOB/WWWJ //W243EH 96.5
1360,WHBG,VA,HARRISONBURG,5000.0,9.0,,,38.4512,-78.9078,LICEN,,Rockingham,51165,SPORTS,ESPN,//W295CP 106.9
1360,KKMO,WA,TACOMA,5000.0,5000.0,,,47.3051,-122.4437,LICEN,"KMO, KAMT, KZTS, KKMO, KZTS",Pierce,53053,REG. MEX.,1360 EL REY,EX-KKMO/KZTS
1360,WTAQ,WI,GREEN BAY,10000.0,5000.0,,,44.4308,-88.0809,LICEN,WGEE,Brown,55009,NEWS/TALK,FOX WW1 NEWSTALKSPORTS,EX-WGEE //FM 97.5
1360,WVRQ,WI,VIROQUA,1000.0,23.0,,,43.5344,-90.8732,LICEN,WISV,Vernon,55123,OLDIES/SPORTS,ABC VINTAGE VRQ,//W297BW 107.3
1360,WHJC,WV,MATEWAN,1000.0,,,,37.6173,-82.1676,LICEN,,Pike,21195,S.GSPL,THE GOSPEL GREAT,//W246DL 97.1
1360,WMOV,WV,RAVENSWOOD,5000.0,,,,38.9658,-81.7665,LICEN,,Jackson,54035,TALK/SPORTS,VOICE MID-OHIO VLY,//W293AK 106.5
1360,KRKK,WY,ROCK SPRINGS,5000.0,1000.0,,,41.62,-109.2396,LICEN,,Sweetwater,56037,ADLT STNDS,WW1 WYO RADIO,//K278CV 103.5
1370,KAWW,AR,HEBER SPRINGS,1000.0,,,,35.4862,-92.0349,LICEN,"KAWW, KOWS",Cleburne,5023,C&W,105.7 THE BULL,EX-KAWW/KOWS //K242AZ 96.3
1370,KWRM,CA,CORONA,1100.0,240.0,,,33.9693,-117.6346,LICEN,,San Bernardino,6071,ETHNIC/BROKERED,,
1370,KRAC,CA,RED BLUFF,4000.0,200.0,,,40.1935,-122.2167,LICEN,KPCO,Tehama,6103,NEWS/TALK,ABC WW1 CRACK RADIO,EX-KPCO //K277CE 103.3
1370,KZSF,CA,SAN JOSE,5000.0,5000.0,,,37.3577,-121.8724,LICEN,"KEEN, KKSJ",Santa Clara,6085,REG. MEX.,LA CALIENTE,EX-KEEN/KKSJ
1370,KGEN,CA,TULARE,710.0,72.0,,,36.2044,-119.5657,LICEN,,Kings,6031,REG. MEX.,LA LEY 94.5,//FM 94.5
1370,WOCA,FL,OCALA,5000.0,33.0,,,29.2014,-82.1517,LICEN,WWKE,Marion,12083,NEWS/TALK,SRN WW1 THE SOURCE,//W242CA 96.3
1370,WCOA,FL,PENSACOLA,5000.0,4400.0,,,30.4496,-87.263,LICEN,,Escambia,12033,NEWS/TALK,ABC WW1 NEWSTALK 1370,//W285FY 104.9
1370,WZTA,FL,VERO BEACH,1000.0,74.0,,,27.6006,-80.3923,LICEN,WAXE,Indian River,12061,NEWS/TALK,FOX WW1 VERO PATRIOT,EX-WAXE //W300BQ 107.9
1370,WLOP,GA,JESUP,5000.0,35.0,,,31.6019,-81.9332,LICEN,,Wayne,13305,SPORTS,FOX THE BUZZ,
1370,WFDR,GA,MANCHESTER,2300.0,28.0,,,32.8874,-84.5983,LICEN,"WFDR, WVFJ",Meriwether,13199,CLASSIC ROCK,MYFOX FM,//W247CJ 97.3
1370,WLOV,GA,WASHINGTON,1000.0,,,,33.734,-82.7193,LICEN,"WLOV, WGPL",Wilkes,13317,OLDIES,LOVE 101.3,//W267CR 101.3
1370,KHXM,HI,PEARL CITY,250.0,250.0,,,21.4352,-157.9886,LICEN,"KLNI, KIPO, KIFO, KMDR, KJPN, KENT, KITT, KFIF, KUPA",Honolulu,15003,ROCK,96.7 THE X,EX-KFIF/KUPA //K244EO 96.7
1370,KDTH,IA,DUBUQUE,5000.0,5000.0,,,42.485,-90.6443,LICEN,,Dubuque,19061,ADLT STNDS,NBC VOICE TRI-STATES,
1370,WLLM,IL,LINCOLN,1000.0,35.0,,,40.1401,-89.3862,LICEN,"WPRC, WNCY, WPRC, WVAX",Logan,17107,RELIGION/GOSPEL,SRN GREAT NEWS RADIO,"//W287BP 105.3, WTSG 90.1"
1370,WWZN,IN,BLOOMINGTON,5000.0,500.0,,,39.1901,-86.6344,LICEN,"WTTS, WGTC, WGCL",Monroe,18105,SPORTS,W1S 98.7 THE ZONE,EX-WGCL //W254DP 98.7
1370,WLTH,IN,GARY,1000.0,9.0,,,41.5714,-87.3173,LICEN,,Lake,18089,URBAN OLDIES,VOICE OF NW INDIANA,//W224EA 92.7
1370,KGNO,KS,DODGE CITY,5000.0,230.0,,,37.76,-100.0985,LICEN,,Ford,20057,C&W/TALK,SRN CLASSIC COUNTRY,
1370,KIOL,KS,IOLA,500.0,58.0,,,37.902,-95.4075,LICEN,"KIKS, KALN",Allen,20001,CLASSIC ROCK,,EX-KIKS/KALN //K257GM 99.3
1370,WQEZ,KY,FORT CAMPBELL,1000.0,53.0,,,36.6412,-87.4336,LICEN,"WABD, WJMR, WKFN, WJQI, WEGI, WRND",Christian,21047,REG. MEX.,LA PANTERA,EX-WRND //W260DH 99.9
1370,WGOH,KY,GRAYSON,5000.0,21.0,,,38.329,-82.9757,LICEN,,Carter,21043,CL. C&W,WW1 COUNTRY GOLD,
1370,WTKY,KY,TOMPKINSVILLE,2100.0,,,,36.7242,-85.6814,LICEN,,Monroe,21171,C&W,KIX COUNTRY,//FM 92.1
1370,WQLL,MD,PIKESVILLE,,24000.0,,,39.4082,-76.7753,LICEN,"WEBB, WHLP, WWLG, WVIE",Harford,24025,URBAN NEWS/TALK,BIN BLACK INFO NETWORK,EX-WWLG/WVIE //W260BV 99.9
1370,WQLL,MD,PIKESVILLE,50000.0,,,,39.4398,-76.3552,LICEN,"WEBB, WHLP, WWLG, WVIE",Harford,24025,URBAN NEWS/TALK,BIN BLACK INFO NETWORK,EX-WWLG/WVIE //W260BV 99.9
1370,WDEA,ME,ELLSWORTH,5000.0,5000.0,,,44.4668,-68.4692,LICEN,,Hancock,23009,ADLT STNDS,ABC DOWNEAST TRADITION,
1370,WLJW,MI,CADILLAC,5000.0,1000.0,,,44.2317,-85.4126,LICEN,"WWAM, WKJF",Wexford,26165,RELIGION,SRN THE SOURCE,//WLJN-1400
1370,WGHA,MI,GRAND HAVEN,500.0,22.0,,,43.0381,-86.2295,LICEN,WGHN,Ottawa,26139,REG. MEX.,,EX-WGHN //W235CM 94.9
1370,KSUM,MN,FAIRMONT,1000.0,1000.0,,,43.6291,-94.4836,LICEN,,Martin,27091,C&W,TODAYS BEST CNTRY,//K246CW 97.1
1370,KWRT,MO,BOONVILLE,1000.0,84.0,,,38.9456,-92.7708,LICEN,,Cooper,29053,C&W,FOX TRUE COUNTRY 1370,//K254DE 98.7
1370,KCRV,MO,CARUTHERSVILLE,1000.0,63.0,,,36.2139,-89.6904,LICEN,,Pemiscot,29155,CL. C&W,ABC WW1 CLASSIC CNTRY,
1370,WMGO,MS,CANTON,1000.0,28.0,,,32.6268,-90.0298,LICEN,,Madison,28089,BLK GSPL,CANTONS HOMETOWN STN,
1370,KXTL,MT,BUTTE,1000.0,1000.0,,,46.0057,-112.6325,LICEN,"KXLF, KCEZ",Silver Bow,30093,NEWS/TALK/SPORTS,FOX WW1 TALK LEADER,"//K234AT 94.7, K275CW 102.9"
1370,WLLN,NC,LILLINGTON,5000.0,49.0,,,35.3879,-78.8059,LICEN,,Harnett,37085,REG. MEX.,PURO POWER LATINO,"//WRTG 1000, WLLQ 1530, ETC"
1370,WGIV,NC,PINEVILLE,5000.0,67.0,,,35.2179,-80.8931,LICEN,WLTC,Mecklenburg,37119,URBAN AC,STREETZ 103.3 & 100.5,"//W263CY 100.5,W277CB 103.3"
1370,KWTL,ND,GRAND FORKS,12000.0,270.0,,,47.883,-97.1131,LICEN,"KFJM, KUND",Grand Forks,38035,RELIGION,EWTN REAL PRESENCE R.,"//KVXR-1280, K223DF 92.5"
1370,KAWL,NE,YORK,500.0,176.0,,,40.8428,-97.5884,LICEN,,York,31185,OLDIES,FOX KOOL 103.5,//K278CI 103.5
1370,WFEA,NH,MANCHESTER,5000.0,5000.0,,,42.9073,-71.462,LICEN,,Hillsborough,33011,TALK,ABC STIMULATING TALK,//W260CF 99.9
1370,WJIP,NY,ELLENVILLE,5000.0,,,,41.7387,-74.3963,LICEN,"WELV, WRWD, WELG, WRWD",Ulster,36111,TALK,FOX WW1 NEWSRADIO,EX-WELG/WRWD //WKIP-1450
1370,WLID,NY,PATCHOGUE,500.0,102.0,,,40.7546,-72.9854,LICEN,WALK,Suffolk,36103,NEWS/TALK,FOX WW1 77 WABC RADIO,"//W236CY 95.7, 770 WABC"
1370,WXXI,NY,ROCHESTER,5000.0,5000.0,,,43.1003,-77.5728,LICEN,"WSAY, WRTK",Monroe,36055,NEWS/TALK,NPR,//FM 105.9
1370,WSPD,OH,TOLEDO,5000.0,5000.0,,,41.6009,-83.5363,LICEN,,Wood,39173,NEWS/TALK,FOX NEWSRADIO,//W225AM 92.9
1370,KAST,OR,ASTORIA,1000.0,1000.0,,,46.1751,-123.8507,LICEN,,Clatsop,41007,TALK,ABC SRN FOX AM CAST,//K278CW 103.5
1370,WWCB,PA,CORRY,1000.0,14.0,,,41.9362,-79.6553,LICEN,"WWCB, WHYP",Erie,42049,CLASSIC ROCK,ABC LECOM RADIO,EX-WWCB/WHYP //W231DW 94.1
1370,WPAZ,PA,POTTSTOWN,1000.0,52.0,,,40.2765,-75.6285,LICEN,"WPAZ, WBZH",Montgomery,42091,RELIGION,ABC THE WORD FM,EX-WPAZ/WBZH //W278BR 103.5
1370,WKMC,PA,ROARING SPRING,5000.0,38.0,,,40.324,-78.3942,LICEN,,Blair,42013,C&W,96.1 HANK FM,//W241CQ 96.1
1370,WIVV,PR,ISLAND OF VIEQUES,5000.0,1000.0,,,18.0997,-65.4705,LICEN,,Vieques,72147,SPANISH RELIGION,THE ROCK,"//WCGB-1060, WBMJ 1190"
1370,WXCT,TN,CHATTANOOGA,5000.0,5000.0,,,35.0406,-85.3394,LICEN,WDEF,Hamilton,47065,ADLT ALTERNATIVE,ALT 98.7,EX-WDEF //W254DB 98.7
1370,WDXE,TN,LAWRENCEBURG,1000.0,25.0,,,35.257,-87.3067,LICEN,,Lawrence,47099,TALK,FOX WW1 TALK RADIO,"//W237FD 95.3, W287AA 105.3"
1370,WRGS,TN,ROGERSVILLE,1000.0,40.0,,,36.4162,-82.9843,LICEN,,Hawkins,47073,C&W/S. GSPL,HOMETOWN RADIO,//W233BP 94.5
1370,KFRO,TX,LONGVIEW,1000.0,100.0,,,32.5021,-94.7036,LICEN,,Gregg,48183,CLASSIC ROCK,EAST TX GREATEST HITS,//K231DK 94.1
1370,KJCE,TX,ROLLINGWOOD,6000.0,700.0,,,30.3205,-97.6239,LICEN,"KKMJ, KFGI",Travis,48453,TALK,BNN RIGHT SOURCE,EX-KOKE/KFON
1370,KJCE,TX,ROLLINGWOOD,5000.0,500.0,,,30.3044,-97.6478,LICEN,"KKMJ, KFGI",Travis,48453,TALK,BNN RIGHT SOURCE,EX-KOKE/KFON
1370,KSOP,UT,SOUTH SALT LAKE,5000.0,500.0,,,40.7199,-111.9291,LICSL,,Salt Lake,49035,SILENT,GOLD COUNTRY,DELETED
1370,WHEE,VA,MARTINSVILLE,5000.0,,,,36.686,-79.9036,LICEN,,Henry,51089,TALK/C&W/RELIGION,TALK OF THE TOWN,
1370,WSHV,VA,SOUTH HILL,4200.0,410.0,,,36.7443,-78.1614,LICEN,WJWS,Mecklenburg,51117,URBAN OLDIES,,EX-WJWS //W244CP 96.7
1370,WBTN,VT,BENNINGTON,1000.0,85.0,,,42.9054,-73.2084,LICEN,,Bennington,50003,TALK/C&W,AP VOICE OF COMMUNITY,//W243EL 96.5
1370,KWNC,WA,QUINCY,1000.0,39.0,,,47.2915,-119.8539,LICEN,,Grant,53025,TALK,FOX SRN WW1 RIGHT TALK,//KKWN 106.7
1370,WCCN,WI,NEILLSVILLE,5000.0,42.0,,,44.5716,-90.5857,LICEN,,Clark,55019,ADLT STNDS,ABC MEMORIES 1370,//W253CN 98.5
1370,WVMR,WV,FROST,5000.0,,,,38.2904,-79.9309,LICEN,,Pocahontas,54075,C&W/VARIETY,ALLEGHENY MTN RADIO,//FM 91.9
1370,WVLY,WV,MOUNDSVILLE,5000.0,20.0,,,39.9056,-80.7781,LICEN,"WQPN, WZAO, WMJT",Marshall,54051,TALK/SPORTS,FOX VSIN THE WATCH DOG,EX-WMJT //WKKX-1600 @ TIMES
1380,WRAB,AL,ARAB,1000.0,49.0,,,34.3351,-86.4686,LICEN,,Marshall,1095,C&W,FOX FUN CLASSIC CNTRY,//W296DM 107.1
1380,WGYV,AL,GREENVILLE,1000.0,,,,31.8337,-86.6019,LICEN,,Butler,1013,TALK,GOT PEOPLE TALKING,
1380,WVSA,AL,VERNON,5000.0,39.0,,,33.7959,-88.1175,LICEN,,Lamar,1075,SILENT,THE VOICE,//W264DD 100.7
1380,KZTS,AR,NORTH LITTLE ROCK,5000.0,2500.0,,,34.8804,-92.2337,LICEN,"KDXE, KAUL, KPAL, KRNN, KDXE",Pulaski,5119,CLASSIC ROCK,Z ROCK,EX-KRNN/KDXE //K288EZ 105.5
1380,KOSS,CA,LANCASTER,1000.0,20.0,,,34.7116,-118.1768,LICSL,"KKZZ, KOTE, KHJJ, KWJL",Los Angeles,6037,SILENT,OLD SCHOOL 93.5,"//KQAV 93.5, + 102.3, 107.1"
1380,KTKZ,CA,SACRAMENTO,,5000.0,,,38.5574,-121.1819,LICEN,"KGMS, KSMJ, KIMN, KMJI",Yolo,6113,TALK,SRN THE ANSWER,EX-KSMJ/KIMN/KMJI
1380,KTKZ,CA,SACRAMENTO,5000.0,,,,38.508,-121.5805,LICEN,"KGMS, KSMJ, KIMN, KMJI",Yolo,6113,TALK,SRN THE ANSWER,EX-KSMJ/KIMN/KMJI
1380,KVSM,CA,SANTA MARIA,650.0,500.0,,,34.98,-120.4543,LICEN,,Santa Barbara,6083,REG. MEX.,LA RAZA 102.1 Y 1380,//K271BV 102.1
1380,WFNW,CT,NAUGATUCK,3500.0,350.0,,,41.5107,-73.0546,LICEN,"WFLK, WNAQ",New Haven,9009,ETHNIC PORTUGUESE,RADIO PRESS,
1380,WTMC,DE,WILMINGTON,250.0,10.0,,,39.7001,-75.6077,LICEN,WAMS,New Castle,10003,TRAFFIC INFO,,EX-WAMS //W253CQ 98.5
1380,WWRF,FL,LAKE WORTH,1000.0,103.0,,,26.6231,-80.072,LICEN,"WLIZ, WLVS",Palm Beach,12099,AC/OLDIES,JACK FM,"//W234DA 94.7, W245AY 96.9"
1380,WELE,FL,ORMOND BEACH,5000.0,2500.0,,,29.2694,-81.0814,LICEN,WDAT,Volusia,12127,TALK/SPORTS,WW1 SPORTSNET RADIO,//W268DG 101.5
1380,WWMI,FL,ST. PETERSBURG,9800.0,6500.0,,,27.8711,-82.6173,LICEN,"WLCY, WNSI, WRBQ",Pinellas,12103,RELIGION,RELEVANT RADIO,EX-WRBQ //W260DM 99.9
1380,WAOK,GA,ATLANTA,25000.0,4200.0,,,33.7601,-84.4791,LICEN,,DeKalb,13089,URBAN NEWS/TALK,NBC NEWSTALK,
1380,KCIM,IA,CARROLL,500.0,28.0,,,42.0378,-94.8844,LICEN,,Carroll,19027,CLASSIC ROCK,,//K236CV 95.1
1380,KCII,IA,WASHINGTON,500.0,25.0,,,41.305,-91.7102,LICEN,,Washington,19183,CLASSIC ROCK,ABC YESTERDAYS MUSIC,"//FM 106.1, K273CC 102.5"
1380,WBEL,IL,SOUTH BELOIT,5000.0,5000.0,,,42.4595,-89.0287,LICEN,"WBEL, WTJK",Winnebago,17201,OLDIES/ROCK,THE BEAT 92.3/98.9,"//W222AU 92.3, W255CZ 98.9"
1380,WKJG,IN,FORT WAYNE,5000.0,5000.0,,,41.0042,-85.0991,LICEN,"WMEE, WQHK, WHWD, WONO",Allen,18003,SPORTS,FOX THE FAN,//W265CY 100.9
1380,KCNW,KS,FAIRWAY,2500.0,29.0,,,39.0719,-94.683,LICEN,,Wyandotte,20209,RELIGION,CHRISTIAN TALK,//K241CU 96.1
1380,WMTA,KY,CENTRAL CITY,500.0,23.0,,,37.2753,-87.1464,LICEN,"WMTA, WTBL",Muhlenberg,21177,ADLT CONT,STAR 107.3,EX-WTBL //W297CC 107.3
1380,WMJR,KY,NICHOLASVILLE,5000.0,38.0,,,37.9076,-84.4783,LICEN,"WWKY, WHRS, WLNT, WINH",Jessamine,21113,RELIGION,EWTN RELEVANT RADIO,EX-WINH //W235AK 94.9
1380,WPYR,LA,BATON ROUGE,5000.0,62.0,,,30.461,-91.2232,LICEN,"WYNK, WFMF, WYNK, WPHR",West Baton Rouge,22121,RELIGION,EWTN CATHOLIC RADIO,EX-WYNK/WFMF //K286CS 105.1
1380,WGLM,MI,GREENVILLE,1000.0,500.0,,,43.1584,-85.2545,LICEN,"WPLB, WSCG",Montcalm,26117,CL. C&W,SRN BACKROADS COUNTRY,//W270DN 101.9
1380,KLIZ,MN,BRAINERD,5000.0,5000.0,,,46.3319,-94.1742,LICEN,,Crow Wing,27035,SPORTS,FOX THE FAN,//K286DB 105.1
1380,KHWK,MN,WINONA,2200.0,28.0,,,44.0337,-91.6053,LICEN,KAGE,Winona,27169,C&W/TALK,ABC REAL COUNTRY,//K268DJ 101.5 EX-KAGE
1380,KXFN,MO,ST. LOUIS,2000.0,1000.0,,,38.5239,-90.2383,LICEN,"KASP, WKBQ, KRAM, WKBQ, KKWK, KZJZ, KSLG",St. Clair,17163,RELIGION,SACRED MUSIC 1380,EX-KZJZ/KSLG //K287BY 105.3
1380,WKJV,NC,ASHEVILLE,25000.0,1000.0,,,35.6054,-82.5918,LICEN,"WRAQ, WTOO",Buncombe,37021,S. GSPL,PURE GOSPEL,
1380,WWNT,NC,WINSTON-SALEM,5000.0,2500.0,,,36.1482,-80.3195,LICEN,WTOB,Forsyth,37067,RELIGION,THE CROSS,
1380,KUVR,NE,HOLDREGE,320.0,,,,40.5158,-99.3968,LICEN,,Phelps,31137,CLASSIC ROCK,ABC CONTINUOUS FAVES,//K245CK 96.9
1380,WABH,NY,BATH,10000.0,450.0,,,42.3145,-77.2855,LICSL,WVIN,Steuben,36101,C&W/SPORTS,BIG COUNTRY,"//FM 100.3, W262CX 100.3"
1380,WKDM,NY,NEW YORK,5000.0,13000.0,,,40.8204,-74.0674,LICEN,"WBNX, WKDM, WKDM, WNNY, WLXE",Bergen,34003,ETHNIC/REG. MEX.,BROKERED,EX-WKDM/WNNY/WLXE
1380,WDLW,OH,LORAIN,500.0,57.0,,,41.4301,-82.1518,LICEN,"WLRO, WRKG, WELL",Lorain,39093,OLDIES,FOX KOOL CAT OLDIES,EX-WRKG/WELL //W255CW 98.9
1380,KXCA,OK,LAWTON,1000.0,1000.0,,,34.5901,-98.3626,LICEN,"KSWO, KXCA, KKRX",Comanche,40031,URBAN AC,HEART AND SOUL,EX-KKRX/KXCA //K244FW 96.7
1380,KMUS,OK,SPERRY,7000.0,250.0,,,36.2665,-95.9711,LICEN,"KMUS, KLUE",Tulsa,40143,REG. MEX.,RADIO LAS AMERICAS,"//K274CX 102.7, KBIX-1490"
1380,WKFO,PA,KITTANNING,1000.0,28.0,,,40.7887,-79.5345,LICEN,"WACB, WTYM",Armstrong,42005,CLASSIC ROCK,103.7 THE RIVER,EX-WTYM //W279DN 103.7
1380,WMLP,PA,MILTON,1000.0,18.0,,,40.9999,-76.8697,LICEN,,Union,42119,TALK,SRN TWIN VALLEYS TALK,"//W233CP 94.5, WWPA-1340"
1380,WIKG,PA,WAYNESBORO,1000.0,20.0,,,39.739,-77.6025,LICEN,"WAYZ, WHGT, WCBG, WLIN",Franklin,42055,CONTEMP. HITS,100.9 NEXT FM,EX-WCBG/WLIN //W265DU 100.9
1380,WOLA,PR,BARRANQUITAS,1000.0,1000.0,,,18.1816,-66.3063,LICEN,WEAH,Barranquitas,72019,SPANISH TROPICAL,RADIO PROCER,//W253DB 98.5
1380,WNRI,RI,WOONSOCKET,2500.0,18.0,,,42.0162,-71.4912,LICEN,,Providence,44007,TALK,SRN NEWSTALK 99.9,//W260DC 99.9
1380,WNRR,SC,NORTH AUGUSTA,4000.0,70.0,,,33.4882,-81.9459,LICEN,"WGUS, WPCH, WYNF, WSGF",Aiken,45003,BLK GSPL,,EX-WGUS/WPCH/WYNF
1380,KOTA,SD,RAPID CITY,5000.0,5000.0,,,44.0333,-103.1879,LICEN,,Pennington,46103,NEWS/TALK,FOX NEWSRADIO 1380,//K264CP 100.7
1380,KQKD,SD,REDFIELD,500.0,142.0,,,44.898,-98.5068,LICEN,KFCB,Spink,46115,C&W/OLDIES/TALK,SRN WW1 KQ-1380,//K260DG 99.9
1380,WYSH,TN,CLINTON,1000.0,80.0,,,36.1134,-84.1416,LICEN,,Anderson,47001,CL. C&W,FOX CLASSIC HIT CNTRY,"//W258DG 99.5, W266AM 101.1"
1380,WHEW,TN,FRANKLIN,2800.0,,,,35.9062,-86.9058,LICEN,WIZO,Williamson,47187,SPANISH AC,BONITA 1380,EX-WIZO
1380,WLRM,TN,MILLINGTON,2500.0,1000.0,,,35.3156,-89.9231,LICEN,"WTNN, WMPS, WOOM",Shelby,47157,CLASSIC ROCK,VINTAGE ROCK,EX-WMPS/WOOM //W295DH 106.9
1380,KBWD,TX,BROWNWOOD,1000.0,500.0,,,31.7102,-98.9603,LICEN,,Brown,48049,ADLT CONT,ABC MAGIC 1380,
1380,KHEY,TX,EL PASO,5000.0,500.0,,,31.7573,-106.3764,LICEN,KTSM,El Paso,48141,SPORTS,FOX SPORTS 1380,EX-KTSM
1380,KWMF,TX,PLEASANTON,4000.0,160.0,,,29.0002,-98.5309,LICEN,"KBOP, KFNI, KAJG",Atascosa,48013,SPANISH RELIGION,RADIO CATOLICA MUNDIAL,EX-KBOP/KFNI/KAJG
1380,KRCM,TX,SHENANDOAH,22000.0,50.0,,,30.128,-95.9599,LICEN,"KWIC, KKFH, KZXT, KJUS, KWBK",Waller,48473,SPANISH RELIGION,RADIO ALELUYA,EX-KJUS/KWBK
1380,WLRV,VA,LEBANON,1000.0,63.0,,,36.9218,-82.1043,LICEN,,Russell,51167,RELIGION,,
1380,WBTK,VA,RICHMOND,5000.0,5000.0,,,37.6213,-77.4486,LICEN,"WTVR, WVBB",Henrico,51087,SPANISH RELIGION,RADIO PODER,EX-WTVR/WVBB
1380,WSYB,VT,RUTLAND,5000.0,25.0,,,43.5917,-72.9901,LICEN,,Rutland,50021,CLASSIC ROCK,,//W261DE 100.1
1380,KRKO,WA,EVERETT,50000.0,50000.0,,,47.8754,-122.0796,LICEN,"KBAE, KRFE",Snohomish,53061,OLDIES,GREATEST HITS,//K237GN 95.3
1380,WOTE,WI,CLINTONVILLE,3900.0,1800.0,,,44.5669,-88.7426,LICEN,"WRJQ, WFCL",Waupaca,55135,SPORTS,FSR THE FRANCHISE,"//W235CQ 94.9, W243CM 96.5"
1380,WMTD,WV,HINTON,1000.0,13.0,,,37.6843,-80.9151,LICEN,,Summers,54089,CLASSIC ROCK,SRN CLASSIC HITS 98.3,//W252DH 98.3
1390,WHMA,AL,ANNISTON,5000.0,1000.0,,,33.7087,-85.8539,LICEN,,Calhoun,1015,BLK GSPL,FOX MIGHTY POWER 1390,
1390,WWTM,AL,MOORESVILLE,350.0,,,,34.6724,-86.8141,LICEN,"WMSL, WAVD",Limestone,1083,SILENT,ESPN THE TEAM,"EX-WAVD, EX-1400"
1390,KDQN,AR,DE QUEEN,500.0,,,,34.0326,-94.3288,LICEN,,Sevier,5133,REG. MEX.,,//K283CT 104.5
1390,KFFK,AR,DECATUR,800.0,,,,36.4115,-94.4508,LICEN,"KAMO, KREB, KZAR",Benton,5007,C&W,RED DIRT 100.7 & 100.5,//K264DA 100.7
1390,KLTX,CA,LONG BEACH,5000.0,3600.0,,,33.8917,-118.1851,LICEN,KGER,Los Angeles,6037,SPANISH RELIGION,RADIO INSPIRACION,"//KSDO-1130, KEZY-1240"
1390,KLOC,CA,TURLOCK,5000.0,5000.0,,,37.5299,-120.6946,LICEN,"KYES, KMIX, KVIN",Stanislaus,6099,SPANISH RELIGION,RADIO CATOLICA,EX-KCDR/KVIN //K290CN 105.9
1390,KGNU,CO,DENVER,5000.0,139.0,,,39.6581,-105.0141,LICEN,"KFTO, KDZR, KJME",Arapahoe,8005,ETHNIC/VARIETY,COMMUNITY RADIO,EX-KDZR/KJME //FM 88.5
1390,WAVP,FL,AVON PARK,1000.0,77.0,,,27.6181,-81.4967,LICEN,"WAPR, WKHF, WAVP, WFHT",Highlands,12055,OLDIES,BOSS HOGG RADIO,EX-WKHF/WFHT //WHNR-1360
1390,WAJD,FL,GAINESVILLE,5000.0,51.0,,,29.6658,-82.2904,LICEN,"WMGI, WDVH",Alachua,12001,URBAN AC,99 JAMZ,//W255CV 98.9
1390,WTNL,GA,REIDSVILLE,280.0,35.0,,,32.0874,-82.1298,LICSL,,Tattnall,13267,SILENT,SRN S. GOSPELS BEST MX,//WRBX 104.1
1390,KCLN,IA,CLINTON,1000.0,91.0,,,41.9095,-90.2246,LICEN,"KLNT, KCLN, KLNT",Clinton,19045,ADLT STNDS,ABC VOICE RIVER CITIES,EX-KLNT
1390,WGRB,IL,CHICAGO,5000.0,5000.0,,,41.737,-87.7001,LICEN,"WVON, WGCI",Cook,17031,BLK GSPL,INSPIRATION 1390,EX-WGCI
1390,WFIW,IL,FAIRFIELD,710.0,58.0,,,38.3795,-88.3259,LICEN,,Wayne,17191,NEWS/TALK,,//W277CZ 103.3
1390,WZZB,IN,SEYMOUR,1000.0,74.0,,,38.9759,-85.8891,LICEN,"WJCD, WQKC",Jackson,18071,OLDIES,,EX-WJCD/WQKC //W257DO 99.3
1390,KNCK,KS,CONCORDIA,500.0,54.0,,,39.5661,-97.6848,LICEN,,Cloud,20029,OLDIES,CONCORDIA RADIO,//K252EY 98.3
1390,WKIC,KY,HAZARD,5000.0,,,,37.2393,-83.2107,LICEN,"WKIC, WZQQ",Perry,21193,CONTEMP HITS,ROCK 96.9,EX-WZQQ //W245CP 96.9
1390,WPLM,MA,PLYMOUTH,5000.0,5000.0,,,41.9682,-70.7011,LICEN,,Plymouth,25023,ADLT CONT,ABC EASY 99.1,//FM 99.1
1390,WZHF,MD,CAPITOL HEIGHTS,9000.0,1000.0,,,38.8693,-76.8961,LICEN,"WEAM, WMZQ",Prince George's,24033,SPANISH AC,SU MUSICA FAVORITA,EX-WMZQ/WVPA
1390,WEGP,ME,PRESQUE ISLE,5000.0,5000.0,,,46.6542,-68.0495,LICEN,"WEGP, WTMS",Aroostook,23003,RELIGION,RELEVANT RADIO,EX-WTMS //VARIOUS FM
1390,WLCM,MI,HOLT,,4500.0,,,42.552,-84.5514,LICEN,"WNLF, WNNY",Ingham,26065,RELIGION/TALK,EWTN AVA MARIA RADIO,NIGHT SITE 42 33 7/84 33 5
1390,WLCM,MI,HOLT,5000.0,,,,42.5672,-84.8661,LICEN,"WNLF, WNNY",Ingham,26065,RELIGION/TALK,EWTN AVA MARIA RADIO,NIGHT SITE 42 33 7/84 33 5
1390,KRFO,MN,OWATONNA,500.0,94.0,,,44.0739,-93.1802,LICEN,,Steele,27147,OLDIES,,//K234DB 94.7
1390,KXSS,MN,WAITE PARK,2500.0,1000.0,,,45.5419,-94.2617,LICEN,"KRAR, KZXQ, KXSS, KSXX",Stearns,27145,SPORTS,W1S GRANITE CITY SPTS,//W230DG 93.9
1390,KJPW,MO,WAYNESVILLE,5000.0,111.0,,,37.8192,-92.1518,LICSL,,Pulaski,29169,SILENT,FOX TALK 1390,
1390,WROA,MS,GULFPORT,900.0,35.0,,,30.4294,-89.0189,LICEN,,Harrison,28047,C&W,MERLE 100.1,//W261CU 100.1
1390,WNLA,MS,INDIANOLA,1000.0,15.0,,,33.4782,-90.6412,LICEN,,Sunflower,28133,BLK GSPL,ABC DELTAS GOSPEL,//FM 95.3
1390,WMER,MS,MERIDIAN,5000.0,101.0,,,32.3449,-88.6923,LICEN,"WTNK, WFEZ",Lauderdale,28075,S. GSPL,SRN GOOD NEWS GOSPEL,//W226BI 93.1
1390,WEED,NC,ROCKY MOUNT,5000.0,30.0,,,35.9621,-77.8261,LICEN,,Nash,37127,BLK GSPL,JOY 1390,//W289BL 105.7
1390,WOHS,NC,SHELBY,700.0,16.0,,,35.2912,-81.5673,LICEN,"WADA, WCCS, WADA",Cleveland,37045,OLDIES,ABC THE BOSS 101.5,//W268CU 101.5
1390,WJRM,NC,TROY,1000.0,35.0,,,35.3621,-79.8603,LICEN,,Montgomery,37123,S. GSPL,FAMILY WORSHIP MINSTRY,
1390,KRRZ,ND,MINOT,5000.0,1000.0,,,48.2103,-101.2411,LICEN,KKOA,Ward,38101,OLDIES/TALK,ABC CLASSIC HITS 1390,
1390,KENN,NM,FARMINGTON,5000.0,1300.0,,,36.7075,-108.1479,LICEN,,San Juan,35045,TALK,FOX WW1 KENN RADIO,//K221DJ 92.1
1390,WEOK,NY,POUGHKEEPSIE,5000.0,106.0,,,41.7206,-73.9076,LICEN,,Dutchess,36027,SPANISH STNDS,JUAN 97.5 FM,//W239AC 95.7
1390,WRIV,NY,RIVERHEAD,1000.0,64.0,,,40.9154,-72.6573,LICEN,,Suffolk,36103,ADLT STNDS,WW1 HOMETOWN STATION,
1390,WFBL,NY,SYRACUSE,5000.0,5000.0,,,43.1528,-76.1927,LICEN,"WLLF, WFBL, WDCW",Onondaga,36067,OLDIES,WW1 THE DINOSAUR,EX-WDCW
1390,WBLL,OH,BELLEFONTAINE,500.0,81.0,,,40.3681,-83.7338,LICEN,"WOHP, WPKO",Logan,39091,C&W,ABC THE BULL,EX-WPKO //W295CI 106.9
1390,WMPO,OH,MIDDLEPORT-POMEROY,5000.0,120.0,,,39.0104,-82.066,LICEN,,Meigs,39105,SPORTS,FOX THE GAME 99.9,//W279CE 103.7
1390,WNIO,OH,YOUNGSTOWN,,4800.0,,,40.9864,-80.5981,LICEN,"WFMJ, WHOT, WRTK, WRTK",Mahoning,39099,SPORTS,FOX THE GAMBLER,EX-WHOT/WRTK
1390,WNIO,OH,YOUNGSTOWN,9500.0,,,,41.1214,-80.7012,LICEN,"WFMJ, WHOT, WRTK, WRTK",Mahoning,39099,SPORTS,FOX THE GAMBLER,EX-WHOT/WRTK
1390,KCRC,OK,ENID,1000.0,1000.0,,,36.4198,-97.8748,LICEN,,Kingfisher,40073,SPORTS,FSR CTB SPORTS,//KZLS-1640
1390,KZGD,OR,HUBBARD,3400.0,670.0,,,45.1759,-122.8504,LICEN,"KSLM, KKSN, KVXX, KWOD, KZZD",Marion,41047,SPANISH RELIGION,ESTACION DE LA FAMILIA,EX-KWOD/KZZD //K228FN 93.5
1390,WBHV,PA,STATE COLLEGE,2000.0,1000.0,,,40.8084,-77.9419,LICEN,WRSC,Centre,42027,ROCK,MY POP RADIO,EX-WRSC //W227DV 93.3
1390,WISA,PR,ISABELA,1000.0,1000.0,,,18.4997,-67.0332,LICEN,,Isabela,72071,SPANISH NEWS/TALK,LA VOZ DEL NOROESTE,
1390,WABB,SC,BELTON,1000.0,17.0,,,34.5887,-82.5379,LICEN,"WHPB, WLUA, WROP",Anderson,45007,S. GSPL,SPIRIT 105.1,EX-WLUA/WROP //W286DD 105.1
1390,WSPO,SC,CHARLESTON,5000.0,5000.0,,,32.8246,-80.0026,LICEN,"WZKG, WCSE, WXTC",Charleston,45019,BLK GSPL,HEAVEN 100.1,"//W257BQ 99.3, W261DG 100.1"
1390,KJAM,SD,MADISON,500.0,62.0,,,44.0103,-97.172,LICEN,,Lake,46079,OLDIES,CLASSIC HITS,
1390,WYXI,TN,ATHENS,2500.0,62.0,,,35.4468,-84.5719,LICEN,,McMinn,47107,TALK/OLDIES,ABC SRN TALK OF TOWN,//W233CI 94.5
1390,WTJF,TN,JACKSON,5000.0,1000.0,,,35.6462,-88.8326,LICEN,"WTJS, WLLI",Madison,47113,SPORTS,ESPN SPORTS RADIO 94,"//W231BU 94.1, FM 94.3"
1390,WMCT,TN,MOUNTAIN CITY,1000.0,58.0,,,36.4902,-81.7871,LICEN,,Johnson,47091,C&W,ABC THE MOUNTAIN,//W275CK 102.9
1390,KULP,TX,EL CAMPO,500.0,180.0,,,29.2097,-96.2641,LICEN,,Wharton,48481,C&W,WW1 YOUR TEXAN LEGEND,//K294DD 106.7
1390,KBEC,TX,WAXAHACHIE,480.0,260.0,,,32.446,-96.8044,LICEN,,Ellis,48139,CL. C&W,CLASSIC TEXAS MUSIC,//K256DE 99.1
1390,KLGN,UT,LOGAN,5000.0,500.0,,,41.7344,-111.8544,LICEN,"KBLW, KBLQ",Cache,49005,SPORTS,FOX THE FAN,//K295CW 106.9
1390,WPLY,VA,LYNCHBURG,4700.0,34.0,,,37.4646,-79.1223,LICEN,"WVZN, WKPA, WPLI",Amherst,51009,SPORTS,FOX SPORTSRADIO 610,EX-WKPA/WPLI
1390,KBBO,WA,YAKIMA,1400.0,5.0,,,46.5706,-120.456,LICEN,"KBBO, KJOX, KTCR",Yakima,53077,SPORTS,FSR THE FAN,EX-KJOX/KTCR //K269HF 101.7
1390,WRIG,WI,SCHOFIELD,10000.0,7200.0,,,44.8783,-89.6415,LICEN,,Marathon,55073,SPORTS,FSR THE GAME,//W230BU 93.9
1390,WKLP,WV,KEYSER,1000.0,74.0,,,39.4367,-78.9556,LICEN,,Mineral,54057,TALK/SPORTS,FOX NEWS-TALK-SPORTS,//WCMD-1230
1400,WJLD,AL,FAIRFIELD,1000.0,1000.0,,,33.4768,-86.8836,LICEN,,Jefferson,1073,URBAN OLDIES,HEARTBEAT OF THE CITY,"//W231DE 94.1, WIXI-1360"
1400,WANI,AL,OPELIKA,1000.0,1000.0,,,32.6574,-85.4241,LICEN,WJHO,Lee,1081,TALK/SPORTS,FOX NEWSTALK 98.7&1400,EX-WJHO //W254AY 98.7
1400,KELD,AR,EL DORADO,1000.0,1000.0,,,33.2374,-92.6652,LICEN,,Union,5139,NEWS/TALK,,//K232FT 94.3
1400,KWYN,AR,WYNNE,1000.0,1000.0,,,35.2562,-90.7968,LICEN,,Cross,5037,C&W,K-WIN CL. COUNTRY,"//K275BR 102.9,K295CT 106.9"
1400,KSUN,AZ,PHOENIX,1000.0,1000.0,,,33.3898,-111.9985,LICEN,KXIV,Maricopa,4013,REG. MEX.,LA MEJOR,//K293CO 106.5
1400,KRVZ,AZ,SPRINGERVILLE,1000.0,1000.0,,,34.1381,-109.2715,LICEN,,Apache,4001,C&W,COWBOY COUNTRY RADIO,
1400,KTUC,AZ,TUCSON,1000.0,1000.0,,,32.277,-110.9812,LICEN,,Pima,4019,TALK/SPORTS,ABC FOX BETQL FREEDOM,
1400,KCYK,AZ,YUMA,1000.0,1000.0,,,32.6517,-114.6511,LICEN,"KVOY, KEZC, KJOK",Yuma,4027,CL. C&W,ABC WW1 OUTLAW COUNTRY,EX-KEZC/KJOK
1400,KVTO,CA,BERKELEY,1000.0,1000.0,,,37.8494,-122.2966,LICEN,"KBLX, KBFN, KBLX",Alameda,6001,ETHNIC ASIAN,VOICE OF THE ORIENT,EX-KBFN //K229DD 93.7
1400,KIHH,CA,EUREKA,790.0,790.0,,,40.8026,-124.1389,LICEN,,Humboldt,6023,RELIGION,EWTN RELEVANT RADIO,
1400,KNRO,CA,REDDING,1000.0,1000.0,,,40.5585,-122.3311,LICEN,KQMS,Shasta,6089,SPORTS,FOX,EX-KQMS //K280GP 103.9
1400,KKJL,CA,SAN LUIS OBISPO,1000.0,1000.0,,,35.2641,-120.6666,LICEN,"KKCB, KIXT, KIID",San Luis Obispo,6079,CLASSIC ROCK,,EX-KIXT/KIID //K293AW 106.5
1400,KUNX,CA,SANTA PAULA,1000.0,1000.0,,,34.33,-119.0929,LICEN,"KCZN, KZTR, KKZZ, KUNX, KKZZ",Ventura,6111,SPANISH TALK,RADIO FORMULA,EX-KZTR/KKZZ //K273CT 102.5
1400,KUKI,CA,UKIAH,1000.0,1000.0,,,39.1682,-123.2139,LICSL,,Mendocino,6045,SILENT,WW1 GREATEST HITS,"//KDAC-1230, KLLK-1250"
1400,KRZR,CA,VISALIA,1000.0,1000.0,,,36.3538,-119.2848,LICEN,"KODS, KHTZ, KEYX, KFSO, KTHX, KFSO, KVBL, KEZL",Tulare,6107,TALK,FOX POWER TALK 96.7,EX-KVBL/KEZL //KALZ 96.7
1400,KJYE,CO,DELTA,1000.0,1000.0,,,38.7605,-108.0918,LICEN,"KDTA, KPLG, KDTA",Delta,8029,C. CHRIST.,SRN HEAR THE LIGHT,//KJOL-620 EX-KDTA
1400,KFTM,CO,FORT MORGAN,1000.0,1000.0,,,40.2586,-103.8524,LICEN,,Morgan,8087,OLDIES/ROCK,FOX WW1 HOMETOWN RADIO,//K231DB 94.1
1400,KBLJ,CO,LA JUNTA,1000.0,1000.0,,,37.9872,-103.5674,LICEN,KBZZ,Otero,8089,CLASSIC ROCK,LIGHTNING 1400,EX-KBZZ //K282BX 104.3
1400,KWUF,CO,PAGOSA SPRINGS,1000.0,1000.0,,,37.2567,-107.0189,LICEN,KPAG,Archuleta,8007,C&W,WW1 THE WOLF,EX-KPAG //K273CZ 102.5
1400,WSTC,CT,STAMFORD,780.0,780.0,,,41.047,-73.5262,LICEN,,Fairfield,9001,NEWS/TALK,NPR,//W288DL 105.5
1400,WILI,CT,WILLIMANTIC,1000.0,1000.0,,,41.7151,-72.1892,LICEN,,Windham,9015,TALK/AC,ABC GOOD COMPANY,//W237EL 95.3
1400,WFLL,FL,FORT LAUDERDALE,1000.0,1000.0,,,26.174,-80.1576,LICEN,"WFTL, WFFL",Broward,12011,ETHNIC PORTUGUESE,NOSSA RADIO USA,EX-WFTL/WFFL //W296DK 107.1
1400,WIRA,FL,FORT PIERCE,1000.0,1000.0,,,27.4356,-80.3612,LICSL,"WIRA, WYFX",St. Lucie,12111,SILENT,RADIO CARIBBEAN,EX-WYFX //W285FN 104.9
1400,WZAZ,FL,JACKSONVILLE,1000.0,1000.0,,,30.3182,-81.5397,LICEN,WERD,Duval,12031,BLK GSPL,ABC GOSPEL 1400,//W254CW 98.7
1400,WSDO,FL,SANFORD,1000.0,1000.0,,,28.8014,-81.2514,LICEN,"WKUS, WNSI, WTRR",Seminole,12117,SPANISH RELIGION,SIEMPRE CONTIGO,EX-WNSI/WTRR
1400,WZHR,FL,ZEPHYRHILLS,1000.0,1000.0,,,28.2819,-82.2081,LICEN,WPAS,Pasco,12101,OLDIES,BOSS HOGG RADIO,EX-WPAS //W282CC 104.3
1400,WAWO,GA,ALMA,1000.0,1000.0,,,31.5308,-82.4624,LICEN,"WULF, WAJQ",Bacon,13005,SPORTS,FOX SPORTS WAYX/WAWO,EX-WULF/WAJQ //W261BR 100.1
1400,WLTA,GA,ALPHARETTA,1000.0,1000.0,,,34.0637,-84.276,LICEN,"WRAF, WAZX, WVNF",Fulton,13121,RELIGION,SRN FAITH TALK 970,EX-WRAF/WVNF //WNIV-970
1400,WVGC,GA,ELBERTON,1000.0,1000.0,,,34.114,-82.881,LICEN,"WWRK, WSGC, WNGA, WSGC, WMJE, WSGC, WHTD, WGCV, WATG, WVGC, WATG, WVGC",Elbert,13105,URBAN OLDIES,THE VOICE,EX-WHTD/WATG //W259DH 99.7
1400,WUXL,GA,MACON,1000.0,1000.0,,,32.8521,-83.6529,LICSL,WNEX,Bibb,13021,SILENT,MY CITY,EX-WNEX //W263CA 100.5
1400,WHLJ,GA,MOULTRIE,1000.0,1000.0,,,31.1655,-83.7654,LICEN,WHBS,Colquitt,13071,BLK GSPL,,EX-WHBS //W277DN 103.3
1400,WRZX,GA,NEWNAN,700.0,700.0,,,33.3754,-84.7855,LICEN,WCOH,Coweta,13077,SPORTS,FOX SPORTS 1400,EX-WCOH
1400,WSEG,GA,SAVANNAH,650.0,650.0,,,32.0749,-81.0712,LICEN,"WSGA, WHGM",Chatham,13051,SPORTS,SPORTSSUPERSTATIONS,EX-WSGA/WHGM //W282AR 104.3
1400,KCOG,IA,CENTERVILLE,420.0,840.0,,,40.7464,-92.9052,LICEN,,Appanoose,19007,CLASSIC ROCK,WW1 THE LEGEND,//K280GY 103.9
1400,KADR,IA,ELKADER,1000.0,1000.0,,,42.8491,-91.4121,LICEN,,Clayton,19043,ADLT CONT,ABC WW1 TODAYS HITS &,//K244FQ 96.7
1400,KVFD,IA,FORT DODGE,850.0,850.0,,,42.4789,-94.203,LICEN,,Webster,19187,TALK/SPORTS/OLDIE,FOX WW1 VOICE OF FT D.,
1400,KART,ID,JEROME,1000.0,1000.0,,,42.7308,-114.5389,LICEN,,Gooding,16047,C&W,94.7 BUCK FM,//K234CT 94.7
1400,KRPL,ID,MOSCOW,1000.0,1000.0,,,46.7463,-117.0193,LICEN,,Latah,16057,SPORTS,ESPN,
1400,KSPT,ID,SANDPOINT,1000.0,1000.0,,,48.3044,-116.5433,LICEN,,Bonner,16017,NEWS/TALK,ABC N. IDAHO'S RADIO,"//K287BT 105.3, KBFI-1450"
1400,WDWS,IL,CHAMPAIGN,1000.0,1000.0,,,40.0845,-88.2481,LICEN,,Champaign,17019,NEWS/TALK/SPORTS,ABC FSR NEWSTALK 1400,//W230CW 93.9
1400,WGIL,IL,GALESBURG,740.0,740.0,,,40.9428,-90.3443,LICEN,,Knox,17095,NEWS/TALK,FOX GALESBURG'S NEWS,//W299BO 93.7
1400,WEOA,IN,EVANSVILLE,1000.0,1000.0,,,37.9381,-87.5278,LICEN,"WROZ, WIKY, WJPS",Vanderburgh,18163,URBAN AC/HIPHOP,BLAZIN HIP HOP & R&b=B,EX-WIKY/WJPS //W253BF 98.5
1400,WBAT,IN,MARION,1000.0,1000.0,,,40.5611,-85.6916,LICSL,,Grant,18053,SILENT,GREATEST HITS,
1400,WBAT,IN,MARION,650.0,650.0,,,40.5539,-85.6453,LICSL,,Grant,18053,SILENT,GREATEST HITS,
1400,KVOE,KS,EMPORIA,1000.0,1000.0,,,38.3861,-96.1769,LICEN,,Lyon,20111,TALK/SPORTS,ABC LIVE & LOCAL,//K245BQ 96.9
1400,KAYS,KS,HAYS,1000.0,1000.0,,,38.8914,-99.3679,LICEN,,Ellis,20051,CLASSIC ROCK,ABC HAYS GREATEST HITS,//K232FJ 94.3
1400,WCYN,KY,CYNTHIANA,500.0,1000.0,,,38.4056,-84.2922,LICEN,,Harrison,21097,C&W,LIVE LOCAL INTERACTIVE,//W267CW 101.3
1400,WIEL,KY,ELIZABETHTOWN,1000.0,1000.0,,,37.7442,-85.8136,LICEN,,Hardin,21093,SPORTS,FSR 106.1 THE SCORE,//W291CU 106.1
1400,WFTG,KY,LONDON,690.0,690.0,,,37.1418,-84.0791,LICEN,,Laurel,21125,CL. C&W,THE WOLF,//W295CC 106.9
1400,WFPR,LA,HAMMOND,1000.0,1000.0,,,30.5088,-90.5051,LICEN,,Tangipahoa,22105,CL. C&W,THE BOSS COUNTRY,//W279DB 103.7
1400,KAOK,LA,LAKE CHARLES,1000.0,1000.0,,,30.2363,-93.1674,LICEN,,Calcasieu,22019,NEWS/TALK,FOX WW1 SUPERTALK 1400,
1400,WHTB,MA,FALL RIVER,1000.0,1000.0,,,41.6898,-71.1448,LICEN,WALE,Bristol,25005,ETHNIC PORTUGUESE,RADIO VOZ DE EMIGRANTE,EX-WALE //W229DC 93.7
1400,WLLH,MA,LAWRENCE,1000.0,1000.0,,,42.7076,-71.1637,LICEN,,Essex,25009,SPANISH TROPICAL,LA MEGA 95.1,//W234AL 95.1
1400,WHMP,MA,NORTHAMPTON,1000.0,1000.0,,,42.3268,-72.6573,LICEN,,Hampshire,25015,NEWS/TALK,NEWS INFO & ARTS,//W268CZ 101.5
1400,WWIN,MD,BALTIMORE,500.0,500.0,,,39.3018,-76.5689,LICEN,,Baltimore,24510,BLK GSPL,SPIRIT OF TODAYS GSPL,
1400,WJZN,ME,AUGUSTA,1000.0,1000.0,1000.0,,44.2921,-69.7733,LICEN,"WRDO, WMME, WEZW, WLTI, WEZW",Kennebec,23011,ROCK,ABC WCYY 3.0,"//WCYY 94.3, W240DH 95.9"
1400,WVAE,ME,BIDDEFORD,1000.0,1000.0,,,43.4818,-70.4859,LICEN,"WIDE, WVAE, WGIN",York,23031,AC/EZL,THE BAY,EX-WIDE/WGIN //WBAE-1490
1400,WHZP,ME,VEAZIE,1000.0,810.0,,,44.8473,-68.6786,LICEN,"WWNZ, WCYR",Penobscot,23019,CONTEMP HITS,HOT RADIO MAINE 104.7,"//WHTP 104.7, W275CQ 102.9"
1400,WBFN,MI,BATTLE CREEK,1000.0,1000.0,,,42.3042,-85.1922,LICEN,"WKNR, WELL, WWKN, WRCC",Calhoun,26025,RELIGION,FAMILY LIFE RADIO,EX-WWKN/WRCC //W266CG 101.1
1400,WDTK,MI,DETROIT,1000.0,1000.0,,,42.4061,-83.1121,LICEN,"WJLB, WMZK, WQBH",Wayne,26163,NEWS/TALK,SRN 92.7 THE ANSWER,EX-WQBH //W224CC-92.7
1400,WLJN,MI,ELMWOOD TOWNSHIP,640.0,640.0,,,44.7767,-85.662,LICEN,,Leelanau,26089,RELIGION,SRN THE SOURCE,"//WLJW-1370, FM 89.9"
1400,WCCY,MI,HOUGHTON,1000.0,1000.0,,,47.1349,-88.5648,LICEN,WHDF,Houghton,26061,CONTEMP HITS,ABC WW1 99.3 THE LIFT,//W257CZ 99.3
1400,WQXO,MI,MUNISING,1000.0,1000.0,,,46.4041,-86.6457,LICEN,WGON,Alger,26003,CONTEMP. CHRIST,K-LOVE,//W249DR 97.7
1400,WSAM,MI,SAGINAW,1000.0,1000.0,,,43.4167,-83.918,LICEN,,Saginaw,26145,ADLT CONT,ABC THE BAY 104,//WSAG 104.1
1400,WKNW,MI,SAULT SAINTE MARIE,1000.0,950.0,,,46.4884,-84.3292,LICEN,"WBPW, WDHP",Chippewa,26033,NEWS/TALK,FOX NEWSTALK 1400,EX-WDHP
1400,WQYQ,MI,ST. JOSEPH,880.0,880.0,,,42.0842,-86.4439,LICEN,WSJM,Berrien,26021,TOURISM/VARIETY,VISIT SOUTHWEST MI R.,//W291DK 106.1
1400,KEYL,MN,LONG PRAIRIE,1000.0,1000.0,,,45.9625,-94.8695,LICEN,,Todd,27153,C&W,ABC HOMETOWN RADIO,//K276GS 103.1
1400,KMHL,MN,MARSHALL,1000.0,1000.0,,,44.4497,-95.7623,LICEN,,Lyon,27083,TALK,VOICE SW MN,"//K277AI 103.3,K269GR 101.7"
1400,KMNV,MN,ST. PAUL,1000.0,1000.0,,,44.9577,-93.2066,LICEN,"KEEY, KLBB",Washington,27163,REG. MEX.,LA RAZA 95.7,//K239CJ 95.7
1400,KFRU,MO,COLUMBIA,1000.0,1000.0,,,38.9625,-92.3041,LICEN,,Boone,29019,NEWS/TALK,ABC NEWSTALK 1400,//K255DJ 98.9
1400,KJFF,MO,FESTUS,1000.0,1000.0,,,38.2323,-90.3973,LICEN,KJCF,Jefferson,29099,NEWS/TALK,ABC STRAIGHT TALK 1400,EX-KJCF
1400,KSIM,MO,SIKESTON,1000.0,1000.0,,,36.8701,-89.609,LICEN,,Scott,29201,NEWS/TALK,ABC FOX RIVER RADIO,"//KZIM-960, K269GZ 101.7"
1400,KGMY,MO,SPRINGFIELD,1000.0,1000.0,,,37.1962,-93.3227,LICEN,"KTTS, KGBX",Greene,29077,SPORTS,FOX SPORTS 1400,EX-KGBX
1400,WBIP,MS,BOONEVILLE,1000.0,1000.0,,,34.6393,-88.5759,LICSL,,Prentiss,28117,C&W,95.3 THE BEE,//W259CP 99.7
1400,WFOR,MS,HATTIESBURG,1000.0,1000.0,,,31.3352,-89.3264,LICEN,,Forrest,28035,SPORTS,FOX THE SCORE,//W224DP 92.7
1400,WJQS,MS,JACKSON,1000.0,1000.0,,,32.3201,-90.1904,LICEN,"WJQS, WOAD, WOAD, WKXI",Hinds,28049,SPORTS,W1S THE FAN,EX-WOAD/WKXI //W292EX 106.3
1400,KXGN,MT,GLENDIVE,1000.0,1000.0,,,47.0944,-104.7144,LICEN,,Dawson,30021,AC/OLDIES,ABC WW1,//K276GO 103.1
1400,KXGF,MT,GREAT FALLS,680.0,680.0,,,47.4655,-111.3236,LICEN,"KARR, KYOT",Cascade,30013,SPORTS,FOX SPORTS RADIO,//K252EW 98.3
1400,WKEW,NC,GREENSBORO,760.0,760.0,,,36.0618,-79.7928,LICEN,WGBG,Guilford,37081,BLK GSPL/RELIGION,THE LIGHT 1340&1400,EX-WRDG //WPOL-1340
1400,WAVQ,NC,JACKSONVILLE,1000.0,1000.0,,,34.7491,-77.4139,LICEN,"WJQQ, WSTK",Onslow,37133,OLDIES,BEACH BOOGIE & BLUES,EX-WSTK //W291DO 106.1
1400,WMFA,NC,RAEFORD,1000.0,1000.0,,,34.9788,-79.2086,LICEN,"WSMR, WHIL",Hoke,37093,BLK GSPL,HEAVEN 1400,EX-WHIL
1400,WSIC,NC,STATESVILLE,1000.0,1000.0,,,35.8026,-80.8915,LICEN,,Iredell,37097,SILENT,FOX NEWSTALK 1240,//W264CU 100.7
1400,WMXF,NC,WAYNESVILLE,1000.0,1000.0,,,35.504,-82.9735,LICEN,WHCC,Haywood,37087,SPORTS,ESPN,EX-WHCC //WPEK-880
1400,WSMY,NC,WELDON,1000.0,1000.0,,,36.4121,-77.618,LICEN,,Halifax,37083,NEWS/TALK,FOX NEWSTALK 97.1,
1400,KQDJ,ND,JAMESTOWN,1000.0,1000.0,,,46.8936,-98.6893,LICEN,KEYJ,Stutsman,38093,AC/EZL,JAMESTOWN 107.1,//K296HH 107.1
1400,KBRB,NE,AINSWORTH,1000.0,1000.0,,,42.5544,-99.8315,LICEN,,Brown,31017,TALK/SPORTS/C&W,HOMETOWN STATION,//K292HE 106.3
1400,KCOW,NE,ALLIANCE,1000.0,1000.0,,,42.1062,-102.8886,LICEN,,Box Butte,31013,CLASSIC ROCK,ABC CLASSIC HITS,//K223CY 92.5
1400,KLIN,NE,LINCOLN,1000.0,1000.0,,,40.8483,-96.675,LICEN,,Lancaster,31109,NEWS/TALK,FOX SRN NEWSTALK,EX-KMEN //K257GN 99.3
1400,WLTN,NH,LITTLETON,1000.0,1000.0,,,44.3131,-71.7684,LICEN,,Grafton,33009,OLDIES,OLDIES 1400,//W253AY 98.5
1400,WOND,NJ,PLEASANTVILLE,1000.0,1000.0,,,39.3901,-74.5121,LICEN,,Atlantic,34001,NEWS/TALK,ABC NEWSTALK 1400,//W222CX 92.3
1400,KVSF,NM,SANTA FE,1000.0,1000.0,,,35.6823,-105.9731,LICEN,KTRC,Santa Fe,35049,SPORTS,ESPN SANTA FE,EX-KTRC //K229DU 93.7
1400,KCHS,NM,TRUTH OR CONSEQUENCE,1000.0,1000.0,,,33.1406,-107.2325,LICEN,,Sierra,35051,CLASSIC ROCK,VOICE OF SIERRA COUNTY,//K270CE 101.9
1400,KTNM,NM,TUCUMCARI,1000.0,1000.0,,,35.1709,-103.7075,LICEN,,Quay,35037,C&W,ABC LEGENDARY COUNTRY,
1400,KSHP,NV,NORTH LAS VEGAS,1000.0,1000.0,,,36.2108,-115.1639,LICEN,"KFMS, KRAM, KFMS, KKDD",Clark,32003,SPORTS/TALK,USA,EX-KFMS/KKDD //K296HP 107.1
1400,KNNR,NV,SPARKS,1000.0,1000.0,,,39.5694,-119.7519,LICEN,KBDB,Washoe,32031,REG. MEX.,XTASIS TU LATINO VIBE,EX-KBDB //K277DL 103.3
1400,WAMC,NY,ALBANY,1000.0,1000.0,,,42.6893,-73.7932,LICEN,"WABY, WHTR",Albany,36001,NEWS/TALK,NPR NORTHEAST PUBRADIO,EX-WABY/WHTR
1400,WWWS,NY,BUFFALO,745.0,745.0,,,42.9262,-78.8409,LICEN,"WGKT, WXBX",Erie,36029,URBAN OLDIES,CLASSIC R&B 107.3,EX-WGKT/WXBX //W297AB 107.3
1400,WDNY,NY,DANSVILLE,880.0,1000.0,,,42.5387,-77.6822,LICEN,,Livingston,36051,OLDIES,HOMETOWN RADIO,//W289CX 105.7
1400,WSLB,NY,OGDENSBURG,1000.0,1000.0,,,44.7059,-75.4649,LICEN,,St. Lawrence,36089,SPORTS,ESPN RADIO 1400,//OLDIES 95.3 AT TIMES?
1400,WMAN,OH,MANSFIELD,920.0,920.0,,,40.7703,-82.5432,LICEN,,Richland,39139,NEWS/TALK/SPORTS,FOX NEWSRADIO,//FM 98.3
1400,KWON,OK,BARTLESVILLE,1000.0,1000.0,,,36.7648,-95.96,LICEN,,Washington,40147,NEWS/TALK,K-WON NEWSTALK R.,//K227CQ 93.3
1400,KTMC,OK,MCALESTER,1000.0,1000.0,,,34.9495,-95.7672,LICEN,,Pittsburg,40121,ADLT STNDS,WW1 TIMELESS CLASSICS,//K244FI 96.7
1400,KREF,OK,NORMAN,1000.0,1000.0,,,35.2178,-97.4106,LICEN,KNOR,Cleveland,40027,SPORTS,THE REF,"//K257DA 98.5, FM 94.7"
1400,KFJL,OR,CENTRAL POINT,1000.0,1000.0,,,42.3485,-122.9153,LICEN,,Jackson,41029,RELIGION,THREE ANGELS B'CASTING,//K280GM 103.9
1400,KNND,OR,COTTAGE GROVE,950.0,950.0,,,43.7618,-123.0795,LICEN,,Lane,41039,C&W,ABC HOMETOWN RADIO STN,//K259DE 99.7
1400,KJDY,OR,JOHN DAY,1000.0,1000.0,,,44.4213,-118.9536,LICEN,,Grant,41023,C&W,ABC COUNTRY 1400,"//FM 94.5, K229AX 93.7"
1400,KBCH,OR,LINCOLN CITY,1000.0,1000.0,,,44.9907,-123.9804,LICEN,,Lincoln,41041,ADLT STNDS/TALK,ABC YAQUINA BAY RADIO,
1400,WEST,PA,EASTON,1000.0,1000.0,,,40.6732,-75.2079,LICEN,,Northampton,42095,URBAN HIPHOP,LOUD 106.9 99.5,"//W258BM 99.5, WHOL-1600"
1400,WJET,PA,ERIE,1000.0,1000.0,,,42.1245,-80.0648,LICEN,"WJET, WBLQ, WLKK",Erie,42049,NEWS/TALK,FOX JET RADIO 1400,EX-WLKK //W244DX 96.7
1400,WHGB,PA,HARRISBURG,1000.0,1000.0,,,40.2495,-76.8672,LICEN,"WHGB, WNNK, WTCY",Dauphin,42043,SPORTS,ESPN SPORTSRADIO,"//W237DE 95.3, W243BR 96.5"
1400,WYUP,PA,LORETTO,1000.0,1000.0,,,40.5034,-78.6359,LICEN,"WWSF, WAMQ, WJRV, WEBG, WBZV, WWGE",Cambria,42021,AC/OLDIES,ABC WW1 JACK FM,"//W267CM 104.3,W296ED 107.1"
1400,WICK,PA,SCRANTON,1000.0,1000.0,,,41.4181,-75.6616,LICEN,,Lackawanna,42069,OLDIES,FOX THE MOTHERSHIP,//WCDL-1440
1400,WKBI,PA,ST. MARYS,1000.0,1000.0,,,41.4156,-78.5653,LICEN,,Elk,42047,ADLT STNDS,CLASSY 1400 & 94.5,//W233BS 94.5
1400,WRAK,PA,WILLIAMSPORT,1000.0,1000.0,,,41.2395,-77.0405,LICEN,,Lycoming,42081,NEWS/TALK,FOX NEWSRADIO,
1400,WIDA,PR,CAROLINA,1000.0,1000.0,,,18.395,-65.9346,LICEN,WVOZ,Carolina,72031,SPANISH RELIGION,CADENA RADIO VIDA,//FM 90.5
1400,WCOS,SC,COLUMBIA,1000.0,1000.0,,,34.0052,-81.0117,LICEN,,Lexington,45063,SPORTS,FOX SPORTSRADIO,
1400,WJMX,SC,DARLINGTON,1000.0,1000.0,,,34.3163,-79.8878,LICEN,"WDAR, WKGE, WDAR, WDZS, WPFM, WWRK",Darlington,45031,NEWS/TALK,ABC SRN NEWSTALK,EX-WPFM/WWRK //W290CD 105.9
1400,WGTN,SC,GEORGETOWN,1000.0,1000.0,,,33.4043,-79.3264,LICSL,,Georgetown,45043,SILENT,GOOD NEWS NETWORK,//W298CO 107.5
1400,WSPG,SC,SPARTANBURG,1000.0,1000.0,,,34.974,-81.9268,LICEN,"WKDY, WYYR, WMMZ, WKDY",Spartanburg,45083,SPORTS,FOX,EX-WYYR/WMMZ //W252DQ 98.3
1400,KBJM,SD,LEMMON,1000.0,1000.0,,,45.9181,-102.1991,LICEN,,Perkins,46105,C&W/CLASSIC ROCK,FOX CLASSIC HITS,//K285HH 104.9
1400,WNZE,TN,CLARKSVILLE,380.0,380.0,,,36.542,-87.3256,LICEN,"WJZM, WVWB, WWNZ, WVWF, WBQL",Montgomery,47125,TALK,SRN 105.5 THE PATRIOT,EX-WBQL //W288DQ 105.5
1400,WHUB,TN,COOKEVILLE,740.0,740.0,,,36.1634,-85.5247,LICEN,"WHUB, WPTN",Putnam,47141,CLASSIC ROCK,GRACE FM,EX-WPTN //W299BY 107.7
1400,WKPT,TN,KINGSPORT,1000.0,1000.0,,,36.5446,-82.5226,LICEN,,Sullivan,47163,SPORTS,ABC ESPN TRI-CITIES,"//W232BP 94.3, WOPI, WKTP"
1400,WGAP,TN,MARYVILLE,1000.0,1000.0,,,35.7615,-83.9824,LICEN,,Blount,47009,ROCK,ATOMIC 106,//W290DJ 105.9
1400,WZNG,TN,SHELBYVILLE,1000.0,1000.0,,,35.474,-86.4458,LICEN,WHAL,Bedford,47003,CLASSIC ROCK,THE ZINGER 100.9,EX-WHAL //W265EE 100.9
1400,KRUN,TX,BALLINGER,1000.0,1000.0,,,31.7254,-99.962,LICEN,,Runnels,48399,C&W,ABC WHERE CNTRY BEGINS,
1400,KBYG,TX,BIG SPRING,1000.0,1000.0,,,32.2229,-101.4768,LICEN,,Howard,48227,OLDIES,ABC WW1,//K292FE 106.3
1400,KUNO,TX,CORPUS CHRISTI,1000.0,1000.0,,,27.7603,-97.4375,LICEN,,Nueces,48355,REG. MEX.,EL PATRON,
1400,KGVL,TX,GREENVILLE,1000.0,1000.0,,,33.1673,-96.0989,LICEN,,Hunt,48231,SPORTS,ESPN,//K290AP 105.9
1400,KEBE,TX,JACKSONVILLE,1000.0,1000.0,,,31.9699,-95.2647,LICEN,,Cherokee,48073,RELIGION,,//K284CT 104.5
1400,KHCB,TX,LEAGUE CITY,1000.0,1000.0,,,29.4266,-95.1335,LICEN,"KHCB, KTUS",Galveston,48167,SPANISH RELIGION,RADIO AMISTAD,"//KHCH-1410, KMAT 105.1"
1400,KIUN,TX,PECOS,1000.0,1000.0,,,31.436,-103.5043,LICEN,,Reeves,48389,C&W/REG. MEX.,ABC WW1 14 COUNTRY,
1400,KEYE,TX,PERRYTON,1000.0,1000.0,,,36.3889,-100.8274,LICEN,,Ochiltree,48357,C&W,ABC YOUR COUNTRY,//K244FS 96.7
1400,KREW,TX,PLAINVIEW,1000.0,1000.0,,,34.2154,-101.7241,LICSL,KVOP,Hale,48189,SILENT,ABC WW1 HOMETOWN RADIO,EX-KVOP
1400,KVRP,TX,STAMFORD,1000.0,1000.0,,,32.9312,-99.7837,LICEN,KDWT,Jones,48253,RELIGION/AC,SRN THE RIVER,//K283CU 104.5
1400,KTEM,TX,TEMPLE,950.0,950.0,,,31.0671,-97.3994,LICEN,,Bell,48027,NEWS/TALK,FOX NEWSRADIO 14,//K232FU 94.3
1400,KKTK,TX,TEXARKANA,1000.0,1000.0,,,33.4429,-94.0557,LICEN,"KMLA, KTFS, KHSP, KOWS, KEWL, KKTK, KEWL",Bowie,48037,SPORTS,FOX THE BUZZ,EX-KNOS/KVOU //K246CR 97.1
1400,KGWU,TX,UVALDE,1000.0,1000.0,,,29.188,-99.777,LICEN,KVOU,Uvalde,48463,RELIGION,EWTN GUADELOUPE RADIO,
1400,KAZZ,UT,PAROWAN,1000.0,1000.0,,,37.8061,-112.9452,LICEN,"KSUR, KZEZ, KITT, KENT",Iron,49021,SPORTS,FOX SPORTS SOUTH. UTAH,EX-KZEZ/KENT //K226CM 93.1
1400,KIXR,UT,PROVO,1000.0,1000.0,,,40.2299,-111.6866,LICEN,"KFTN, KXYC, KSRR, KIXR",Utah,49049,TALK,94.5 V. OF THE VALLEY,EX-KSRR
1400,KIXR,UT,PROVO,1000.0,1000.0,,,40.258,-111.7074,LICEN,"KFTN, KXYC, KSRR, KIXR",Utah,49049,TALK,94.5 V. OF THE VALLEY,EX-KSRR
1400,WKAV,VA,CHARLOTTESVILLE,1000.0,1000.0,,,38.1149,-78.4551,LICEN,"WELK, WXAM",Albemarle,51003,C. CHRIST.,THE OASIS,//W231AD 94.1
1400,WHHV,VA,HILLSVILLE,1000.0,1000.0,,,36.7501,-80.722,LICEN,,Carroll,51035,S. GSPL,VICTORY 1400,
1400,WPCE,VA,PORTSMOUTH,1000.0,1000.0,,,36.8029,-76.2824,LICEN,,Portsmouth,51740,RELIGION/BLK GSPL,PEACE 1400,//W237FM 95.3
1400,WAJL,VA,SOUTH BOSTON,1000.0,1000.0,,,36.7099,-78.8742,LICEN,,Halifax,51083,S. GSPL,THE BEACON,
1400,WINC,VA,WINCHESTER,1000.0,1000.0,,,39.124,-78.2119,LICEN,"WINC, WZFC",Frederick,51069,NEWS/TALK,FOX FIRST IN VALLEY,EX-WZFC
1400,KLCK,WA,GOLDENDALE,1000.0,1000.0,,,45.8234,-120.8389,LICEN,,Klickitat,53039,NEWS/TALK,SRN TALK OF KLICKITAT,//K251CR 98.1
1400,KBAM,WA,LONGVIEW,1000.0,1000.0,,,46.149,-122.9759,LICEN,KEDO,Cowlitz,53015,C&W,K-BAM REAL COUNTRY,//K256CQ 99.1 EX-KEDO
1400,KRSC,WA,OTHELLO,1000.0,1000.0,,,46.8254,-119.1881,LICEN,,Adams,53001,SPANISH RELIGION,ESTACION DE LA FAMILIA,"//KDYM,KRYN-1230, KVAN-1560"
1400,WATW,WI,ASHLAND,780.0,780.0,,,46.5736,-90.8658,LICEN,,Ashland,55003,C&W,SRN BAY COUNTRY,//W267CS 101.3
1400,WBIZ,WI,EAU CLAIRE,970.0,970.0,,,44.8155,-91.5188,LICEN,"WJJK, WEUZ",Eau Claire,55035,SPORTS,FSR THE FAN,EX-WEUZ //W254CN 98.7
1400,WDUZ,WI,GREEN BAY,1000.0,1000.0,,,44.4933,-87.9871,LICEN,"WDUZ, WNGB",Brown,55009,SPORTS,FSR 107.5 THE FAN,EX-WDUZ/WNGB //FM 107.5
1400,WRJN,WI,RACINE,1000.0,1000.0,,,42.7106,-87.8304,LICEN,,Racine,55101,OLDIES,TIMELESS HITS,"//W251BU 98.1, W260CV 99.9"
1400,WRDB,WI,REEDSBURG,1000.0,640.0,,,43.5414,-90.0351,LICEN,,Sauk,55111,OLDIES,WW1 NBC 97.3 RDB,//W247CY 97.3
1400,WVRC,WV,SPENCER,1000.0,1000.0,,,38.8065,-81.3609,LICEN,,Roane,54087,S. GSPL,GOSPEL 1400,//W278CP 103.5
1400,WBBD,WV,WHEELING,1000.0,1000.0,,,40.097,-80.7015,LICEN,WKWK,Belmont,39013,SPORTS,FOX,EX-WKWK //W280EW 103.9
1400,WBTH,WV,WILLIAMSON,1000.0,1000.0,,,37.6693,-82.269,LICSL,,Mingo,54059,SILENT,PEACE RADIO,DELETED W273BC 102.5
1400,KKTL,WY,CASPER,1000.0,1000.0,,,42.8561,-106.362,LICEN,"KSPW, KQOL, KMCG",Natrona,56025,C&W,THE COWBOY,EX-KSPW/KQOL //K270CT 101.9
1400,KODI,WY,CODY,1000.0,1000.0,,,44.5127,-109.0563,LICEN,,Park,56029,TALK/SPORTS,FOX BIGHORN BASIN NEWS,//K244CG 96.7
1410,WNGL,AL,MOBILE,5000.0,4600.0,,,30.7069,-88.0619,LICEN,"WUNI, WMML, WLVV",Mobile,1097,RELIGION,EWTN ARCHANGEL RADIO,EX-WLVV //W233CX 94.5
1410,WZZA,AL,TUSCUMBIA,500.0,51.0,,,34.7081,-87.6931,LICEN,,Colbert,1033,URBAN AC,SOUL OF THE SHOALS,//W246BS 97.1
1410,KTCS,AR,FORT SMITH,1000.0,130.0,,,35.2779,-94.3766,LICEN,,Crawford,5033,C&W,COUNTRY LOVIN,EX-KTCD //FM 99.9
1410,KERI,CA,BAKERSFIELD,1000.0,1000.0,,,35.3519,-118.959,LICEN,KERN,Kern,6029,RELIGION,FAMILY TALK RADIO,EX-KERN
1410,KRML,CA,CARMEL,500.0,16.0,,,36.5364,-121.9047,LICEN,,Monterey,6053,ADULT ALTERNATIVE,LOCAL STN MONTEREY BAY,//K234DH 94.7
1410,KTNK,CA,LOMPOC,500.0,77.0,,,34.663,-120.3838,LICEN,"KLVV, KLLB, KTME, KINF, KUHL, KSMA",Santa Barbara,6083,CLASSIC ROCK,ROCKET 103.7,EX-KUHL/KSMA //K279CY 103.7
1410,KMYC,CA,MARYSVILLE,5000.0,1000.0,,,39.1382,-121.5553,LICEN,"KMYC, KRFD",Yuba,6115,TALK/SPORTS,FOX WW1 THE PATRIOT,EX-KRFD //K282BS 104.3
1410,KCAL,CA,REDLANDS,2000.0,4000.0,,,34.1108,-117.1539,LICEN,,San Bernardino,6071,SPANISH OLDIES,LA MEXICANA,//FM 96.7
1410,KIIX,CO,FORT COLLINS,1000.0,1000.0,,,40.5928,-105.1055,LICEN,KCOL,Larimer,8069,CL. C&W,KIX COUNTRY 1410,EX-KCOL
1410,WPOP,CT,HARTFORD,5000.0,5000.0,,,41.6929,-72.7515,LICEN,,Hartford,9003,NEWS/TALK/SPORTS,FOX FSR WW1 NEWSRADIO,//W265EB 100.9
1410,WDOV,DE,DOVER,5000.0,5000.0,,,39.2009,-75.5649,LICEN,,Kent,10001,NEWS/TALK,FOX NEWSRADIO,//W286BS 105.1
1410,WMYR,FL,FORT MYERS,5000.0,5000.0,,,26.6234,-81.8548,LICEN,,Lee,12071,RELIGION,RELEVANT RADIO,//W294AN 106.7
1410,WQBQ,FL,LEESBURG,5000.0,88.0,,,28.7814,-81.8915,LICEN,"WZST, WINF, WQBQ, WRHB",Lake,12069,BLK GSPL/URBAN AC,THE Q 1410,EX-WQBQ/WRHB //W236DN 95.1
1410,WKKP,GA,MCDONOUGH,2500.0,58.0,,,33.4298,-84.131,LICEN,"WJGA, WZAL",Henry,13151,CL. C&W,1410 COUNTRY KKP,EX-WZAL //W265DG 100.9
1410,WYIS,GA,MCRAE,1000.0,,,,32.0571,-82.8654,LICEN,WDAX,Telfair,13271,ADLT CONT,STAR 102.7,EX-WDAX //WYSC 102.7
1410,WLAQ,GA,ROME,1000.0,1000.0,,,34.2601,-85.2052,LICEN,,Floyd,13115,TALK/SPORTS,,//W245DG 96.9
1410,KGRN,IA,GRINNELL,500.0,47.0,,,41.7444,-92.706,LICSL,,Poweshiek,19157,SILENT,FOX VOICE EAST CENT IA,
1410,KLEM,IA,LE MARS,1000.0,50.0,,,42.8178,-96.1634,LICEN,,Plymouth,19149,ADLT CONT,,//K245AM 96.9
1410,WRMN,IL,ELGIN,1000.0,1300.0,,,42.0059,-88.2987,LICEN,,Kane,17089,NEWS/TALK,VOICE OF KANE COUNTY,//W244EJ 96.7
1410,WIHM,IL,TAYLORVILLE,1000.0,63.0,,,39.5439,-89.2751,LICEN,"WTIM, WKPP, WTIM, WITM, WTIM",Christian,17021,RELIGION,EWTN IMMACULATE HEART,EX-WTIM
1410,WSHY,IN,LAFAYETTE,260.0,29.0,,,40.3617,-86.8781,LICEN,"WAZY, WFTE, WCFY, WAZY, WLAS",Tippecanoe,18157,NEWS/TALK,SRN 104.3 THE PATRIOT,EX-WAZY/WLAS //W282CJ 104.3
1410,KKLO,KS,LEAVENWORTH,5000.0,500.0,,,39.2733,-94.9078,LICEN,"KCLO, KCWV",Leavenworth,20103,SPANISH RELIGION,RADIO VIDA,//K224FF 92.7
1410,KGSO,KS,WICHITA,5000.0,1000.0,,,37.7347,-97.352,LICEN,"KEYN, KQAM, KMYR",Sedgwick,20173,SPORTS,FOX SPORTSRADIO,EX-KQAM/KMYR //K230BY 93.9
1410,WHLN,KY,HARLAN,5000.0,41.0,,,36.8498,-83.3946,LICEN,,Harlan,21095,AC/OLDIES,NBC WW1 HITS & FAVES,
1410,WHLN,KY,HARLAN,5000.0,40.0,,,36.8671,-83.326,LICEN,,Harlan,21095,AC/OLDIES,NBC WW1 HITS & FAVES,
1410,KDBS,LA,ALEXANDRIA,1000.0,28.0,,,31.3266,-92.4896,LICEN,"KDBS, KRRV",Rapides,22079,SPORTS,ESPN 1410,EX-KRRV //K234CY 94.7
1410,WHAG,MD,HALFWAY,1000.0,99.0,,,39.6176,-77.7378,LICEN,,Washington,24043,OLDIES,ABC WW1 OLDIES 96.3,//WCHA-800
1410,WNWZ,MI,GRAND RAPIDS,1000.0,48.0,,,42.9873,-85.6239,LICEN,"WXQT, WKTH, WGRD, WRCV",Kent,26081,URBAN HIPHOP/R&B,MAGIC 104.9,EX-WGRD/WRCV //W285FO 104.9
1410,KLFD,MN,LITCHFIELD,500.0,45.0,,,45.1172,-94.5539,LICEN,"KLFD, KQIV",Meeker,27093,AC/C&W,THE ORIGINAL,EX-KQIV/KLMC //W240DD 95.9
1410,KRWB,MN,ROSEAU,1000.0,72.0,,,48.8451,-95.7262,LICEN,,Roseau,27135,OLDIES,ABC SUPERHITS,//K275BB 102.9
1410,WRJD,NC,DURHAM,5000.0,290.0,,,36.029,-78.8497,LICEN,WSRC,Durham,37063,SPANISH RELIGION,LA VERDAD NETWORK,EX-WSRC
1410,KDKT,ND,BEULAH,1000.0,189.0,,,47.2875,-101.7632,LICEN,KHOL,Mercer,38057,SPORTS,W1S FOX SPORTSRADIO,EX-KHOL //K293CS 106.5
1410,KOOQ,NE,NORTH PLATTE,5000.0,500.0,,,41.175,-100.7524,LICEN,KAHL,Lincoln,31111,CLASSIC ROCK,,//K251CP 98.1
1410,WHTG,NJ,EATONTOWN,500.0,126.0,,,40.2696,-74.0715,LICEN,,Monmouth,34025,OLDIES,THE BREEZE 100.7 1410,//W264DH 100.7
1410,WDOE,NY,DUNKIRK,1000.0,31.0,,,42.4637,-79.3556,LICEN,,Chautauqua,36013,OLDIES/ROCK,WW1 CLASSIC HITS 101.5,"//W268CX 101.5,W288EJ 105.5"
1410,WELM,NY,ELMIRA,5000.0,1000.0,,,42.1198,-76.8099,LICSL,,Chemung,36015,SILENT,FOX LIBERTY 960,//W293CZ 106.5
1410,WENU,NY,SOUTH GLENS FALLS,1000.0,103.0,,,43.3293,-73.6479,LICEN,"WGFN, WSTL, WBZA",Warren,36113,AC/OLDIES,MAGIC 590 100.5,"//W245DA 96.9, WROW-590"
1410,WNER,NY,WATERTOWN,3500.0,58.0,,,43.9464,-75.9474,LICEN,"WOTT, WNCQ, WCIZ, WUZZ, WGME",Jefferson,36045,SPORTS,FOX THE WINNER,EX-WUZZ/WGME //W250CI 97.9
1410,WING,OH,DAYTON,5000.0,5000.0,,,39.6823,-84.1591,LICEN,WSMK,Montgomery,39113,SPORTS,ESPN 1410 WING AM,
1410,KBNP,OR,PORTLAND,5000.0,9.0,,,45.4732,-122.6612,LICSL,"KCNR, KKUL",Multnomah,41051,SILENT,SRN BNN MONEY STATION,
1410,WLSH,PA,LANSFORD,5000.0,,,,40.8445,-75.8432,LICEN,,Carbon,42025,STNDS/OLDIES/TALK,SRN,
1410,KQV,PA,PITTSBURGH,5000.0,75.0,,,40.3642,-79.8126,LICEN,,Allegheny,42003,AC/EZL,ABC KQV & 88.1 KGO,//WKGO 88.1
1410,WRSS,PR,SAN SEBASTIAN,1000.0,1000.0,,,18.3186,-66.9788,LICEN,,San Sebastián,72131,SPANISH NEWS/TALK,RADIO PROGRESO,
1410,WPCC,SC,CLINTON,1000.0,100.0,,,34.4451,-81.8898,LICEN,,Laurens,45059,OLDIES/BEACH,BEACH BOOGIE BLUES...,//W243DU 96.5
1410,WVVB,TN,KINGSTON,500.0,,,,35.8804,-84.5155,LICEN,"WTNR, WYLQ, WBBX",Roane,47145,ADLT CONT,94.1 THE VIBE,//W231DY 94.1 EX-WBBX
1410,WCMT,TN,MARTIN,700.0,58.0,,,36.3626,-88.8492,LICEN,,Weakley,47183,NEWS/TALK,TALK&NEWS U CANUSE,//W263BF 100.5
1410,KLVQ,TX,ATHENS,1000.0,139.0,,,32.1563,-95.8422,LICSL,KBUD,Henderson,48213,SILENT,,//K233BE 94.1
1410,KNTX,TX,BOWIE,500.0,150.0,,,33.5857,-97.8073,LICEN,"KBAN, KRJT",Montague,48337,OLDIES/ROCK,OLDIES RADIO 1410,EX-KRJT //K247CW 97.3
1410,KHCH,TX,HUNTSVILLE,250.0,87.0,,,30.7152,-95.5286,LICEN,"KKNX, KYLR",Walker,48471,SPANISH RELIGION,RADIO AMISTAD,"//KHCB-1400, KMAT 105.1"
1410,KROY,TX,SAN SABA,800.0,203.0,,,31.1907,-98.7156,LICEN,"KBAL, KNVR",San Saba,48411,C&W,TEXAS FM 106,EX-KBAL/KNVR //KNUZ 106.1
1410,KITE,TX,VICTORIA,500.0,500.0,,,28.7789,-97.0039,LICEN,"KNAL, KYFV, KNAL",Victoria,48469,OLDIES,KITE RADIO,"//K248CS 97.5, K297CB 107.3"
1410,WRTZ,VA,ROANOKE,5000.0,72.0,,,37.2799,-79.9911,LICEN,WRIS,Roanoke,51770,OLDIES,TRUE OLDIES,EX-WRIS
1410,WIZM,WI,LA CROSSE,5000.0,5000.0,,,43.8469,-91.2188,LICEN,,La Crosse,55063,TALK,WW1 NEWSTALK 1410,"//K222AG 92.3, W294CU 106.7"
1410,WSCW,WV,SOUTH CHARLESTON,5000.0,,,,38.3762,-81.7035,LICEN,,Kanawha,54039,TALK,SRN NEWSTALK,//W272DW 102.3
1410,KWYO,WY,SHERIDAN,5000.0,350.0,,,44.7983,-106.9314,LICEN,,Sheridan,56033,CL. C&W,WW1 CLASSIC CNTRY,//K295CP 106.9
1420,WACT,AL,TUSCALOOSA,5000.0,108.0,,,33.1751,-87.555,LICEN,"WACT, WENN",Tuscaloosa,1125,ADLT CONT,96.9 MY FM,EX-WACT/WENN //W245BR 96.9
1420,KBHS,AR,HOT SPRINGS,5000.0,87.0,,,34.4554,-93.0574,LICEN,"KXOW, KIXT, KXOW",Garland,5051,REG. MEX.,LA ZETA,EX-KIXT/KXOW //K292HG 106.3
1420,KPOC,AR,POCAHONTAS,1000.0,118.0,,,36.2773,-90.9546,LICSL,,Randolph,5121,SILENT,FOX MAX COUNTRY,//K243CR 96.5
1420,KMOG,AZ,PAYSON,3000.0,,,,34.2667,-111.3157,LICEN,,Gila,4007,C&W,FOX RIM COUNTRY RADIO,//K277BX 103.3
1420,KTAN,AZ,SIERRA VISTA,1500.0,82.0,,,31.5467,-110.2759,LICEN,"KTAN, KLTW",Cochise,4003,CLASSIC ROCK,THUNDER 98.1,EX-KTAN/KLTW //K251CQ 98.1
1420,KSTN,CA,STOCKTON,5000.0,3500.0,,,37.9255,-121.2466,LICEN,,San Joaquin,6077,C&W,THE BULL,//K290AG 105.9
1420,WLIS,CT,OLD SAYBROOK,5000.0,500.0,,,41.3273,-72.3887,LICEN,,Middlesex,9007,TALK,WE GOT PERSONALITY,"//W247DE 97.3, WMRD-1150"
1420,WDJA,FL,DELRAY BEACH,5000.0,500.0,,,26.4565,-80.0992,LICEN,"WDBF, WPBI, WFFL, WFTL",Palm Beach,12099,OLDIES,TRUE OLDIES CHANNEL,EX-WDBF/WPBI/WFTL
1420,WBRD,FL,PALMETTO,2500.0,1000.0,,,27.5453,-82.5742,LICEN,,Manatee,12081,RELIGION,,
1420,WAOC,FL,ST. AUGUSTINE,2000.0,230.0,,,29.8505,-81.3301,LICEN,,St. Johns,12109,RELIGION,WAY RADIO,//W243AW 96.5
1420,WRCG,GA,COLUMBUS,5000.0,86.0,,,32.4651,-85.0227,LICEN,,Muscogee,13215,CLASSIC ROCK,CLASSIC ROCK 105.5,//W288CV 105.5
1420,WWSZ,GA,DECATUR,1000.0,51.0,,,33.7871,-84.248,LICEN,"WAVO, WWEV, WATB",DeKalb,13089,URBAN AC,STREETZ 94.5,EX-WATB //W233BF 94.5
1420,WPEH,GA,LOUISVILLE,1000.0,159.0,,,33.0135,-82.3924,LICEN,,Jefferson,13163,C&W/OLDIES,FOX THE PEACH,
1420,WKWN,GA,TRENTON,2500.0,112.0,,,34.862,-85.4997,LICEN,WADX,Dade,13083,CLASSIC HITS,K-WIN HITS OF LIFETIME,//W267CX 101.3
1420,KKEA,HI,HONOLULU,5000.0,5000.0,,,21.3207,-157.8769,LICEN,KCCN,Honolulu,15003,SPORTS,ESPN HONOLULU,EX-KCCN //K224FR 92.7
1420,WOC,IA,DAVENPORT,5000.0,5000.0,,,41.55,-90.4771,LICEN,,Scott,19163,NEWS/TALK,FOX WW1 NEWSTALK 1420,
1420,KIGO,ID,ST. ANTHONY,32000.0,12.0,,,43.6671,-111.8714,LICEN,,Jefferson,16051,REG. MEX.,LA LIDER,FROM 1400 //K244BJ 96.7
1420,WINI,IL,MURPHYSBORO,420.0,53.0,,,37.7573,-89.2334,LICEN,,Jackson,17077,OLDIES,COOL 93.5 & 1420,//W228DP 93.5
1420,WIMS,IN,MICHIGAN CITY,5000.0,5000.0,,,41.6778,-86.9361,LICEN,,Porter,18127,TALK/BROKERED,TALK SOUTH SHORE,"//W236BD 95.1, W294CY 106.7"
1420,KJCK,KS,JUNCTION CITY,1000.0,500.0,,,39.0258,-96.8103,LICEN,,Geary,20061,CLASSIC ROCK,THE TORCH,//K300DN 107.9
1420,KULY,KS,ULYSSES,1000.0,500.0,,,37.5481,-101.3641,LICEN,,Grant,20067,OLDIES,ABC PURE GOLD,//K249FI 97.7
1420,WHBN,KY,HARRODSBURG,1000.0,46.0,,,37.7342,-84.8138,LICEN,,Mercer,21167,C&W,NBC THE ROOSTER,//W258DH 99.5
1420,WVJS,KY,OWENSBORO,980.0,20.0,,,37.7751,-87.1589,LICEN,,Daviess,21059,CLASSIC ROCK,ABC GREATEST HITS 93.3,//W225CL 92.9
1420,KPEL,LA,LAFAYETTE,1000.0,750.0,,,30.2774,-92.0643,LICEN,,Lafayette,22055,SPORTS,ESPN FSR THE GOAT,//K277DQ 103.3
1420,WBSM,MA,NEW BEDFORD,5000.0,1000.0,,,41.6507,-70.9156,LICEN,,Bristol,25005,NEWS/TALK/SPORTS,ABC NEWSTALK & SPORTS,//W258DR 99.5
1420,WBEC,MA,PITTSFIELD,1000.0,1000.0,,,42.4445,-73.2782,LICEN,,Berkshire,25003,NEWS/TALK/SPORTS,ABC FSR NEWSTALKSPORTS,//W230CP 93.9
1420,WFLT,MI,FLINT,500.0,142.0,,,43.022,-83.643,LICEN,WAMM,Genesee,26049,BLK GSPL,BEST GOSPEL AM 1420,
1420,KTOE,MN,MANKATO,5000.0,5000.0,,,44.1683,-93.9105,LICEN,,Blue Earth,27013,TALK/OLDIES,ABC INFORMATION RADIO,"//K274AL 102.7,K254DT 98.7"
1420,KRLL,MO,CALIFORNIA,500.0,225.0,,,38.6367,-92.5835,LICEN,"KTAA, KZMO, KREL",Moniteau,29135,NEWS/TALK,NEWSRADIO 1420 & 104.1,EX-KZMO/KREL //K281CT 104.1
1420,KBTN,MO,NEOSHO,1000.0,123.0,,,36.8478,-94.3202,LICEN,"KBTN, KQYS",Newton,29145,SPORTS,FOX SPORTS 99.1,EX-KBTN/KQYS //K261ET 100.1
1420,WMYN,NC,MAYODAN,1000.0,68.0,,,36.4151,-79.987,LICEN,,Rockingham,37157,RELIGION,THE TRUTH,//WLOE-1490
1420,WGAS,NC,SOUTH GASTONIA,500.0,41.0,,,35.1829,-81.2081,LICEN,,Gaston,37071,BLK GSPL/RELIGION,SRN WORD OF GOD,//WOGR-1540
1420,KXCB,NE,OMAHA,1000.0,330.0,,,41.1997,-95.9097,LICEN,"KLAO, KESY, KBBX, KHLP, KOTK, KOBM",Douglas,31055,C&W,BLUFFS COUNTRY 106.5,"EX-KOTK,KOBM //K293CX 106.5"
1420,WASR,NH,WOLFEBORO,500.0,136.0,,,43.5919,-71.2193,LICEN,,Carroll,33003,C&W,MOUNTAIN COUNTRY,//W246DI 97.1
1420,WNRS,NY,HERKIMER,1000.0,64.0,,,43.0612,-75.0285,LICEN,"WLIR, WYUT",Herkimer,36043,REG. MEX.,EL ZORRO RADIO LATINO,EX-WYUT //W252DO 98.3
1420,WACK,NY,NEWARK,5000.0,500.0,,,43.0189,-77.0778,LICEN,,Wayne,36117,NEWS/TALK/SPORTS,WW1 HOMETOWN RADIO,//W245DI 96.9
1420,WLNA,NY,PEEKSKILL,5000.0,1000.0,,,41.3087,-73.9163,LICEN,,Westchester,36119,TALK,FOX WW1 THE BEACON,"//WBNR-1260, WBPM 92.9"
1420,WHK,OH,CLEVELAND,5000.0,5000.0,,,41.3584,-81.6674,LICEN,"WHK, WHKK, WCLV, WRMR",Cuyahoga,39035,TALK/RELIGION,SRN THE ANSWER,EX-WCLV/WRMR //W273DG 102.5
1420,KTJS,OK,HOBART,1000.0,360.0,,,35.0492,-99.097,LICEN,,Kiowa,40075,C&W,ABC,//K271CZ 102.1
1420,KMHS,OR,COOS BAY,1000.0,41.0,,,43.3684,-124.2043,LICEN,"KYNG, KYYG, KRSR",Coos,41011,CL. C&W,CLASSIC COUNTRY,EX-KYNG/KRSR //K286CR 105.1
1420,WCOJ,PA,COATESVILLE,5000.0,5000.0,,,40.0226,-75.8144,LICEN,,Chester,42029,RELIGION,EWTN HOLY SPIRIT RADIO,//WISP-1570
1420,WCED,PA,DU BOIS,4200.0,5.0,,,41.1403,-78.8303,LICEN,,Jefferson,42065,TALK/SPORTS,FOX CONNECT FM,"//W244CH 96.7, W300BR 107.9"
1420,WUKQ,PR,PONCE,1000.0,1000.0,,,17.9878,-66.6221,LICEN,WEUC,Ponce,72113,SPANISH NEWS/TALK,580 WKAQ,EX-WEUC //WKAQ-580
1420,WCRE,SC,CHERAW,1000.0,97.0,,,34.6802,-79.8992,LICEN,,Chesterfield,45025,OLDIES/ROCK,ABC MY FM,//W230AS 93.9
1420,KGIM,SD,ABERDEEN,1000.0,210.0,,,45.4242,-98.5186,LICEN,"KABR, KDBQ",Brown,46013,SPORTS,FOX SPORTSRADIO,//K253AB 98.5
1420,WEMB,TN,ERWIN,5000.0,20.0,,,36.1162,-82.4468,LICEN,,Unicoi,47171,TALK,,
1420,WKSR,TN,PULASKI,1000.0,60.0,,,35.2004,-87.075,LICEN,,Giles,47055,CLASSIC ROCK,FOX CLASSIC KSR,"//W265AQ 100.9,W299CW 107.7"
1420,KPIR,TX,GRANBURY,500.0,500.0,,,32.4621,-97.7889,LICEN,KPAR,Hood,48221,C&W,FOX THE BIG 1420,EX-KPAR
1420,KWBF,TX,LUBBOCK,500.0,140.0,,,33.6137,-101.8754,LICEN,"KLFB, KJDL",Lubbock,48303,RELIGION,WALKING BY FAITH RADIO,EX-KJDL //K254CI 98.7
1420,KGNB,TX,NEW BRAUNFELS,1000.0,196.0,,,29.6633,-98.1719,LICEN,,Comal,48091,C&W,FOX RADIO NB,//K276GR 103.1
1420,WAMV,VA,AMHERST,,47.0,,,37.5399,-79.0914,LICEN,"WAMV, WWWL",Amherst,51009,S. GSPL,HOME OF MTN GOSPEL,//W276DN 103.1
1420,WAMV,VA,AMHERST,2200.0,,,,37.5399,-79.0525,LICEN,"WAMV, WWWL",Amherst,51009,S. GSPL,HOME OF MTN GOSPEL,//W276DN 103.1
1420,WXGM,VA,GLOUCESTER,740.0,58.0,,,37.4101,-76.5474,LICEN,WDDY,Gloucester,51073,OLDIES,WW1 GOOD TIME OLDIES,//W272EJ 102.3
1420,WKCW,VA,WARRENTON,22000.0,60.0,,,38.7312,-77.7781,LICEN,,Fauquier,51061,OLDIES/ROCK,60S 70S 80S ALL HERE,
1420,WKAF,VT,ST. ALBANS,1000.0,107.0,,,44.8312,-73.0899,LICSL,"WWSR, WTWK, WRSA",Franklin,50011,SILENT,THE SWAN,EX-WRSA
1420,KITI,WA,CENTRALIA-CHEHALIS,5000.0,5000.0,,,46.7021,-122.934,LICEN,,Lewis,53041,OLDIES,ABC GREATEST HITS,//K263BS 100.5
1420,KRIZ,WA,RENTON,1000.0,500.0,,,47.4401,-122.2037,LICEN,KSCR,King,53033,BLK GSPL,,
1420,KUJ,WA,WALLA WALLA,5000.0,900.0,,,46.0671,-118.4025,LICEN,,Walla Walla,53071,NEWS/TALK,SRN NEWSRADIO 1420,//K254DK 98.7
1420,WGXI,WI,PLYMOUTH,500.0,62.0,,,43.7425,-87.9392,LICEN,"WPLY, WJUB",Sheboygan,55117,C&W,COW COUNTRY,EX-WPLY/WJUB //W253CW 98.5
1420,WZWB,WV,KENOVA,5000.0,500.0,,,38.4118,-82.6035,LICEN,"WTCR, WTCR",Boyd,21019,SPORTS,FOX SPORTS 1420,EX-WTCR
1430,KVHZ,AK,WASILLA,1000.0,1000.0,,,61.6178,-149.2883,LICEN,"KMBQ, KWAP, KKNI",Matanuska-Susitna,2170,CHR/DANCE,WW1 K-HITZ 107 FM,EX-KKNI //K296FP 107.1
1430,WFHK,AL,PELL CITY,5000.0,,,,33.5862,-86.3264,LICEN,,St. Clair,1115,ADLT CONT,ABC 94.1 THE RIVER,//W231CW 94.1
1430,WRMG,AL,RED BAY,1000.0,,,,34.4143,-88.1364,LICEN,,Franklin,1059,SILENT,CLASSIC OLDIES 97.9,//W250CD 97.9
1430,KWST,CA,EL CENTRO,1000.0,36.0,,,32.8076,-115.5392,LICEN,KAMP,Imperial,6025,SPANISH RELIGION,ESNE RADIO,EX-KAMP //K229CU 93.7
1430,KFIG,CA,FRESNO,5000.0,5000.0,,,36.8908,-119.6593,LICEN,"KFIG, KWDO, KFIG, KYNO",Fresno,6019,SPORTS,ESPN,EX-KWDO/KYNO
1430,KJAY,CA,SACRAMENTO,500.0,20.0,,,38.5046,-121.5619,LICEN,,Yolo,6113,ETHNIC/BROKERED,INTERNATIONAL RADIO,//K251CA 98.1
1430,KMRB,CA,SAN GABRIEL,50000.0,9800.0,,,34.1189,-118.0826,LICEN,KALI,Los Angeles,6037,ETHNIC CHINESE,BROKERED,EX-KALI
1430,KVVN,CA,SANTA CLARA,1000.0,2500.0,,,37.3297,-121.8672,LICEN,KNTA,Santa Clara,6085,ETHNIC ASIAN,VOICE OF VIETNAM,K264DB 100.7
1430,KAMP,CO,AURORA,10000.0,5000.0,,,39.5631,-104.93,LICEN,"KOSI, KEZW",Douglas,8035,SPORTS,W1S BETQL 1430 THE BET,EX-KEZW
1430,WTMN,FL,GAINESVILLE,10000.0,45.0,,,29.6241,-82.2884,LICEN,WWLO,Alachua,12001,RELIGION,SRN THE SHEPHERD,EX-WWLO //WRZN-720
1430,WOIR,FL,HOMESTEAD,5000.0,500.0,,,25.4526,-80.5167,LICEN,"WQDI, WRBA",Miami-Dade,12086,SPANISH RELIGION,LA ESTACION DE FAMILIA,
1430,WLKF,FL,LAKELAND,5000.0,1000.0,,,28.0411,-81.9354,LICEN,WQPD,Polk,12105,TALK,FOX TALK RADIO 96.7,//W244BJ 96.7
1430,WLTG,FL,UPPER GRAND LAGOON,125.0,60.0,,,30.1791,-85.7819,LICEN,"WWWQ, WKSD",Bay,12005,SPANISH RELIGION,RADIO FE,"//WFRF-1070, W269DR 101.7"
1430,WYKG,GA,COVINGTON,3900.0,212.0,,,33.6207,-83.8844,LICEN,WGFS,Newton,13217,URBAN AC/HIPHOP,105.5 THE KING,EX-WGFS //W288DX 105.5
1430,WDAL,GA,DALTON,2100.0,75.0,,,34.7561,-84.951,LICEN,"WRCD, WLSQ",Whitfield,13313,CLASSIC ROCK,98.3 THE MOUNTAIN,EX-WLSQ //W252CR 98.3
1430,KASI,IA,AMES,1000.0,32.0,,,42.0383,-93.6816,LICEN,,Story,19169,TALK,FOX BNN NEWSTALK,
1430,WEEF,IL,DEERFIELD,1600.0,750.0,,,42.1395,-87.8853,LICEN,WQVQ,Cook,17031,ETHNIC/SPANISH,BROKERED,//W256DC 99.1
1430,WCMY,IL,OTTAWA,500.0,38.0,,,41.3481,-88.8043,LICEN,,LaSalle,17099,TALK,,//W228DZ 93.5
1430,WXNT,IN,INDIANAPOLIS,5000.0,5000.0,,,39.8384,-86.1989,LICEN,"WFXF, WCKN, WMYS",Marion,18097,SPORTS,W1S INDY SPORTS TICKET,EX-WCKN/WMYS
1430,WLCB,KY,BUFFALO,1000.0,42.0,,,37.5303,-85.7136,LICEN,"WLCB, WXAM",Larue,21123,C&W,ABE 93.7,EX-WXAM //W229DB 93.7
1430,WYMC,KY,MAYFIELD,1000.0,33.0,,,36.7867,-88.6378,LICEN,,Graves,21083,OLDIES,ABC TIMELESS CLASSICS,//W230BN 93.9
1430,WYMC,KY,MAYFIELD,1000.0,1000.0,,,36.7867,-88.6545,LICEN,,Graves,21083,OLDIES,ABC TIMELESS CLASSICS,//W230BN 93.9
1430,KMRC,LA,MORGAN CITY,500.0,,,,29.751,-91.1734,LICEN,,St. Martin,22099,ETHNIC CAJUN,THE SWAMP DOG,//K225CP 92.9
1430,WKOX,MA,EVERETT,2500.0,26.0,,,42.4359,-70.9926,LICEN,"WWEL, WXKS",Essex,25009,SPANISH RELIGION,LA VERDAD NETWORK,EX-WXKS
1430,WNAV,MD,ANNAPOLIS,5000.0,1000.0,,,38.9834,-76.5222,LICEN,,Anne Arundel,24003,OLDIES,OLDIES 1430,//W260BM 99.9
1430,WION,MI,IONIA,4700.0,330.0,,,43.0045,-85.0858,LICEN,,Ionia,26067,OLDIES/TALK/SPORT,SRN I-1430 & FM 92.7,"//W224BZ 92.7, W262DN 100.3"
1430,KNSP,MN,STAPLES,1000.0,199.0,,,46.3594,-94.7822,LICEN,,Todd,27153,SPORTS,ESPN THE FAN,//K253CK 98.5
1430,KKOZ,MO,AVA,500.0,20.0,,,36.9301,-92.6554,LICEN,KSOA,Douglas,29067,TALK,CAUSE RADIO,//FM 92.1
1430,KROL,MO,CARROLLTON,500.0,27.0,,,39.3328,-93.5377,LICEN,KAOL,Carroll,29033,TALK,,//K267BN 101.3 EX-KAOL
1430,KROL,MO,CARROLLTON,100.0,27.0,,,39.3595,-93.4883,LICEN,KAOL,Carroll,29033,TALK,,//K267BN 101.3 EX-KAOL
1430,WDEX,NC,MONROE,2500.0,2500.0,,,34.9846,-80.6037,LICEN,,Union,37179,BLK GSPL,GOSPEL 1430,//WADE-1340
1430,WMNC,NC,MORGANTON,2700.0,46.0,,,35.7526,-81.7217,LICEN,,Burke,37023,CL. C&W,CLASSIC HIT COUNTRY,//W292FL 106.3
1430,WDJS,NC,MOUNT OLIVE,10000.0,5000.0,,,35.2004,-78.1228,LICEN,,Wayne,37191,RELIGION,MT OLIVE BROADCASTING,//W273DV 102.5
1430,WRXO,NC,ROXBORO,1000.0,,,,36.3679,-78.9992,LICEN,,Person,37145,C&W,ABC TODAYS COUNTRY,//WKRX 96.7
1430,KRGI,NE,GRAND ISLAND,5000.0,21.0,,,40.8714,-98.2744,LICEN,,Hamilton,31081,NEWS/TALK,FOX WW1,//K288HC 105.5
1430,WNSW,NJ,NEWARK,10000.0,7000.0,,,40.8498,-74.1826,LICEN,WNJR,Passaic,34031,RELIGION,RELEVANT RADIO,EX-WNJR //WVNJ-1160
1430,WENE,NY,ENDICOTT,5000.0,5000.0,,,42.0823,-76.031,LICEN,"WENE, WMRV",Broome,36007,SPORTS,FOX SPORTS BINGHAMTON,EX-WMRV
1430,WFOB,OH,FOSTORIA,1000.0,1000.0,,,41.1017,-83.3996,LICEN,,Seneca,39147,SPORTS,ESPN,//W289CP 105.7
1430,WCLT,OH,NEWARK,500.0,48.0,,,40.0339,-82.4021,LICEN,,Licking,39089,AC/EZL,KATE 98.7,//W254CT 98.7
1430,KALV,OK,ALVA,500.0,500.0,,,36.8184,-98.6442,LICEN,,Woods,40151,C&W,ABC WW1 BIG COUNTRY,//K258GZ 99.5
1430,KTBZ,OK,TULSA,25000.0,5000.0,,,36.2368,-95.9556,LICEN,"KVLT, KSKS, KQLL",Tulsa,40143,SPORTS,FSR THE REF THE BUZZ,EX-KSKS/KQLL
1430,KYKN,OR,KEIZER,5000.0,5000.0,,,44.9265,-122.9565,LICEN,KGAY,Marion,41047,NEWS/TALK,SRN SALEM IS LISTENING,
1430,WTNA,PA,ALTOONA,5000.0,25.0,,,40.4965,-78.4011,LICEN,WVAM,Blair,42013,CLASSIC ROCK,WOW-EE RADIO,EX-WVAM //W259DG 99.7
1430,WNEL,PR,CAGUAS,5000.0,5000.0,,,18.2461,-66.0232,LICSL,,Caguas,72025,SPANISH OLDIES,RADIO TIEMPO,//W241CW 96.1
1430,WBLR,SC,BATESBURG,5000.0,163.0,,,33.8804,-81.5543,LICEN,WBLR,Lexington,45063,SPANISH RELIGION,RADIO AMISTAD,//W277DC 103.3
1430,KBRK,SD,BROOKINGS,1000.0,100.0,,,44.3033,-96.7673,LICEN,,Brookings,46011,ADLT STNDS/TALK,TRADITIONAL RADIO,
1430,WOWW,TN,GERMANTOWN,2500.0,2500.0,,,35.214,-89.7962,LICEN,"WWBA, WEZI, WNWZ, WOWW, WNWZ",Shelby,47157,RELIGION,THE SHEPHERD,EX-WEZI/WNWZ //W249BN 97.7
1430,WYGI,TN,MADISON,15000.0,1000.0,,,36.272,-86.7147,LICEN,"WWRB, WRLT, WHNK, WCKD, WMAK, WKDA, WQDQ, WPLN",Davidson,47037,CLASSIC ROCK,HIPPIE RADIO,EX-WKDA/WQDQ/WPLN //FM 94.5
1430,WYGI,TN,MADISON,10000.0,25.0,,,36.2075,-86.6731,LICEN,"WWRB, WRLT, WHNK, WCKD, WMAK, WKDA, WQDQ, WPLN",Davidson,47037,CLASSIC ROCK,HIPPIE RADIO,EX-WKDA/WQDQ/WPLN //FM 94.5
1430,KEES,TX,GLADEWATER,5000.0,1000.0,,,32.5296,-94.8808,LICEN,,Gregg,48183,RELIGION,EWTN GUADALUPE RADIO,//K243CU 96.5
1430,KSHJ,TX,HOUSTON,5000.0,1000.0,,,29.7558,-95.2772,LICEN,KCOH,Harris,48201,RELIGION,EWTN GUADALUPE RADIO,EX-KCOH //K241CO 96.1
1430,KMES,UT,OGDEN,25000.0,5000.0,,,41.0469,-112.0277,LICEN,KLO,Weber,49057,SPANISH RELIGION,ESNE RADIO,EX-KLO
1430,WHAN,VA,ASHLAND,1000.0,31.0,,,37.7463,-77.4952,LICEN,"WIVE, WMMM, WPES",Hanover,51085,VARIETY,NPR,EX-WMMM/WPES //W275BQ 102.9
1430,WKEX,VA,BLACKSBURG,1000.0,62.0,,,37.2326,-80.4442,LICSL,,Montgomery,51121,SILENT,WW1 CLASSIC HITS Z,DELETED //W290CU 105.9
1430,KCLK,WA,ASOTIN,5000.0,1000.0,,,46.3163,-117.041,LICEN,,Asotin,53003,SPORTS,FOX THE SPORTSFAN,//K297BZ 107.3
1430,KBRC,WA,MOUNT VERNON,5000.0,1000.0,,,48.4226,-122.3541,LICEN,,Skagit,53057,CLASSIC ROCK,ABC WW1 CLASSIC ROCK,"//K275CV 102.9, W253CU 98.5"
1430,WBEV,WI,BEAVER DAM,1000.0,1000.0,,,43.4286,-88.8926,LICEN,,Dodge,55027,SPORTS,ABC ESPN 1430,//W241BQ 96.1
1430,WRDN,WI,DURAND,2000.0,152.0,,,44.5814,-91.9128,LICEN,"WRDN, WQOQ",Buffalo,55011,FARM/C&W,ABC REEL COUNTRY,EX-WQOQ //W297CH 107.3
1430,WEIR,WV,WEIRTON,1000.0,1000.0,,,40.4451,-80.6279,LICEN,,Jefferson,39081,NEWS/TALK/SPORTS,FOX SRN WW1 RIVER TALK,"//W265ED 100.9, WLYV-1290"
1440,KTUV,AR,LITTLE ROCK,5000.0,240.0,,,34.7129,-92.2801,LICSL,"KOKY, KITA",Pulaski,5119,URBAN OLDIES,THE CAT,"//KCAT-1340, K260DT 99.9"
1440,KAZG,AZ,SCOTTSDALE,5000.0,52.0,,,33.4787,-111.9407,LICEN,"KOPA, KXAM, KOPA, KSLX",Maricopa,4013,OLDIES,OLDIES 92.7,EX-KOPA/KSLX //K224CJ 92.7
1440,KVON,CA,NAPA,5000.0,1000.0,,,38.2624,-122.2833,LICEN,,Napa,6055,SPANISH,MEGA MIX,//K245DK 96.9
1440,KFOO,CA,RIVERSIDE,1000.0,1000.0,,,34.0267,-117.3584,LICEN,"KPRO, KDIF, KFNY",San Bernardino,6071,URBAN NEWS/TALK,BIN BLACK INFO NETWORK,EX-KDIF/KFNY
1440,KUHL,CA,SANTA MARIA,5000.0,1000.0,,,34.9839,-120.4538,LICEN,"KUHL, KINF",Santa Barbara,6083,NEWS/TALK/SPORTS,ABC NEWSTALK INFO STN,EX-KUHL/KINF //K292HD 106.3
1440,KRDZ,CO,WRAY,1000.0,210.0,,,40.0819,-102.1911,LICEN,"KRDZ, KRQZ",Yuma,8125,OLDIES,FOX WW1 CLASSIC HITS,//K295CS 106.9
1440,WWCL,FL,LEHIGH ACRES,5000.0,1000.0,,,26.6026,-81.559,LICEN,"WGTR, WOOJ",Hendry,12051,SPANISH RELIGION,RADIO VISION CRISTIANA,EX-WCOJ //WWRV-1330
1440,WPRD,FL,WINTER PARK,5000.0,1000.0,,,28.5886,-81.3812,LICEN,"WPRD, WWZN",Orange,12095,SPANISH NEWS/TALK,LA VOZ 1440,EX-WPRD/WWZN
1440,WGIG,GA,BRUNSWICK,5000.0,1000.0,,,31.1688,-81.5371,LICEN,"WGIG, WBGA",Glynn,13127,NEWS/TALK,FOX NEWS TALK SPORTS,//W254DO 98.7
1440,WDXQ,GA,COCHRAN,940.0,48.0,,,32.4121,-83.3616,LICEN,"WVMG, WDXQ, WDCO",Bleckley,13023,REG. MEX.,EL GALLO,EX-WVMG/WDCO //W244CL 96.7
1440,KCHE,IA,CHEROKEE,390.0,29.0,,,42.7891,-95.5525,LICEN,,Cherokee,19035,ADLT STNDS,TIMELESS CLASSICS,//FM 92.1
1440,KHLY,ID,HAILEY,270.0,107.0,,,43.5496,-114.3223,LICEN,"KBET, KPTO, KBET, KPTO",Blaine,16013,ROCK,SUN VALLEYS STN CHOICE,EX-KBET/KPTO //K279DA 103.7
1440,WIBH,IL,ANNA,500.0,109.0,,,37.4459,-89.2501,LICEN,WRAJ,Union,17181,CL. C&W,ABC CLASSIC COUNTRY,EX-WRAJ //W273DE 102.5
1440,WROK,IL,ROCKFORD,5000.0,270.0,,,42.2792,-89.0376,LICEN,,Winnebago,17201,SILENT,FOX SRN NEWSTALK 1440,//W241DF 96.1
1440,WPGW,IN,PORTLAND,500.0,45.0,,,40.4362,-85.0155,LICEN,,Jay,18075,CLASSIC ROCK,J COUNTRY 101 PG14,//W287BC 105.3
1440,KMAJ,KS,TOPEKA,5000.0,1000.0,,,39.0186,-95.573,LICEN,"KSKX, KEWI",Shawnee,20177,TALK/SPORTS,FOX WW1 BIG TALKER,EX-KEWI //K228FW 93.5
1440,WYGH,KY,PARIS,1000.0,25.0,,,38.2251,-84.2497,LICEN,,Bourbon,21017,REG. MEX.,RADIO VIDA,//W265DT 100.9
1440,WVEI,MA,WORCESTER,5000.0,5000.0,,,42.2898,-71.8462,LICEN,"WBHT, WVEI, WWTM",Worcester,25027,SPORTS,W1S WEEI FM,
1440,WRED,ME,WESTBROOK,1000.0,1000.0,,,43.6804,-70.3791,LICEN,"WMER, WWGT, WLPZ, WJAE, WJJB",Cumberland,23005,SPORTS,FOX W1S THE BIG JAB,EX-WJAE/WJJB //WJJB 96.3
1440,WMAX,MI,BAY CITY,5000.0,2500.0,,,43.5242,-83.9661,LICEN,"WBCM, WUNI",Bay,26017,RELIGION,EWTN AVE MARIA RADIO,EX-WGVU //WDEO-990
1440,WMKM,MI,INKSTER,1000.0,1000.0,,,42.2561,-83.3633,LICEN,"WCHB, WMKM, WRJD, WMKM, WDRJ",Wayne,26163,BLK GSPL/RELIGION,DETROIT GOSPEL 1440,EX-WMKM/WDRJ
1440,KYCR,MN,GOLDEN VALLEY,5000.0,500.0,,,44.9889,-93.3519,LICEN,"KQRS, KGLD, KQRS, KDIZ",Hennepin,27053,BUSINESS NEWS,SRN BNN BIZ 1440,EX-KQRS/KDIZ
1440,KKMP,MP,GARAPAN-SAIPAN,1100.0,1100.0,,,15.1578,145.718,LICEN,,Saipan,69110,,,
1440,WVGG,MS,LUCEDALE,5000.0,,,,30.933,-88.6059,LICEN,WRBE,George,28039,C&W/TALK,WW1,EX-WRBE //WRBE 106.9
1440,WOCJ,MS,PONTOTOC,1000.0,66.0,,,34.2529,-88.9601,LICEN,WSEL,Pontotoc,28115,BLK GSPL,,EX-WSEL //WSEL 96.7
1440,WBLA,NC,ELIZABETHTOWN,5000.0,197.0,,,34.6257,-78.6242,LICEN,,Bladen,37017,BLK GSPL,ABC SHINE 1440,
1440,WLXN,NC,LEXINGTON,5300.0,50.0,,,35.9204,-80.2503,LICEN,WBUY,Davidson,37057,C. CHRIST.,JOY FM,//W260BG 99.9
1440,KKXL,ND,GRAND FORKS,600.0,300.0,,,47.9644,-97.0298,LICEN,,Grand Forks,38035,SPORTS,FOX ESPN THE FAN,
1440,WMVB,NJ,MILLVILLE,460.0,46.0,,,39.4218,-75.0204,LICEN,WREY,Cumberland,34011,REG. MEX.,LA BRAVA 1440,EX-WREY //W241CS 96.1
1440,WFNY,NY,GLOVERSVILLE,5000.0,500.0,,,43.0326,-74.3501,LICEN,,Fulton,36035,CL. ROCK/VARIETY,FOX GLOVE CITIES FAVE,"//W231CF 94.1, W226CO 93.1"
1440,WLIM,NY,MEDFORD,1000.0,28.0,,,40.7959,-72.9918,LICEN,WNYG,Suffolk,36103,SPANISH NEWS/TALK,EN VIVO,"//W227CL 93.3,W295CK 106.9"
1440,WEBR,NY,NIAGARA FALLS,1000.0,55.0,,,43.0812,-79.0162,LICEN,WJJL,Niagara,36063,AC/EZL,THE BREEZE,EX-WJJL //W287CV 105.3
1440,WEBR,NY,NIAGARA FALLS,5000.0,400.0,,,43.0822,-79.0344,LICEN,WJJL,Niagara,36063,AC/EZL,THE BREEZE,EX-WJJL //W287CV 105.3
1440,WSGO,NY,OSWEGO,1000.0,45.0,,,43.4156,-76.4663,LICEN,,Oswego,36075,SPORTS,ESPN SYRACUSE,//WTLA-1200
1440,WRGM,OH,ONTARIO,1000.0,28.0,,,40.7681,-82.6177,LICEN,,Richland,39139,SPORTS,ESPN 106.7,//W294CK 106.7
1440,WHKZ,OH,WARREN,5000.0,5000.0,,,41.1645,-80.8462,LICEN,"WHHH, WRRO, WRBP, WHKW, WFHM, WHKW",Trumbull,39155,RELIGION,RELEVANT RADIO,//W298CX 107.5
1440,KODL,OR,THE DALLES,1000.0,370.0,,,45.6198,-121.1009,LICEN,,Wasco,41065,NEWS/TALK,WW1 NEWSTALK 100.7,"//K256AC 99.1, K263BT 100.7"
1440,WCDL,PA,CARBONDALE,5000.0,37.0,,,41.5562,-75.4855,LICEN,"WCDL, WKJN",Lackawanna,42069,OLDIES,FOX THE MOTHERSHIP,"//WICK-1400, W294BJ 106.7"
1440,WNPV,PA,LANSDALE,250.0,23.0,,,40.2384,-75.3154,LICEN,,Montgomery,42091,C. CHRIST.,WORD FM,"//W285EW 104.9, W253CA 98.5"
1440,WLCH,PA,MANCHESTER TOWNSHIP,730.0,53.0,,,39.9996,-76.7452,LICEN,"WGCB, WTHM, WGLD",York,42133,REG. MEX.,WLCH RADIO CENTRO,EX-WTHM/WGLD //W296EA 107.1
1440,WGVL,SC,GREENVILLE,5000.0,5000.0,,,34.8687,-82.4684,LICEN,"WGSL, WSSL",Greenville,45045,URBAN NEWS/TALK,BIN BLACK INFO NETWORK,EX-WSSL
1440,WJBS,SC,HOLLY HILL,1000.0,,,,33.3399,-80.4381,LICEN,WKHJ,Orangeburg,45075,GOSPEL,TRUTH RADIO,//W241CT 96.1
1440,WZYX,TN,COWAN,5000.0,66.0,,,35.1609,-86.0308,LICEN,,Franklin,47051,AC/TALK,FOX WW1 THE EAGLE,"//W233BN 94.5, W237DT 95.3"
1440,WHDM,TN,MCKENZIE,420.0,91.0,,,36.133,-88.5235,LICEN,,Carroll,47017,OLDIES,WW1 GOODTIME OLDIES,//W255BF 98.9
1440,KPUR,TX,AMARILLO,5000.0,1000.0,,,35.1223,-101.803,LICEN,,Potter,48375,C&W,SRN TEXAS 95.7,//FM 95.7
1440,KEYS,TX,CORPUS CHRISTI,1000.0,199.0,,,27.7842,-97.4583,LICEN,,Nueces,48355,NEWS/TALK,WW1 NEWS TALK KEYS,//K254DH 98.7
1440,KETX,TX,LIVINGSTON,5000.0,91.0,,,30.7399,-94.9252,LICEN,,Polk,48373,CLASSIC ROCK,THE EAGLE,//K272FY 102.3
1440,KELG,TX,MANOR,800.0,500.0,,,30.3269,-97.5433,LICEN,,Travis,48453,SPANISH RELIGION,RADIO VIDA LA 1440,//K284CQ 104.7
1440,KEXB,TX,UNIVERSITY PARK,50000.0,350.0,,,32.7507,-96.7231,LICEN,"KDNT, KICI, KINF, KTNO",Dallas,48113,RELIGION,RELEVANT RADIO,EX-KINF/KTNO
1440,WKLV,VA,BLACKSTONE,5000.0,72.0,,,37.054,-78.0206,LICEN,"WKLV, WBBC",Nottoway,51135,OLDIES,WW1 K 92.7,EX-WBBC //W224DB 92.7
1440,WDKF,WI,GREEN BAY,5000.0,500.0,,,44.4778,-88.0001,LICEN,WNFL,Brown,55009,SPORTS,99.7 101.9 WNFL SPORTS,EX-WNFL //W270AJ 101.9
1440,WHIS,WV,BLUEFIELD,5000.0,500.0,,,37.2759,-81.2515,LICEN,,Mercer,54055,NEWS/TALK,FOX SRN NEWSTALK,//W247BO 97.3
1440,WAJR,WV,MORGANTOWN,5000.0,500.0,,,39.6762,-80.0031,LICEN,,Monongalia,54061,NEWS/TALK/SPORTS,FOX VOICE OF MORG,//W283CR 104.5
1450,KLAM,AK,CORDOVA,250.0,250.0,,,60.5384,-145.7617,LICEN,,Valdez-Cordova,2261,TALK/CLASSIC ROCK,ABC SOMEONE TO TURN TO,
1450,WDNG,AL,ANNISTON,1000.0,1000.0,,,33.6643,-85.8494,LICEN,,Calhoun,1015,CLASSIC ROCK,95.1 THE MOUNTAIN,//W236CQ 95.1
1450,WZGX,AL,BESSEMER,1000.0,1000.0,,,33.4232,-86.9547,LICEN,"WYAM, WSMQ",Jefferson,1073,REG. MEX.,RADIO ESTRELLA,//W231DE 94.1
1450,WDIG,AL,DOTHAN,1000.0,1000.0,,,31.2196,-85.3705,LICEN,"WDIG, WWNT, WDYG",Houston,1069,OLDIES,WW1 ALL OLDIES,EX-WWNT/WDYG //W271DN 102.1
1450,WTKI,AL,HUNTSVILLE,1000.0,1000.0,,,34.7251,-86.6042,LICEN,"WFIX, WKGL, WTKI, WHOH",Madison,1089,AC/EZL,EASY 105.3,EX-WFIX/WHOH //W287DH 105.3
1450,WLAY,AL,MUSCLE SHOALS,1000.0,1000.0,,,34.6773,-87.7209,LICEN,,Colbert,1033,OLDIES,ABC ROCK & ROLL GOLD,//W284DS 104.7
1450,KNHD,AR,CAMDEN,1000.0,1000.0,,,33.5637,-92.8438,LICEN,"KJWH, KOSG",Ouachita,5103,RELIGION,NEW HORIZON,EX-KJWH/KOSG //K250BQ 97.9
1450,KNOT,AZ,PRESCOTT,1000.0,1000.0,,,34.545,-112.4468,LICEN,,Yavapai,4025,SPORTS/TALK/REL,EWTN FSR THE TEAM 1450,//K280GH 103.9
1450,KTZR,AZ,TUCSON,1000.0,1000.0,,,32.2012,-110.9473,LICEN,"KKPW, KFXX, KTZR, KWFM",Pima,4019,TALK,TALK OF TUCSON,EX-KWFM
1450,KFSD,CA,ESCONDIDO,1000.0,1000.0,,,33.1172,-117.12,LICEN,"KOWN, KOWA, KSPA, KFSD, KSPA",San Diego,6073,RELIGION,EWTN JOHN PAUL II R.,"//K227BN 93.3, KCJP-LP 95.7"
1450,KQTE,CA,HELENDALE,760.0,760.0,,,34.7666,-117.2476,LICEN,,San Bernardino,6071,SPORTS,ESPN THE MINT,//K268DU 101.5
1450,KTIP,CA,PORTERVILLE,1000.0,1000.0,,,36.0953,-119.0522,LICEN,,Tulare,6107,OLDIES,JAM'N OLD SCHOOL,//K267CG 101.3
1450,KEST,CA,SAN FRANCISCO,1000.0,960.0,,,37.7161,-122.395,LICEN,,Alameda,6001,ETHNIC/STNDS,,
1450,KVML,CA,SONORA,940.0,940.0,,,38.0083,-120.3633,LICEN,,Tuolumne,6109,NEWS/TALK,ABC VOICE MOTHER LODE,//K274CG 102.7
1450,KOBO,CA,YUBA CITY,166.0,820.0,,,39.1059,-121.6567,LICEN,,Sutter,6101,ETHNIC S. ASIAN,PUNJABI RADIO,//K243CF 96.5
1450,KGIW,CO,ALAMOSA,1000.0,1000.0,,,37.4722,-105.8542,LICEN,,Alamosa,8003,CLASSIC HITS,ABC NEWS INFO STATION,//K287CA 105.3
1450,KAVP,CO,COLONA,1000.0,1000.0,,,38.3878,-107.6751,LICEN,,Montrose,8085,SPORTS,ESPN MONTROSE,//K248AE 97.5
1450,KGRE,CO,GREELEY,1000.0,1000.0,,,40.4375,-104.7241,LICEN,"KGRE, KATR",Weld,8123,REG. MEX.,TIGRE 1450,//K271BN 102.1
1450,WZKZ,CT,BRIDGEPORT,1000.0,1000.0,,,41.2195,-73.2018,LICEN,"WNAB, WJBX, WCUM",Fairfield,9001,SPANISH TROPICAL,VIVA RADIO,"//W277DP 103.3,W288DL 105.5"
1450,WOL,DC,WASHINGTON,370.0,370.0,,,38.9554,-77.0039,LICEN,,Montgomery,24031,URBAN NEWS/TALK,ABC NEWSTALK 1450,//W240DJ 95.9
1450,WILM,DE,WILMINGTON,1000.0,1000.0,,,39.7342,-75.5285,LICEN,,New Castle,10003,NEWS/TALK,FOX NEWSRADIO,
1450,WWJB,FL,BROOKSVILLE,1000.0,1000.0,,,28.5508,-82.417,LICEN,,Hernando,12053,C&W,103.9 THE BOOT,"//W280DK 103.9,W222CI 92.3"
1450,WMFJ,FL,DAYTONA BEACH,1000.0,1000.0,,,29.2253,-81.0248,LICEN,,Volusia,12127,RELIGION,SRN THE CORNERSTONE,//W245DF 96.9
1450,WKAT,FL,MIAMI,1000.0,1000.0,,,25.8398,-80.1895,LICEN,WOCN,Miami-Dade,12086,SPANISH RELIGION,RADIO LUZ MIAMI,//W270CV 101.9
1450,WBSR,FL,PENSACOLA,1000.0,1000.0,,,30.4526,-87.2405,LICEN,,Escambia,12033,SPORTS,FOX SPORTS PENSACOLA,//W266AL 101.1
1450,WSDV,FL,SARASOTA,1000.0,1000.0,,,27.3367,-82.5734,LICEN,"WSPB, WSRZ, WSPB, WSRQ",Sarasota,12115,ROCK,103.9 KISS FM,EX-WSPB/WSRQ //W280EV 103.9
1450,WSTU,FL,STUART,1000.0,1000.0,,,27.2151,-80.2564,LICEN,,Martin,12085,OLDIES,TRUE OLDIES CHANNEL,
1450,WTAL,FL,TALLAHASSEE,1000.0,1000.0,,,30.4291,-84.3285,LICEN,,Leon,12073,TALK/RELIGION,ABC HALLELUJAH 95.3,//W237FB 95.3
1450,WBHF,GA,CARTERSVILLE,1000.0,1000.0,,,34.1859,-84.8036,LICEN,"WBHF, WPCG",Bartow,13015,TALK/ADLT STNDS,FOX COMMUNITY RADIO,EX-WBHF/WPCG //W262CD 100.3
1450,WCON,GA,CORNELIA,1000.0,1000.0,,,34.5159,-83.5388,LICEN,,Habersham,13137,ADLT STNDS,ABC 107.7 THE BREEZE,//W299AT 107.7
1450,WKEU,GA,GRIFFIN,1000.0,1000.0,,,33.2401,-84.2485,LICEN,,Spalding,13255,OLDIES,ABC THE ROCK 1450-88.9,"//FM 88.9, W272DM 102.3"
1450,WMVG,GA,MILLEDGEVILLE,1000.0,1000.0,,,33.0829,-83.2502,LICEN,,Baldwin,13009,ADLT CONT,,//W283CZ 104.5
1450,WVLD,GA,VALDOSTA,860.0,860.0,,,30.8349,-83.2991,LICEN,,Lowndes,13185,OLDIES,ROCK 93.3,//W227DP 93.3
1450,KMRY,IA,CEDAR RAPIDS,1000.0,1000.0,,,42.0069,-91.7083,LICEN,"KLWW, KCDR",Linn,19113,OLDIES,CLASSIC,//K226BO 93.1
1450,KBFI,ID,BONNERS FERRY,1000.0,1000.0,,,48.6888,-116.3355,LICEN,,Boundary,16021,NEWS/TALK,ABC N. IDAHO'S RADIO,"//K246CU 97.1, KSPT-1400"
1450,KVSI,ID,MONTPELIER,1000.0,1000.0,,,42.3171,-111.323,LICEN,,Bear Lake,16007,ADLT CONT,ABC 104.5 THE WAVE,"//K269FQ 101.7,K283CX 104.5"
1450,KTRP,ID,NOTUS,1000.0,1000.0,,,43.8454,-116.7568,LICEN,"KYET, KACY, KIOV, KWEI",Payette,16075,SPANISH RELIGION,ESTACION DE LA FAMILIA,EX-KIOV/KWEI //K276GE 103.1
1450,KEZJ,ID,TWIN FALLS,1000.0,1000.0,,,42.5433,-114.4714,LICEN,KEEP,Twin Falls,16083,SPANISH RELIGION,R. CATOLICA SAL Y LUZ,//KCID-1490
1450,WRLL,IL,CICERO,1000.0,1000.0,,,41.8325,-87.7056,LICEN,"WXOL, WVON",Cook,17031,SPANISH,THE REAL 1450,EX-WVON
1450,WKEI,IL,KEWANEE,500.0,1000.0,,,41.2267,-89.9348,LICEN,,Henry,17073,NEWS/TALK/SPORTS,FOX TALK TRI-COUNTIES,//W299BN 107.7
1450,WFMB,IL,SPRINGFIELD,1000.0,1000.0,,,39.7601,-89.6515,LICEN,WCVS,Sangamon,17167,TALK/SPORTS,ABC ESPN SPORTSRADIO,EX-WCVS //W222CG 92.3
1450,WIOE,IN,FORT WAYNE,1000.0,1000.0,,,41.0706,-85.1194,LICEN,"WAFX, WEZR, WLYV",Allen,18003,OLDIES,WW1 OLDIES 101.1,EX-WLYV //W282CH 104.3
1450,WXVW,IN,JEFFERSONVILLE,1000.0,1000.0,,,38.2948,-85.7519,LICEN,"WXVW, WAVG, WQKC",Clark,18019,TALK/SPORTS,THE BIG X,EX-WAVG/WQKC //W241CK 96.1
1450,WXVW,IN,JEFFERSONVILLE,360.0,360.0,,,38.3183,-85.745,LICEN,"WXVW, WAVG, WQKC",Clark,18019,TALK/SPORTS,THE BIG X,EX-WAVG/WQKC //W241CK 96.1
1450,WASK,IN,LAFAYETTE,1000.0,1000.0,,,40.4022,-86.8497,LICEN,,Tippecanoe,18157,SPORTS,FOX ESPN THE HAMMER,//W269DJ 101.7
1450,WAOV,IN,VINCENNES,1000.0,1000.0,,,38.7073,-87.495,LICEN,,Knox,18083,NEWS/TALK/SPORTS,NEWS KNOW COUNTY,"//W247CZ 97.3, W249DC 97.7"
1450,KQYX,KS,GALENA,940.0,940.0,,,37.0695,-94.5472,LICEN,WMBH,Jasper,29097,AC/EZL,MAGIC MIX 92.9,EX-WMBH //K225CS 92.9
1450,KWBW,KS,HUTCHINSON,1000.0,1000.0,,,38.0728,-97.9651,LICEN,,Reno,20155,NEWS/TALK,NEWS TALK SPORTS,//K253BP 98.5
1450,WTCO,KY,CAMPBELLSVILLE,1000.0,1000.0,,,37.3353,-85.3758,LICEN,"WCKQ, WKXJ",Taylor,21217,CLASICROCK/SPORTS,ESPN THE ROCK,//W294CO 106.7
1450,WWXL,KY,MANCHESTER,1000.0,1000.0,,,37.1512,-83.7624,LICEN,"WWXL, WWLT",Clay,21051,CLASSIC ROCK,CLASSIC HITS,EX-WWLT
1450,WWKU,KY,PLUM SPRINGS,1000.0,1000.0,,,37.0103,-86.4239,LICEN,WCDS,Warren,21227,ROCK,"THE POINT 98.1, 98.3",EX-WCDS //W274CD 102.7
1450,WDXR,KY,PADUCAH,250.0,250.0,,,37.0523,-88.6009,LICEN,,McCracken,21145,CLASSIC ROCK,ABC SRN DXR 93.3 102.5,"//W273CH 102.5, W242CX 96.3"
1450,KSIG,LA,CROWLEY,1000.0,1000.0,,,30.2294,-92.3499,LICEN,,Acadia,22001,AC/EZL,SUNNY 95.1,//K236CW 95.1
1450,WNBP,MA,NEWBURYPORT,1000.0,1000.0,,,42.8231,-70.8612,LICEN,"WCEA, WNCG",Essex,25009,BUSINESS TALK,BLOOMBERG 92.9,EX-WNCG //W291CC 106.1
1450,WHLL,MA,SPRINGFIELD,1000.0,1000.0,,,42.1092,-72.6106,LICEN,WMAS,Hampden,25013,SPANISH HITS,LA NUEVA 98.1,EX-WMAS //W251CT 98.1
1450,WTBO,MD,CUMBERLAND,1000.0,1000.0,,,39.6461,-78.752,LICEN,,Allegany,24001,OLDIES,ABC THE BEST OLDIES,"//W289BR 105.7,W250CM 97.9"
1450,WTHU,MD,THURMONT,500.0,400.0,,,39.6271,-77.4028,LICEN,"WTHU, WFCO",Frederick,24021,OLDIES,COOL OLDIES 1450 AM,
1450,WPNO,ME,SOUTH PARIS,1000.0,1000.0,,,44.2212,-70.5281,LICEN,"WXIV, WOXO, WKTQ, WOXO",Oxford,23017,TALK,FOX 96.9 THE PATRIOT,//W245CQ 96.9
1450,WHTC,MI,HOLLAND,1000.0,1000.0,,,42.7948,-86.1061,LICEN,,Ottawa,26139,OLDIES,NBC HOLLANDS COOL FM,//W259CO 99.7
1450,WMIQ,MI,IRON MOUNTAIN,1000.0,1000.0,,,45.8211,-88.0546,LICEN,,Dickinson,26043,CLASSIC HITS,IRON MTN CLASSIC HITS,
1450,WIBM,MI,JACKSON,810.0,810.0,,,42.2373,-84.3644,LICEN,"WXCM, WIBM, WCXI",Jackson,26075,C&W,POWER COW,EX-WCXI //W240DG 95.9
1450,WKLA,MI,LUDINGTON,1000.0,1000.0,,,43.9514,-86.4245,LICEN,,Mason,26105,OLDIES,ABC SUPERHITS,"//W224CA 92.7, W292FE 106.3"
1450,WNBY,MI,NEWBERRY,1000.0,1000.0,,,46.3133,-85.5107,LICEN,,Luce,26095,CL. C&W,ABC COUNTRY CLASSICS,
1450,WPHM,MI,PORT HURON,1000.0,1000.0,,,42.977,-82.4644,LICEN,WHLS,St. Clair,26147,AMERICANA,,EX-WHLS //W288BT 105.5
1450,KATE,MN,ALBERT LEA,1000.0,1000.0,,,43.6333,-93.3711,LICEN,,Freeborn,27047,TALK/ADLT STNDS,ABC WW1 KATE RADIO,
1450,KBUN,MN,BEMIDJI,1000.0,1000.0,,,47.4655,-94.9058,LICEN,,Beltrami,27007,SPORTS,ESPN THE BUN,//K235BP 94.9
1450,KBMW,MN,BRECKENRIDGE,1000.0,1000.0,,,46.2805,-96.5884,LICEN,,Wilkin,27167,C&W,VOICE OF THE VALLEY,//K232FH 94.3
1450,WELY,MN,ELY,770.0,770.0,,,47.8944,-91.864,LICEN,,St. Louis,27137,OLDIES,END OF THE ROAD RADIO,//K280AT 103.9
1450,KNSI,MN,ST. CLOUD,1000.0,1000.0,,,45.5391,-94.1683,LICEN,"KNSI, KCLD",Benton,27009,NEWS/TALK,FOX NEWSTALK,EX-KCLD //K257GK 99.3
1450,KIRX,MO,KIRKSVILLE,1000.0,1000.0,,,40.2067,-92.5755,LICEN,,Adair,29001,OLDIES/TALK,WW1 GOOD TIME OLDIES,//K259BF 99.7
1450,KOKO,MO,WARRENSBURG,1000.0,1000.0,,,38.7756,-93.7202,LICEN,,Johnson,29101,OLDIES,FOX GOOD TIME OLDIES,//K221GY 92.1
1450,KWPM,MO,WEST PLAINS,1000.0,1000.0,,,36.7412,-91.8337,LICEN,,Howell,29091,NEWS/TALK,ABC WW1 NEWSRADIO,//K286CK 105.1
1450,WROX,MS,CLARKSDALE,1000.0,1000.0,,,34.2112,-90.5784,LICEN,,Coahoma,28027,URBAN OLDIES,FOX CLASSIC SOUL BLUES,//W248CL 97.5
1450,WCJU,MS,COLUMBIA,1000.0,1000.0,,,31.2374,-89.8401,LICEN,,Marion,28091,CLASSIC ROCK,ABC THE PEARL,//W274CB 102.7
1450,WNAT,MS,NATCHEZ,1000.0,1000.0,,,31.5593,-91.3918,LICEN,,Adams,28001,URBAN AC,JAM'N 106.3,//W292FK 106.3
1450,KMMS,MT,BOZEMAN,1000.0,1000.0,,,45.6983,-111.0288,LICEN,"KXXL, KUUB",Gallatin,30031,TALK,FOX NEWSTALK LEADER,EX-KUUB //KPRK-1340
1450,KQDI,MT,GREAT FALLS,720.0,720.0,,,47.4655,-111.3236,LICEN,"KQDI, KMSL",Cascade,30013,NEWS/TALK,NEWSTALK 1450,EX-KQDI/KMSL //K248DJ 97.5
1450,KGRZ,MT,MISSOULA,1000.0,1000.0,,,46.8774,-114.0443,LICEN,,Missoula,30063,SPORTS,FOX GRIZSPORTS,//K224AA 92.7
1450,KVCK,MT,WOLF POINT,1000.0,1000.0,,,48.0884,-105.6567,LICEN,"KVCK, KTYZ",Roosevelt,30085,OLDIES,ABC THE WOLF,EX-KTYZ //K296BW 107.1
1450,WATA,NC,BOONE,1000.0,1000.0,,,36.2165,-81.7015,LICEN,,Watauga,37189,NEWS/TALK,FOX HIGH COUNTRY,//W243DH 96.5
1450,WGNC,NC,GASTONIA,1000.0,1000.0,,,35.2757,-81.2009,LICEN,"WCKZ, WBIG",Gaston,37071,TALK,NEWSTALK,EX-WBIG //W266DC 101.1
1450,WIZS,NC,HENDERSON,1000.0,1000.0,,,36.3375,-78.4194,LICEN,,Vance,37181,C&W/OLDIES,ABC COMMUNITY VOICE,//W261DK 100.1
1450,WHKP,NC,HENDERSONVILLE,970.0,970.0,,,35.339,-82.4554,LICEN,,Henderson,37089,C&W/TALK,FOX,//W299BZ 107.7
1450,WNOS,NC,NEW BERN,1000.0,1000.0,,,35.101,-77.0755,LICEN,"WHIT, WJQI",Craven,37049,TALK,SRN NEWSTALK,//W272EK 102.3
1450,WMRV,NC,SPRING LAKE,950.0,950.0,,,35.1866,-78.9595,LICEN,"WRZK, WPJS, WCIE, WFBX",Cumberland,37051,CLASSIC ROCK,106.5 THE RIVER,EX-WFBX //W239DD 106.5
1450,KZZJ,ND,RUGBY,1000.0,1000.0,,,48.3539,-99.9924,LICEN,KGCA,Pierce,38069,C&W,FRESH NEW COUNTRY,//K221GN 92.1
1450,KWBE,NE,BEATRICE,530.0,530.0,,,40.2636,-96.7745,LICEN,,Gage,31067,TALK/OLDIES,ABC NEWS CHANNEL,//K234CW 94.7
1450,WKXL,NH,CONCORD,1000.0,1000.0,,,43.1947,-71.555,LICEN,,Merrimack,33013,NEWS/TALK,NBC NH TALK RADIO,"//W270DS 101.9,W280EC 103.9"
1450,WPGG,NJ,ATLANTIC CITY,1000.0,1000.0,,,39.3784,-74.4476,LICEN,"WIIN, WFPG, WKXW, WENJ",Atlantic,34001,TALK,FOX WPG TALKRADIO 95.5,EX-WKXW/WENJ //W238CZ 95.5
1450,WCTC,NJ,NEW BRUNSWICK,1000.0,1000.0,,,40.4923,-74.4193,LICEN,,Middlesex,34023,SPORTS,FOX SPORTS NEW JERSEY,//W228DY 93.5
1450,KRZY,NM,ALBUQUERQUE,1000.0,1000.0,,,35.1323,-106.6223,LICEN,,Bernalillo,35001,SPANISH SPORTS,TUDN DEPORTES,
1450,KLMX,NM,CLAYTON,1000.0,1000.0,,,36.4442,-103.1905,LICEN,,Union,35059,RELIGION,CROSSROADS CHRISTIAN,//K283CV 104.5
1450,KOBE,NM,LAS CRUCES,1000.0,1000.0,,,32.302,-106.8028,LICEN,,Doña Ana,35013,NEWS/TALK,SRN TALK DONE RIGHT,//K224FI 92.7
1450,KSEL,NM,PORTALES,950.0,950.0,,,34.1976,-103.3238,LICEN,KENM,Roosevelt,35041,CL. C&W,WW1 COW COUNTRY,
1450,KWES,NM,RUIDOSO,1000.0,910.0,,,33.3262,-105.6711,LICEN,,Lincoln,35027,C&W,FOX BEAR COUNTRY 94.7,//K234AQ 94.7
1450,KHIT,NV,RENO,1000.0,1000.0,,,39.5741,-119.8477,LICEN,"KONE, KOZZ, KPTT",Washoe,32031,SPORTS,ESPN 94.1,EX-KOZZ/KPTT //K231CS 94.1
1450,WENI,NY,CORNING,1000.0,930.0,,,42.1165,-77.0397,LICEN,WCLI,Steuben,36101,C&W,BIGFOOT CNTRY LEGENDS,//WKPQ 105.3
1450,WWSC,NY,GLENS FALLS,1000.0,940.0,,,43.3126,-73.5982,LICEN,,Warren,36113,CLASSIC ROCK,93 WSC THE LEGEND,//W226CP 93.1
1450,WOLY,NY,OLEAN,1000.0,1000.0,,,42.0762,-78.4737,LICEN,WHDL,Cattaraugus,36009,CHR/AC,BIG OLY 107.1,//W228AT 107.1 EX-WHDL
1450,WKIP,NY,POUGHKEEPSIE,1000.0,910.0,,,41.7045,-73.8874,LICEN,,Dutchess,36027,TALK,FOX WW1 NEWSRADIO,//WJIP-1370
1450,WKAL,NY,ROME,1000.0,1000.0,,,43.2051,-75.4788,LICEN,"WZLB, WFRG, WODZ, WFRY, WODZ, WYFY, WRUY",Oneida,36065,REG. MEX.,EL ZORRO RADIO LATINO,EX-WYFY/WRUY //W277DR 103.3
1450,WJER,OH,DOVER-NEW PHILADELPH,1000.0,1000.0,,,40.5128,-81.4568,LICEN,,Tuscarawas,39157,ADLT CONT,AP VOICE OF THE VALLEY,//W265DL 100.9
1450,WMOH,OH,HAMILTON,1000.0,1000.0,,,39.4034,-84.5305,LICEN,,Butler,39017,NEWS/TALK/SPORTS,SRN THE TICKET,
1450,WLEC,OH,SANDUSKY,1000.0,1000.0,,,41.4412,-82.6871,LICEN,,Erie,39043,ADLT STNDS/OLDIES,NBC TIMELESS CLASSICS,//W228EN 93.5
1450,KWHW,OK,ALTUS,668.0,668.0,,,34.6265,-99.3365,LICEN,,Jackson,40065,C&W,ABC THE LEGEND,//K245CY 96.9
1450,KGFF,OK,SHAWNEE,1000.0,1000.0,,,35.3529,-96.8778,LICEN,,Pottawatomie,40125,OLDIES/ROCK,WW1 KOOL GOLD,//K265FE 100.9
1450,KSIW,OK,WOODWARD,1000.0,1000.0,,,36.4269,-99.4064,LICEN,,Woodward,40153,SPORTS,ESPN SPORTS ANIMAL,
1450,KEED,OR,EUGENE,1000.0,1000.0,,,44.0815,-123.1106,LICEN,"KEED, KRXX, KKXO, KOPT, KLZS",Lane,41039,OLDIES,,EX-KOPT/KLZS //K282CA 104.3
1450,KFLS,OR,KLAMATH FALLS,1000.0,1000.0,,,42.2049,-121.7608,LICEN,,Klamath,41035,TALK/SPORTS,ESPN WW1 NEWSTALK,//K273DF 102.5
1450,KLBM,OR,LA GRANDE,1000.0,1000.0,,,45.329,-118.0677,LICEN,,Union,41061,TALK,ABC SUPERTALK 1450,//KBKR-1490
1450,KBPS,OR,PORTLAND,738.0,1000.0,,,45.5266,-122.6521,LICEN,,Multnomah,41051,NEWS/TALK/VARIETY,PORTLAND PUBLIC SCHOOL,//KPSU AT TIMES
1450,WPSE,PA,ERIE,1000.0,770.0,,,42.1364,-80.0401,LICEN,"WWGO, WEYZ",Erie,42049,BUSINESS NEWS,FOX MONEY RADIO,//W296BW 107.1
1450,WFRA,PA,FRANKLIN,990.0,990.0,,,41.3917,-79.8112,LICEN,,Venango,42121,CONTEMP. HITS,POP 98.1 & 100.7,//WMGW-1490
1450,WDAD,PA,INDIANA,1000.0,1000.0,,,40.6381,-79.1461,LICEN,,Indiana,42063,OLDIES,CLASSIC HITS 1450,//W262CU 100.3
1450,WYNY,PA,MILFORD,1000.0,1000.0,,,41.3362,-74.7954,LICEN,"WQCD, WDRE, WMJQ",Pike,42103,CLASSIC ROCK,THE PIKE,//W295AQ 106.9
1450,WLEJ,PA,STATE COLLEGE,1000.0,1000.0,,,40.8089,-77.8408,LICEN,"WMAJ, WQWK",Centre,42027,C&W,BIGFOOT LEGENDS,EX-WMAJ/WQWK //W279DK 103.7
1450,WJPA,PA,WASHINGTON,1000.0,1000.0,,,40.1898,-80.2337,LICEN,,Washington,42125,OLDIES,GREAT HITS,//FM 95.3
1450,WCPR,PR,COAMO,1000.0,1000.0,,,18.0894,-66.3705,LICEN,,Coamo,72043,SPANISH AC,RADIO COAMO,
1450,WWRI,RI,WEST WARWICK,1000.0,1000.0,,,41.694,-71.5234,LICEN,"WKRI, WHIM, WDYZ, WHRC, WWRI, WLKW, WPVD",Kent,44003,CLASSIC ROCK,I-105.1,EX-WLKW/WPVD //W288EE 105.1
1450,WCRS,SC,GREENWOOD,1000.0,1000.0,,,34.2096,-82.1512,LICEN,,Greenwood,45047,ADLT STNDS/TALK,ABC VOICE OF GREENWOOD,//W253BL 98.5
1450,WWHK,SC,MYRTLE BEACH,1000.0,1000.0,,,33.7057,-78.89,LICSL,"WTGR, WKZQ, WJYR, WQJM, WRNN",Horry,45051,SILENT,CLASSIC COUNTRY HANK,EX-WRNN //W288DK 105.5
1450,KBFS,SD,BELLE FOURCHE,1000.0,1000.0,,,44.6672,-103.8566,LICEN,,Butte,46019,C&W/TALK,SRN DIRT ROAD RADIO,//KYDT 103.1
1450,KYNT,SD,YANKTON,1000.0,1000.0,,,42.8917,-97.4198,LICEN,,Yankton,46135,SOFT AC,ABC HOME TEAM,//K271CW 102.1
1450,WLAR,TN,ATHENS,1000.0,1000.0,,,35.4456,-84.6119,LICEN,,McMinn,47107,CLASSIC ROCK,ATHENS GREATEST MIX,"//W235AZ 94.9, WJSQ 101.7"
1450,WLMR,TN,CHATTANOOGA,1000.0,1000.0,,,35.0484,-85.2738,LICEN,"WZRA, WMOC",Hamilton,47065,RELIGION,CHRISTIAN TALK,EX-WMOC //W277DA 103.3
1450,WTRO,TN,DYERSBURG,700.0,700.0,,,36.0684,-89.3329,LICEN,WDSG,Dyer,47045,OLDIES,WW1 GOODTIME OLDIES,EX-WDSG //W269CE 101.7
1450,WSMG,TN,GREENEVILLE,670.0,670.0,,,36.1696,-82.8477,LICEN,,Greene,47059,CLASSIC ROCK,ABC JEWEL 95.5,//W238DC 95.5
1450,WLAF,TN,LA FOLLETTE,1000.0,1000.0,,,36.3812,-84.1255,LICEN,,Campbell,47013,S. GSPL,YOUR HOME FOR NOW,
1450,WGNS,TN,MURFREESBORO,1000.0,1000.0,,,35.8406,-86.3908,LICEN,,Rutherford,47149,NEWS/TALK,ABC NEWSRADIO,"//W263AI 100.5,W270AF 101.9"
1450,KCTI,TX,GONZALES,1000.0,1000.0,,,29.51,-97.4144,LICEN,"KCTI, KQQT",Gonzales,48177,NEWS/TALK,NPR TEXAS PUBLIC RADIO,EX-KCTI/KQQT //K223CZ 92.5
1450,KMBL,TX,JUNCTION,1000.0,1000.0,,,30.493,-99.7617,LICEN,,Kimble,48267,OLDIES,ABC,//K234DE 94.7
1450,KCYL,TX,LAMPASAS,800.0,800.0,,,31.0493,-98.1697,LICEN,,Lampasas,48281,C&W,,//KACQ 101.9
1450,KMHT,TX,MARSHALL,650.0,650.0,,,32.564,-94.3521,LICEN,,Harrison,48203,SPORTS,ESPN HEARTBEAT OF E.TX,//K245BW 96.9
1450,KNET,TX,PALESTINE,630.0,630.0,,,31.7729,-95.6166,LICEN,"KNET, KYYK",Anderson,48001,CLASSIC ROCK,,//K239AM 95.7 ESPN NIGHTS
1450,KSNY,TX,SNYDER,1000.0,1000.0,,,32.7259,-100.9421,LICSL,,Scurry,48415,SILENT,W1S THE ZONE,
1450,KEYY,UT,PROVO,1000.0,1000.0,,,40.2302,-111.6874,LICEN,,Utah,49049,RELIGION,SRN KEY RADIO,
1450,KSGO,UT,ST. GEORGE,1000.0,1000.0,,,37.038,-113.6375,LICEN,"KDLX, KSLI, KSGI, KTSP, KZNU",Washington,49053,NEWS/TALK,ABC SRN THE PATRIOT,EX KZNU //K226BQ 93.1
1450,WFTR,VA,FRONT ROYAL,1000.0,1000.0,,,38.9087,-78.1767,LICEN,,Warren,51187,SPORTS,INFINITY SPORTS NET,
1450,WVNZ,VA,HIGHLAND SPRINGS,960.0,960.0,,,37.5443,-77.3461,LICEN,"WENZ, WRGF, WCLM, WUWN, WBTL",Henrico,51087,URBAN OLDIES,ULTRA RADIO RICHMOND,EX-WUWN/WBTL //W225CU 92.9
1450,WREL,VA,LEXINGTON,1000.0,1000.0,,,37.7668,-79.432,LICEN,,Rockbridge,51163,C&W,BIG DAWG 100.3,//W262DG 100.3
1450,WTSA,VT,BRATTLEBORO,1000.0,1000.0,,,42.8704,-72.5592,LICEN,"WTSA, WMMJ",Windham,50025,CL. C&W,COUNTRY 99.5,//W258DQ 99.5
1450,KBKW,WA,ABERDEEN,1000.0,1000.0,,,46.9484,-123.8213,LICEN,"KBKW, KAYO",Grays Harbor,53027,RELIGION,SACRED HEART RADIO R,EX-KAYO //K278CU 103.5
1450,KCLX,WA,COLFAX,1000.0,900.0,,,46.9138,-117.3255,LICEN,,Whitman,53075,CL. C&W,ABC PALOUSE COUNTRY,
1450,KONP,WA,PORT ANGELES,1000.0,910.0,,,48.0984,-123.4069,LICEN,,Clallam,53009,NEWS/TALK/AC,ABC FOX NEWSRADIO 1450,"//K267CT 101.3,K269FX 101.7"
1450,KSUH,WA,PUYALLUP,1000.0,1000.0,,,47.1779,-122.2746,LICEN,"KJUN, KKBY",Pierce,53053,ETHNIC KOREAN,RADIO HANKOOK,EX-KJUN/KKBY //KWYZ-1230
1450,KFIZ,WI,FOND DU LAC,1000.0,1000.0,,,43.7911,-88.4712,LICEN,,Fond du Lac,55039,NEWS/TALK/SPORTS,FOX NEWSTALK 1450,//W264DN 100.7
1450,WHRY,WI,HURLEY,1000.0,1000.0,,,46.4155,-90.1596,LICEN,,Iron,55051,OLDIES,ABC OLDIES 102.9,//W275CR 102.9
1450,WDLB,WI,MARSHFIELD,750.0,1000.0,,,44.6969,-90.1557,LICEN,,Marathon,55073,OLDIES,CLASSIC HITS,//W254DL 98.7
1450,WRCE,WI,RICHLAND CENTER,1000.0,1000.0,,,43.3161,-90.3776,LICEN,WRCO,Richland,55103,NEWS/TALK,ABC RADIO IN CENTER,//W299CD 107.7 EX-WRCO
1450,WLUX,WV,DUNBAR,1000.0,1000.0,,,38.3493,-81.7479,LICEN,,Kanawha,54039,RELIGION,EWTN WV CATHOLIC RADIO,//WNUX 89.7
1450,WVAM,WV,PARKERSBURG,1000.0,1000.0,,,39.3159,-81.5271,LICEN,"WPAR, WIKS, WLTP, WHNK",Wood,54107,OLDIES,TRUE OLDIES,"//W251CP 98.1, W300AQ 107.9"
1450,KBBS,WY,BUFFALO,1000.0,1000.0,,,44.3425,-106.6823,LICEN,,Johnson,56019,CL. C&W,ABC CLASSIC HIT CNTRY,//K278CJ 103.5
1450,KJCV,WY,JACKSON,1000.0,1000.0,,,43.4624,-110.7944,LICEN,,Teton,56039,RELIGION,BOTT RADIO NETWORK,
1450,KVOW,WY,RIVERTON,1000.0,1000.0,,,43.0264,-108.3465,LICEN,,Fremont,56013,TALK,TLK OF FREMONT CTY,
1460,WHTY,AL,PHENIX CITY/COLUMBUS,4000.0,140.0,,,32.4329,-84.9505,LICEN,"WPNX, WIQN, WPNX, WHAL, WGSY",Muscogee,13215,URBAN NEWS/TALK,BIN BLACK INFO NETWORK,EX-WHAL/WGSY //W234BX 94.7
1460,KTYM,CA,INGLEWOOD,5000.0,500.0,,,34.0075,-118.3659,LICEN,,Los Angeles,6037,SPANISH RELIGION,ESNE RADIO,//K268DD 101.5
1460,KION,CA,SALINAS,10000.0,10000.0,,,36.733,-121.5933,LICEN,"KHTX, KRQC, KHTX, KDON, KTXX, KION, KABL",Monterey,6053,NEWS/TALK,FOX POWERTALK 101.1,EX-KTXX/KABL //K266BD 101.1
1460,KRRS,CA,SANTA ROSA,1000.0,33.0,,,38.3702,-122.7286,LICEN,"KQTE, KWFN",Sonoma,6097,REG. MEX.,LA MAQUINA MUSICAL,"//K298AZ 107.5, KZNB-1490"
1460,KCNR,CA,SHASTA,750.0,750.0,,,40.5537,-122.3825,LICEN,"KAVA, KMCA",Shasta,6089,TALK,ABC WW1,//K243CT 96.5
1460,KZNT,CO,COLORADO SPRINGS,5000.0,540.0,,,38.8261,-104.7419,LICEN,"KKCS, KWES, KKCS",El Paso,8041,NEWS/TALK,SRN FOX THE ANSWER,EX-KWES/KKCS //K266CK 101.1
1460,WQXM,FL,BARTOW,10000.0,155.0,,,27.9097,-81.8579,LICSL,"WBAR, WRMX",Polk,12105,SILENT,RITMO 99.9 FM 1460 AM,EX-WRMX //W260DA 99.9
1460,WZEP,FL,DEFUNIAK SPRINGS,10000.0,186.0,,,30.7294,-86.1177,LICEN,"WZEP, WPAF",Walton,12131,OLDIES,LEADER WALTON CNTY,
1460,WQOP,FL,JACKSONVILLE,15000.0,5000.0,,,30.328,-81.7468,LICEN,"WFYV, WZZN, WZNZ",Duval,12031,RELIGION,RELEVANT RADIO,EX-WZZN/WZNZ
1460,WXEM,GA,BUFORD,5000.0,193.0,,,34.1209,-83.9763,LICEN,"WJYA, WLKQ",Gwinnett,13135,REG. MEX.,LA MEJOR,EX-WLKQ //WAOS-1600
1460,KXNO,IA,DES MOINES,5000.0,5000.0,,,41.6458,-93.5369,LICEN,"KSO, KGGO, KDMI",Warren,19181,SPORTS,FSR W1S XNO,EX-KGGO/KDMI //FM 106.3
1460,WROY,IL,CARMI,1000.0,85.0,,,38.0826,-88.2017,LICEN,,White,17193,CLASSIC ROCK,,//W227ED 93.3
1460,WIXN,IL,DIXON,1000.0,23.0,,,41.8273,-89.4865,LICEN,,Lee,17103,OLDIES,ABC AMERICA BEST MUSIC,//W236DM 95.1
1460,WKJR,IL,RANTOUL,500.0,65.0,,,40.3103,-88.2151,LICEN,"WRTL, WUFI, WBAN, WJCI",Champaign,17019,SPANISH,RADIO VARIEDADES,EX-WBAN/WJCI //W293DB 106.5
1460,WKJR,IL,RANTOUL,125.0,16.0,,,40.3409,-88.1445,LICEN,"WRTL, WUFI, WBAN, WJCI",Champaign,17019,SPANISH,RADIO VARIEDADES,EX-WBAN/WJCI //W293DB 106.5
1460,WKAM,IN,GOSHEN,2500.0,500.0,,,41.5873,-85.8194,LICEN,,Elkhart,18039,REG. MEX.,LA RAZA 98.1,"//WHLY-1580, W251AR 98.1"
1460,WJCP,IN,NORTH VERNON,1000.0,92.0,,,38.9962,-85.6505,LICEN,"WINN, WNVI, WKRP, WNVI",Jennings,18079,C&W,ABC KORN 97.7 & 1460,EX-WKRP/WNVI //W249DG 97.7
1460,KKOY,KS,CHANUTE,1000.0,57.0,,,37.6884,-95.4703,LICEN,,Neosho,20133,C&W,THUNDER COUNTRY,//K260DF 99.9
1460,WEKB,KY,ELKHORN CITY,5000.0,114.0,,,37.3071,-82.3313,LICEN,WBPA,Pike,21195,RELIGION,PEACE RADIO,EX-WBPA
1460,WRVK,KY,MOUNT VERNON,1200.0,93.0,,,37.397,-84.3291,LICEN,,Rockcastle,21203,C&W/BLUEGRASS,SAYLOR BROADCASTING,//W249DT 97.7
1460,WXOK,LA,PORT ALLEN,4000.0,280.0,,,30.4608,-91.2437,LICEN,,West Baton Rouge,22121,BLK GSPL,HEAVEN 1460,//K239CX 95.7
1460,KTKC,LA,SPRINGHILL,1000.0,220.0,,,33.0079,-93.4788,LICEN,KBSF,Webster,22119,SPANISH RELIGION,RED DE RADIO AMISTAD,EX-KBSF //K300DQ 107.9
1460,WBMS,MA,BROCKTON,5000.0,30.0,,,42.0504,-71.0612,LICEN,"WBET, WBZB, WXBR, WATD",Plymouth,25023,VARIETY/ETHNIC,RADIO TELE BOSTON,"//WATD 95.9, W266DA 101.1"
1460,WKHZ,MD,EASTON,1000.0,500.0,,,38.7704,-76.0816,LICEN,"WEMD, WCEI, WEMD",Talbot,24041,OLDIES,,EX-WCEI/WEMD //970 WAMD
1460,WBRN,MI,BIG RAPIDS,5000.0,2500.0,,,43.6636,-85.4817,LICEN,,Mecosta,26107,NEWS/TALK/SPORTS,FOX NEWSRADIO 96.5,"//W256CC 99.1, W243EN96.5"
1460,WPON,MI,WALLED LAKE,670.0,580.0,,,42.5442,-83.5599,LICEN,,Oakland,26125,OLDIES,MOTOR CITY OLDIES,
1460,KDWA,MN,HASTINGS,1000.0,41.0,,,44.7372,-92.8285,LICEN,,Dakota,27037,NEWS/TALK,SRN TRI-COUNTY RADIO,//W249DK 97.7
1460,KDMA,MN,MONTEVIDEO,1000.0,1000.0,,,44.9347,-95.7478,LICSL,,Lac qui Parle,27073,SILENT,ABC TODAYS BEST CNTRY,//FM 93.9
1460,KKAQ,MN,THIEF RIVER FALLS,2500.0,150.0,,,48.1236,-96.1423,LICEN,,Pennington,27113,C&W,ABC CLASSIC COUNTRY,//K253CL 98.5
1460,KHOJ,MO,ST. CHARLES,12000.0,210.0,,,38.8348,-90.469,LICEN,KIRL,St. Charles,29183,RELIGION,EWTN HEART OF JESUS,EX-KIRL //WRYT-1080
1460,WELZ,MS,BELZONI,1000.0,,,,33.1734,-90.4809,LICEN,,Humphreys,28053,CLASSIC ROCK,THE DELTAS GROOVE,//W262DE 100.3
1460,WRKB,NC,KANNAPOLIS,2000.0,194.0,,,35.4874,-80.6048,LICEN,,Cabarrus,37025,S. GSPL/RELIGION,BEST&MOST S. GSPL,//WRNA-1140
1460,WEWO,NC,LAURINBURG,5000.0,5000.0,,,34.7835,-79.5109,LICEN,"WMXF, WEMO",Scotland,37165,BLK GSPL,ABC INSPIRATION & INFO,"//WIDU-1600,WYDU-1160,WAGR"
1460,WHBK,NC,MARSHALL,5000.0,139.0,,,35.8012,-82.6799,LICEN,WMMH,Madison,37115,S. GSPL,SRN SOLID GOSPEL,//W240DS 95.9
1460,KLTC,ND,DICKINSON,5000.0,770.0,,,46.8489,-102.8302,LICEN,,Stark,38089,C&W/TALK,WW1 CLASSIC COUNTRY,//K295BR 106.9
1460,KXPN,NE,KEARNEY,5000.0,56.0,,,40.6931,-99.167,LICEN,"KRNY, KKOA, KKPR",Buffalo,31019,SPORTS,ESPN TRI-CITIES,EX-KKOA/KKPR //KICS-1550
1460,WIFI,NJ,FLORENCE,5000.0,500.0,,,40.0815,-74.7943,LICEN,WRLB,Burlington,34005,SPANISH TROPICAL,MAXIMA 92.9,EX-WRLB //W225DJ 92.9
1460,KENO,NV,LAS VEGAS,10000.0,620.0,,,36.1903,-115.1772,LICEN,,Clark,32003,SPANISH SPORTS,VEGAS DEPORTES,
1460,WOPG,NY,ALBANY,5000.0,5000.0,,,42.6226,-73.8021,LICEN,"WWCN, WOKO, WGNA, WDDY",Albany,36001,RELIGION,EWTN PEACE & GOODNESS,EX-WGNA/WDDY //FM 89.9
1460,WVOX,NY,NEW ROCHELLE,500.0,122.0,,,40.9276,-73.7743,LICSL,,Westchester,36119,SILENT,YR SONGS YR MEMORIES,//W252DX 98.3
1460,WHIC,NY,ROCHESTER,3700.0,5000.0,,,43.0831,-77.6475,LICEN,WWWG,Monroe,36055,RELIGION,EWTN STN OF THE CROSS,"//WMTQ 88.1, W225AR 92.9"
1460,WBNS,OH,COLUMBUS,5000.0,1000.0,,,39.9517,-82.9063,LICEN,,Franklin,39049,SPORTS,W1S BETQL THE FAN 2,
1460,WCCD,OH,PAINESVILLE,550.0,54.0,,,41.6437,-81.3529,LICEN,"WPVL, WQLS, WBKC, WABQ",Lake,39085,TALK,,EX-WABQ //W234DO 94.7
1460,WCCD,OH,PAINESVILLE,1000.0,500.0,,,41.7389,-81.2357,LICEN,"WPVL, WQLS, WBKC, WABQ",Lake,39085,TALK,,EX-WABQ //W234DO 94.7
1460,KZUE,OK,EL RENO,500.0,,,,35.5084,-97.9003,LICEN,"KELR, KCAN",Canadian,40017,REG. MEX.,"LA TREMENDA, R FORMULA",//K249EN 97.7
1460,KCKX,OR,STAYTON,1000.0,15.0,,,44.8026,-122.7354,LICEN,,Marion,41047,SPANISH RELIGION,ESTACION DE LA FAMILIA,
1460,WMBA,PA,AMBRIDGE,120.0,110.0,,,40.5856,-80.2028,LICEN,"WMBA, WBTB",Allegheny,42003,C&W/ROCK,ABC 95.7 THE BEAVER,//W239CR 95.7
1460,WTKT,PA,HARRISBURG,5000.0,4200.0,,,40.309,-76.9366,LICEN,"WCMB, WIMX, WCMB, WWKL",Dauphin,42043,SPORTS,FOX SPORTS 1460,EX-WIMX/WCMB/WWKL
1460,WGMM,PA,TUNKHANNOCK,2500.0,86.0,,,41.5629,-75.9694,LICEN,"WEMR, WGMF, WZMF",Wyoming,42131,OLDIES/ROCK,ABC GEM 99 & 100,"//WQOR-750, W282BK 104.3"
1460,WRRE,PR,JUNCOS,500.0,270.0,,,18.213,-65.9088,LICEN,WFAB,Juncos,72077,SPANISH RELIGION,SONIDO SANTIDAD,
1460,WLRP,PR,SAN SEBASTIAN,500.0,500.0,,,18.3453,-66.9985,LICEN,WFBA,San Sebastián,72131,SPANISH TALK,RADIO RACIES,
1460,WBCU,SC,UNION,1000.0,106.0,,,34.7197,-81.6626,LICEN,,Union,45087,C&W,ABC UNION COUNTY,//W278BE 103.5
1460,WJAK,TN,JACKSON,800.0,105.0,,,35.6437,-88.7734,LICEN,"WJAK, WHMO, WQCR",Madison,47113,URBAN HIPHOP,HIP HOP HOT 96.1,EX-WHMO/WQCR //W241BV 96.1
1460,WEEN,TN,LAFAYETTE,1100.0,119.0,,,36.5351,-86.0075,LICEN,,Macon,47111,S. GSPL,SRN SOLID GOSPEL,//W248CX 97.5
1460,WXRQ,TN,MOUNT PLEASANT,1000.0,169.0,,,35.5226,-87.1928,LICEN,,Maury,47119,S. GSPL,POWER OF GOSPEL MX,
1460,WXRQ,TN,MOUNT PLEASANT,600.0,240.0,,,35.5407,-87.2732,LICEN,,Maury,47119,S. GSPL,POWER OF GOSPEL MX,
1460,KCLE,TX,BURLESON,11000.0,700.0,,,32.5788,-97.2809,LICEN,"WACO, KKTK, KTFW, KHFX",Tarrant,48439,RELIGION,THE MESSAGE,EX-KTFW/KHFX //K226BM 93.1
1460,KCWM,TX,HONDO,500.0,226.0,,,29.3619,-99.1286,LICEN,KRME,Medina,48325,CL. C&W,WORLDS BEST COUNTRY,EX-KRME
1460,KBZO,TX,LUBBOCK,1000.0,243.0,,,33.5473,-101.8235,LICEN,"KTLK, KTNP",Lubbock,48303,SPANISH SPORTS,TUDN,EX-KTLK/KTNP
1460,KBRZ,TX,MISSOURI  CITY,5000.0,125.0,,,29.5647,-95.7019,LICEN,,Fort Bend,48157,ETHNIC S. ASIAN,SANGEET RADIO 95.1,//K236AR 95.1
1460,WKDV,VA,CHANTILLY,500.0,60.0,,,38.855,-77.3742,LICEN,WPRW,Fairfax,51059,REG. MEX.,LA LEY,"//W249DX 97.7, W292BC 106.3"
1460,WKDV,VA,MANASSAS,5000.0,5000.0,,,38.7501,-77.5133,LICEN,WPRW,Prince William,51153,REG. MEX.,LA LEY,"//W249DX 97.7, W292BC 106.3"
1460,WRAD,VA,RADFORD,5000.0,37.0,,,37.1429,-80.577,LICEN,,Pulaski,51155,NEWS/TALK,FOX NEWS TALK SPORTS,//W278AJ 103.5
1460,WBOG,WI,TOMAH,1000.0,,,,43.9686,-90.514,LICEN,WTMB,Monroe,55081,C&W,NBC BOG COUNTRY 101.3,//W267CO 101.3
1460,WEMK,WI,WEST ALLIS,1000.0,240.0,,,43.0089,-88.0351,LICEN,"WBZN, WKKV, WBJX, WJTI",Milwaukee,55079,CONT. CHRIST,92.9 102.5 THE FAMILY,"//W225CP 92.9, W273DQ 102.5"
1460,WBUC,WV,BUCKHANNON,5500.0,24.0,,,38.9746,-80.207,LICEN,,Upshur,54097,C&W,104.9 SUPERSTAR CNTRY,
1470,WNWF,AL,EVERGREEN,1000.0,177.0,,,31.4416,-86.9355,LICEN,"WBLO, WEGN, WIJK, WPGG, WEVG, WPNS",Conecuh,1035,NEWS/TALK,FOX NEWSTALK,EX-WIJK/WPGG/WEVG/WPNS
1470,KXSL,AZ,SHOW LOW,5000.0,87.0,,,34.2636,-110.0393,LICEN,KVSL,Navajo,4017,C&W,FOX RIM COUNTRY,//K263CA 100.5
1470,KNXN,AZ,SIERRA VISTA,2500.0,40.0,,,31.5487,-110.2451,LICEN,"KSVA, KMFI",Cochise,4003,EZL/OLDIES,,EX-KMFI //K245DF 96.9
1470,KUTY,CA,PALMDALE,5000.0,5000.0,,,34.6653,-118.012,LICSL,"KUTY, KUXX",Los Angeles,6037,SILENT,LA HERMOSA 1470,"//K245CL 96.9, K259BD 99.7"
1470,KIID,CA,SACRAMENTO,5000.0,1000.0,,,38.5916,-121.4638,LICEN,"KNDE, KXOA, KQPT, KQPT, KOME, KRAK",Yolo,6113,ETHNIC S. ASIAN,PUNJABI RADIO USA,EX-KOME/KRAK //K290CT 105.9
1470,WBOM,CT,MERIDEN,2500.0,2500.0,,,41.554,-72.8015,LICEN,WMMW,New Haven,9009,URBAN R&B,THE NEW 102.5,EX-WMMW //W273DS 102.5
1470,WMGG,FL,EGYPT LAKE,2800.0,800.0,,,28.012,-82.4979,LICEN,"WFNN, WVTY, WLVU, WTBL, WLVU, WHBO, WWBA",Hillsborough,12057,SPANISH TROPICAL,RITMO 101.9,//W270DU 101.9
1470,WWNN,FL,POMPANO BEACH,30000.0,2500.0,,,26.1806,-80.2206,LICEN,WRBD,Broward,12011,RELIGION/CREOLE,SHEKINAH RADIO,EX-WRBD
1470,WXAG,GA,ATHENS,1000.0,,,,33.9873,-83.3379,LICEN,"WDOL, WCCD",Clarke,13059,URBAN AC/OLDIES,HEART AND SOUL,//W224CY 92.7
1470,WCLA,GA,CLAXTON,1000.0,170.0,,,32.1671,-81.9018,LICEN,,Evans,13109,OLDIES,ABC WW1 COOL 93.7,//W229AJ 93.7
1470,WRGA,GA,ROME,5000.0,5000.0,,,34.3015,-85.1552,LICEN,,Floyd,13115,NEWS/TALK,ABC FOX NEWSTALK 98.7,//W254CF 98.7
1470,KWSL,IA,SIOUX CITY,2300.0,69.0,,,42.4119,-96.427,LICEN,"KWSL, KKSC",Woodbury,19193,SPANISH STNDS,LA PRECIOSA 98.7&1470,EX-KKSC //K254DL 98.7
1470,KWAY,IA,WAVERLY,1000.0,61.0,,,42.7036,-92.4727,LICEN,,Bremer,19017,CL. C&W,THE K-WAY COUNTRY,//K242CV 96.3
1470,WMBD,IL,PEORIA,5000.0,5000.0,,,40.5728,-89.5334,LICEN,,Tazewell,17179,NEWS/TALK/SPORTS,FOX STIMULATING TALK,//W262BY 100.3
1470,WGNR,IN,ANDERSON,1000.0,35.0,,,40.062,-85.7103,LICEN,"WHUT, WGNR, WRPU",Madison,18095,RELIGION,MOODY RADIO,EX-WHUT/WRPU //FM 97.9
1470,KSMM,KS,LIBERAL,1000.0,170.0,,,37.0653,-100.8668,LICEN,"KLIB, KILS, KYUU",Seward,20175,REG. MEX.,LA K-BUENA,EX-KYUU //KSSA 105.9
1470,WBFC,KY,STANTON,2500.0,25.0,,,37.8829,-83.8821,LICEN,,Powell,21197,RELIGION,SRN MOUNTAIN GOSPEL,"//W239DC 95.7, WMTC 99.9"
1470,KLCL,LA,LAKE CHARLES,5000.0,500.0,,,30.2588,-93.2688,LICEN,,Calcasieu,22019,TALK,FOX SRN TALK 1470,
1470,WAZN,MA,WATERTOWN,1400.0,3400.0,,,42.4137,-71.2106,LICEN,WSRO,Middlesex,25017,SPANISH RELIGION,RADIO OASIS,EX-WSRO
1470,WJDY,MD,SALISBURY,5000.0,43.0,,,38.3918,-75.6463,LICEN,,Wicomico,24045,TALK,FOX SRN WW1 NEWSTALK,
1470,WTTR,MD,WESTMINSTER,540.0,35.0,,,39.5773,-77.0225,LICEN,,Carroll,24013,OLDIES/ROCK,WW1 FM 102.3/93.5,//W272CX 102.3
1470,WLAM,ME,LEWISTON,5000.0,5000.0,,,44.0631,-70.2495,LICEN,"WLAM, WKZN, WZOU",Androscoggin,23001,ADLT STNDS/OLDIES,THE MEMORIES STATION,EX-WKZN/WZOU //W247DK 97.3
1470,KMNQ,MN,BROOKLYN PARK,5000.0,5000.0,,,45.088,-93.3833,LICEN,"KANO, KBCW, WLOL, KLBP, KLBB, KZTG, KRJJ",Hennepin,27053,SPANISH AC,AMOR RADIO,EX-KZTG/KRJJ
1470,KFMZ,MO,BROOKFIELD,500.0,20.0,,,39.8406,-93.0813,LICEN,"KGHM, KGNG, KZBK",Linn,29115,HOT AC,TODAYS BEST MIX THE Z,EX-KGNG/KZBK //KZBK 96.9
1470,KMAL,MO,MALDEN,1000.0,,,,36.5523,-89.9784,LICEN,KTCB,Dunklin,29069,TALK,NEWSRADIO,EX-KTCB
1470,WCHJ,MS,BROOKHAVEN,1000.0,66.0,,,31.5629,-90.4476,LICEN,,Lincoln,28085,SILENT,GOSPEL RADIO,//W248CY 97.5
1470,WNAU,MS,NEW ALBANY,2500.0,500.0,,,34.4968,-89.0145,LICEN,"WNAU, WKXC",Union,28145,OLDIES/ROCK,ABC WW1 CLASSIC ROCK,
1470,WBIG,NC,GREENSBORO,10000.0,5000.0,,,36.1504,-79.9131,LICEN,WWBG,Guilford,37081,OLDIES,FOX CLASSIC HITS,EX-WWBG //WTOB-980
1470,WTOE,NC,SPRUCE PINE,5000.0,103.0,,,35.9068,-82.1057,LICEN,,Mitchell,37121,OLDIES,ABC ROLLIN THE OLDIES,//W266DO 101.1
1470,KHND,ND,HARVEY,1000.0,161.0,,,47.7564,-99.9187,LICEN,,Wells,38103,CLASSIC ROCK,FOX THE MIX,//K258DT 99.5
1470,WNYY,NY,ITHACA,5000.0,1000.0,,,42.3918,-76.4747,LICEN,WTKO,Tompkins,36109,OLDIES,PURE OLDIES 94.1,//W231DK 94.1
1470,WPDM,NY,POTSDAM,1000.0,44.0,,,44.6439,-75.0574,LICEN,,St. Lawrence,36089,C&W,WILD COUNTRY,"//W261CJ 100.1, WICY-1490"
1470,KGND,OK,VINITA,500.0,88.0,,,36.6459,-95.1264,LICEN,"KVIN, KITO",Craig,40035,SPORTS,ESPN SPORTS ANIMAL,EX-KVIN/KITO
1470,WSAN,PA,ALLENTOWN,5000.0,5000.0,,,40.6369,-75.484,LICEN,"WSAN, WXKW, WKAP, WYHM",Lehigh,42077,OLDIES,REAL OLDIES,//WAEB-790 AT TIMES?
1470,WLOA,PA,FARRELL,1000.0,500.0,,,41.1995,-80.5226,LICEN,"WMGZ, WOJY, WRQQ, WICT, WPAO",Trumbull,39155,URBAN HITS,LOUD 102.3,EX-WICT/WPAO //W272EI 102.3
1470,WKUM,PR,OROCOVIS,2400.0,3700.0,,,18.2547,-66.4163,LICEN,WKCK,Orocovis,72107,SPANISH NEWS/TALK,,EX-WKCK //W292GC 106.3
1470,WQXL,SC,COLUMBIA,11000.0,100.0,,,33.9596,-81.0409,LICEN,,Lexington,45063,TALK,FOX SRN WW1 THE POINT,//W264DF 100.7
1470,WPIF,SC,GEORGETOWN,420.0,90.0,,,33.4043,-79.3264,LICSL,"WINH, WVBX, WLMC",Georgetown,45043,SILENT,GOOD NEWS NETWORK,EX-WLMC //W266DG 101.1
1470,WBCR,TN,ALCOA,1000.0,77.0,,,35.768,-84.0159,LICEN,"WEAG, WMDR",Blount,47009,TALK,TRUTH RADIO,EX-WMDR
1470,WVOL,TN,BERRY HILL,5000.0,1000.0,,,36.2003,-86.7797,LICEN,,Davidson,47037,URBAN OLDIES,ABC THE MIGHTY 147,
1470,KYYW,TX,ABILENE,5000.0,110.0,,,32.4923,-99.7523,LICEN,"KRBC, KFQX, KNTS, KBBA, KEAN, KVVZ",Taylor,48441,TALK,ABC SRN NEWSTALK 1470,EX-KBBA/KEAN //K234DA 94.7
1470,KYYW,TX,ABILENE,5000.0,130.0,,,32.4411,-99.7189,LICEN,"KRBC, KFQX, KNTS, KBBA, KEAN, KVVZ",Taylor,48441,TALK,ABC SRN NEWSTALK 1470,EX-KBBA/KEAN //K234DA 94.7
1470,KDHN,TX,DIMMITT,500.0,149.0,,,34.5864,-102.3102,LICEN,,Castro,48069,C&W,ABC WW1 THE TWISTER,//K274DG 102.7
1470,KWRD,TX,HENDERSON,5000.0,83.0,,,32.1821,-94.7972,LICEN,,Rusk,48401,C&W,ABC WW1 OUR COUNTRY,//K253CE 98.5
1470,WBTX,VA,BROADWAY-TIMBERVILLE,5000.0,36.0,,,38.6234,-78.8142,LICEN,,Rockingham,51165,S. GSPL,SRN SHENANDOAH SONSHIN,//W271CC 102.1
1470,WTZE,VA,TAZEWELL,1000.0,,,,37.1326,-81.5557,LICEN,,Tazewell,51185,RELIGION/ROCK,EFFECT RADIO,//W238DB 95.5
1470,KELA,WA,CENTRALIA-CHEHALIS,5000.0,1000.0,,,46.6962,-122.9576,LICEN,,Lewis,53041,NEWS/TALK/SPORTS,FOX LEWIS CNTY NEWSLDR,
1470,KBSN,WA,MOSES LAKE,5000.0,1000.0,,,47.1043,-119.2934,LICEN,KSEM,Grant,53025,C&W,REAL COUNTRY,//K299CC 107.7
1470,WRYU,WI,WEST BEND,2500.0,2500.0,,,43.3706,-88.1662,LICEN,"WBKV, WIBD",Washington,55131,CLASSIC ROCK,NBC 93.9 WE ROCK YOU,EX-WBKV/WIBD //W267CL 101.3
1470,KKTY,WY,DOUGLAS,1000.0,500.0,,,42.7633,-105.3928,LICEN,"KKTY, KWOG",Converse,56009,OLDIES,SRN CLASSIC HITS,EX-KWIV/KWOG //K227BU 93.3
1480,WJTW,AL,BRIDGEPORT,1000.0,39.0,,,34.9429,-85.7072,LICEN,"WBTS, WKEA, WYMR, WGNQ, WVOV, WDXW",Jackson,1071,CLASSIC ROCK,106.1 THE EAGLE,"//W239CO 95.7,W291CF 106.1"
1480,WMMA,AL,IRONDALE,5000.0,28.0,,,33.5484,-86.6656,LICEN,"WLPH, WRLM, WQOH",Jefferson,1073,RELIGION,EWTN GUADALUPE RADIO,EX-WQOH
1480,WABF,AL,MOBILE,5000.0,4400.0,,,30.7199,-88.0711,LICEN,"WABB, WTKD, WERM",Mobile,1097,OLDIES,ORIG. ONE OF A KIND,EX-WABB/WTKD/WERM
1480,KTHS,AR,GREEN FOREST,5000.0,64.0,,,36.3618,-93.5613,LICEN,,Carroll,5015,REG. MEX.,TU RADIO EN ESPANOL,//K245BJ 96.9
1480,KPHX,AZ,PHOENIX,1000.0,33.0,,,33.3892,-111.9987,LICEN,,Maricopa,4013,SPANISH RELIGION,LA HERMOSA RADIO,//K225CT 92.9
1480,KEJB,CA,EUREKA,5000.0,1000.0,,,40.741,-124.2026,LICEN,"KRED, KTMA, KGOE",Humboldt,6023,OLDIES,ABC THE JUKEBOX,EX-KTMA/KGOE //K224ER 92.7
1480,KEJB,CA,EUREKA,6000.0,900.0,,,40.8535,-124.0848,LICEN,"KRED, KTMA, KGOE",Humboldt,6023,OLDIES,ABC THE JUKEBOX,EX-KTMA/KGOE //K224ER 92.7
1480,KYOS,CA,MERCED,4300.0,75.0,,,37.2919,-120.4352,LICEN,,Merced,6047,NEWS/TALK/OLDIES,NEWSTALK 1480107.3,//K297BU 107.3
1480,KVNR,CA,SANTA ANA,5000.0,5000.0,,,33.7517,-117.9114,LICEN,KWIZ,Orange,6059,ETHNIC VIETNAMESE,LITTLE SAIGON RADIO,EX-KWIZ
1480,KSBQ,CA,SANTA MARIA,1000.0,61.0,,,34.9505,-120.4904,LICEN,KSEE,Santa Barbara,6083,SILENT,LA MEXICANA,//K275CJ 102.9
1480,KIXD,CO,PUEBLO,1000.0,107.0,,,38.3156,-104.618,LICEN,"KGMQ, KAYK, KRRU, KAVA",Pueblo,8101,C&W,KIX COUNTRY 107.5,EX-KRRU/KAVA //K298CG 107.5
1480,WKND,CT,WINDSOR,500.0,14.0,,,41.8529,-72.6781,LICSL,"WKND, WNEZ",Hartford,9003,SILENT,POWER 1480,EX-WKND/WNEZ
1480,WCXS,FL,ARCADIA,1000.0,131.0,,,27.2289,-81.8576,LICEN,"WAPG, WOKD, WKGF, WZTK, WFLN",DeSoto,12027,CL. C&W,CLASSIC COUNTRY,EX-WZTK/WFLN //W283DB 104.5
1480,WUNA,FL,OCOEE,1000.0,71.0,,,28.5581,-81.5409,LICEN,WVCF,Orange,12095,ETHNIC CREOLE,RADIO HAITI TROPICAL,EX-WVCF
1480,WYZE,GA,ATLANTA,7000.0,45.0,,,33.6965,-84.4746,LICEN,,DeKalb,13089,BLK GSPL,GOSPEL WISE RADIO,
1480,KLEE,IA,OTTUMWA,250.0,17.0,,,41.0244,-92.4824,LICEN,,Wapello,19179,OLDIES,WW1 GOODTIME OLDIES,//K299BA 107.7
1480,KRXR,ID,FILER,1300.0,80.0,,,42.7274,-114.6278,LICEN,KIDI,Gooding,16047,REG. MEX.,RADIO FIESTA,
1480,WJBM,IL,JERSEYVILLE,500.0,32.0,,,39.1128,-90.3121,LICEN,,Jersey,17083,FARM/C&W,FOX BEST COUNTRY,//W284DN 104.7
1480,WDYS,IL,SOMONAUK,250.0,10.0,,,41.6684,-88.5684,LICEN,"WGSB, WFXW, WSPY",Kendall,17093,C&W,ABC WOODY COUNTRY,"//WAUR-1550, W268DB 101.5"
1480,WPFR,IN,TERRE HAUTE,244.0,30.0,,,39.5014,-87.3865,LICEN,WTHI,Vigo,18167,RELIGION,SRN WORD POWER FAMILY,EX-WTHI //WKZI-800
1480,WRSW,IN,WARSAW,1000.0,500.0,,,41.2226,-85.8381,LICEN,,Kosciusko,18085,NEWS/TALK,FOX 1480 NEWS NOW,//W259BJ 99.7
1480,KCZZ,KS,MISSION,1000.0,500.0,,,39.0681,-94.7028,LICEN,"KBEA, KCAZ, KUPN",Wyandotte,20209,SPANISH HITS,DOS MUNDOS RADIO,EX-KBEA/KCAZ/KUPN
1480,KQAM,KS,WICHITA,5000.0,1000.0,,,37.7392,-97.2709,LICEN,"KWKN, KLEO, KZSN",Sedgwick,20173,TALK,SRN FOX THE BIG TALKER,EX-KLEO/KZSN
1480,WHVO,KY,HOPKINSVILLE,1000.0,24.0,,,36.8709,-87.5119,LICEN,"WKOA, WYKH, WQKS",Christian,21047,OLDIES,FOX WHVO 96.5/100.9,"//W243CH 96.5, WKDZ-1110"
1480,WNKW,KY,NEON,1000.0,,,,37.1665,-82.6202,LICEN,"WNKY, WEZC, WVSG, WGCK, WIZD, WUKB",Wise,51195,RELIGION,KING OF KINGS RADIO,EX-WIZD/WUKB //W290DT 105.9
1480,WTLO,KY,SOMERSET,1000.0,27.0,,,37.0806,-84.6608,LICEN,,Pulaski,21199,ADLT STNDS,ABC AMERICAS BEST MX,//W249DF 97.7
1480,KIOU,LA,SHREVEPORT,1000.0,129.0,,,32.5743,-93.7429,LICEN,"KLMB, KOKA",Caddo,22017,RELIGION,FAMILY LIFE RADIO,//K235CQ 94.9
1480,WSAR,MA,FALL RIVER,5000.0,5000.0,,,41.724,-71.1887,LICEN,,Bristol,25005,TALK/SPORTS,ABC FSR THE LEGENDARY,//W240EB 95.9
1480,WSLI,MI,KENTWOOD,2000.0,5000.0,,,42.8434,-85.6186,LICEN,"WMAX, WGVU",Kent,26081,C. CHRIST.,SMILE FM,EX-WGVU
1480,WSDS,MI,SALEM TOWNSHIP,750.0,3800.0,,,42.2617,-83.6194,LICRP,,Washtenaw,26161,SPANISH VARIETY,LA EXPLOSIVA,//WCAR-1090
1480,WIOS,MI,TAWAS CITY-EAST TAWA,1000.0,109.0,,,44.2634,-83.545,LICEN,,Iosco,26069,TALK,ABC SRN THE BAYS BEST,//W295CU 106.9
1480,KAUS,MN,AUSTIN,1000.0,1000.0,,,43.6222,-92.9908,LICEN,,Mower,27099,NEWS/TALK/SPORTS,FOX VOICE OF MOWER CTY,
1480,KKCQ,MN,FOSSTON,5000.0,90.0,,,47.5641,-95.7245,LICEN,KEHG,Polk,27119,TALK,ABC THE INFO STATION,//K259CW 99.7
1480,KYWL,MT,BELGRADE,1000.0,157.0,,,45.7707,-111.2247,LICEN,,Gallatin,30031,SPORTS,ESPN BOZEMAN,//K281CX 104.1
1480,WGFY,NC,CHARLOTTE,12000.0,5000.0,,,35.2849,-80.8759,LICEN,"WCNT, WCNV, WIST, WNMX, WTLT",Mecklenburg,37119,RELIGION,SRN LIFE TALK RADIO,EX-WIST/WNMX/WTLT
1480,WQTM,NC,FAIR BLUFF,10000.0,48.0,,,34.3232,-79.0017,LICEN,"WWKO, WNFO, WJHB, WNCR, WVXY, WZFB, WSRC, WWKO",Columbus,37047,BLK GSPL,THROWBACK JOY RADIO,EX-WSRC/WWKO
1480,WPFJ,NC,FRANKLIN,5000.0,13.0,,,35.1797,-83.3529,LICEN,"WLTM, WAJA",Macon,37113,C. CHRIST.,SRN HIS RADIO,EX-WAJA //W265AZ 100.9
1480,WYRN,NC,LOUISBURG,500.0,35.0,,,36.1129,-78.2803,LICEN,,Franklin,37069,BLK GSPL/OLDIES,TODAYS BEST GSPL&SOUL,//W295DK 106.9
1480,WLEA,NY,HORNELL,2500.0,19.0,,,42.2876,-77.6461,LICEN,,Steuben,36101,TALK,SRN VOICE OF LIBERTY,//W295CW 106.9
1480,WZRC,NY,NEW YORK,5000.0,5000.0,,,40.8451,-74.0196,LICEN,WJIT,Bergen,34003,ETHNIC CHINESE,CANTONESE RADIO,EX-WJIT
1480,WRCK,NY,REMSEN,5000.0,,,,43.3248,-75.1749,LICSL,WADR,Oneida,36065,SILENT,95.5 THE HEAT,//W231DZ 94.1
1480,WHBC,OH,CANTON,,5000.0,,,40.7209,-81.4409,LICEN,,Stark,39151,TALK/SPORTS,FOX W1S NEWSTALK 1480,
1480,WHBC,OH,CANTON,15000.0,,,,40.8976,-81.3193,LICEN,,Stark,39151,TALK/SPORTS,FOX W1S NEWSTALK 1480,
1480,WDJO,OH,CINCINNATI,4500.0,300.0,,,39.212,-84.4888,LICEN,WCIN,Warren,39165,OLDIES/TALK,ABC GOODTIMES GREAT,EX-WCIN //W258CI 99.5
1480,WJFG,PA,LATROBE,500.0,1000.0,,,40.2701,-79.3867,LICEN,"WTRA, WCNS",Westmoreland,42129,TALK,PITTSBURGH'S NEW TALK,EX-WCNS //WJFA-910
1480,WDAS,PA,PHILADELPHIA,5000.0,1000.0,,,39.9982,-75.2116,LICEN,"WDAS, WUBA",Burlington,34005,SPORTS/BETTING,FSR THE GAMBLER,EX-WDAS/WUBA //W273DO 102.5
1480,WRDD,PA,SHIPPENSBURG,410.0,9.0,,,40.0751,-77.5356,LICEN,"WSHP, WEEO, WSHP, WEEO",Cumberland,42041,CL. C&W,ABC RED 102.3,"//W230AX 93.9, WCAT 102.3"
1480,WMDD,PR,FAJARDO,5000.0,5000.0,,,18.3608,-65.6396,LICEN,,Fajardo,72053,SPANISH NEWS/TALK,EL MUNDO RADIO,//W293DU 106.5
1480,WZJY,SC,MOUNT PLEASANT,880.0,44.0,,,32.8252,-79.8312,LICEN,WIXR,Charleston,45019,REG. MEX.,LATINA 95.5,//W238CO 95.5
1480,KSDR,SD,WATERTOWN,1000.0,50.0,,,44.9328,-97.1056,LICEN,"KSDR, KLSC",Codington,46029,TALK/SPORTS,FOX TALK OF WATERTOWN,
1480,WJFC,TN,JEFFERSON CITY,500.0,34.0,,,36.1043,-83.486,LICEN,,Jefferson,47089,C&W/BLUEGRASS,HOMETOWN SOUNDS,//W275BP 102.9
1480,WBBP,TN,MEMPHIS,5000.0,41.0,,,35.0551,-90.0876,LICEN,"WBBP, WNNP",Shelby,47157,BLK GSPL,MSG OF OUR MINISTRY,EX-WMZM
1480,WJLE,TN,SMITHVILLE,1000.0,34.0,,,35.9253,-85.8205,LICEN,,DeKalb,47041,C&W,FOX,//FM 101.7
1480,KNGO,TX,DALLAS,50000.0,1900.0,,,32.6618,-96.6575,LICEN,"KDBN, KCMZ, KMRT, KDXX, KHCK, KNIT, KBXD",Dallas,48113,ETHNIC VIETNAMESE,VIET RADIO,EX-KBXD //KGOW-1560 @ TIMES
1480,KLVL,TX,PASADENA,5000.0,500.0,,,29.6841,-95.1861,LICEN,,Harris,48201,SPANISH RELIGION,VIDA 1380,//K235CS 94.9
1480,KCHL,TX,SAN ANTONIO,2500.0,90.0,,,29.4127,-98.4147,LICEN,"KCHL, KMMZ",Medina,48325,BLK GSPL,GOSPEL 1480,EX-KMMZ //K221GF 92.1
1480,KHQN,UT,SPANISH FORK,1000.0,133.0,,,40.0749,-111.6624,LICEN,KONI,Utah,49049,ETHNIC/RELIGION,RADIO KRISHNA,
1480,WTOX,VA,BENSLEY,1000.0,10.0,,,37.5004,-77.4561,LICEN,,Richmond,51760,SPORTS,VSIN THE LINE,
1480,WPWC,VA,DUMFRIES-TRIANGLE,5000.0,500.0,,,38.5684,-77.3386,LICEN,,Prince William,51153,REG. MEX.,LA MEJOR 98.1,
1480,WTOY,VA,SALEM,5000.0,20.0,,,37.2726,-80.0809,LICEN,"WUEZ, WSAY",Salem,51775,URBAN AC/BLK GSPL,POWER SOUND 1480,EX-WSAY
1480,WCFR,VT,SPRINGFIELD,5000.0,23.0,,,43.2812,-72.4873,LICEN,"WCFR, WNBX",Windsor,50027,CLASSIC ROCK,YOUR HOMETOWN RADIO,EX-WCFR/WNBX //W293BH 106.5
1480,KBRO,WA,BREMERTON,5000.0,12.0,,,47.5645,-122.6596,LICEN,,Kitsap,53035,SPANISH RELIGION,ESTACION DE LA FAMILIA,//K262DE 100.3
1480,KBMS,WA,VANCOUVER,1000.0,2500.0,,,45.6015,-122.7196,LICEN,"KARO, KAAR",Clark,53011,URBAN AC/TALK,ABC BEST MUSIC STATION,//K248DD 97.5
1480,WLMV,WI,MADISON,5000.0,5000.0,,,43.025,-89.3968,LICEN,"WISM, WTDY, WTDA",Dane,55025,SPANISH AC,LA MOVIDA,EX-WTDY/WTDA //W233CN 94.5
1480,KRAE,WY,CHEYENNE,1000.0,72.0,,,41.1214,-104.84,LICEN,,Laramie,56021,ADLT STNDS/OLDIES,KAY RAY,"//K266CC 101.1, K213FK 90.5"
1490,WFZX,AL,ANNISTON,1000.0,1000.0,,,33.6876,-85.8303,LICEN,"WANA, WSYA, WGBZ",Calhoun,1015,SILENT,THE VIBE,"//W256BH 99.1, W257CT 99.3"
1490,WIEZ,AL,DECATUR,1000.0,1000.0,,,34.5873,-86.9869,LICEN,"WAJF, WDPT, WEKI",Morgan,1103,REG. MEX.,94.7 LA RAZA,EX-WDPT/WEKI //W234DN 94.7
1490,WHBB,AL,SELMA,1000.0,1000.0,,,32.434,-87.0111,LICEN,,Dallas,1047,TALK/BLK GSPL,FOX WW1 SELMAS STATION,
1490,KWXT,AR,DARDANELLE,1000.0,1000.0,,,35.219,-93.1274,LICEN,KZAO,Yell,5149,C&W,THE BULL,EX-KZAO
1490,KDRS,AR,PARAGOULD,1000.0,1000.0,,,36.0503,-90.4623,LICEN,,Greene,5055,OLDIES/ROCK,WW1 I-ROCK 103.7,//K279CQ 103.7
1490,KZZZ,AZ,BULLHEAD CITY,1000.0,1000.0,,,35.1689,-114.6386,LICEN,KBAS,Clark,32003,NEWS/TALK/SPORTS,FOX SRN ALL TALK A-Z,//KAAA-1230
1490,KCUZ,AZ,CLIFTON,1000.0,1000.0,,,33.0417,-109.2951,LICEN,,Greenlee,4011,CLASSIC ROCK,THE PLANET,//K245CT 96.9
1490,KYCA,AZ,PRESCOTT,1000.0,1000.0,,,34.5509,-112.4632,LICEN,,Yavapai,4025,NEWS/TALK,SRN WW1 FOX THE NEWS,//K278CN 103.5
1490,KFFN,AZ,TUCSON,1000.0,1000.0,,,32.249,-110.9254,LICEN,"KAIR, KJYK, KMXZ, KKND",Pima,4019,SPORTS,ESPN THE FAN,EX-KMXZ //K285DL 104.9
1490,KWAC,CA,BAKERSFIELD,640.0,640.0,,,35.3481,-119.01,LICEN,,Kern,6029,SPANISH SPORTS,TUDN,
1490,KMET,CA,BANNING,1000.0,1000.0,,,33.9303,-116.9231,LICEN,KGUD,Riverside,6065,TALK,ABC SMART TALK 1490,//K259BJ 99.7
1490,KGBA,CA,HEBER,1000.0,1000.0,,,32.742,-115.5531,LICEN,KICO,Imperial,6025,SPANISH RELIGION,LA VOZ QUE INSPIRA,EX-KICO //K263CC 100.5
1490,KRKC,CA,KING CITY,1000.0,1000.0,,,36.2261,-121.1249,LICEN,,Monterey,6053,C&W,101 KRKC COUNTRY,"//K285FW 104.9,K268DW 101.5"
1490,KZNB,CA,PETALUMA,1000.0,1000.0,,,38.2269,-122.6225,LICEN,KTOB,Sonoma,6097,REG. MEX.,LA MUSIKERA,//K273CU 102.5
1490,KBLF,CA,RED BLUFF,1000.0,1000.0,,,40.1935,-122.2167,LICEN,,Tehama,6103,ADLT STNDS,ABC PLATINUM 1490,//K284CL 104.7
1490,KOSJ,CA,SANTA BARBARA,1000.0,940.0,,,34.4189,-119.6871,LICEN,"KDB, KSPE, KBKO, KIST, KSPE",Santa Barbara,6083,URBAN OLDIES,OLD SCHOOL,EX-KIST/KSPE //K231CR 94.1
1490,KOWL,CA,SOUTH LAKE TAHOE,1000.0,1000.0,,,38.9427,-119.9579,LICEN,,El Dorado,6017,NEWS/TALK/SPORTS,SRN WW1 THE OWL,
1490,KLZN,CA,SUSANVILLE,950.0,870.0,,,40.4438,-120.6441,LICEN,,Lassen,6035,TALK,HOT TALK,//K257EK 99.3
1490,KCFC,CO,BOULDER,290.0,290.0,,,39.9647,-105.2358,LICEN,"KBOL, KBKS, KBVI, KWAB",Boulder,8013,NEWS/TALK,NPR COLO PUBLIC RADIO,EX-KBVI/KWAB //KKPC-1230
1490,KPKE,CO,GUNNISON,1000.0,1000.0,,,38.5658,-106.9262,LICEN,KAON,Gunnison,8051,C&W,WW1 THE EDGE,EX-KGUC/KAON //K244FR 96.7
1490,KXRE,CO,MANITOU SPRINGS,500.0,1000.0,,,38.8619,-104.9261,LICEN,"KIKX, KRYN",El Paso,8041,ADLT ALTERNATIVE,CPR EXTRA MUSIC 102.1,"//K206BZ 89.1, K271CK 102.1"
1490,KNAM,CO,SILT,740.0,740.0,,,39.5602,-107.652,LICEN,,Garfield,8045,SILENT,SRN 95.7 THE MONKEY,DELETED //K254CO 98.7
1490,WGCH,CT,GREENWICH,1000.0,1000.0,,,41.027,-73.6326,LICEN,,Fairfield,9001,NEWS/TALK,ABC FOX NEWSTALK,
1490,WWPR,FL,BRADENTON,800.0,800.0,,,27.477,-82.5356,LICEN,"WJRB, WYMZ",Manatee,12081,RELIGION/GSPL,WEST COAST RADIO,EX-WKLV/WJRB/WYMZ
1490,WTJV,FL,DELAND,1000.0,1000.0,,,29.0183,-81.2995,LICEN,"WETO, WXVQ, WNDA",Volusia,12127,ADLT STNDS,VOICE OF VOLUSIA,EX-WXVQ/WNDA
1490,WAFZ,FL,IMMOKALEE,560.0,700.0,,,26.4098,-81.4298,LICEN,"WKEM, WZOR",Collier,12021,REG. MEX.,LA LEY 92.1,//FM 92.1
1490,WMBM,FL,MIAMI BEACH,1000.0,1000.0,,,25.7698,-80.1362,LICEN,"WMBM, WSBH",Miami-Dade,12086,BLK GSPL,MINISTRY BLESSES MANY,EX-WMBM/WSBH
1490,WTKE,FL,MILTON,1000.0,1000.0,,,30.6252,-87.0483,LICEN,"WCKC, WECM",Santa Rosa,12113,SPORTS,FOX THE TICKET,EX-WECM //W246BN 97.1
1490,WTTB,FL,VERO BEACH,1000.0,1000.0,,,27.6203,-80.4167,LICEN,,Indian River,12061,NEWS/TALK,FOX WW1 NEWSTALK,//W289CF 105.7
1490,WSIR,FL,WINTER HAVEN,1000.0,1000.0,,,28.0142,-81.7504,LICSL,,Polk,12105,SILENT,REJOICE,
1490,WBGA,GA,BRUNSWICK,600.0,600.0,,,31.1619,-81.4743,LICEN,WMOG,Glynn,13127,URBAN AC,REAL 96.3,EX-WMOG //W242CJ 96.3
1490,WCHM,GA,CLARKESVILLE,790.0,790.0,,,34.6076,-83.5374,LICEN,,Habersham,13137,NEWS/TALK,NEWSTALK 94.3 & 1490,//W232DU 94.3
1490,WYYZ,GA,JASPER,1000.0,1000.0,,,34.4756,-84.4369,LICEN,,Pickens,13227,CL. C&W,YOUR HOMETOWN STATION,//W273CT 102.5
1490,WKUN,GA,MONROE,1000.0,1000.0,,,33.8104,-83.7002,LICEN,,Walton,13297,OLDIES,SRN GOOD TIME OLDIES,//W273DL 102.5
1490,WSFB,GA,QUITMAN,1000.0,1000.0,,,30.781,-83.5749,LICEN,,Brooks,13027,TALK,SRN TALK 92.1,//WDDQ 92.1
1490,WSNT,GA,SANDERSVILLE,1000.0,1000.0,,,32.9732,-82.8093,LICEN,,Washington,13303,S. GSPL,SRN SINGING NEWS NET.,
1490,WRLA,GA,WEST POINT,1000.0,1000.0,,,32.874,-85.1922,LICEN,"WRLD, WDWZ",Chambers,1017,CL. C&W,CLASSIC COUNTRY 98.9,EX-WRLD/WDWZ //W222CT 92.3
1490,KBUR,IA,BURLINGTON,760.0,760.0,,,40.8239,-91.1426,LICEN,,Des Moines,19057,TALK/OLDIES,FOX NEWSRADIO 1490,//K257GC 99.3
1490,WDBQ,IA,DUBUQUE,1000.0,1000.0,,,42.5028,-90.7068,LICEN,,Dubuque,19061,NEWS/TALK/SPORTS,FOX NEWSTALK,
1490,KXLQ,IA,INDIANOLA,500.0,1000.0,,,41.3567,-93.588,LICEN,"KXLQ, KBAB",Warren,19181,REG. MEX.,EL GATO 107.1,EX-KBAB //K295CB 106.9
1490,KRIB,IA,MASON CITY,1000.0,1000.0,,,43.135,-93.208,LICEN,,Cerro Gordo,19033,ADLT STNDS/OLDIES,AP AMERICAS BEST MUSIC,//K244FA 96.7
1490,KCID,ID,CALDWELL,1000.0,1000.0,,,43.6657,-116.6346,LICEN,,Canyon,16027,SPANISH RELIGION,R. CATOLICA SAL Y LUZ,//KEZJ-1450
1490,WKRO,IL,CAIRO,1000.0,1000.0,,,37.0434,-89.184,LICSL,,Alexander,17003,SILENT,THE BRIDGE,//W277CH 103.3
1490,WDAN,IL,DANVILLE,1000.0,1000.0,,,40.1495,-87.6264,LICEN,,Vermilion,17183,TALK/SPORTS,FOX ESPN DANVILLES TLK,//W284DD 104.7
1490,WEUR,IL,OAK PARK,1000.0,1000.0,,,41.8811,-87.7939,LICEN,"WOPA, WBMX, WPNA",Cook,17031,ETHNIC POLISH,RADIO CHICAGO,EX-WPNA
1490,WZOE,IL,PRINCETON,1000.0,1000.0,,,41.3522,-89.4681,LICEN,,Bureau,17011,NEWS/TALK,FOX SRN NEWSTALK 1490,
1490,WKBV,IN,RICHMOND,1000.0,1000.0,,,39.8281,-84.9325,LICEN,,Wayne,18177,SPORTS,ESPN,//W265DN 100.9
1490,KKAN,KS,PHILLIPSBURG,1000.0,1000.0,,,39.7922,-99.3323,LICEN,,Phillips,20147,OLDIES/TALK,FOX YOUR REGIONAL INFO,//KQMA 92.5
1490,KTOP,KS,TOPEKA,1000.0,1000.0,,,39.0775,-95.6797,LICEN,,Shawnee,20177,SPORTS,INFINITY SPORTS NET,
1490,WKYW,KY,FRANKFORT,1000.0,1000.0,,,38.2034,-84.9136,LICEN,WFKY,Franklin,21073,CLASSIC ROCK,93.5 THE GOAT,EX-WFKY //W228CL 93.5
1490,WCLU,KY,GLASGOW,1000.0,1000.0,,,36.9839,-85.8722,LICEN,WKAY,Barren,21009,ADLT CONT,WCLU 103.1 & 104.7,"//WCDS 1230, W276DO 103.1"
1490,WFXY,KY,MIDDLESBORO,1000.0,1000.0,,,36.6129,-83.7093,LICEN,,Bell,21013,OLDIES/ROCK,ABC 98 ROCK,//W252EE 98.3
1490,WOMI,KY,OWENSBORO,830.0,830.0,,,37.7414,-87.1161,LICEN,,Daviess,21059,TALK,FOX NEWSTALK 1490,//W256CF 99.1
1490,WSIP,KY,PAINTSVILLE,1000.0,1000.0,,,37.8059,-82.7668,LICEN,,Johnson,21115,SPORTS,INFINITY SPORTS NET,
1490,KEUN,LA,EUNICE,1000.0,1000.0,,,30.4716,-92.4143,LICEN,,Acadia,22001,TALK,TALK CAJUN PRAIRIE,
1490,KJIN,LA,HOUMA,1000.0,1000.0,,,29.5708,-90.7284,LICEN,"KJIN, KFXY",Terrebonne,22109,URBAN AC,104.7 JAMZ,EX-KFXY //K284CU 104.7
1490,KRUS,LA,RUSTON,1000.0,1000.0,,,32.5135,-92.6657,LICEN,,Lincoln,22061,CONTEMP HITS,HITZ 96.3,//K242DA 96.3
1490,WCCM,MA,HAVERHILL,1000.0,1000.0,,,42.7729,-71.0998,LICEN,"WHAV, WCCM, WCEC",Essex,25009,SPANISH HITS,QUE ONDA,EX-WCCM/WCEC //W279DH 103.7
1490,WMRC,MA,MILFORD,1000.0,1000.0,,,42.1367,-71.5134,LICEN,,Worcester,25027,ADLT CONT,WW1 MY FM 101.3,//W267CD 101.3
1490,WSPR,MA,WEST SPRINGFIELD,470.0,470.0,,,42.0987,-72.6287,LICEN,"WNUS, WQXQ, WACM",Hampden,25013,SPANISH TROPICAL,BOMBA 1490,EX-WACM //W283CK 104.5
1490,WARK,MD,HAGERSTOWN,1000.0,1000.0,,,39.6265,-77.7108,LICEN,,Washington,24043,TALK,FOX WW1 NEWSTALK 98.9,//W255CP 98.9
1490,WBAE,ME,PORTLAND,1000.0,1000.0,,,43.6634,-70.2709,LICEN,WPOR,Cumberland,23005,AC/EZL,THE BAY,"//W296CZ 107.1, WVAE-1400"
1490,WABJ,MI,ADRIAN,1000.0,1000.0,,,41.9007,-84.0135,LICEN,,Lenawee,26091,SPORTS,W1S,
1490,WTIQ,MI,MANISTIQUE,1000.0,1000.0,,,45.9641,-86.2771,LICEN,,Schoolcraft,26153,CL. C&W,FOX WW1 THE MAVERICK,//W253CG 98.5
1490,WMPX,MI,MIDLAND,980.0,980.0,,,43.6147,-84.2208,LICEN,,Midland,26111,CLASSIC ROCK,ABC SUNNY 97.7,//W299CK 107.7
1490,KXRA,MN,ALEXANDRIA,1000.0,1000.0,,,45.8683,-95.3634,LICEN,,Douglas,27041,NEWS/TALK,SRN NEWSTALK RADIO,"//K262AT 100.3,K289CL 105.7"
1490,KJOQ,MN,DULUTH,1000.0,1000.0,,,46.7244,-92.1199,LICEN,"WNLT, KBXT, KQDS, KDDS, KQDS",St. Louis,27137,C. CHRIST.,WORSHIP 24/7,//W265DO 100.9
1490,KLGR,MN,REDWOOD FALLS,1000.0,1000.0,,,44.5425,-95.1328,LICEN,,Redwood,27127,C&W/TALK,ABC R. U CAN DEPEND ON,//K240DJ 95.9
1490,KDMO,MO,CARTHAGE,1000.0,1000.0,,,37.1828,-94.3622,LICEN,,Jasper,29097,CLASSIC ROCK,NBC MUSICRADIO 93.5,//K228FS 93.5
1490,KTTR,MO,ROLLA,1000.0,1000.0,,,37.9445,-91.7449,LICEN,,Phelps,29161,SPORTS,ESPN,//K285GX 104.9
1490,KDRO,MO,SEDALIA,780.0,780.0,,,38.6764,-93.2546,LICEN,,Pettis,29159,C&W,HOMETOWN COUNTRY,//K267CO 101.3
1490,WANG,MS,BILOXI,1000.0,1000.0,,,30.3941,-88.9995,LICEN,"WMTX, WXLS, WXBD",Harrison,28047,ROCK,BOB FM 106.3,//W292GD 106.3
1490,WCLD,MS,CLEVELAND,1000.0,1000.0,,,33.7337,-90.714,LICEN,,Bolivar,28011,BLK GSPL,REJOICE 1490,
1490,WHOC,MS,PHILADELPHIA,1000.0,1000.0,,,32.7646,-89.1301,LICEN,,Neshoba,28099,CL. C&W,,//W229CW 93.7
1490,WTUP,MS,TUPELO,1000.0,1000.0,,,34.2551,-88.6901,LICEN,,Lee,28081,URBAN NEWS/TALK,BIN BLACK INFO NETWORK,//W299CS 107.7
1490,WVBG,MS,VICKSBURG,1000.0,1000.0,,,32.3457,-90.8673,LICEN,"WJFL, WOTA, WVIX, WRTM",Warren,28149,NEWS/TALK,ABC WW1 NEWSTALK 1490,EX-WVIX/WRTM //W299CC 107.7
1490,KDBM,MT,DILLON,1000.0,1000.0,,,45.2363,-112.6468,LICEN,"KDBI, KDLN",Beaverhead,30001,C&W,ABC REAL COUNTRY,
1490,KHTC,MT,MALMSTROM AFB,1000.0,580.0,,,47.4791,-111.2419,LICEN,KGFR,Cascade,30013,C&W,REAL COUNTRY 104.3,EX-KGFR //K282CE 104.3
1490,WDUR,NC,DURHAM,1000.0,1000.0,,,35.9679,-78.8878,LICEN,,Durham,37063,ETHNIC,JAZBAA FM,//W270DT 101.9
1490,WLOE,NC,EDEN,1000.0,1000.0,,,36.506,-79.7714,LICEN,,Rockingham,37157,RELIGION,THE TRUTH,//WMYN-1420
1490,WAZZ,NC,FAYETTEVILLE,1000.0,1000.0,,,35.0685,-78.9023,LICEN,WFLB,Cumberland,37051,CONTEMP HITS,KISS 93.5,EX-WFLB //W228DK 93.5
1490,WWNB,NC,NEW BERN,1000.0,1000.0,,,35.1332,-77.0652,LICEN,"WRNB, WLOJ",Craven,37049,SPORTS,FOX SPORTS RADIO,EX-WLOJ //W298DG 107.5
1490,WRMT,NC,ROCKY MOUNT,1000.0,1000.0,,,35.9327,-77.83,LICEN,,Nash,37127,RELIGION/GOSPEL,STEP 98.1 FM,//W251CX 98.1
1490,WSTP,NC,SALISBURY,600.0,600.0,,,35.6883,-80.4956,LICEN,,Rowan,37159,C&W,WW1 REAL COUNTRY,
1490,WSVM,NC,VALDESE,1000.0,1000.0,,,35.746,-81.594,LICEN,"WSVM, WBLO",Burke,37023,ADLT CONT,WW1 THE BEST MIX,//W243DV 96.5
1490,KNDC,ND,HETTINGER,1000.0,1000.0,,,46.0197,-102.6929,LICEN,,Adams,38001,C&W/CLASSIC ROCK,USA,//K294DG 106.7
1490,KOVC,ND,VALLEY CITY,1000.0,1000.0,,,46.9133,-98.0176,LICEN,,Barnes,38003,C&W,FOX VOICE OF VALLEY,//K242CZ 96.3
1490,KIBM,NE,OMAHA,970.0,900.0,,,41.3131,-96.0103,LICEN,"KYNN, KEDS, KEZO, KOSR, KOMJ, KOBM",Douglas,31055,AC/OLDIES,BOOMER RADIO,"//K293CX 106.5, KOBM-1420"
1490,WKDR,NH,BERLIN,1000.0,930.0,,,44.4828,-71.1768,LICEN,WRTN,Coos,33007,CLASSIC ROCK,THE OUTLAW,"//WOTX 93.7, W257CP 99.3"
1490,WEMJ,NH,LACONIA,1000.0,1000.0,,,43.5415,-71.462,LICEN,,Belknap,33001,NEWS/TALK,FOX THE PULSE OF NH,"//W297BS 107.3, WTSN-1270"
1490,WUVR,NH,LEBANON,640.0,640.0,,,43.6534,-72.2373,LICEN,,Grafton,33009,NEWS/TALK,FOX WW1 WNTK TALKRADIO,//WNTK-FM 99.7
1490,WBSS,NJ,PLEASANTVILLE,400.0,400.0,,,39.3901,-74.5121,LICEN,"WUSS, WGYM, WUSS, WTKU, WTAA",Atlantic,34001,REG. MEX.,EL JEFE 1490,EX-WTKU/WTAA
1490,KRTN,NM,RATON,1000.0,1000.0,,,36.8867,-104.4436,LICEN,,Colfax,35007,C&W,WW1 CLASSIC COUNTRY,
1490,KRUI,NM,RUIDOSO DOWNS,1000.0,1000.0,,,33.3215,-105.5905,LICEN,KOAW,Lincoln,35027,ADLT CONT,FOX THE MOUNTAIN,
1490,WCSS,NY,AMSTERDAM,1000.0,1000.0,,,42.9612,-74.176,LICEN,,Montgomery,36057,CLASSIC ROCK,WW1 WCSS RADIO,//W295CZ 106.9
1490,WBTA,NY,BATAVIA,1000.0,710.0,,,42.9764,-78.1864,LICEN,,Genesee,36037,SOFT AC/TALK,ABC GENESEE CNTYS OWN,//W261CR 100.1
1490,WKNY,NY,KINGSTON,1000.0,1000.0,,,41.9365,-74.0079,LICEN,,Ulster,36111,ADLT CONT,RADIO KINGSTON,//W300DU 107.9
1490,WICY,NY,MALONE,1000.0,1000.0,,,44.8462,-74.2682,LICEN,,Franklin,36033,C&W,WW1 WILD COUNTRY,"//W274BI 102.7, WPDM-1470"
1490,WDLC,NY,PORT JERVIS,1000.0,1000.0,,,41.3637,-74.6777,LICEN,,Orange,36071,C&W,WE DO LOVE COUNTRY,//W299BA 107.7
1490,WCDO,NY,SIDNEY,1000.0,1000.0,,,42.3234,-75.3821,LICEN,"WCDO, WSID",Otsego,36077,ADLT CONT,TRI-COUNTY HEARTBEAT,//FM 100.9
1490,WOLF,NY,SYRACUSE,1000.0,1000.0,,,43.0584,-76.1663,LICEN,"WNYR, WNNR",Onondaga,36067,SPORTS,FOX SPORTS 1490,"//W223CP 92.5, WOSW-1300"
1490,WNGZ,NY,WATKINS GLEN,880.0,880.0,,,42.3523,-76.868,LICEN,"WGMF, WBZD, WGMF, WTYX, WRCE",Schuyler,36097,CLASSIC ROCK,MY COOL RADIO,"//W228DN 93.5, W226BA 93.1"
1490,WBEX,OH,CHILLICOTHE,1000.0,1000.0,,,39.3312,-82.9968,LICEN,,Ross,39141,NEWS/TALK/SPORTS,FSR FOX NEWSRADIO,//W224BR 92.7
1490,WERE,OH,CLEVELAND HEIGHTS,1000.0,1000.0,,,41.5134,-81.6012,LICEN,WJMO,Cuyahoga,39035,URBAN AC/TALK,ABC NEWSTALK 1490,EX-WJMO
1490,WOHI,OH,EAST LIVERPOOL,1000.0,1000.0,,,40.6298,-80.6023,LICEN,,Columbiana,39029,OLDIES,ABC WW1,"//WKPL 92.1, W280FL 103.9"
1490,WMOA,OH,MARIETTA,1000.0,1000.0,,,39.4193,-81.4762,LICEN,,Washington,39167,SOFT AC/SPORTS,WW1 ESPN LOCAL RADIO,//W267CQ 101.3
1490,WMRN,OH,MARION,1000.0,1000.0,,,40.6139,-83.1296,LICEN,,Marion,39101,NEWS/TALK,FOX NEWSRADIO 1490,
1490,KMFS,OK,GUTHRIE,1000.0,1000.0,,,35.8823,-97.3931,LICEN,KOKC,Logan,40083,RELIGION,SON LIFE RADIO,
1490,KBIX,OK,MUSKOGEE,1000.0,1000.0,,,35.7823,-95.3772,LICEN,,Muskogee,40101,REG. MEX.,RADIO LAS AMERICAS,"//K275CK 102.9, KMUS-1380"
1490,KBKR,OR,BAKER,1000.0,1000.0,,,44.7882,-117.8108,LICEN,,Baker,41001,TALK,ABC SRN SUPERTALK,//KLBM-1450
1490,KSKR,OR,ROSEBURG,1000.0,1000.0,,,43.1929,-123.362,LICEN,KRNR,Douglas,41019,SPORTS,W1S FOX THE SCORE,EX-KRNR //KWRZ 92.3
1490,KBZY,OR,SALEM,1000.0,1000.0,,,44.8815,-122.9862,LICEN,,Marion,41047,OLDIES,ABC,
1490,WESB,PA,BRADFORD,1000.0,1000.0,,,41.9651,-78.6167,LICEN,,McKean,42083,AC/TALK,WW1 NEWSRADIO 1490,//W298CM 107.5
1490,WGMA,PA,HAZLETON,1000.0,1000.0,,,40.9401,-75.9674,LICEN,WAZL,Luzerne,42079,CLASSIC ROCK,ABC GEM 99 & 100,EX-WAZL //WQOR-750
1490,WNTJ,PA,JOHNSTOWN,1000.0,1000.0,,,40.3237,-78.8967,LICEN,"WJNL, WKQS, WNTJ, WSPO, WPRR",Cambria,42021,CONTEMP HITS,WOWY RADIO,EX-WSPO/WPRR //W283CX 104.5
1490,WRKY,PA,LANCASTER,600.0,600.0,,,40.0607,-76.3161,LICEN,"WDDL, WLPA",Lancaster,42071,CONTEMP HITS,ROCKY 98.5,"//W223CH 92.5, WYCR 98.5"
1490,WBCB,PA,LEVITTOWN,1000.0,1000.0,,,40.169,-74.8352,LICEN,,Bucks,42017,TALK/SPORTS,,//W297CL 107.3
1490,WRKY,PA,LANCASTER,500.0,500.0,,,40.1216,-76.2499,LICEN,"WDDL, WLPA",Lancaster,42071,CONTEMP HITS,ROCKY 98.5,"//W223CH 92.5, WYCR 98.5"
1490,WMGW,PA,MEADVILLE,1000.0,1000.0,,,41.6314,-80.1767,LICEN,,Crawford,42039,CONTEMP. HITS,POP 98.1 & 100.7,//WFRA-1450
1490,WNDA,PA,WELLSBORO,1000.0,1000.0,,,41.7448,-77.2927,LICEN,WNBT,Tioga,42117,OLDIES/ROCK,WOGA IN TIOGA,EX-WNBT //WOGA 92.3
1490,WDEP,PR,PONCE,5800.0,1000.0,,,17.9822,-66.6363,LICEN,"WZBS, WLEO, WZUR",Ponce,72113,SPANISH NEWS/TALK,RADIO ISLA,EX-WLEO //WSKN-1320
1490,WVGB,SC,BEAUFORT,500.0,1000.0,,,32.4357,-80.6982,LICEN,WSIB,Beaufort,45013,OLDIES,ABC THE COAST,//W233AW 94.5
1490,WVGB,SC,BEAUFORT,1000.0,1000.0,,,32.5564,-80.71,LICEN,WSIB,Beaufort,45013,OLDIES,ABC THE COAST,//W233AW 94.5
1490,WTQS,SC,CAMERON,1000.0,1000.0,,,33.5527,-80.7437,LICEN,,Orangeburg,45075,TALK,FOX NEWSTALK 97.1,//W246BX 97.1
1490,WGCD,SC,CHESTER,650.0,650.0,,,34.6982,-81.2018,LICEN,,Chester,45023,URBAN OLDIES,,//W283CY 104.5
1490,WPCI,SC,GREENVILLE,1000.0,1000.0,,,34.9084,-82.3446,LICEN,"WQOK, WMRB",Greenville,45045,VARIETY,RADIO RANDY,
1490,KFCR,SD,CUSTER,830.0,830.0,,,43.7175,-103.5838,LICSL,,Custer,46033,SILENT,WW1 KOOL KAT RADIO,//K256DD 99.1
1490,KORN,SD,MITCHELL,1000.0,1000.0,,,43.7039,-97.9995,LICEN,,Davison,46035,NEWS/TALK/SPORTS,ABC FOXSP NEWSRADIO,//K267CN 101.3
1490,WOPI,TN,BRISTOL,1000.0,1000.0,,,36.5961,-82.1616,LICEN,,Bristol,51520,SPORTS,ABC ESPN TRI-CITIES,"//W250BG 97.9, WKPT, WKTP"
1490,WJOC,TN,CHATTANOOGA,1000.0,1000.0,,,35.052,-85.2733,LICEN,WDXB,Hamilton,47065,RELIGION,JOY 1490,EX-WDXB
1490,WCSV,TN,CROSSVILLE,1000.0,1000.0,,,35.9503,-85.0358,LICEN,,Cumberland,47035,CONTEMP. CHRIST,97.7 THE ONE,//W249DA 97.7
1490,WITA,TN,KNOXVILLE,1000.0,1000.0,,,35.9698,-83.9655,LICEN,WKVQ,Knox,47093,RELIGION,WITNESS 1490,
1490,WCOR,TN,LEBANON,1000.0,1000.0,,,36.2073,-86.2675,LICEN,WCKD,Wilson,47189,C&W,SRN REAL COUNTRY,//WANT 98.9
1490,WJJM,TN,LEWISBURG,1000.0,1000.0,,,35.4509,-86.7825,LICEN,,Marshall,47117,SPORTS,FOX,//W223CY 92.5
1490,KJFK,TX,AUSTIN,390.0,890.0,,,30.3209,-97.6498,LICEN,"KEYU, KMOW, KFON, KLGO, KTAE, KTSN, KFIT, KJFK",Travis,48453,ADLT CONT,96.3 JACK-FM,EX-KFIT //K242DE 96.3
1490,KJFK,TX,AUSTIN,1000.0,1000.0,,,30.2538,-97.7072,LICEN,"KEYU, KMOW, KFON, KLGO, KTAE, KTSN, KFIT, KJFK",Travis,48453,ADLT CONT,96.3 JACK-FM,EX-KFIT //K242DE 96.3
1490,KIBL,TX,BEEVILLE,1000.0,1000.0,,,28.3858,-97.7286,LICEN,,Bee,48025,C&W,NO BULL RADIO,"//KMFR-1280, FM 92.1, 95.3"
1490,KBST,TX,BIG SPRING,1000.0,1000.0,,,32.2623,-101.4607,LICEN,,Howard,48227,TALK/STNDS/SPORTS,ABC FSR K-BEST,//K280GW 103.9
1490,KNEL,TX,BRADY,1000.0,1000.0,,,31.1302,-99.3228,LICEN,,McCulloch,48307,OLDIES,ABC GOODTIME OLDIES,
1490,KWMC,TX,DEL RIO,1000.0,1000.0,,,29.3716,-100.8656,LICEN,,Val Verde,48465,OLDIES,ABC THE MIGHTY 1490,
1490,KHVL,TX,HUNTSVILLE,1000.0,1000.0,,,30.6969,-95.5524,LICEN,KSAM,Walker,48471,CLASSIC ROCK,WW1 THE HITS,"//K231DA 94.1, K285GE 104.9"
1490,KLNT,TX,LAREDO,1000.0,1000.0,,,27.495,-99.4714,LICEN,"KVOZ, KDOS",Webb,48479,SPANISH RELIGION,RADIO VIDA,EX-KDOS //KLVL-1480
1490,KZZN,TX,LITTLEFIELD,1000.0,1000.0,,,33.9381,-102.3444,LICEN,,Lamb,48279,SILENT,ABC YOUR LOCAL VOICE,
1490,KPLT,TX,PARIS,1000.0,1000.0,,,33.6354,-95.5541,LICEN,,Lamar,48277,C&W,FOX CLASSIC COUNTRY,//K242BC 96.3
1490,KYZS,TX,TYLER,1000.0,1000.0,,,32.3752,-95.2697,LICEN,KDOK,Smith,48423,CLASSIC ROCK,ALL HIT RADIO,EX-KDOK //K239CB 95.7
1490,KVWC,TX,VERNON,1000.0,1000.0,,,34.1534,-99.2695,LICSL,,Wilbarger,48487,SILENT,ACROSS THE GREENBELT,//FM 103.1
1490,KOGN,UT,OGDEN,1000.0,1000.0,,,41.2397,-111.9836,LICEN,"KJQN, KJOE, KYFO",Weber,49057,SPANISH RELIGION,POSITIVA RADIO,EX-KJOE/KYFO
1490,KZEZ,UT,SANTA CLARA,1000.0,1000.0,,,37.1116,-113.5127,LICEN,"KSGI, NEW",Washington,49053,OLDIES,TIMELESS CLASSICS,//K274CQ 102.7
1490,KCPX,UT,SPANISH VALLEY,1000.0,1000.0,,,38.4678,-109.439,LICEN,,San Juan,49037,TALK,FOX MOAB TALK RADIO,//K290CS 105.9
1490,WCVA,VA,CULPEPER,680.0,680.0,,,38.4846,-77.9892,LICEN,,Culpeper,51047,CLASSIC ROCK,105.5-95.3 SAM FM,"//W237CA 95.3, WOJL 105.5"
1490,WPAK,VA,FARMVILLE,1000.0,1000.0,,,37.3132,-78.3944,LICEN,,Cumberland,51049,GOSPEL COUNTRY,CROSS COUNTRY FM,//WRMV-LP 94.5
1490,WXTG,VA,HAMPTON,970.0,970.0,,,37.0307,-76.3752,LICEN,"WWDE, WPEX, WOJY, WBYM, WLRT",Hampton,51650,URBAN OLDIES/GOSP,THE GROOVE 101.9,//W270DA 101.9
1490,WCLY,VT,MIDDLEBURY,960.0,960.0,,,43.9992,-73.1593,LICEN,WFAD,Addison,50001,AMERICANA,MUD RADIO,EX-WFAD //W266CU 101.1
1490,WIKE,VT,NEWPORT,1000.0,1000.0,,,44.9389,-72.2218,LICEN,,Orleans,50019,CLASSIC ROCK,NBC THE NOTCH,//W276DK 103.1
1490,KWOK,WA,ABERDEEN,1000.0,1000.0,,,46.9581,-123.811,LICEN,"KGHO, KJET, KGHO, KGHO, KAYO",Grays Harbor,53027,SPORTS,ESPN,EX-KGHO/KJET/KAYO
1490,KLOG,WA,KELSO,1000.0,1000.0,,,46.1165,-122.8865,LICEN,,Cowlitz,53015,CL. ROCK,CLASSIC HITS 100.7,//K264CU 100.7
1490,KYNR,WA,TOPPENISH,1000.0,1000.0,,,46.3757,-120.3228,LICEN,KENE,Yakima,53077,VARIETY,YAKIMA NATION R.,EX-KENE
1490,KTEL,WA,WALLA WALLA,1000.0,1000.0,,,46.0235,-118.3558,LICEN,"KTEL, KTWY",Walla Walla,53071,NEWS/TALK/SPORTS,FOX W1S,"//K259CR 99.7, K231CT 94.1"
1490,WGEZ,WI,BELOIT,1000.0,1000.0,,,42.4956,-89.019,LICEN,,Winnebago,17201,C&W,ABC WW1 IRON COUNTRY,//W270CW 101.9
1490,WLCX,WI,LA CROSSE,1000.0,1000.0,,,43.8283,-91.241,LICSL,"WLCX, WLXR, WLFN, WLXR",La Crosse,55063,SILENT,ABC EAGLE 1490,EX-WLFN/WLXR
1490,WIGM,WI,MEDFORD,1000.0,1000.0,,,45.1641,-90.3412,LICEN,,Taylor,55119,C&W,KICKIN COUNTRY,//W296DL 107.1
1490,WOSH,WI,OSHKOSH,1000.0,1000.0,,,44.0458,-88.5293,LICEN,WYTL,Winnebago,55139,NEWS/TALK,ABC FOX NEWSTALK RADIO,//W230DB 93.9
1490,WSWW,WV,CHARLESTON,1000.0,1000.0,,,38.3579,-81.6165,LICEN,"WXIT, WCZR",Kanawha,54039,SPORTS,ESPN RADIO 1490,EX-WXIT/WCZR //W294CL 106.7
1490,WRLF,WV,FAIRMONT,1000.0,1000.0,,,39.472,-80.1404,LICEN,"WTCS, WBKE, WVRM, WBKE",Marion,54049,TALK,SRN WW1 MAGA TORCH,EX-WVRM/WBKE //W252EF 98.3
1490,WAEY,WV,PRINCETON,1000.0,1000.0,,,37.3898,-81.0993,LICEN,"WAEY, WPVO",Mercer,54055,S. GSPL,SRN THE WAY 103.3,EX-WAEY/WPVO //W277AW 103.3
1490,WSGB,WV,SUTTON,900.0,900.0,,,38.6532,-80.7193,LICEN,,Braxton,54007,OLDIES,Q92 CLASSIC TOP 40,"//W243CA 96.5, W221EF 92.1"
1490,KUGR,WY,GREEN RIVER,1000.0,1000.0,,,41.5155,-109.4371,LICEN,,Sweetwater,56037,AC/OLDIES,COUGAR RADIO,//K285FG 104.9
1490,KJNT,WY,JACKSON,1000.0,1000.0,,,43.4744,-110.7694,LICEN,,Teton,56039,???,,//K259CP 99.7
1490,KGOS,WY,TORRINGTON,1000.0,1000.0,,,42.0722,-104.2283,LICEN,,Goshen,56015,C&W,ABC CINCH COUNTRY,//K260DA 99.9
1500,WQCR,AL,ALABASTER,2300.0,3.0,1200.0,,33.2076,-86.7594,LICEN,"WQMS, WGTT",Shelby,1117,REG. MEX.,EL JEFE MIL QUINIENTOS,CH: 1200 W //W248BO 97.5
1500,WVSM,AL,RAINSVILLE,1000.0,,1000.0,,34.499,-85.8428,LICEN,,DeKalb,1049,S. GSPL,SRN REJOICE 103.1,//W276DC 103.1
1500,WKAX,AL,RUSSELLVILLE,1000.0,,,,34.5284,-87.7114,LICEN,,Franklin,1059,BLK GSPL,,
1500,KSJX,CA,SAN JOSE,10000.0,5000.0,,,37.3577,-121.8724,LICEN,"KXRX, KHTT",Santa Clara,6085,ETHNIC ASIAN,INTERNATIONAL STATION,
1500,WFIF,CT,MILFORD,5000.0,,,,41.1926,-73.1009,LICEN,,New Haven,9009,RELIGION,SRN LIFE CHANGING R.,//W270DL 101.9
1500,WFED,DC,WASHINGTON,50000.0,50000.0,,,39.0421,-77.0461,LICEN,"WTOP, WTWP, WWWT",Montgomery,24031,TALK,FEDERAL NEWS NET,"//W283DG 104.5, WTOP NIGHTS"
1500,WPSO,FL,NEW PORT RICHEY,250.0,,,,28.2594,-82.729,LICEN,WGUL,Pasco,12101,ETHNIC GREEK,ABC GREEK VOICE RADIO,//W270DH 101.9
1500,WDPC,GA,DALLAS,5000.0,,3200.0,,33.9446,-84.8244,LICEN,WKRP,Paulding,13223,GOSPEL/RELIGION,WORD CHRISTIAN GROUP,CH: 3200 W //WDCY-1520
1500,KHKA,HI,HONOLULU,5000.0,5000.0,,,21.3319,-157.8908,LICEN,KUMU,Honolulu,15003,SPORTS,W1S SPORTS 1500,EX-KUMU //K272GC 102.3
1500,WPMB,IL,VANDALIA,250.0,2.0,,,38.9578,-89.1228,LICEN,,Fayette,17051,ADLT CONT,ABC WW1 VANDALIA RADIO,"//W284BI 104.7,W274CE 102.7"
1500,WPJX,IL,ZION,250.0,2.0,,,42.4553,-87.9009,LICEN,"WNIZ, WRJR, WKGA, WTAU, WDDZ",Lake,17097,SILENT,REBEL RADIO CHICAGO,EX-WTAU/WDDZ //W223CN 92.5
1500,WAKE,IN,HOBART,250.0,11.0,,,41.5389,-87.2998,LICEN,,Lake,18089,AC/OLDIES,ABC WW1 OLDIES 1500,//W248AP 97.5
1500,WBRI,IN,INDIANAPOLIS,5000.0,,,,39.8703,-86.0881,LICEN,,Marion,18097,RELIGION,GRACE TALK,//W244DN 96.7
1500,WAKE,IN,VALPARAISO,1000.0,25.0,,,41.4434,-87.0484,LICEN,,Porter,18127,AC/OLDIES,ABC WW1 OLDIES 1500,//W248AP 97.5
1500,WKXO,KY,BEREA,250.0,,,,37.5868,-84.3011,LICEN,,Madison,21151,SPORTS,INFINITY SPORTS NET,//W278CC 103.5
1500,WMJL,KY,MARION,175.0,,,,37.3378,-88.0675,LICEN,,Crittenden,21055,C&W,RIVER COUNTRY 102.7,//FM 102.7
1500,KCLF,LA,NEW ROADS,850.0,18.0,,,30.7358,-91.4332,LICEN,KQXL,Pointe Coupee,22077,URBAN OLDIES,BLUES & OLDIES,//K253CM 98.5
1500,WLQV,MI,DETROIT,50000.0,10000.0,,,42.2311,-83.1994,LICEN,"WLQV, WCZY",Wayne,26163,RELIGION,SRN FAITHTALK RADIO,//W268CN 101.5
1500,KSTP,MN,ST. PAUL,50000.0,50000.0,,,45.0255,-93.0519,LICEN,,Washington,27163,SPORTS,ESPN SKOR NORTH,
1500,WQMS,MS,QUITMAN,1000.0,,,,32.0643,-88.7242,LICSL,WBFN,Clarke,28023,SILENT,VOICE OF CLARKE COUNTY,EX-WBFN //W274CH 102.7
1500,WSMX,NC,WINSTON-SALEM,140.0,,,,36.074,-80.2551,LICEN,,Forsyth,37067,RELIGION,SRN THE LIGHT,//WSTS 100.9
1500,WGHT,NJ,POMPTON LAKES,1000.0,,,,40.9809,-74.2846,LICEN,WKER,Passaic,34031,TALK/VARIETY,HOMETOWN STATION,EX-WKER //W252ED 98.3
1500,WBZI,OH,XENIA,500.0,,,,39.7134,-83.9133,LICEN,"WBZI, WLGY",Greene,39057,C&W/GOSPEL/BLUES,FOX REAL ROOTS RADIO,"//WKFI-1090, WEDI-1130"
1500,KPGM,OK,PAWHUSKA,500.0,,,,36.7617,-96.1997,LICEN,"KOKN, KXVQ, KRIG, KOMH",Osage,40113,SPORTS,ESPN SPORTS ANIMAL,//KWPN-640 AT TIMES
1500,WMNT,PR,MANATI,1200.0,290.0,,,18.4316,-66.4771,LICEN,,Manatí,72091,SPANISH NEWS/TALK,RADIO ATENAS,
1500,WZZQ,SC,GAFFNEY,1000.0,,500.0,,35.0885,-81.6442,LICEN,WEAC,Cherokee,45021,ADLT CONT,HOT FM,CH: 500 W //W282AX 104.3
1500,WDEB,TN,JAMESTOWN,1000.0,,500.0,,36.4254,-84.9422,LICEN,,Fentress,47049,C. CHRIST.,98 THE ONE,//W251CO 98.1
1500,WPOT,TN,TRENTON,250.0,6.0,,,35.9812,-88.9256,LICEN,WTNE,Gibson,47053,C&W,COUNTRY 1500,EX-WTNE
1500,KBRN,TX,BOERNE,250.0,,,,29.8124,-98.7284,LICEN,"KNCI, KYCS",Kendall,48259,OLDIES,,//K280GR 103.9
1500,KMXO,TX,MERKEL,250.0,,,,32.4715,-100.0056,LICEN,,Taylor,48441,SPANISH RELIGION,EL GRAN MANDAMIENTO,//K288HL 105.5
1500,KJIM,TX,SHERMAN,1000.0,,,,33.6918,-96.5583,LICEN,KTXO,Grayson,48181,ADLT STNDS,K-JIM MEMORY MAKER,EX-KTXO //K267CB 101.3
1500,KANI,TX,WHARTON,500.0,500.0,,,29.323,-96.0591,LICEN,,Wharton,48481,RELIGION,GREAT GOSPEL,//K284CS 104.7
1500,WCLY,VT,BRIDPORT,1000.0,,,,44.0032,-73.3946,LICEN,WFAD,Addison,50001,,,
1500,WCLY,VT,BRIDPORT,,,670.0,,44.0032,-73.2446,LICEN,WFAD,Addison,50001,,,
1510,KFNN,AZ,MESA,22000.0,100.0,,,33.6928,-112.0032,LICSL,"KNTS, KJAA",Maricopa,4013,SILENT,BNN MONEY RADIO,//K287BX 105.3
1510,KSPA,CA,COLTON,5000.0,2000.0,,,34.1242,-117.2382,LICEN,"KNSE, KMSL, KIKA, KMXN",San Bernardino,6071,ETHNIC S. ASIAN,PUNJABI RADIO USA,EX-KIKA/KMXN
1510,KIRV,CA,FRESNO,10000.0,,,,36.7116,-119.834,LICEN,,Fresno,6019,SPANISH RELIGION,R. VIDA ABUDANTE,
1510,KSPA,CA,ONTARIO,10000.0,1000.0,,,34.0947,-117.6137,LICEN,"KNSE, KMSL, KIKA, KMXN",San Bernardino,6071,ETHNIC S. ASIAN,PUNJABI RADIO USA,EX-KIKA/KMXN
1510,KSFN,CA,PIEDMONT,8000.0,2400.0,,,37.8171,-122.2872,LICEN,"KTID, KKHI, KNOB, KKHI, KJQI, KMZT, KJQI, KJAZ, KTIM, KMZT, KPIG",Alameda,6001,REG. MEX.,RADIO LAZER,
1510,KPLS,CO,LITTLETON,10000.0,25000.0,,,39.8689,-104.9275,LICEN,"KDKO, KNRC, KCUV, KYOL, KCKK",Adams,8001,RELIGION,SRN K-PLUS,"//FM 97.7, K225CZ 92.9"
1510,WWBC,FL,COCOA,50000.0,,25000.0,,28.3536,-80.7789,LICEN,,Brevard,12009,RELIGION,CHRISTIAN VOICE,"//W264AS 100.7, W234BI 94.7"
1510,KIFG,IA,IOWA FALLS,1000.0,,500.0,,42.5136,-93.216,LICEN,,Hardin,19083,CLASSIC ROCK,ABC IOWA RIVER RADIO,//FM 95.3
1510,WCAZ,IL,CARTHAGE,330.0,,,,40.4087,-91.1701,LICEN,"WKAI, WLRB, WYEC",Hancock,17067,C&W,FOX WW1 REAL COUNTRY,EX-WLRB/WYEC //W256DZ 99.1
1510,WWHN,IL,JOLIET,1000.0,,600.0,,41.5139,-88.0528,LICEN,WJRC,Will,17197,URBAN AC,SRN KINGDOM RADIO WHN,//W268CY 101.5
1510,KLQR,KS,LARNED,1000.0,,500.0,,38.165,-99.1018,LICEN,"KANS, KNNS, KLQR, KNNS",Pawnee,20145,CLASSIC ROCK,CLASSIC HITS 107.9,"//KZRS 107.9, K222DP 92.3"
1510,KAGY,LA,PORT SULPHUR,1000.0,,,,29.4844,-89.7042,LICEN,,Plaquemines,22075,GOSPEL,,//K260DI 99.9
1510,WMEX,MA,QUINCY,10000.0,100.0,2000.0,,42.2737,-71.0412,LICEN,"WKKU, WSSH, WNRB, WSZE, WWZN, WUFC",Norfolk,25021,CLASSIC ROCK,,CH: 2000 W //W266DQ 101.1
1510,WJKN,MI,JACKSON,420.0,,,,42.2214,-84.4345,LICEN,"WJCO, WHBT, WJCO",Jackson,26075,RELIGION,EWTN GOOD SHEPHERD,//W227BY 93.3
1510,KCTE,MO,INDEPENDENCE,10000.0,,,,39.0706,-94.4497,LICEN,"KIDZ, KJLA",Jackson,29095,SPORTS,ESPN KANSAS CITY,EX-KIDZ/KJLA //K233DM 94.5
1510,KMRF,MO,MARSHFIELD,5000.0,,1600.0,,37.3192,-92.9621,LICEN,"KEMM, KOSC",Webster,29225,RELIGION,HERE'S HELP NETWORK,CH: 1600 W //K296HN 107.1
1510,WEAL,NC,GREENSBORO,820.0,,200.0,,36.0618,-79.7928,LICEN,"WEAL, WQMC, WQMG",Guilford,37081,RELIGION,THE TRUTH,CH:200 W //W284BN 104.7
1510,KTTT,NE,COLUMBUS,500.0,,,,41.4539,-97.4059,LICSL,,Platte,31141,SILENT,ABC K-TRIPLE-T,
1510,WRNJ,NJ,HACKETTSTOWN,2000.0,5.0,1100.0,,40.8168,-74.8269,LICEN,WAIU,Morris,34027,OLDIES,ABC YOUR LOCAL STATION,EX-1000 CH: 1100 W
1510,WOCQ,NJ,SALEM,2500.0,,,,39.5834,-75.4602,LICEN,"WJIC, WNNN, WFAI, WVJJ, WXCY",Salem,34033,CONTEMP. HITS,MAXIMA 104.1,EX-WVJJ/WXCY //W281CM 104.1
1510,KOAZ,NM,ISLETA,5000.0,25.0,4200.0,,34.9795,-106.7375,LICEN,"KABR, KMYN",Bernalillo,35001,AC/EZL,THE OASIS,"CH:4.2K //FM96.7,95.9,103.7"
1510,WLGN,OH,LOGAN,1000.0,,250.0,,39.5287,-82.3849,LICEN,,Hocking,39073,C&W,THE WOLF,CH:250 W //W277CX 103.3
1510,WLKR,OH,NORWALK,500.0,,,,41.2792,-82.6563,LICEN,"WLKR, WVAC",Huron,39077,CLASSIC ROCK,WW1 92.9 CLASSIC,EX-WLKR/WVAC //W225DG 92.9
1510,WPGR,PA,MONROEVILLE,5000.0,1.0,2500.0,,40.4703,-79.8509,LICEN,"WXVX, WNVU, WXVX",Allegheny,42003,RELIGION,WE ARE ONE BODY,CH: 2500 W //WAOB 106.7
1510,WBSG,PR,LAJAS,1000.0,1000.0,,,18.0344,-67.0824,LICEN,"WIVD, WAVB, WTCV, WSQD",Lajas,72079,SPANISH VARIETY,SUPER 1510,EX-WAVB/WTCV/WSQD
1510,WQUL,SC,WOODRUFF,1000.0,,250.0,,34.7562,-82.0548,LICEN,"WSJW, WJKI, WDRF",Spartanburg,45083,CLASSIC ROCK,WW1 CLASSIC HITS,CH:250 W //W269DM 101.7
1510,KMSD,SD,MILBANK,5000.0,14.0,1000.0,,45.1944,-96.6395,LICEN,,Grant,46051,OLDIES/ROCK,ABC CLASSIC HITS 95.1,CH: 1000 W //K236CU 95.1
1510,WLAC,TN,NASHVILLE,50000.0,50000.0,,,36.272,-86.7578,LICEN,,Davidson,47037,NEWS/TALK/SPORTS,FOX TALKRADIO 98.3,//W252CM 98.3
1510,KAGC,TX,BRYAN,500.0,,,,30.6519,-96.3852,LICEN,,Brazos,48041,URBAN AC/R&B,MAGIC 97.3,//K247CS 97.3
1510,KWJB,TX,CANTON,500.0,,400.0,,32.5418,-95.8577,LICEN,"KMOO, KJMC, KVCI, KRDH",Van Zandt,48467,CLASSIC ROCK,THE BEE,EX-KVCI/KRDH //K236CH 95.1
1510,KCTX,TX,CHILDRESS,260.0,,,,34.4246,-100.2301,LICEN,,Childress,48075,AC/OLDIES,THE CAT,//K221FL 92.1
1510,KMND,TX,MIDLAND,2400.0,,,,31.9637,-102.0818,LICEN,,Midland,48329,SPORTS,FOX SPORTSRADIO,//K258AO 99.5
1510,KROB,TX,ROBSTOWN,500.0,,,,27.7778,-97.6322,LICEN,"KROB, KGLF",Nueces,48355,TEJANO,CLASSIC KONJUNTO,EX-KROB/KGLF //K232DE 94.3
1510,KSTV,TX,STEPHENVILLE,500.0,,,,32.2024,-98.2487,LICEN,,Erath,48143,REG. MEX.,FIESTA AM,//K230BS 93.9
1510,KGA,WA,SPOKANE,50000.0,540.0,45000.0,,47.5021,-117.3863,LICEN,,Spokane,53063,SPORTS,FOX SPORTS THE GAME,//K278CY 103.5 CH: 45 KW
1510,WGKB,WI,WAUKESHA,250.0,,,,43.0178,-88.1956,LICEN,"WAUK, WRRD",Waukesha,55133,URBAN TALK,101.7 THE TRUTH,CH: 20 KW //W269DL 101.7
1520,WTLM,AL,OPELIKA,1000.0,,650.0,,32.6574,-85.4241,LICEN,"WAOA, WZMG",Lee,1081,BLK GSPL,HALLELUJAH 1520,EX-WZMG CH: 650 W
1520,KMPG,CA,HOLLISTER,5000.0,,3500.0,,36.8349,-121.4197,LICEN,,San Benito,6069,REG. MEX.,RADIO BONITA,CH: 3500 W
1520,KVEN,CA,PORT HUENEME,10000.0,1000.0,,,34.1672,-119.1348,LICSL,"KACY, KTRO, KVTA, KUNX, KKZZ",Ventura,6111,SILENT,LA VOZ 1520 / TUDN,//K242CW 96.3 EX-KKZZ
1520,WNDO,FL,APOPKA,5000.0,350.0,,,28.6525,-81.4942,LICEN,"WTLN, WHIM, WBZW",Orange,12095,ETHNIC,R. NOUVELLE LUMIERE,//WPBR-1340
1520,WNDO,FL,FAIRVIEW SHORES,4000.0,8.0,,,28.5699,-81.4333,LICEN,"WTLN, WHIM, WBZW",Orange,12095,ETHNIC,R. NOUVELLE LUMIERE,//WPBR-1340
1520,WNDO,FL,FAIRVIEW SHORES,,,3800.0,,28.5699,-81.4499,LICEN,"WTLN, WHIM, WBZW",Orange,12095,ETHNIC,R. NOUVELLE LUMIERE,//WPBR-1340
1520,WXYB,FL,INDIAN ROCKS BEACH,1000.0,13.0,,,27.8445,-82.7723,LICEN,,Pinellas,12103,ETHNIC,,EX-WGNB
1520,WEXY,FL,WILTON MANORS,5000.0,800.0,,,26.1742,-80.1573,LICEN,,Broward,12011,BLK GSPL,THE GOSPEL STATION,
1520,WDCY,GA,DOUGLASVILLE,2700.0,,890.0,,33.7637,-84.6891,LICEN,"WDGL, WSPZ",Douglas,13097,GOSPEL/RELIGION,WORD CHRISTIAN GROUP,EX-WSPZ CH: 890 W
1520,KSIB,IA,CRESTON,1000.0,,,,41.0378,-94.3941,LICEN,,Union,19175,OLDIES,KOOL 102,//K271CT 102.1
1520,WHOW,IL,CLINTON,5000.0,,1000.0,,40.0953,-88.9642,LICEN,,De Witt,17039,NEWS/TALK/FARM,SRN THE BIG 1520&106.5,CH: 1000 W //W293DJ 106.5
1520,WLUV,IL,LOVES PARK,500.0,12.0,,,42.33,-89.0829,LICEN,,Winnebago,17201,RELIGION,VCY AMERICA,//W287BY 105.3
1520,WKVI,IN,KNOX,1800.0,,350.0,,41.3216,-86.6059,LICEN,,Starke,18149,NEWS,ALL NEWS 1520,CH: 350 W
1520,WSVX,IN,SHELBYVILLE,260.0,4.0,,,39.5581,-85.7702,LICEN,"WSVL, WOOO, WKWH",Shelby,18145,C&W,GIANT FM COUNTRY,EX-WOOO/WKWH //W243CL 96.5
1520,KFXZ,LA,LAFAYETTE,10000.0,500.0,10000.0,,30.281,-92.0148,LICEN,"KXKW, KINF, KACY, KDYS",Lafayette,22055,NEWS/TALK,TALK OF ACADIANA,EX-KACY/KDYS //K253CO 98.5
1520,WIZZ,MA,GREENFIELD,,160.0,,,42.4223,-72.6176,LICEN,"WPOE, WGAM",Franklin,25011,OLDIES,PURE OLDIES 96.9&100.5,//W263DE 100.5 CH: 160 W
1520,WIZZ,MA,GREENFIELD,1000.0,,,,42.589,-72.6176,LICEN,"WPOE, WGAM",Franklin,25011,OLDIES,PURE OLDIES 96.9&100.5,//W263DE 100.5 CH: 160 W
1520,WRCI,MI,THREE RIVERS,430.0,8.0,,,41.9287,-85.6375,LICEN,WLKM,St. Joseph,26149,C&W,WW1 RIVER COUNTRY 97.1,EX-WLKM //W246BW 97.1
1520,KRHW,MO,SIKESTON,5000.0,1600.0,5000.0,,36.8237,-89.5959,LICEN,KMPL,Scott,29201,CL. C&W,COUNTRY LEGENDS,CH: 5 KW //K255AW 98.9
1520,WDSL,NC,MOCKSVILLE,5000.0,,1000.0,,35.8807,-80.5403,LICEN,,Davie,37059,CL. C&W/BLUEGRASS,CLASSIC CNTRY & BLUEGR,CH: 1000 W //W243EC 96.5
1520,WARR,NC,WARRENTON,5000.0,,1000.0,,36.4051,-78.1356,LICEN,,Warren,37185,BLK GSPL,,CH: 1000 W //W278DC 103.5
1520,KMSR,ND,NORTHWOOD,1500.0,,,,47.4992,-97.3512,LICEN,KMAV,Traill,38097,SPORTS,FOX SPORTSRADIO,EX-KMAV //K255DG 98.9
1520,WWKB,NY,BUFFALO,50000.0,50000.0,,,42.7695,-78.8425,LICEN,WKBW,Erie,36029,SPORTS/BETTING,W1S BETQL BET 1520,
1520,WQCT,OH,BRYAN,500.0,5.0,250.0,,41.4778,-84.5783,LICEN,WBNO,Williams,39171,OLDIES,WW1 THE Q 96.5,CH: 250 W //W243DP 96.5
1520,WINW,OH,CANTON,230.0,3.0,155.0,,40.8233,-81.4287,LICEN,"WINW, WRQK, WINW, WPGY",Stark,39151,URBAN AC,,CH: 155 W EX-WRQK/WPGY
1520,WPAY,OH,ROSSFORD,500.0,400.0,,,41.5089,-83.5519,LICEN,"WGOR, WVOI, WDMN, WNWT",Wood,39173,RELIGION,RELEVANT RADIO,EX-WDMN/WNWT //W231EF 94.1
1520,KOKC,OK,OKLAHOMA CITY,50000.0,50000.0,,,35.3331,-97.5042,LICEN,KOMA,Canadian,40017,NEWS/TALK,FOX WW1 NEWSTALK,//K237GE 95.3
1520,KGDD,OR,OREGON CITY,5000.0,42.0,,,45.4737,-122.6604,LICEN,"KYXI, KSGO, KFXX, KKSN, KZNY, KGDD, KXET, KQRR, KXET",Multnomah,41051,REG. MEX.,LA GRAN D 93.5,EX-KQRR/KXET //K228EU 93.5
1520,WCHE,PA,WEST CHESTER,1000.0,,800.0,,39.9662,-75.6316,LICEN,,Chester,42029,TALK/OLDIES,TALK OF CHESTER COUNTY,CH: 800 W //W237EW 95.3
1520,WRSJ,PR,SAN JUAN,10000.0,10000.0,,,18.3508,-66.2019,LICEN,"WRAI, WVOZ, WBYM",San Juan,72127,SPANISH TALK,SALUD 1520,EX-WVOZ/WBYM
1520,KZOY,SD,SIOUX FALLS,500.0,,,,43.5578,-96.7964,LICEN,"KRSS, KJIA, KCGN, KSFS, KSQB",Minnehaha,46099,AC/OLDIES,SUNNY RADIO,EX-KSFS/KSQB //K227CZ 93.3
1520,WNWS,TN,BROWNSVILLE,250.0,,,,35.6084,-89.2445,LICEN,WBHT,Haywood,47075,TALK,THE CAT,EX-WBHT //WTBG 95.3
1520,KYND,TX,CYPRESS,25000.0,,18000.0,,29.8872,-96.0147,LICEN,,Waller,48473,SPANISH RELIGION,ESNE RADIO,CH: 18000 W //K260CH 99.9
1520,KQQB,TX,STOCKDALE,2500.0,,,,29.1933,-97.8669,LICEN,"KRJH, KHLT",Wilson,48493,SPANISH RELIGION,RADIO VIDA VISION,EX-KRJH/KHLT
1520,KKXA,WA,SNOHOMISH,50000.0,50000.0,,,47.8754,-122.079,LICEN,,Snohomish,53061,CL. C&W,CLASSIC COUNTRY,//K266CJ 101.1
1520,WZBU,WI,NEW HOLSTEIN,550.0,,,,44.0739,-88.1798,LICSL,"WMBE, WLWB, WLAK, WVXN",Calumet,55015,SILENT,ABC REAL NEWS,"//WISS 1100, W243ER 96.5"
1530,KVDW,AR,ENGLAND,2500.0,,270.0,,34.5459,-91.9846,LICEN,"KELC, KLRA, KLEC, KROP, KLEC, KHTE",Lonoke,5085,BLK GSPL/RELIGION,VICTORY 1530,CH: 270W //K265EO 100.9
1530,KFBK,CA,SACRAMENTO,50000.0,50000.0,,,38.8482,-121.4838,LICEN,,Yolo,6113,NEWS/TALK,ABC NEWSRADIO,//FM 93.1
1530,KQSC,CO,COLORADO SPRINGS,15000.0,15.0,1000.0,,38.8189,-104.7761,LICEN,"KXXV, KKCS, KCMN, KKHI",El Paso,8041,CLASSIC ROCK,CL. HITS 101.9 & 107.3,CH: 1000 W //K294CH 107.3
1530,WENG,FL,ENGLEWOOD,1000.0,1.0,,,26.9712,-82.3231,LICEN,,Sarasota,12115,TALK,FOX THE INFO STATION,"//W298AV 107.5, W251CU 98.1"
1530,WYMM,FL,JACKSONVILLE,50000.0,,,,30.3641,-81.7482,LICEN,"WJGR, WJGC, WCRJ, WOBS",Duval,12031,ETHNIC,CARIBBEAN POWER RADIO,EX-WJGC/WCRJ //W243DO 96.5
1530,WTTI,GA,DALTON,1000.0,,320.0,,34.7842,-85.0452,LICEN,,Whitfield,13313,C. CHRIST.,HOPE 93.3,CH: 320 W //W227DG 93.3
1530,KDSN,IA,DENISON,500.0,13.0,,,42.0361,-95.3292,LICEN,,Crawford,19047,C&W/FARM,ABC HIVE 105,//FM 104.9
1530,WCKG,IL,ELMHURST,360.0,,,,41.8628,-87.9239,LICEN,"WKDC, WJJG",DuPage,17043,SILENT,FSR BNN THE BIG ONE,EX-WKDC/WJJG //W272DQ 102.3
1530,WLIQ,IL,QUINCY,1400.0,,290.0,,39.9309,-91.4296,LICEN,KPCR,Adams,17001,CL. C&W,WW1 KICK AM 1350,EX-KPCR CH: 290 W
1530,KQNK,KS,NORTON,1000.0,,,,39.8269,-99.8693,LICEN,KNBI,Norton,20137,C&W,AP SUPERSTAR COUNTRY,//K273DE 102.5
1530,WVBF,MA,MIDDLEBOROUGH CENTER,5000.0,4.0,,,41.8823,-71.0634,LICEN,WCEG,Bristol,25005,TALK,HOMETOWN TALK R.,CH: 940W //W259DD 99.7
1530,WCTR,MD,CHESTERTOWN,1000.0,,270.0,,39.2265,-76.0886,LICEN,,Kent,24029,OLDIES,GREATEST HITS ALL TIME,"//W295CJ 106.9,W272BJ 102.3"
1530,WLCO,MI,LAPEER,5000.0,,,,43.0267,-83.2844,LICEN,"WDEY, WWGZ, WLSP",Lapeer,26087,C. CHRIST.,BRIDGE RADIO,EX-WWGZ/WLSP //W244EN 96.7
1530,WYGR,MI,WYOMING,500.0,,250.0,,42.9272,-85.7473,LICEN,"WYGR, WTKG",Kent,26081,C&W,JETHRO FM,"//W235BN 94.9, W258DF 99.5"
1530,WLLQ,NC,CHAPEL HILL,10000.0,,,,35.9688,-79.0025,LICSL,"WRBX, WRTP",Orange,37135,SILENT,,"//WRTG 1000, WLLN 1370, ETC"
1530,WOBX,NC,WANCHESE,250.0,,,,35.8646,-75.6496,LICEN,WOBR,Dare,37055,NEWS/TALK,SRN,EX-WOBR //W277DO 103.3
1530,WJDM,NY,MINEOLA,10000.0,,500.0,,40.6851,-73.6096,LICEN,WTHE,Nassau,36059,SPANISH RELIGION,RADIO CANTICO NUEVO,CH: 500 W //W300EI 107.9
1530,WCKY,OH,CINCINNATI,50000.0,50000.0,,,39.0687,-84.6055,LICEN,"WCKY, WSAI",Warren,39165,SPORTS,ESPN 1530,EX-WSAI
1530,KXTD,OK,WAGONER,5000.0,,,,35.9751,-95.4919,LICEN,"KWOK, KTCR",Wagoner,40145,REG. MEX.,QUE BUENA 104.9,//KCXR 100.3
1530,WZTE,PA,UNION CITY,4800.0,,250.0,,41.9409,-79.8448,LICEN,"WEHN, WFLP, WEYZ, WYNE, WMCE",Erie,42049,TALK,SRN TALK ERIE,CH: 250 W //W277DS 103.3
1530,WUPR,PR,UTUADO,1000.0,250.0,,,18.2658,-66.7094,LICEN,,Utuado,72141,SPANISH NEWS/TALK,EXITOS 1530,//W252EG 98.3
1530,WASC,SC,SPARTANBURG,1000.0,,250.0,,34.9496,-81.959,LICEN,,Spartanburg,45083,URBAN AC,ABC SMOOTH TOUCH,CH: 250 W
1530,KZNX,TX,CREEDMOOR,,220.0,,,30.3458,-97.6347,LICEN,"KWTR, KOPY, KWTR, KNEZ, KQQA",Bastrop,48021,REG. MEX.,LA RAZA 104.9,CH: 1000 W //K236AY 95.1
1530,KZNX,TX,CREEDMOOR,10000.0,,1000.0,,30.0774,-97.6358,LICEN,"KWTR, KOPY, KWTR, KNEZ, KQQA",Bastrop,48021,REG. MEX.,LA RAZA 104.9,CH: 1000 W //K236AY 95.1
1530,KYWW,TX,HARLINGEN,50000.0,10000.0,50000.0,,26.3762,-97.8956,LICEN,KGBT,Hidalgo,48215,SPANISH TEJANO,PURE TEJANO,EX-KGBT //FM 98.5
1540,KLYR,AR,OZARK,500.0,1.0,,,35.4879,-93.8121,LICEN,"KZRK, KDYN",Franklin,5047,C&W,ABC TRUE COUNTRY 92.7,EX-KDYN //KDYN 92.7
1540,KMPC,CA,LOS ANGELES,50000.0,37000.0,,,34.0786,-118.1856,LICEN,"KZLA, KSKQ, KXED, KXMG, KCTD",Los Angeles,6037,ETHNIC KOREAN,RADIO KOREA USA,EX-KSKO/KXED/KCTD
1540,WKVQ,GA,EATONTON,10000.0,,1600.0,,33.3221,-83.4174,LICEN,"WXPQ, WDBS",Putnam,13237,BLK GSPL,,CH: 1600 W
1540,KXEL,IA,WATERLOO,50000.0,50000.0,,,42.18,-92.3108,LICEN,,Black Hawk,19013,NEWS/TALK,FOX WW1 NEWSTALK 1540,//K263BZ 100.5
1540,WSMI,IL,LITCHFIELD,1000.0,,,,39.1726,-89.5706,LICEN,,Montgomery,17135,CL. C&W/TALK,SRN WE SERVE MID-ILL.,//W295BQ 106.9
1540,WBNL,IN,BOONVILLE,250.0,1.0,,,38.0662,-87.2742,LICEN,,Warrick,18173,CL. C&W,ABC CLASSIC COUNTRY,//W249BP 99.9
1540,WLOI,IN,LA PORTE,250.0,,,,41.6337,-86.7592,LICEN,,LaPorte,18091,CLASSIC ROCK,WW1 ROCK 106.5,//W293DR 106.5
1540,WMYJ,IN,MARTINSVILLE,500.0,,250.0,,39.4087,-86.4194,LICEN,"WCBK, WMCB, WSKT",Morgan,18109,ADLT CONT,MY JAM,"//W263CH 100.5, W255DD 98.9"
1540,KMCP,KS,MCPHERSON,250.0,2.0,,,38.3386,-97.6684,LICEN,"KNEX, KNGL",McPherson,20113,CLASSIC ROCK,ABC CLASSIC HITS,//K255DK 98.9 EX-KNGL
1540,KLKC,KS,PARSONS,250.0,1.0,,,37.3431,-95.2322,LICEN,,Labette,20099,SPORTS,FOX SPORTSRADIO,//K294DE 106.7
1540,WFNO,LA,GRETNA,1000.0,,,,29.8877,-90.0843,LICEN,KGLA,Jefferson,22051,REG. MEX.,LATINO MIX 97.5,EX-KGLA //K248BB 97.5
1540,WDON,MD,WHEATON,5000.0,,1000.0,,39.014,-77.0291,LICEN,"WDON, WMDO, WACA",Montgomery,24031,SPANISH RELIGION,R. VIDA EN ABUNDANCIA,EX-WACA CH: 1000 W
1540,KTGG,MI,OKEMOS,400.0,,219.0,,42.7203,-84.5197,LICEN,,Ingham,26065,RELIGION,STRONG TOWER RADIO,CH: 219 W //W284AH 104.7
1540,KBOA,MO,KENNETT,1000.0,3.0,530.0,,36.2251,-90.0751,LICEN,"KBXM, KNNT",Dunklin,29069,ADLT STNDS,AMERICAS BEST MX,CH: 530W //WGCQ 98.7
1540,KBOA,MO,KENNETT,1000.0,1.0,500.0,,36.2531,-90.049,LICEN,"KBXM, KNNT",Dunklin,29069,ADLT STNDS,AMERICAS BEST MX,CH: 530W //WGCQ 98.7
1540,WOGR,NC,CHARLOTTE,2400.0,,,,35.274,-80.8609,LICEN,"WRPL, WQCC",Mecklenburg,37119,BLK GSPL/RELIGION,SRN WORD OF GOD,//WGAS-1420
1540,WTXY,NC,WHITEVILLE,1000.0,,,,34.3232,-78.7128,LICEN,WOOZ,Columbus,37047,CLASSIC ROCK,ROCK CLASSICS 103.9,//W280FO 103.9
1540,WYNC,NC,YANCEYVILLE,2500.0,,1000.0,,36.4146,-79.3347,LICEN,,Caswell,37033,BLK GSPL,YOUR NEIGHBORHOOD,CH: 1000 W
1540,WPKC,NH,EXETER,5000.0,,,,42.9898,-70.9367,LICEN,"WKXR, WMYF, WGIP, WXEX",Rockingham,33015,CONT. CHRIST,K-LOVE,CH: 2500 W //FM 92.1
1540,KENT,NV,ENTERPRISE,10000.0,270.0,3700.0,,36.0111,-115.2419,LICEN,,Clark,32003,SPANISH RELIGION,ESNE RADIO,CH: 3700 W
1540,WVOA,NY,EAST SYRACUSE,,57.0,,,43.0228,-76.1591,LICEN,"WYRD, WSIV",Onondaga,36067,RELIGION/BLK GSPL,THE VOICE,EX-WSIV //W292EY 106.3
1540,WVOA,NY,EAST SYRACUSE,1000.0,,,,43.0945,-76.033,LICEN,"WYRD, WSIV",Onondaga,36067,RELIGION/BLK GSPL,THE VOICE,EX-WSIV //W292EY 106.3
1540,WBCO,OH,BUCYRUS,500.0,,,,40.7642,-82.9346,LICEN,,Crawford,39033,C&W,COUNTRY LEGENDS,//W298CC 107.5
1540,WYOH,OH,NILES,500.0,,,,41.1323,-80.7609,LICEN,"WNRB, WFNE, WNIO, WRTK, WYCL",Mahoning,39099,TALK,FOX SRN TALK 97.7,EX-WNIO/WRTK/WYCL
1540,WBTC,OH,UHRICHSVILLE,250.0,5.0,,,40.4239,-81.3629,LICEN,,Tuscarawas,39157,CLASSIC HITS,THE TUSK,//W270CI 101.9
1540,WNWR,PA,PHILADELPHIA,10000.0,7.0,1200.0,,40.0015,-75.2096,LICEN,"WPGR, WSNI, WPGR",Burlington,34005,RELIGION,THE WORD,EX-WPGR CH: 1200 W
1540,WECZ,PA,PUNXSUTAWNEY,5000.0,,1000.0,,40.9601,-79.002,LICEN,"WPME, WPXZ",Jefferson,42065,C&W,GROUNDHOG COUNTRY,CH: 1000 W //W265DI 100.9
1540,WIBS,PR,GUAYAMA,1000.0,,,,17.9936,-66.0771,LICEN,WBJA,Guayama,72057,SPANISH VARIETY,RADIO CARIBE,
1540,WADK,RI,NEWPORT,1000.0,,,,41.5037,-71.3114,LICEN,,Newport,44005,NEWS/TALK,ABC VOICE NEWPORT CTY,//W266DI 101.1
1540,WBPB,SC,PICKENS,10000.0,,1000.0,,34.8604,-82.7235,LICEN,"WPKZ, WTBI",Pickens,45077,SILENT,DELETED BRIGHT SPOT,CH: 1 KW //FM 91.5? EX-WTBI
1540,WJJT,TN,JELLICO,1000.0,1.0,500.0,,36.5831,-84.136,LICEN,,Campbell,47013,S. GSPL,SRN SOLID GOSPEL,CH: 500 W //W290DN 105.9
1540,WBRY,TN,WOODBURY,500.0,,,,35.8314,-86.1117,LICEN,,Cannon,47015,C&W,ABC CANNON CTYS RADIO,//W296EN 107.1
1540,KGBC,TX,GALVESTON,3600.0,185.0,2600.0,,29.3155,-94.8057,LICEN,,Galveston,48167,TALK,SRN WW1 VOICE OF TEXAS,//K287BQ 105.3 CH: 2600 W
1540,KEDA,TX,SAN ANTONIO,5000.0,1000.0,,,29.3586,-98.3517,LICEN,,Medina,48325,TEJANO,JALAPENO RADIO,"//K272EK 102.3,K260CC 99.9"
1540,KAMM,TX,UNIVERSITY PARK,32000.0,750.0,,,32.8129,-97.0086,LICEN,"KSVZ, KSGB, KTNO, KPAD, KZMP, KAMM, KZMP",Dallas,48113,SPANISH RANCHERA,LA RANCHERA 106.7,EX-KPAD/KZMP //KZZA 106.7
1540,WULT,VA,SANDSTON,1000.0,8.0,,,37.5443,-77.3461,LICEN,"WKIE, WRBN, WREJ, WLEE, WONA, WBTL",Henrico,51087,SPANISH HITS,ULTRA RADIO RICHMOND,//W231DP 94.1
1540,KXPA,WA,BELLEVUE,5000.0,5000.0,,,47.5911,-122.1843,LICEN,"KJZZ, KLSY, KBLV, KBLV",King,53033,ETHNIC/ADLT STNDS,MOYL OVERNIGHT,EX-KLSY/KBLV BROKERED
1540,WEMP,WI,HARTFORD,500.0,,,,43.28,-88.384,LICEN,"WTKM, WPTT",Washington,55131,OLDIES,CLASSIC OLDIES 1540,EX-WTKM/WPTT
1550,WLOR,AL,HUNTSVILLE,50000.0,44.0,,,34.8526,-86.6528,LICSL,"WAAY, WAAJ",Madison,1089,SILENT,98.1 THE BEAT,EX-WAAJ //W251AC 98.1
1550,KUAZ,AZ,TUCSON,50000.0,,,,32.3726,-111.0984,LICEN,KUAT,Pima,4019,VARIETY,NPR 89.1,EX-KUAT //FM 89.1
1550,KUAZ,AZ,TUCSON,50000.0,420.0,,,32.0909,-110.8229,LICEN,KUAT,Pima,4019,VARIETY,NPR 89.1,EX-KUAT //FM 89.1
1550,KWRN,CA,APPLE VALLEY,5000.0,500.0,,,34.5367,-117.157,LICEN,"KITH, KAPL",San Bernardino,6071,REG. MEX.,RADIO LAZER,EX-KITH/KAPL //K258DE 99.5
1550,KXEX,CA,FRESNO,5000.0,2500.0,,,36.7705,-119.9232,LICEN,,Fresno,6019,NEWS/TALK/REL.,FOX ABC SRN TALKRADIO,//K272GD 102.3
1550,KZDG,CA,SAN FRANCISCO,10000.0,10000.0,,,37.533,-122.2753,LICEN,"KKHI, KPIX, KYCY, KFRC, KZDG, KGMZ",Alameda,6001,ETHNIC ASIAN,RADIO ZINDAGI,EX-KZDG/KGMZ //K257GE 99.3
1550,KKCL,CO,GOLDEN,990.0,350.0,,,39.8919,-105.2394,LICEN,"KGCQ, KDCO, KBUD",Jefferson,8059,ADLT CONT,THE CLOUD,EX-KDCO/KBUD //K245AD 96.9
1550,KKCL,CO,GOLDEN,1000.0,210.0,,,39.7669,-105.1233,LICEN,"KGCQ, KDCO, KBUD",Jefferson,8059,ADLT CONT,THE CLOUD,EX-KDCO/KBUD //K245AD 96.9
1550,WSDK,CT,BLOOMFIELD,5000.0,2400.0,,,41.8632,-72.7331,LICEN,"WGAB, WLVX, WRDM, WDZK",Hartford,9003,RELIGION,SRN LIFE CHANGING R.,EX-WRDM/WDZK //W237EO 95.3
1550,WNZF,FL,BUNNELL,5500.0,57.0,,,29.4694,-81.2664,LICEN,WAYI,Flagler,12035,TALK/SPORTS,ABC FSR NEWSRADIO 1550,CH: 9500 W //W292DE 106.3
1550,WRHC,FL,CORAL GABLES,,500.0,,,25.7437,-80.3142,LICEN,,Miami-Dade,12086,RELIGION,SRN THE WORD,"//WWFE 670, W254DV 98.7"
1550,WRHC,FL,CORAL GABLES,10000.0,,,,25.6509,-80.1598,LICEN,,Miami-Dade,12086,RELIGION,SRN THE WORD,"//WWFE 670, W254DV 98.7"
1550,WRHC,FL,DORAL,1000.0,100.0,,,25.8582,-80.4814,LICEN,,Miami-Dade,12086,RELIGION,SRN THE WORD,"//WWFE 670, W254DV 98.7"
1550,WAMA,FL,TAMPA,10000.0,133.0,,,27.9186,-82.3947,LICEN,WYOU,Hillsborough,12057,REG. MEX.,LA LEY,//W299CI 107.7
1550,WTHB,GA,AUGUSTA,5000.0,11.0,,,33.5001,-81.934,LICEN,"WTHB, WFXA",Aiken,45003,BLK GSPL,PRAISE 96.9,//FM 96.9
1550,WAZX,GA,SMYRNA,50000.0,16.0,,,33.8579,-84.6441,LICEN,WYNX,Cobb,13067,OLDIES,,EX-WVNF/WYNX
1550,WKTF,GA,VIENNA,10000.0,23.0,,,32.1299,-83.7954,LICEN,WWWN,Dooly,13093,CLASSIC ROCK/C&W,CROSSROADS OF CL. ROCK,EX-WWWN //W257EN 99.3
1550,KIWA,IA,SHELDON,283.0,6.0,,,43.1814,-95.8659,LICEN,,Sioux,19167,NEWS/TALK,WW1 ALL TALK,//K264CW 100.7
1550,WJIL,IL,JACKSONVILLE,1000.0,10.0,,,39.7223,-90.1954,LICEN,,Morgan,17137,NEWS/TALK,FOX TALK RADIO,//W246DP 97.1
1550,WAUR,IL,SOMONAUK,380.0,6.0,,,41.6684,-88.5684,LICEN,WCSJ,Kendall,17093,C&W,ABC WOODY CNTRY 101.5,"//WDYS-1480, W256EC 99.1"
1550,WOCC,IN,CORYDON,250.0,6.0,,,38.1906,-86.1333,LICEN,"WJDW, WGZB",Harrison,18061,C&W,CAPITOL COUNTRY,EX-WGZB //W274AD 102.7
1550,WCVL,IN,CRAWFORDSVILLE,250.0,5.0,,,40.0656,-86.9336,LICEN,,Montgomery,18107,OLDIES,ABC CLASSIC HITS,//W221CS 92.1
1550,WNDI,IN,SULLIVAN,250.0,,,,39.0756,-87.3992,LICEN,,Sullivan,18153,C&W,WW1 TODAYS COUNTRY,//FM 95.3
1550,KKLE,KS,WINFIELD,250.0,52.0,,,37.2364,-97.0256,LICEN,"KINC, KVFW",Cowley,20035,CLASSIC ROCK,THE ROCK OF KANSAS,
1550,WIRV,KY,IRVINE,1000.0,5.0,,,37.7159,-83.9746,LICEN,,Estill,21065,OLDIES,ABC V-99.3,//W257DP 99.3
1550,WUCO,KY,MORGANFIELD,145.0,6.0,,,37.6678,-87.9295,LICEN,"WMSK, WYGS, WMSK",Union,21225,ADLT CONT,,EX-WYGS/WMSK //W299CH 107.7
1550,WPFC,LA,BATON ROUGE,5000.0,42.0,,,30.5021,-91.2109,LICEN,WLUX,West Baton Rouge,22121,BLK GSPL/RELIGION,URBAN ALTERNATIVE,EX-WLUX
1550,WNTN,MA,CAMBRIDGE,6700.0,3.0,,,42.387,-71.1387,LICEN,,Middlesex,25017,TALK/ETHNIC,"GREEK, HAITIAN, ARABIC",
1550,WSRY,MD,ELKTON,250.0,4.0,,,39.5946,-75.7958,LICEN,"WSER, WXHL",Cecil,24015,BLK GSPL,REACH GOSPEL RADIO,EX-WSER/WXHL //WXHL 89.1
1550,KAPE,MO,CAPE GIRARDEAU,5000.0,48.0,,,37.2795,-89.5598,LICEN,"KEWI, KKPE",Alexander,17003,TALK/SPORTS,FOX KAPE RADIO 95.7,//K239CQ 95.7
1550,KBOB,MO,SPRINGFIELD,5000.0,28.0,,,37.195,-93.3181,LICEN,"KLFJ, KRZD",Greene,29077,AC/OLDIES,BOB FM,EX-KLFJ/KRZD //K298CI 107.5
1550,KESJ,MO,ST. JOSEPH,2500.0,500.0,,,39.8275,-94.8111,LICEN,"KKJO, KSFT",Buchanan,29021,CLASSIC ROCK/XMAS,JOE TOWN 107.5,EX-KSFT //K298DA 107.5
1550,WBFJ,NC,WINSTON-SALEM,1000.0,,,,36.1093,-80.2453,LICEN,WPGD,Forsyth,37067,RELIGION,YOUR FAMILY STATION,//W278AM 103.5
1550,KICS,NE,HASTINGS,500.0,27.0,,,40.5675,-98.3756,LICEN,"KICS, KMEM",Adams,31001,SPORTS,ESPN TRI-CITIES,EX-KMEM //KXPN-1460
1550,KQNM,NM,ALBUQUERQUE,10000.0,27.0,,,35.1706,-106.6314,LICEN,"KAMX, KDZZ, KHTZ, KSYU, KQEO, KYJY, KKJY, KQNM, KIVA, KRKE",Bernalillo,35001,RELIGION,RELEVANT RADIO,EX-KIVA/KRKE //K255AU 98.9
1550,KXTO,NV,RENO,2500.0,94.0,,,39.5774,-119.8488,LICEN,KISK,Washoe,32031,SPANISH RELIGION,RADIO VIDA,EX-KISK
1550,WCGR,NY,CANANDAIGUA,250.0,,,,42.8812,-77.2503,LICEN,"WCGR, WLKA",Ontario,36069,AC/EZL,100.1 & 104.5 THE LAKE,"//W261DR 100.1,W283BF 104.5"
1550,WUSP,NY,UTICA,1000.0,3.0,,,43.1134,-75.2566,LICEN,"WBVM, WUTQ",Oneida,36065,URBAN OLDIES,95.5 THE HEAT,//W238CA 95.5
1550,WQCD,OH,DELAWARE,500.0,29.0,,,40.2989,-83.046,LICEN,"WDLR, WXOL, WDLR",Delaware,39041,CLASSIC ROCK,CLASSIC ROCK 93X/95X,"//WVXG-95.1, W225CM 92.9"
1550,KMAD,OK,MADILL,250.0,90.0,,,34.1068,-96.7753,LICEN,,Marshall,40095,RELIGION,ABC,//K254DQ 98.7
1550,KYAL,OK,SAPULPA,2500.0,40.0,,,36.019,-96.0989,LICEN,"KXOJ, KBLK, KXOJ",Creek,40037,SPORTS,ESPN SPORTS ANIMAL,EX-KBLK/KXOJ //KWPN-640
1550,WZUM,PA,BRADDOCK,1000.0,4.0,,,40.4131,-79.8537,LICEN,"WHYW, WJLY, WCXJ, WURP, WLFP",Allegheny,42003,JAZZ,PITTSBURGHS JAZZ CHAN.,EX-WURP/WLFP //W266CV 101.1
1550,WITK,PA,PITTSTON,10000.0,500.0,,,41.3459,-75.7846,LICEN,"WARD, WKQV",Luzerne,42079,RELIGION,SRN LIFE TALK,EX-WARD/WKQV //W234CY 94.7
1550,WTXW,PA,TOWANDA,500.0,4.0,,,41.7654,-76.4858,LICEN,WTTC,Bradford,42015,CONTEMP HITS,94 ROCK,//W299CM 107.7 EX-WTTC
1550,WKFE,PR,YAUCO,250.0,250.0,,,18.0214,-66.8669,LICEN,,Yauco,72153,SPANISH TALK,RADIO ISLA,//WSKN-1320
1550,WIGN,TN,BRISTOL,35000.0,6.0,,,36.5659,-82.1574,LICEN,"WKYE, WBCV",Bristol,51520,S. GSPL/BLUEGRASS,FRIEND OF THE FAMILY,EX-WBCV //W221EC 92.1
1550,KWBC,TX,COLLEGE STATION,1500.0,45.0,,,30.6319,-96.358,LICEN,,Brazos,48041,C&W,WW1 WILLIE 1550 & 98.7,//K254DA 98.7
1550,KCOM,TX,COMANCHE,250.0,54.0,,,31.8999,-98.587,LICEN,,Comanche,48093,C&W,COMANCHE COUNTRY,//K261EZ 100.1
1550,KOSL,UT,WEST VALLEY CITY,10000.0,340.0,,,40.7211,-112.0422,LICEN,"KRGO, KZQQ, KRGQ, KRGO, KMRI",Salt Lake,49035,OLDIES,UTAH OLDIES 1550,EX-KRGQ/KRGO/KMRI
1550,WKBA,VA,VINTON,1000.0,,,,37.2907,-79.9227,LICEN,,Roanoke,51770,C&W,CLASSIC COUNTRY 93.1,//W226CN 93.1
1550,KRPI,WA,FERNDALE,50000.0,10000.0,,,48.8429,-122.6027,LICEN,"KOQT, KNTR, KCCF",Whatcom,53073,ETHNIC S. ASIAN,#1 SOUTH ASIAN VOICE,EX-KNTR/KCCF
1550,KKOV,WA,VANCOUVER,50000.0,12000.0,,,45.6462,-122.5154,LICSL,"KVAN, KMJK, KVAN, KKAD",Clark,53011,SILENT,,EX-KMJK/KVAN/KKAD
1550,WHIT,WI,MADISON,5000.0,,,,43.0022,-89.3871,LICEN,"WWQM, WHIT, WTUX",Dane,55025,CL. C&W,ABC 97.7 THE FARM,EX-WHIT/WTUX //W249DH 97.7
1550,WEVR,WI,RIVER FALLS,920.0,4.0,,,44.8886,-92.6507,LICEN,,St. Croix,55109,SOFT AC/VARIETY,YOUR HOMETOWN STATIONS,//FM 106.3
1550,WMRE,WV,CHARLES TOWN,5000.0,6.0,,,39.2732,-77.8653,LICEN,WXVA,Jefferson,54037,SPORTS,FOX SPORTSRADIO 1550,EX-WXVA
1560,KNZR,CA,BAKERSFIELD,25000.0,10000.0,,,35.3083,-119.0471,LICEN,KPMC,Kern,6029,STUNTING,,EX-KPMC //FM 97.7
1560,KIQS,CA,WILLOWS,250.0,,,,39.5288,-122.1702,LICEN,,Glenn,6021,REG. MEX.,LA RANCHERA,//K252FN 98.3
1560,KLNG,IA,COUNCIL BLUFFS,10000.0,,2100.0,,41.2078,-95.9069,LICEN,"KRCB, KQXV",Pottawattamie,19155,RELIGION,SRN QUALITY CHRISTIAN,CH: 2100 W //K268DI 101.5
1560,WBYS,IL,CANTON,250.0,18.0,,,40.5445,-90.0209,LICEN,,Fulton,17057,C&W,THE NEW 94.1 BYS,"//W229BZ 93.7, W231EC 94.1"
1560,WSEZ,IN,PAOLI,250.0,,,,38.5381,-86.4789,LICEN,"WKKX, WWWJ",Orange,18117,OLDIES,GOLD 98.7,//W254CO 98.7
1560,WRIN,IN,RENSSELAER,1000.0,,500.0,,40.9614,-87.152,LICEN,,Jasper,18073,C&W,ABC WW1 BEAR COUNTRY,CH: 500 W //W283CO 104.5
1560,KABI,KS,ABILENE,250.0,58.0,,,38.9294,-97.2464,LICEN,"KABI, KSAJ",Dickinson,20041,ADLT STNDS,FOX THE GENERAL,//K240EX 95.9
1560,WKDO,KY,LIBERTY,1000.0,,,,37.3062,-84.9172,LICEN,,Casey,21045,RELIGION,THE WORD,
1560,WPAD,KY,PADUCAH,1000.0,35.0,,,37.0523,-88.6009,LICEN,,McCracken,21145,SPORTS,FOX 99.5 THE FAN,//W258AN 99.5
1560,WSLA,LA,SLIDELL,1000.0,,,,30.2524,-89.7628,LICEN,WSDL,St. Tammany,22103,TALK/SPORTS,,//W230CR 93.9
1560,KBEW,MN,BLUE EARTH,1000.0,,,,43.6455,-94.0928,LICEN,,Faribault,27043,CLASSIC ROCK,INFORMATION STN.,//K237GT 95.3
1560,WMBH,MO,JOPLIN,500.0,35.0,,,37.0892,-94.563,LICEN,KQYX,Jasper,29097,SPORTS,W1S SOMO SPORTS,//K268CP 101.5
1560,KLTI,MO,MACON,1000.0,41.0,,,39.7095,-92.4641,LICEN,,Macon,29121,C&W,ABC WW1 TRUE COUNTRY,"//K227BO 93.3, K274CE 102.7"
1560,KTUI,MO,SULLIVAN,1000.0,25.0,,,38.1951,-91.1868,LICEN,,Crawford,29055,NEWS/TALK,SRN TALK 1560 & 94.1,//K231CP 94.1
1560,WYZD,NC,DOBSON,4200.0,,510.0,,36.3926,-80.7331,LICEN,,Surry,37171,S. GSPL,GOSPEL OF FOOTHILLS,CH: 510 W //W237FG 95.3
1560,WFME,NY,NEW YORK,50000.0,50000.0,,,40.7168,-73.9174,LICEN,"WQXR, WQEW",Bergen,34003,RELIGION,FAMILY RADIO,EX-WQEW //W292FV 106.3
1560,WTNS,OH,COSHOCTON,1000.0,,,,40.2751,-81.8268,LICEN,,Coshocton,39031,C&W,ABC WW1 REAL COUNTRY,//W274CG 102.7
1560,WWYC,OH,TOLEDO,1000.0,3.0,920.0,,41.6167,-83.6213,LICEN,WTOD,Wood,39173,RELIGION,CSN INTERNATIONAL,EX-WTOD CH: 920 W
1560,KEBC,OK,DEL CITY,1000.0,250.0,,,35.4409,-97.4903,LICEN,"KWCO, KOCY",Oklahoma,40109,SPORTS,VSIN THE FRANCHISE,EX-KOCY //K277DD 103.3
1560,WBYM,PR,BAYAMON,4000.0,740.0,,,18.3477,-66.1569,LICEN,WRSJ,Bayamón,72021,SPANISH,PUTA PALABRA RADIO,EX-WRSJ //W251DA 98.1
1560,WAHT,SC,COWPENS,15000.0,,870.0,,34.9596,-81.8096,LICEN,"WCCP, WBES, WCCP",Spartanburg,45083,SPORTS,W1S THE ROAR,CH: 870W //WCCP 105.5
1560,WBOL,TN,BOLIVAR,250.0,,,,35.2584,-88.9806,LICEN,"WJDS, WQKZ",Hardeman,47069,OLDIES,"BEST OF 60,70,80S",
1560,KZQQ,TX,ABILENE,500.0,45.0,,,32.4559,-99.8001,LICEN,"KKSL, KEYJ, KBBA, KMPC",Taylor,48441,TALK/OLDIES,FOX TALK OF THE TOWN,EX-KEYJ/KBBA/KMPC
1560,KGOW,TX,BELLAIRE,,15000.0,,,29.9016,-95.8044,LICEN,"KGUL, KILE",Harris,48201,ETHNIC VIETNAMESE,VIET RADIO,EX-KILE //KNGO-1480 @ TIMES
1560,KGOW,TX,BELLAIRE,46000.0,,,,29.3272,-95.5502,LICEN,"KGUL, KILE",Harris,48201,ETHNIC VIETNAMESE,VIET RADIO,EX-KILE //KNGO-1480 @ TIMES
1560,KHBR,TX,HILLSBORO,250.0,,,,32.016,-97.1094,LICEN,,Hill,48217,C&W,WW1 HILL CTY'S COUNTRY,
1560,KTXZ,TX,WEST LAKE HILLS,2500.0,2500.0,,,30.3608,-97.6533,LICEN,,Travis,48453,TEJANO,AUSTINS TEJANO STATION,//K231CZ 94.1
1560,WSBV,VA,SOUTH BOSTON,2500.0,,250.0,,36.7099,-78.8742,LICEN,,Halifax,51083,BLK GSPL,THE BOSS OF GOSPEL,
1560,KVAN,WA,BURBANK,10000.0,700.0,,,46.1696,-119.0267,LICEN,,Benton,53005,SPANISH RELIGION,ESTACION DE LA FAMILIA,"//KDYM,KRYN-1230,KRSC-1400"
1560,KZIZ,WA,PACIFIC,5000.0,900.0,3300.0,,47.2359,-122.2301,LICSL,"KARP, KFRS",Pierce,53053,SILENT,RADIO PUNJAB,CH: 3300 W
1560,KZIZ,WA,PACIFIC,3300.0,5.0,,,47.2996,-122.1884,LICSL,"KARP, KFRS",Pierce,53053,SILENT,RADIO PUNJAB,CH: 3300 W
1560,WGLB,WI,ELM GROVE,2500.0,250.0,700.0,,43.0089,-88.0351,LICEN,,Milwaukee,55079,BLK GSPL,INCREDIBLE GOSPEL,//W241CI 96.1 CH: 700 W
1560,WFSP,WV,KINGWOOD,1000.0,,250.0,,39.4806,-79.7195,LICEN,,Preston,54077,NEWS/TALK,SRN FOX PRESTON NEWS,
1570,WCRL,AL,ONEONTA,2500.0,64.0,,,33.9546,-86.4722,LICEN,,Blount,1009,SILENT,ABC HITS 95.3,"//W234DI 94.7, W237DH 95.3"
1570,KCVR,CA,LODI,1000.0,500.0,,,38.086,-121.2169,LICEN,,San Joaquin,6077,ETHNIC S. ASIAN,PUNJABI RADIO USA,
1570,KTGE,CA,SALINAS,5000.0,500.0,,,36.6605,-121.5424,LICEN,KXES,Monterey,6053,REG. MEX.,JOYA 1570,
1570,KXJJ,CO,LOVELAND,1000.0,40.0,,,40.4933,-105.1819,LICEN,"KLOV, KHPN, KSXT, KPIO, KKCL, KBUD, KVAM",Larimer,8069,REG. MEX.,LA JOTA MEXICANA,//K267CD 101.3
1570,WTWB,FL,AUBURNDALE,5000.0,13.0,,,28.0759,-81.8217,LICEN,,Polk,12105,REG. MEX.,LA RAZA 92.7,//W224CF 92.7
1570,WVOJ,FL,FERNANDINA BEACH,10000.0,30.0,,,30.6761,-81.4595,LICEN,"WYHI, WHOG, WQAI, WYHI, WGSR, WNNR",Nassau,12089,REG. MEX.,LA RAZA 92.9,//W222CL 92.3
1570,WOKC,FL,OKEECHOBEE,800.0,12.0,,,27.2162,-80.8114,LICEN,,Okeechobee,12093,C&W,WW1 TRUE COUNTRY,//W265BV 100.9
1570,WIGO,GA,MORROW,5000.0,50.0,,,33.6015,-84.311,LICEN,WSSA,Clayton,13063,URBAN OLDIES,LEGENDARY 1570,EX-WSSA
1570,KMCD,IA,FAIRFIELD,250.0,110.0,,,41.0056,-92.0188,LICSL,,Jefferson,19101,SILENT,HOMETOWN STATION,
1570,KZWC,IA,WEBSTER CITY,232.0,137.0,,,42.4678,-93.7969,LICEN,KQWC,Hamilton,19079,OLDIES,ABC THE BREEZE 99.1,EX-KQWC //K256DM 99.1
1570,WBGZ,IL,ALTON,1000.0,74.0,,,38.9281,-90.2176,LICEN,WOKZ,Madison,17119,NEWS/TALK,SRN WW1 THE BIG Z,//W296DR 107.1
1570,WFRL,IL,FREEPORT,1000.0,210.0,,,42.3125,-89.5946,LICEN,,Stephenson,17177,C&W,IRON COUNTRY,//W282CT 104.3
1570,WBGX,IL,HARVEY,1100.0,500.0,,,41.6039,-87.6792,LICEN,"WBEE, WMNN, WBEE",Cook,17031,BLK GSPL,BIG GOSPEL EXPRESS,EX-WMNN/WBEE //W240EI 95.9
1570,WTAY,IL,ROBINSON,250.0,188.0,,,39.0081,-87.7781,LICEN,,Crawford,17033,TALK,HOMETOWN RADIO,//W232DC 94.3
1570,WGLL,IN,AUBURN,500.0,151.0,,,41.3337,-85.0522,LICEN,WIFF,DeKalb,18033,RELIGION,3ABN,EX-WIFF //W276DM 103.1
1570,WILO,IN,FRANKFORT,250.0,250.0,,,40.2778,-86.4853,LICEN,,Clinton,18023,CLASSIC ROCK/TALK,FOX COMMUNITY RADIO,//W245CO 96.9
1570,WLRS,IN,NEW ALBANY,1500.0,233.0,,,38.3278,-85.7822,LICEN,"WOBS, WZCC, WXLN, WLBJ, WWSZ, WNDA",Clark,18019,OLDIES,TRUE OLDIES,//W223DK 92.5
1570,KNDY,KS,MARYSVILLE,250.0,33.0,,,39.8578,-96.6492,LICEN,,Marshall,20117,C&W,ABC LEGENDS OF COUNTRY,//K231AX 94.1
1570,WLBQ,KY,MORGANTOWN,1000.0,150.0,,,37.2192,-86.6892,LICEN,,Butler,21031,CLASSIC ROCK,Q 101.5,"//W286CE 101.5,W278DA 103.5"
1570,WKKS,KY,VANCEBURG,1000.0,,,,38.5973,-83.3471,LICEN,,Lewis,21135,C&W,WW1 CLASSIC COUNTRY,
1570,WABL,LA,AMITE,500.0,15.0,,,30.7088,-90.5254,LICEN,,Tangipahoa,22105,CLASSIC ROCK/TALK,AMITES RADIO STATION,//K247BJ 97.3
1570,KLLA,LA,LEESVILLE,630.0,6.0,,,31.1413,-93.2957,LICEN,,Vernon,22115,OLDIES,WW1 ROCK OF AGES STN,
1570,WUBG,MA,METHUEN,44000.0,140.0,,,42.674,-71.1901,LICEN,"WMLO, WBVD, WNSH, WMVX, WCCM",Essex,25009,SPANISH,LA PANTERA 105.3,EX-WMVX/WCCM //W287CW 105.3
1570,WNST,MD,TOWSON,5000.0,237.0,,,39.4179,-76.5561,LICEN,"WTOW, WFEL, WKDB",Baltimore,24005,SPORTS,FSR NEVER STOP TALKING,EX-WKDB/WNST
1570,WWCK,MI,FLINT,1000.0,179.0,,,43.0109,-83.6508,LICSL,"WWMN, WGMZ",Genesee,26049,SILENT,K-107.3,//W297CG 107.3
1570,WFUR,MI,GRAND RAPIDS,1000.0,307.0,,,42.9539,-85.6978,LICEN,,Kent,26081,RELIGION,CHRISTIAN RADIO,//W225BL 92.9
1570,KDIZ,MN,GOLDEN VALLEY,4000.0,220.0,,,44.9886,-93.3522,LICEN,"KUXL, KYCR",Hennepin,27053,TALK,SRN WW1 FREEDOM 1570,EX-KYCR
1570,KAKK,MN,WALKER,9500.0,250.0,,,47.0788,-94.5906,LICSL,"KLLR, KLLZ",Cass,27021,SILENT,FOX SPORTSRADIO,//K229DJ 93.7
1570,KBCV,MO,HOLLISTER,5000.0,3000.0,,,36.6142,-93.2141,LICEN,,Taney,29213,RELIGION,SRN BOTT RADIO NET,//K280FP 103.9
1570,KLEX,MO,LEXINGTON,250.0,40.0,,,39.1872,-93.8344,LICEN,,Lafayette,29107,RELIGION,SRN BOTT RADIO LIFE 92,"//KAYX 92.5, K299BS 107.7"
1570,WIZK,MS,BAY SPRINGS,3200.0,,,,31.9657,-89.3009,LICEN,WHII,Jasper,28061,CL. C&W/TALK,DIXIE 1570,//W270CZ 101.9
1570,WLEE,MS,WINONA,1000.0,25.0,,,33.4646,-89.7365,LICEN,WONA,Montgomery,28097,GOSPEL,,EX-WONA/WLEE //W251CN 98.1
1570,WNCA,NC,SILER CITY,5000.0,280.0,,,35.7332,-79.492,LICEN,,Chatham,37037,ADLT CONT,HOMETOWN NEWS & INFO,
1570,WTLK,NC,TAYLORSVILLE,900.0,198.0,,,35.9326,-81.1718,LICEN,,Alexander,37003,S. GSPL,YOUR GOSPEL STN,
1570,WECU,NC,WINTERVILLE,2500.0,200.0,,,35.5378,-77.4181,LICEN,,Pitt,37147,NEWS/TALK,NEWSTALK,//W298BX 107.5
1570,WFLR,NY,DUNDEE,1000.0,440.0,,,42.5445,-76.9928,LICEN,,Yates,36123,C&W,ABC FINGER LAKES CNTRY,//W245BL 96.9
1570,WDRE,NY,RIVERHEAD,1000.0,500.0,,,40.9134,-72.654,LICEN,"WRHD, WRHZ, WRHD, WFOG, WFTU, WFOG, WBZO",Suffolk,36103,ROCK/VARIETY,FIVE TOWNS COLLEGE,EX-WFTU/WBZO //W285FX 104.9
1570,WPTW,OH,PIQUA,250.0,250.0,,,40.1403,-84.2686,LICEN,,Miami,39109,OLDIES,ABC WW1 GREATEST HITS,//W251BC 98.1
1570,WYWO,OH,WARREN,750.0,170.0,,,41.2062,-80.8412,LICEN,"WTCL, WOKG, WANR, WHTX",Trumbull,39155,TALK,FOX SRN TALK 97.7,EX-WANR/WHTX //W249EE 97.7
1570,KTUZ,OK,CATOOSA,1000.0,,,,36.2654,-95.7105,LICEN,"KMYZ, KGCR, KMYZ, KMUR, KZLI",Tulsa,40143,REG. MEX.,LA Z FM 101.9,EX-KZLI //K270BK 101.9
1570,WPGM,PA,DANVILLE,2500.0,221.0,,,40.9862,-76.6266,LICEN,,Montour,42093,RELIGION,SRN INFO & INSPIRATION,
1570,WISP,PA,DOYLESTOWN,5000.0,900.0,,,40.3262,-75.1607,LICEN,WBUX,Bucks,42017,RELIGION,EWTN HOLY SPIRIT RADIO,EX-WBUX //WCOJ-1420
1570,WXVE,PA,LATROBE,1000.0,224.0,,,40.302,-79.3653,LICEN,"WQTW, WKHJ",Westmoreland,42129,AC/OLDIES,103.9 XVE,//WKHB 103.9 EX-WQTW/WKHJ
1570,WPPC,PR,PENUELAS,1000.0,126.0,,,18.0611,-66.7174,LICEN,,Peñuelas,72111,SPANISH RELIGION,RADIO FELICIDAD,//W221EB 92.1
1570,KVTK,SD,VERMILLION,500.0,53.0,,,42.9225,-97.0662,LICEN,"KVRA, KOSZ",Clay,46027,SPORTS,ESPN W1S (FOX @ TOH),EX-KOSZ //K268DP 101.5
1570,WCLE,TN,CLEVELAND,5000.0,84.0,,,35.182,-84.8486,LICEN,,Bradley,47011,OLDIES,OLDIES 99.1,//W256DQ 99.1
1570,WMAK,TN,LOBELVILLE,1000.0,66.0,,,35.767,-87.8311,LICEN,"WHLP, WNKX",Perry,47135,C&W,REAL COUNTRY VARIETY,EX-WHLP/WNKX //WOPC 101.3
1570,WTRB,TN,RIPLEY,1000.0,53.0,,,35.7295,-89.5426,LICSL,,Lauderdale,47097,SILENT,TIGER R. REAL CTRY,//W285FL 104.9
1570,KVLG,TX,LA GRANGE,250.0,11.0,,,29.883,-96.8661,LICEN,,Fayette,48149,C&W,ABC WW1 REAL COUNTRY,
1570,KPYK,TX,TERRELL,270.0,6.0,,,32.7549,-96.2397,LICEN,KTER,Kaufman,48257,ADLT STNDS,PICK OF THE DIAL,EX-KTER //K273DA 102.5
1570,WSWV,VA,PENNINGTON GAP,2300.0,191.0,,,36.734,-83.0427,LICEN,"WSWV, WHNQ",Lee,51105,C&W,,EX-WHNQ //W270CB 101.9
1570,WYTI,VA,ROCKY MOUNT,2500.0,220.0,,,36.9771,-79.8956,LICEN,,Franklin,51067,C&W/BLUEGRASS,FRANKLIN COUNTY,//W283CQ 104.5
1570,WSCO,WI,APPLETON,1000.0,331.0,,,44.2178,-88.4093,LICEN,"WAPL, WVMS, WRJQ",Winnebago,55139,SPORTS,FSR THE SCORE,"//W237AA 95.3,W256DD 99.1"
1570,WKBH,WI,HOLMEN,1000.0,360.0,,,43.9236,-91.2707,LICEN,,La Crosse,55063,RELIGION,RELEVANT RADIO,//W231DL 94.1
1570,WLKD,WI,MINOCQUA,5000.0,500.0,,,45.8202,-89.7243,LICEN,"WFBZ, WMYM, WMQA",Oneida,55085,AC/OLDIES,ABC THE LAKE,EX-WMQA //W289CT 105.7
1580,WTAZ,AL,OXFORD,2500.0,22.0,,,33.5915,-85.8288,LICEN,"WEYY, WOXR, WARB, WVOK",Calhoun,1015,SPORTS,FSR THE STADIUM,EX-WOXR/WARB/WVOK
1580,KAGE,AR,VAN BUREN,1000.0,49.0,,,35.3918,-94.3319,LICEN,"KFDF, KHGG",Crawford,5033,C&W,RED DIRT RADIO,EX-KHGG //K244FJ 96.7
1580,KAJM,AZ,TEMPE,24000.0,245.0,,,33.3892,-111.9987,LICEN,"KCWW, KNIX, KCWW, KMIK, KHEP, KQFN",Maricopa,4013,SPORTS,W1S VSIN THE FANATIC,"//K240EU 95.9, K257CD 99.3"
1580,KBLA,CA,SANTA MONICA,50000.0,50000.0,,,34.0856,-118.2576,LICEN,KDAY,Los Angeles,6037,URBAN TALK,BIN TALK 1580,
1580,KFCS,CO,COLORADO SPRINGS,10000.0,140.0,,,38.7197,-104.7216,LICEN,"KPIK, KWYD, KKKK, KREL, KHIG",El Paso,8041,REG. MEX.,TIGRE 94.7,"//K282BU 104.3, KFVR 94.7"
1580,WNTF,FL,BITHLO,4700.0,10.0,,,28.5369,-81.0853,LICSL,"WGTW, WHTZ, WBGB, WNTF, WLAA",Orange,12095,SILENT,,EX-WLAA //W224DY 92.7
1580,WJXO,FL,CHATTAHOOCHEE,10000.0,,,,30.6707,-84.8355,LICEN,"WSBP, WENO, WTCL",Gadsden,12039,S. GSPL,,EX-WTCL
1580,WSRF,FL,FORT LAUDERDALE,10000.0,1500.0,,,26.0779,-80.2173,LICEN,,Broward,12011,ETHNIC HAITIAN,PLANET RADIO,//W258CZ 99.5
1580,WCCF,FL,PUNTA GORDA,1250.0,110.0,,,26.8939,-82.0506,LICEN,,Charlotte,12015,NEWS/TALK,FOX NEWSRADIO 1580,//W265EA 100.9
1580,WIOL,GA,COLUMBUS,2100.0,45.0,,,32.4521,-84.9736,LICEN,"WCLS, WIZY, WEAM",Muscogee,13215,CONTEMP HITS,HITS 104.5,EX-WEAM //W283DF 104.5
1580,WPGY,GA,ELLIJAY,500.0,,,,34.6992,-84.4782,LICEN,"WLEJ, WLJA",Gilmer,13123,SPORTS,THE SPORTS PIG,EX-WLJA //W251CZ 98.1
1580,KCHA,IA,CHARLES CITY,490.0,10.0,,,43.0533,-92.6707,LICEN,,Floyd,19067,OLDIES,FABULOUS 1580,//K277DM 103.3
1580,WDQN,IL,DUQUOIN,170.0,7.0,,,38.0323,-89.2418,LICEN,,Perry,17145,OLDIES,ABC METV,//W246DU 97.1
1580,WLPK,IN,CONNERSVILLE,245.0,5.0,,,39.6376,-85.1458,LICSL,"WCNB, WIFE, WCNB, WIFE",Fayette,18041,OLDIES,K-MIX,EX-WIFE/WCNB //W295BT 106.9
1580,WHLY,IN,SOUTH BEND,1000.0,500.0,,,41.6859,-86.1647,LICEN,"WAMJ, WIWO, WHLY, WJVA, WHLY, WDND",St. Joseph,18141,REG. MEX.,LA RAZA 98.1,EX-WJVA/WDND //WKAM-1460
1580,WAMW,IN,WASHINGTON,500.0,,,,38.6459,-87.2794,LICEN,,Knox,18083,C&W,ABC WW1 THE GENERAL,//W240CE 95.9
1580,WWTF,KY,GEORGETOWN,10000.0,45.0,,,38.1681,-84.5936,LICEN,"WAXU, WTKT, WBBE, WTKT, WSNE, WXRA, WGVN",Scott,21209,ROCK,WTF 97.7,EX-WXRA/WGVN //W249DJ 97.7
1580,WPKY,KY,PRINCETON,250.0,9.0,,,37.1206,-87.8586,LICEN,,Caldwell,21033,OLDIES/ROCK,WW1,//W277CK 103.3
1580,WJFK,MD,MORNINGSIDE,50000.0,270.0,,,38.8693,-76.8961,LICEN,"WPGC, WHFS, WNEW",Prince George's,24033,SPORTS/BETTING,W1S BETQL THE BET,EX-WNEW
1580,WWSJ,MI,ST. JOHNS,1000.0,3.0,,,42.9706,-84.5497,LICEN,"WGZS, WLNZ",Clinton,26037,BLK GSPL,JOY 1580 AM,//W262BD 100.3
1580,KDOM,MN,WINDOM,1000.0,2.0,,,43.8613,-95.0975,LICEN,,Cottonwood,27033,C&W,ABC TOTAL RADIO,//K276GN 103.1
1580,KTGR,MO,COLUMBIA,214.0,8.0,,,38.9625,-92.3041,LICEN,,Boone,29019,SPORTS,ESPN THE TIGER,"//FM 100.5, K276DI 103.1"
1580,KNIM,MO,MARYVILLE,480.0,10.0,,,40.3919,-94.968,LICEN,,Nodaway,29147,C&W,ABC I'M COUNTRY,//K240DY 95.9
1580,WAMY,MS,AMORY,1000.0,18.0,,,33.9759,-88.4914,LICEN,,Monroe,28095,C&W,ABC WW1 WAMY COUNTRY,//W243DZ 96.5
1580,WESY,MS,LELAND,1000.0,48.0,,,33.3796,-90.9298,LICEN,,Washington,28151,BLK GSPL,THE DELTAS LANDMARK,
1580,WPMO,MS,PASCAGOULA-MOSS POINT,1500.0,115.0,,,30.3838,-88.5353,LICEN,"WPMO, WKNN, WZZJ, WPMP",Jackson,28059,SPORTS,W1S THE GAME,EX-WKNN/WPMP
1580,WZKY,NC,ALBEMARLE,1000.0,12.0,,,35.3607,-80.1773,LICEN,,Stanly,37167,CLASSIC ROCK,WW1 MAGIC 103.3,//W277DK 103.3
1580,KAMI,NE,COZAD,1000.0,17.0,,,40.8378,-99.9393,LICEN,,Dawson,31047,CL. C&W,CAMMY COUNTRY,//K224FL 92.7
1580,WGYM,NJ,HAMMONTON,1000.0,6.0,,,39.6259,-74.7952,LICEN,"WRDI, WTYO, WONZ",Atlantic,34001,RELIGION,EWTN DOMESTIC CHURCH,EX-WONZ //WFJS-1260
1580,WNYG,NY,PATCHOGUE,10000.0,4.0,,,40.7546,-72.9854,LICEN,"WYFA, WLIM",Suffolk,36103,SPANISH RELIGION,RADIO CANTICO NUEVO,EX-WLIM //W243BF 96.5
1580,WNYG,NY,PATCHOGUE,10000.0,500.0,,,40.7959,-72.9918,LICEN,"WYFA, WLIM",Suffolk,36103,SPANISH RELIGION,RADIO CANTICO NUEVO,EX-WLIM //W243BF 96.5
1580,WXGT,OH,COLUMBUS,3200.0,290.0,,,40.0617,-82.9446,LICEN,"WVKO, WMYC, WWCD",Franklin,39049,CLASSIC ROCK,CLASSIC ROCK 93X/95X,"//WVXG-95.1, W225CS 92.9"
1580,KOKB,OK,BLACKWELL,1000.0,49.0,,,36.8097,-97.2642,LICEN,KLTR,Kay,40071,SPORTS,FSR TRIPLE PLAY,//KOKP-1020
1580,KGAL,OR,LEBANON,5000.0,1000.0,,,44.5734,-122.9193,LICEN,,Linn,41043,NEWS/TALK/SPORTS,SMART TALK 1580,
1580,WVZN,PA,COLUMBIA,500.0,5.0,,,40.0254,-76.475,LICEN,"WHEX, WNZT",Lancaster,42071,SPANISH RELIGION,RADIO VISION CRISTIANA,"//W243DS 96.5, WWRV-1330"
1580,WBQN,PR,AGUADILLA,1000.0,1000.0,,,18.4005,-67.1463,LICEN,"WMTI, WGFE, WMTI, WTCV, WMTI, WEKO, WMTI, WGFE, WMTI, WVOZ",Aguadilla,72005,SPANISH NEWS/TALK,WAPA LA PODEROSA,EX-WMTI/WVOZ //W286DL 105.1
1580,WPJK,SC,ORANGEBURG,3300.0,22.0,,,33.4988,-80.8423,LICEN,"WORG, WBLO",Orangeburg,45075,SPORTS,ESPN,//W225DB 92.9
1580,WNPZ,TN,KNOXVILLE,5000.0,,1000.0,,35.9118,-83.8924,LICEN,"WSKT, WMRE, WDMF, WAHI",Knox,47093,BLK GSPL,,CH: 1000W EX-WMRE/WDMF/WAHI
1580,WLIJ,TN,SHELBYVILLE,5000.0,12.0,,,35.4554,-86.4519,LICEN,,Bedford,47003,C&W/ROCK,LEADER IN PURE COUNTRY,//W254DW 98.7
1580,KGAF,TX,GAINESVILLE,1200.0,280.0,,,33.6287,-97.1075,LICEN,,Cooke,48097,ADLT CONT,ABC HOMETOWN RADIO,//K222DD 92.3
1580,KWED,TX,SEGUIN,1450.0,300.0,,,29.563,-98.0583,LICEN,,Guadalupe,48187,C&W,ABC REAL COUNTRY,
1580,KWLO,UT,SPRINGVILLE,1000.0,380.0,,,40.2061,-111.6705,LICEN,KPTY,Utah,49049,SPANISH RELIGION,,//K260DS 99.9
1580,WWDN,VA,DANVILLE,1000.0,,,,36.5676,-79.3803,LICEN,WILA,Danville,51590,CLASSIC ROCK,104.5 THE DAN,EX-WILA //W283BN 104.5
1580,WMDX,WI,COLUMBUS,5000.0,4.0,800.0,,43.3342,-89.1659,LICEN,WTTN,Columbia,55021,TALK,ABC WW1 MAD RADIO 92.7,CH: 800 W //W224EG 92.7
1580,KKTS,WY,EVANSVILLE,1000.0,220.0,,,42.8816,-106.2875,LICEN,KLNQ,Natrona,56025,HOT AC,SRN WW1 HIT RADIO,"//FM 99.3, K297AV 107.3"
1590,WVNA,AL,TUSCUMBIA,1000.0,55.0,,,34.6773,-87.7209,LICEN,,Colbert,1033,NEWS/TALK,"NEWSTALK, SHOALSTALK",//W244EF 96.7
1590,KBJT,AR,FORDYCE,4700.0,35.0,,,33.8029,-92.4362,LICEN,,Dallas,5039,NEWS/TALK,AP TALKRADIO,//K255DI 98.9
1590,KYNG,AR,SPRINGDALE,2500.0,50.0,,,36.207,-94.1194,LICEN,"KSPR, KQXK, KZRA",Washington,5143,SPORTS,W1S THE TICKET 2,EX-KQXK/KZRA
1590,KLIV,CA,SAN JOSE,6200.0,5000.0,,,37.3297,-121.8672,LICSL,,Santa Clara,6085,SILENT,,
1590,KVTA,CA,VENTURA,5000.0,5000.0,,,34.2369,-119.2034,LICEN,"KOGO, KBBY, KAHS, KXSP, KXFS, KUNX, KKOM, KKZZ, KUNX",Ventura,6111,SPORTS,FOX SPORTS RADIO,EX-KKOM/KKZZ //K250BV 97.9
1590,KVTR,CA,VICTORVILLE,500.0,131.0,,,34.5375,-117.3126,LICEN,"KCIN, KROY, KATJ, KRSX",San Bernardino,6071,REG. MEX.,QUE BUENA,EX-KUNX/KRSX //K291CM 106.1
1590,WHOT,FL,PALM RIVER-CLAIR MEL,9800.0,160.0,,,27.9481,-82.3962,LICEN,"WRXB, WTPA",Hillsborough,12057,REG. MEX.,LA MEJOR 1590 Y 103.9,//W280FD 103.9
1590,WPSL,FL,PORT ST. LUCIE,5000.0,63.0,,,27.3081,-80.307,LICEN,,St. Lucie,12111,TALK/OLDIES,FOX SRN TREASURECOAST,//W291AL 106.1
1590,WDJZ,FL,SOUTH DAYTONA,1000.0,47.0,,,29.2019,-81.0247,LICSL,"WELE, WZIP, WPUL",Volusia,12127,JAZZ,THE WAVE,//W264DP 100.7 EX-WPUL
1590,WALG,GA,ALBANY,3300.0,40.0,,,31.621,-84.153,LICEN,,Dougherty,13095,NEWS/TALK,FOX SRN TALK RADIO,//W257ED 99.3
1590,WQCH,GA,LAFAYETTE,5000.0,,,,34.7156,-85.2677,LICEN,WLFA,Walker,13295,C&W,AP GEORGIA 93.7,//W229CX 93.7
1590,WXRS,GA,MELDRIM,500.0,60.0,,,32.1599,-81.3621,LICEN,"WXRS, WRJS",Effingham,13103,OLDIES/ROCK,ROCKET 93.5,EX-WXRS/WRJS //W228EB 93.5
1590,WXRS,GA,SWAINSBORO,2500.0,23.0,,,32.5571,-82.3412,LICEN,"WXRS, WRJS",Emanuel,13107,OLDIES/ROCK,ROCKET 93.5,EX-WXRS/WRJS //W228EB 93.5
1590,KWBG,IA,BOONE,1000.0,500.0,,,42.0228,-93.8769,LICEN,,Boone,19015,TALK/SPORTS,ABC LOCAL NEWSRADIO,//K268DS 101.5
1590,WCGO,IL,EVANSTON,8700.0,24.0,,,42.0353,-87.7034,LICEN,"WLTD, WONX",Cook,17031,TALK/SPANISH,"SMART TALK, R. CLASICO",EX-WONX //W240EH 95.9
1590,WNTS,IN,BEECH GROVE,5000.0,500.0,,,39.7392,-86.0905,LICEN,,Marion,18097,SPANISH OLDIES,LA PANTERA 103.9,//W280FR 103.9
1590,WPIW,IN,MT. VERNON,500.0,35.0,,,37.9342,-87.9284,LICEN,"WPCO, WRCY",Posey,18129,CL. C&W,WE PLAY CNTRY LEGENDS,EX-WPCO/WRCY //W255DQ 98.9
1590,KVGB,KS,GREAT BEND,5000.0,5000.0,,,38.3139,-98.7934,LICEN,,Barton,20009,AC/TALK/SPORTS,ABC ESPN TALK OF TOWN,//K238CK 95.5
1590,WLBN,KY,LEBANON,1000.0,24.0,,,37.5987,-85.2464,LICEN,,Marion,21155,OLDIES,ABC WW1 COOL HITS,//W293DG 106.5
1590,KKAY,LA,WHITE CASTLE,1000.0,67.0,,,30.1838,-91.1076,LICEN,,Iberville,22047,RELIGION/GOSPEL,GLOBAL RADIO,
1590,WFBR,MD,GLEN BURNIE,1000.0,1000.0,,,39.1768,-76.6219,LICEN,WJRO,Anne Arundel,24003,URBAN AC,,EX-WJRO
1590,WHGT,MD,MAUGANSVILLE,15000.0,58.0,,,39.8065,-77.7789,LICEN,WCBG,Franklin,42055,RELIGION,HEARTS GET TRANSFORMED,EX-WCBG
1590,WTVB,MI,COLDWATER,5000.0,1000.0,,,41.9095,-85.0058,LICEN,,Branch,26023,CLASSIC ROCK,VOICE OF BRANCH COUNTY,//W238CD 95.5
1590,KGFK,MN,EAST GRAND FORKS,5000.0,1000.0,,,47.878,-97.007,LICEN,"KRAD, KRRK, KCNN",Polk,27119,CLASSIC ROCK,ROCK 95,//K239BG 95.7
1590,KDJS,MN,WILLMAR,1000.0,89.0,,,45.0853,-95.0056,LICEN,,Kandiyohi,27067,SPORTS,FOX SPORTS 1590,//K289CO 105.7
1590,KDEX,MO,DEXTER,620.0,,,,36.7889,-89.9079,LICEN,,Stoddard,29207,CLASSIC ROCK,CLASSIC HITS,
1590,KPRT,MO,KANSAS CITY,1000.0,47.0,,,39.0681,-94.5363,LICEN,,Johnson,20091,BLK GSPL,GOSPEL 1590,//K291CN 106.1
1590,KMOZ,MO,ROLLA,1000.0,85.0,,,37.9445,-91.8118,LICEN,KCLU,Phelps,29161,RELIGION,SRN BOTT RADIO NET,"//KMCV 89.9, K292FO 106.3"
1590,WBHN,NC,BRYSON CITY,500.0,37.0,,,35.4281,-83.4382,LICEN,,Swain,37173,C&W,AP CLASSIC COUNTRY,//W231DQ 94.1
1590,WVOE,NC,CHADBOURN,1000.0,,,,34.3516,-78.8436,LICEN,,Columbus,37047,URBAN AC/BLK GSPL,VOICE OF EBONY,
1590,WCSL,NC,CHERRYVILLE,10000.0,30.0,,,35.3743,-81.4043,LICEN,,Gaston,37071,C&W,CAROLINA COUNTRY RADIO,//W225DL 92.9
1590,WHPY,NC,CLAYTON,5000.0,25.0,,,35.6471,-78.5056,LICEN,,Johnston,37101,RELIGION,SHAPPY AMRN,
1590,WYSR,NC,HIGH POINT,1400.0,14.0,,,35.9846,-80.0687,LICEN,WOKX,Davidson,37057,REG. MEX.,CHRISTO REYNA 1590,EX-WOKX
1590,KCTY,NE,WAYNE,2500.0,47.0,,,42.2344,-97.0556,LICEN,KTCH,Wayne,31179,OLDIES/ROCK,SRN WW1 THE CITY,EX-KTCH //K255CK 98.9
1590,WSMN,NH,NASHUA,770.0,58.0,,,42.7595,-71.4764,LICEN,,Hillsborough,33011,TALK/OLDIES,NEWS AND TALK,//W237FA 95.3
1590,WAUB,NY,AUBURN,450.0,1000.0,,,42.9095,-76.6022,LICEN,,Cayuga,36011,TALK,FINGER LAKES NEWS,"//WGVA1240,WFLR1570,FM 98.1"
1590,WGGO,NY,SALAMANCA,5000.0,14.0,,,42.1734,-78.685,LICEN,,Cattaraugus,36009,RELIGION,EWTN STN OF THE CROSS,//W263CZ 100.5
1590,WAKR,OH,AKRON,5000.0,5000.0,,,41.0206,-81.5054,LICEN,,Summit,39153,AC/EZL,SOFT HITS 93.5,//W228EL 93.5
1590,WSRW,OH,HILLSBORO,500.0,25.0,,,39.1662,-83.6069,LICEN,,Highland,39071,CLASSIC ROCK,,//W268CC 101.5
1590,KWEY,OK,WEATHERFORD,1000.0,32.0,,,35.5592,-98.7201,LICEN,,Custer,40039,C&W,COYOTE CLASSIC COUNTRY,//K262CW 100.3
1590,KTIL,OR,NETARTS,5000.0,1000.0,,,45.4568,-123.8732,LICEN,"KTIL, KMBD",Tillamook,41057,CLASSIC ROCK,THE MOOK 94.3 & 1590,EX-KTIL/KMBD //K232FW 94.3
1590,WPSN,PA,HONESDALE,2500.0,15.0,,,41.5537,-75.2546,LICEN,"WDNH, WWCC",Wayne,42127,NEWS/TALK,WAYNE PIKE NEWSRADIO,EX-WWCC //W270CC 101.9
1590,WXRF,PR,GUAYAMA,1000.0,1000.0,,,17.9517,-66.1138,LICEN,"WXRF, WGYA",Guayama,72057,SPANISH NEWS/TALK,WAPA,"//WAPA-680, W280FS 103.9"
1590,WARV,RI,WARWICK,8000.0,5000.0,,,41.7279,-71.4623,LICEN,,Kent,44003,RELIGION,SRN LIFE CHANGING R.,//W224DG 92.7
1590,WABV,SC,ABBEVILLE,1000.0,27.0,,,34.1509,-82.3926,LICEN,,Abbeville,45001,CLASSIC ROCK,,
1590,WCAM,SC,CAMDEN,1000.0,27.0,,,34.224,-80.6784,LICEN,WACA,Kershaw,45055,C&W,FOX COUNTRY CLASSICS,//W254DQ 98.7
1590,WKTP,TN,JONESBOROUGH,2500.0,37.0,,,36.3315,-82.4737,LICEN,"WQLS, WUSJ",Washington,47179,SPORTS,ABC ESPN TRI-CITIES,"//WKPT-1400, WOPI-1490"
1590,WDBL,TN,SPRINGFIELD,710.0,30.0,,,36.4951,-86.9061,LICEN,"WDBL, WJQY",Robertson,47147,SPANISH RELIGION,,EX-WJQY
1590,KGAS,TX,CARTHAGE,2500.0,128.0,,,32.1535,-94.3146,LICEN,,Panola,48365,SPORTS,ESPN HEARTBEAT OF E.TX,//K279CF 103.7
1590,KELP,TX,EL PASO,5000.0,800.0,,,31.744,-106.3964,LICEN,"KINT, KKOL",El Paso,48141,RELIGION,SRN CHRISTIAN RADIO,//K240ER 95.9
1590,KMIC,TX,HOUSTON,5000.0,5000.0,,,29.8441,-95.4477,LICEN,KYOK,Harris,48201,SPANISH RELIGION,RADIO ALELUYA,EX-KYOK //K252FR 98.3
1590,KDAV,TX,LUBBOCK,1000.0,1000.0,,,33.5209,-101.7746,LICSL,"KEND, KLLL",Lubbock,48303,SILENT,FOX SPORTSRADIO,EX-KLLL //K222CQ 92.3
1590,KBHT,TX,MEXIA,2500.0,65.0,,,31.6202,-96.7519,LICEN,"KBUS, KYCX, KRQX, KLRK, KEKR",Limestone,48293,C&W,KICKER COUNTRY,EX-KLRK/KEKR //K257GO 99.3
1590,KDAE,TX,SINTON,1000.0,500.0,,,28.0214,-97.4708,LICEN,KIKN,San Patricio,48409,SPANISH RELIGION,RADIO LIBERTAD,
1590,WNRN,VA,RICHMOND,5000.0,24.0,,,37.5003,-77.4562,LICEN,"WGOE, WFTH",Henrico,51087,VARIETY,NPR,EX-WFTH //W276BZ 103.1
1590,KLFE,WA,SEATTLE,20000.0,5000.0,,,47.6551,-122.5196,LICEN,"KQUL, KZOK, KPOZ",Kitsap,53035,RELIGION,RELEVANT RADIO,EX-KZOK/KPOZ
1590,WGBW,WI,DENMARK,10000.0,500.0,,,44.3139,-87.7879,LICEN,"WQTC, WRTR, WTRW",Manitowoc,55071,OLDIES,,//W250CV 97.9
1590,WIXK,WI,NEW RICHMOND,5000.0,95.0,,,45.0861,-92.5721,LICEN,,St. Croix,55109,ETHNIC HMONG,HMONG RADIO,"//W277CW 103.3,K294AM 106.7"
1590,WPVL,WI,PLATTEVILLE,970.0,470.0,,,42.7556,-90.5057,LICEN,"WSWW, WTOQ",Grant,55043,SPORTS,ESPN,EX-WTOQ
1600,WHIY,AL,HUNTSVILLE,5000.0,500.0,,,34.759,-86.6431,LICEN,"WEUP, WEUV",Madison,1089,URBAN AC/BLK GSPL,WORSHIP 94.5,EX-WEUP/WEUV
1600,WXVI,AL,MONTGOMERY,5000.0,1000.0,,,32.3946,-86.2891,LICEN,,Montgomery,1101,URBAN AC/BLK GSPL,SUNSHINE 16,
1600,KNWA,AR,BELLEFONTE,1000.0,50.0,,,36.247,-93.0852,LICEN,,Boone,5009,C&W,BOONE COUNTY COUNTRY,//K248DA 97.5
1600,KYBC,AZ,COTTONWOOD,1000.0,46.0,,,34.7209,-111.9993,LICEN,"KVIO, KVRD",Yavapai,4025,ADLT STNDS,WW1 AZ'S BEST MUSIC,EX-KVRD //K242BZ 96.3
1600,KXEW,AZ,SOUTH TUCSON,1000.0,1000.0,,,32.1962,-110.9845,LICEN,,Pima,4019,TEJANO,RADIO TEJANO,
1600,KAHZ,CA,POMONA,5000.0,5000.0,,,34.03,-117.7273,LICEN,"KMNY, KWOW, KMNY",San Bernardino,6071,ETHNIC ASIAN,K ASIAN,EX-KMNY //KAZN-1300
1600,KTAP,CA,SANTA MARIA,470.0,26.0,,,34.98,-120.4543,LICSL,KZON,Santa Barbara,6083,SILENT,RADIO RANCHITO,//K225CG 92.9
1600,KUBA,CA,YUBA CITY,5000.0,2500.0,,,39.106,-121.6561,LICEN,,Sutter,6101,CLASSIC ROCK,CLASSIC HITS 60S & 70S,//K251CE 98.1
1600,KEPN,CO,LAKEWOOD,5000.0,5000.0,,,39.6556,-105.075,LICEN,"KRXY, KWMX, KYGO, KCKK",Jefferson,8059,SPORTS,ESPN,EX-KRXY/KWMX/KYGO/KCKK
1600,WZNZ,FL,ATLANTIC BEACH,2700.0,89.0,,,30.325,-81.4298,LICEN,"WJNJ, WQBR, WNCM, WQOP",Duval,12031,RELIGION,RELEVANT RADIO,//W229CZ 93.7
1600,WKWF,FL,KEY WEST,500.0,500.0,,,24.5718,-81.7401,LICEN,,Monroe,12087,ADLT STNDS/JAZZ,,//W277DX 103.3
1600,WPOM,FL,RIVIERA BEACH,5000.0,4700.0,,,26.7489,-80.1326,LICSL,"WPOM, WMNE, WHTY",Palm Beach,12099,SILENT,RADIO CARIBBEAN,DELETED //W266DP 101.1
1600,WLAA,FL,WINTER GARDEN,2200.0,35.0,,,28.5683,-81.5187,LICEN,"WXXO, WXTO, WOKB, WLAA, WNTF",Orange,12095,URBAN OLDIES/TALK,URBAN TALK RADIO,EX-WXTO/WOKB/WLAA/WNTF
1600,WAOS,GA,AUSTELL,20000.0,67.0,,,33.8096,-84.6569,LICEN,"WACX, WCKZ",Cobb,13067,REG. MEX.,LA MEJOR,"//WLBA-1130, WXEM-1460"
1600,KLGZ,IA,ALGONA,1000.0,500.0,,,43.068,-94.3047,LICEN,KLGA,Kossuth,19109,C&W,WW1 HOME COUNTRY,EX-KLGA //K253BJ 98.5
1600,KGYM,IA,CEDAR RAPIDS,5000.0,5000.0,,,41.9708,-91.5338,LICEN,KCRG,Linn,19113,SPORTS,ESPN THE GYM,"//K298BM 107.5,K292FZ 106.3"
1600,KMDO,KS,FORT SCOTT,770.0,35.0,,,37.7837,-94.7002,LICEN,,Bourbon,20011,C&W,FOX CLASSIC COUNTRY,//K252FY 98.3
1600,WLUE,KY,EMINENCE,320.0,,,,38.3526,-85.1858,LICEN,"WKXF, WXLN, WKXF, WTSZ, WLUE, WLRS, WLUE, WKYI, WBKI, WKYI",Henry,21103,URBAN AC/HIPHOP,BIN 104.7 JAMZ,//W231DB 94.1 EX-WKYI
1600,KLEB,LA,GOLDEN MEADOW,720.0,60.0,,,29.3955,-90.267,LICEN,,Lafourche,22057,OLDIES/CAJUN,RAJUN CAJUN,//K274DE 102.7
1600,WUNR,MA,BROOKLINE,20000.0,20000.0,,,42.289,-71.1887,LICEN,,Middlesex,25017,SPANISH/ETHNIC,RADIO INTERNATIONAL,
1600,WLXE,MD,ROCKVILLE,1015.0,9.0,,,39.0976,-77.1516,LICEN,"WINX, WTKZ, WINX, WNNY, WKDM",Montgomery,24031,SPANISH VARIETY,QUE BUENA,EX-WYNX/WNNY/WKDM
1600,WAAM,MI,ANN ARBOR,5000.0,5000.0,,,42.1922,-83.6858,LICEN,,Washtenaw,26161,NEWS/TALK/OLDIES,SRN WW1 FOX TALK 1600,//W224ED 92.7
1600,KATZ,MO,ST. LOUIS,6000.0,3500.0,,,38.6173,-90.0829,LICEN,KMJM,St. Clair,17163,URBAN AC/BLK GSPL,BIN HALLELUJAH 1600,//K227DS 93.3
1600,KTTN,MO,TRENTON,500.0,33.0,,,40.0833,-93.5586,LICEN,,Grundy,29079,SOFT AC,FOX WW1 AM STEREO 16,//K252FT 98.3
1600,WIDU,NC,FAYETTEVILLE,5000.0,147.0,,,35.0985,-78.8864,LICEN,,Cumberland,37051,URBAN AC/BLK GSPL,ABC INSPIRATION & INFO,"//WYDU-1160,WAGR-1340,WEWO"
1600,WTZQ,NC,HENDERSONVILLE,5000.0,30.0,,,35.3148,-82.4326,LICEN,WHVL,Henderson,37089,ADULT STNDS,ABC THE Q-MUNITY STN,//W237EE 95.3
1600,KDAK,ND,CARRINGTON,500.0,90.0,,,47.4286,-99.0846,LICEN,,Foster,38031,CLASSIC ROCK,FOX THE CARDINAL,//K261EW 100.1
1600,KNCY,NE,NEBRASKA CITY,500.0,31.0,,,40.6742,-95.8858,LICEN,,Otoe,31131,CL. C&W,ABC OTOE COUNTY CNTRY,//K288GS 105.5
1600,KRFS,NE,SUPERIOR,500.0,44.0,,,40.025,-98.0776,LICEN,,Nuckolls,31129,ADLT CONT,AP WW1 THE VARIETY STN,
1600,KIVA,NM,ALBUQUERQUE,10000.0,175.0,,,35.0512,-106.6434,LICEN,"KNUS, KZKL, KRLL, KNOS, KZKL, KDZZ, KIVA, KANM, KRKE",Bernalillo,35001,TALK,FOX THE ROCK OF TALK,EX-KDZZ/KRKE //K229CL 93.7
1600,WRSB,NY,BROCKPORT,300.0,5.0,,,43.1959,-77.9514,LICEN,"WWBK, WJBT, WASB, WOKR",Monroe,36055,SPANISH TROPICAL,MEGA 97.5,EX-WASB/WOKR //W248BH 97.5
1600,WLVY,NY,ELMIRA HTS-HORSEHDS,5000.0,170.0,,,42.1198,-76.8099,LICSL,WEHH,Chemung,36015,SILENT,94 ROCK,EX-WEHH //W230BB 93.9
1600,WWRL,NY,NEW YORK,25000.0,5000.0,,,40.7957,-74.0546,LICEN,,Bergen,34003,URBAN NEWS/TALK,BIN BLACK INFO NETWORK,
1600,WMCR,NY,ONEIDA,1000.0,20.0,,,43.0845,-75.6927,LICEN,,Madison,36053,ADLT CONT,SRN 101.1 THE WAVE,//W266DJ 101.1
1600,WULM,OH,SPRINGFIELD,1000.0,34.0,,,39.9531,-83.8686,LICEN,WBLY,Clark,39023,RELIGION,RADIO MARIA,EX-WBLY W277AO 103.3
1600,WTTF,OH,TIFFIN,500.0,19.0,,,41.1256,-83.2319,LICEN,,Seneca,39147,OLDIES,ABC OLDIES 1600 & 93.3,//W227BJ 93.3
1600,KUSH,OK,CUSHING,5000.0,70.0,,,35.987,-96.7111,LICEN,,Payne,40119,C&W,SRN OK'S AMERICANA STN,//K268DK 101.5
1600,KOPB,OR,EUGENE,5000.0,1000.0,,,44.0512,-123.0645,LICEN,"KASH, KEED, KOPT",Lane,41039,NEWS/TALK,NPR,EX-KEED/KOPT //KOPB-FM 91.5
1600,KOHI,OR,ST. HELENS,1000.0,12.0,,,45.854,-122.8209,LICEN,,Columbia,41009,TALK/SPORTS,COLUMBIA CTY TALK,
1600,WHOL,PA,ALLENTOWN,1000.0,56.0,,,40.5926,-75.478,LICEN,,Lehigh,42077,URBAN AC/HIPHOP,LOUD 106.9/99.5,"//W295CR 106.9, WEST-1400"
1600,WRAX,PA,BEDFORD,1000.0,18.0,,,40.0431,-78.5033,LICEN,"WAYC, WBFD, WHJB, WAYC",Bedford,42009,CLASSIC ROCK,FOX RAX 106.5,EX-WHJB/WAYC //W293DF 106.5
1600,WPDC,PA,ELIZABETHTOWN,1000.0,7.0,,,40.1626,-76.5764,LICEN,,Lancaster,42071,OLDIES,SWEET 16,//W271DA 102.1
1600,WEJS,PA,JERSEY SHORE,1000.0,20.0,,,41.2256,-77.2666,LICEN,WJSA,Lycoming,42081,C&W,BIGFOOT LEGENDS,"//W279EF 103.7, WVPO, WLYC"
1600,WCMA,PR,BAYAMON,5000.0,5000.0,,,18.3586,-66.158,LICEN,WLUZ,Bayamón,72021,SPANISH AC,OCEANO RADIO,//W241DE 96.1
1600,WKZK,SC,NORTH AUGUSTA,4000.0,27.0,,,33.4938,-81.9976,LICEN,WFNL,Aiken,45003,BLK GSPL,THE SPIRIT,//W279BY 103.7
1600,WUCT,TN,ALGOOD,2500.0,20.0,,,36.1887,-85.473,LICEN,"WRZK, WWRT, WATX",Putnam,47141,TALK,ABC SRN NEWSTALK,EX-WATX //W231DG 94.1
1600,WMQM,TN,LAKELAND,50000.0,35.0,,,35.1762,-89.9362,LICEN,WKBJ,Shelby,47157,RELIGION,MEMPHIS QUALITY,EX-WVMJ/WKBJ //W227DQ 93.3
1600,KRVA,TX,COCKRELL HILL,25000.0,930.0,,,32.7399,-96.7117,LICEN,"KTNS, KSSA",Dallas,48113,ETHNIC VIETNAMESE,RADIO SAIGON DALLAS,
1600,KOKE,TX,PFLUGERVILLE,5000.0,700.0,,,30.3458,-97.5464,LICEN,KVYK,Travis,48453,TEJANO,AUSTINS TEJANO STATION,EX-KVYK //K242CY 96.3
1600,KTUB,UT,CENTERVILLE,5000.0,1000.0,,,40.9022,-111.9286,LICSL,"KBBX, KCPX, KSGO, KRRD, KXTA",Salt Lake,49035,SILENT,WW1 JUAN AM,EX-KBBX/KCPX/KRRD/KXTA
1600,KTUB,UT,CENTERVILLE,2800.0,88.0,,,40.6651,-111.908,LICSL,"KBBX, KCPX, KSGO, KRRD, KXTA",Salt Lake,49035,SILENT,WW1 JUAN AM,EX-KBBX/KCPX/KRRD/KXTA
1600,WCPK,VA,CHESAPEAKE,4200.0,23.0,,,36.8029,-76.2824,LICEN,"WJQI, WCPK, WJQI, WFOG",Chesapeake,51550,SPANISH,LA VOZ DE DIOS 1600,EX-WJQI/WFOG/WVBV
1600,KVRI,WA,BLAINE,50000.0,10000.0,,,48.954,-122.7446,LICEN,KBLO,Whatcom,53073,ETHNIC S. ASIAN,RADIO PUNJAB,//K287CI 105.3
1600,WRPN,WI,RIPON,5000.0,5000.0,,,43.8169,-88.8471,LICEN,WCWC,Fond du Lac,55039,AC/EZL,NBC 93.1 THE WAVE,"//W226CQ 93.1, W276CO 103.1"
1600,WZZW,WV,MILTON,5000.0,26.0,,,38.4295,-82.1057,LICEN,WNST,Cabell,54011,RELIGION,PURE RADIO,EX-WNST
1600,WKKX,WV,WHEELING,5000.0,33.0,,,40.0906,-80.7029,LICEN,"WUNI, WZMM, WBBD, WOHZ",Belmont,39013,NEWS/TALK/SPORTS,FOX VSIN THE WATCHDOG,//WVLY-1370 AT TIMES
1620,KSMH,CA,WEST SACRAMENTO,10000.0,1000.0,,,38.588,-121.4691,LICEN,,Sacramento,6067,RELIGION,RELEVANT RADIO,"//KPJP 89.3, K249FJ 97.7"
1620,WNRP,FL,GULF BREEZE,10000.0,1000.0,,,30.4369,-87.2203,LICEN,"WPHG, WPNS, WBUB",Santa Rosa,12113,NEWS/TALK,FOX NEWSRADIO,EX-WPHG/WPNS //W222BR 92.3
1620,KOZN,NE,BELLEVUE,10000.0,1000.0,,,41.1892,-96.0056,LICEN,KAZP,Sarpy,31153,SPORTS,FSR W1S THE ZONE,EX-KAZP
1620,WTAW,TX,COLLEGE STATION,10000.0,1000.0,,,30.621,-96.2547,LICEN,"KAZW, KZNE",Brazos,48041,TALK,FOX WW1 NEWSTALK,EX-KAZW/KZNE //K233DU 94.5
1620,WDHP,VI,FREDERIKSTED,10000.0,1000.0,,,17.7244,-64.8842,LICEN,,St. Croix,78010,URBAN AC/REGGAE,THE REEF 1620 103.5,
1620,KYIZ,WA,RENTON,10000.0,1000.0,,,47.4409,-122.204,LICEN,,King,53033,URBAN AC,THE Z TWINS,EX-KRIZ
1630,KCJJ,IA,IOWA CITY,10000.0,1000.0,,,41.6009,-91.5013,LICEN,KCJK,Johnson,19103,TALK/AC,ABC WW1 MIGHTY 1630,EX-KCJK
1630,KKGM,TX,FORT WORTH,10000.0,1000.0,,,32.8101,-97.1237,LICEN,"KBCM, KOME, KNAX",Johnson,48251,URBAN NEWS/TALK,BIN BLACK INFO NETWORK,EX-KNAX //970 KHVN
1630,KFBU,WY,FOX FARM,10000.0,1000.0,,,41.1227,-104.8025,LICEN,"KKWY, KRND, KVAM",Laramie,56021,RELIGION,SRN NETWORK OF PRAISE,//K234AH 94.7 EX-KVAM
1640,KDIA,CA,VALLEJO,,10000.0,,,38.1341,-122.4266,LICEN,,Sonoma,6097,RELIGION,THE LIGHT,
1640,KDIA,CA,VALLEJO,10000.0,,,,37.8955,-122.3252,LICEN,,Sonoma,6097,RELIGION,THE LIGHT,
1640,KZLS,OK,ENID,10000.0,1000.0,,,36.1153,-97.7567,LICEN,"KBFQ, KMMZ, KMKZ, KMMZ, KFNY, KFXY, KOAG",Kingfisher,40073,SPORTS,FSR CTB SPORTS,EX-KFXY/KOAG //KCRC-1390
1640,KPAM,OR,LAKE OSWEGO,10000.0,1000.0,,,45.4773,-122.7515,LICEN,"KKJY, KPBC, KDZR",Washington,41067,NEWS/TALK,SRN AM 860 THE ANSWER,EX-KKJC/KKJY //KDZR-860
1640,KBJA,UT,SANDY,10000.0,1000.0,,,40.713,-111.9322,LICEN,,Salt Lake,49035,TALK,SRN WW1 K-TALK 1640,
1640,WSJP,WI,SUSSEX,10000.0,1000.0,,,43.0772,-88.1923,LICEN,"WAZI, WKSH",Waukesha,55133,RELIGION,RELEVANT RADIO,EX-WAZI/WKSH //FM 100.1
1650,KFSW,AR,FT. SMITH,10000.0,1000.0,,,35.2748,-94.4599,LICSL,"KHFS, KWHN, KYHN",Le Flore,40079,GOSPEL,98.7 THE CROSS,EX-KWHN/KYHN //K254AM 98.7
1650,KFOX,CA,TORRANCE,10000.0,490.0,,,34.0194,-118.3456,LICEN,"KGXL, KKTR, KGXL",Los Angeles,6037,ETHNIC KOREAN,RADIO SEOUL,EX-KGXL/KKTR //K292HC 106.3
1650,KBJD,CO,DENVER,10000.0,1000.0,,,39.7989,-104.9705,LICEN,,Arapahoe,8005,SPANISH RELIGION,RADIO LUZ / RADIO RED,
1650,KCNZ,IA,CEDAR FALLS,10000.0,1000.0,,,42.4131,-92.4377,LICEN,KDNZ,Black Hawk,19013,SPORTS,W1S FSR VSIN THE FAN,//K272GA 102.3
1650,KSVE,TX,EL PASO,8500.0,850.0,,,31.7537,-106.4166,LICEN,"KBIV, KHRO",El Paso,48141,SPANISH SPORTS,TUDN,EX-KBIV/KHRO
1650,WJFV,VA,PORTSMOUTH,10000.0,1000.0,,,36.8029,-76.2824,LICEN,"WAWT, WHKT, WTJZ",Portsmouth,51740,TALK,SRN NEWSTALK,"//W223CT 92.5, W285FM 104.9"
1660,KBRE,CA,MERCED,10000.0,1000.0,,,37.278,-120.6274,LICEN,"KAXW, KTIQ",Merced,6047,ROCK,THE BEAR 105.7,EX-KTIQ //K289CB 105.7
1660,WCNZ,FL,MARCO ISLAND,10000.0,1000.0,,,25.992,-81.6248,LICEN,WMIB,Collier,12021,RELIGION,RELEVANT RADIO,EX-WMIB //W227DX 93.3
1660,KWOD,KS,KANSAS CITY,10000.0,1000.0,,,39.0719,-94.683,LICEN,"KBJC, KWSJ, KXTR, WDAF, KXTR, KUDL",Wyandotte,20209,SPORTS/BETTING,W1S BETMGM THE BET,EX-KBJC/KWSJ/WDAF/KXTR/KUDL
1660,WZOX,MI,KALAMAZOO,10000.0,1000.0,,,42.2364,-85.5769,LICEN,"WQSN, WQLR, WTOU",Kalamazoo,26077,C&W,WIN 98.5,//WNWN 98.5
1660,KQWB,ND,WEST FARGO,10000.0,1000.0,,,46.9758,-96.5843,LICEN,"KQJD, KQJD",Clay,27027,SPORTS,FSR BISON 1660,EX-KQJD //K224FD 92.7
1660,WWRU,NJ,JERSEY CITY,10000.0,10000.0,,,40.8204,-74.0674,LICEN,WBAH,Bergen,34003,ETHNIC KOREAN,RADIO KOREA,EX-WJDM/WBAH //1310 WDCT
1660,WGIT,PR,CANOVANAS,10000.0,1000.0,,,18.3839,-65.9207,LICEN,,Carolina,72031,SPANISH RELIGION,LIGHTHOUSE RADIO,//W266CF 101.1
1660,KRZI,TX,WACO,10000.0,1000.0,,,31.5185,-97.0883,LICEN,"KAXY, KRZX",McLennan,48309,SPORTS,ESPN CENTRAL TEXAS,//K256BW 99.1
1670,KHPY,CA,MORENO VALLEY,10000.0,9000.0,,,34.0117,-117.185,LICEN,KSUL,San Bernardino,6071,SPANISH RELIGION,ESNE RADIO,EX-KBPM/KSUL
1670,KQMS,CA,REDDING,10000.0,1000.0,,,40.5585,-122.3311,LICEN,"KAZT, KNRO",Shasta,6089,NEWS/TALK,FOX WW1 NEWSTALK 1670,"EX-KNRO //FM 104.9, 105.7"
1670,WMGE,GA,DRY BRANCH,10000.0,1000.0,,,32.8046,-83.6043,LICEN,"WAXP, WAXP, WNML, WRNC, WMWR, WVVM, WFSM, WPLA",Bibb,13021,URBAN NEWS/TALK,BIN BLACK INFO NETWORK,EX-WRNC/WMWR/WVVM/WFSM/WPLA
1670,WOZN,WI,MADISON,10000.0,1000.0,,,43.0253,-89.3962,LICEN,"WAWY, WTDY, WOZN, WUSW",Dane,55025,SPORTS,W1S WISCO SPORTS ZONE,"//FM 106.7, W244DR 96.7"
1680,KGED,CA,FRESNO,10000.0,1000.0,,,36.6602,-119.6846,LICEN,KAVT,Fresno,6019,SPANISH RELIGION,BENDITA EUCARISTIA R.,EX-KAVT
1680,WOKB,FL,WINTER GARDEN,10000.0,1000.0,,,28.5692,-81.5187,LICEN,"WTIR, WLAA",Orange,12095,BLK GSPL/ETHNIC,INSPIRATION RADIO,EX-WTIR/WLAA //W264DV 100.7
1680,KRJO,LA,MONROE,10000.0,1000.0,,,32.4568,-92.0185,LICEN,"KBJE, KRJO, KYEA",Ouachita,22073,C&W,99.7 THE LEGEND,EX-KYEA //K259CU 99.7
1680,WPRR,MI,ADA,10000.0,680.0,,,42.9359,-85.4573,LICEN,"WBHD, WJNZ, WDSS",Kent,26081,URBAN AC,102.5 THE RIDE,EX-WJNZ/WDSS //W273DD 102.5
1680,WTTM,NJ,LINDENWOLD,10000.0,1000.0,,,39.8878,-75.0011,LICEN,WAXK,Camden,34007,RELIGION/REG.MEX.,LA UNIKA / LA FAMILIA,//WHWH-1350
1680,KNTS,WA,SEATTLE,10000.0,1000.0,,,47.6554,-122.5193,LICSL,"KAZJ, KTFH, KDOW",Kitsap,53035,ETHNIC S. ASIAN,RADIO PUNJAB USA,EX-KTFH/KDOW //KKDZ 1250
1690,KFSG,CA,ROSEVILLE,10000.0,1000.0,,,38.7477,-121.4936,LICEN,KSXX,Sutter,6101,BROKERED/ETHNIC,RADIO BAMDAD,EX-KSXX
1690,KDMT,CO,ARVADA,10000.0,1000.0,,,39.6558,-105.0747,LICEN,"KAYK, KADZ, KDDZ",Jefferson,8059,RELIGION,RELEVANT RADIO,EX-KAYK/KADZ/KDDZ
1690,WMLB,GA,AVONDALE ESTATES,10000.0,1000.0,,,33.8096,-84.3538,LICEN,"WAXD, WSWK, WWAA",Fulton,13121,TALK,SRN WW1 FREEDOM 1690,EX-WAXD/WSWK/WWAA
1690,WVON,IL,BERWYN,10000.0,1000.0,,,41.7373,-87.7012,LICEN,"WHTE, WRLL",Cook,17031,TALK/URBAN,BIN TALK OF CHICAGO,EX-WRLL //W252AW 98.3
1690,WPTX,MD,LEXINGTON PARK,10000.0,1000.0,,,38.2829,-76.5605,LICEN,"WAZC, WMDM",St. Mary's,24037,OLDIES,FOX WW1 TRUE OLDIES,EX-WMDM //W264DR 100.7
1690,WIGT,VI,CHARLOTTE AMALIE,920.0,920.0,,,18.3158,-64.8839,LICEN,,St. Thomas,78030,RELIGION,THE WORD OF GOD,
1700,WEUP,AL,HUNTSVILLE,10000.0,1000.0,,,34.759,-86.6431,LICEN,WEUV,Madison,1089,BLK GSPL,WORSHIP 94.5,"//WEUV-1190, W233BR 94.5"
1700,WJCC,FL,MIAMI SPRINGS,10000.0,1000.0,,,25.9009,-80.3637,LICSL,"WCMQ, WRNU, WAFN",Miami-Dade,12086,SILENT,RADIO MEGA,EX-WCMQ/WRNU/WAFN
1700,WRCR,NY,HAVERSTRAW,10000.0,1000.0,,,41.1895,-74.0149,LICEN,"WGRC, WLIR",Rockland,36087,AC/TALK/VARIETY,FOX WW1 77 WABC RADIO,//WABC 770
1700,KVNS,TX,BROWNSVILLE,8800.0,880.0,,,25.9495,-97.5544,LICEN,KQXX,Cameron,48061,SPORTS,FOX SPORTS 1700,EX-KQXX
1700,KTNO,TX,RICHARDSON,5000.0,1000.0,,,33.1215,-96.5822,LICEN,"KTBK, KKLF",Collin,48085,SPANISH/RELIGION,JALAPENO RADIO FORMULA,EX-KTBK/KKLF //K239DA 95.7
1700,KTNO,TX,RICHARDSON,10000.0,800.0,,,32.7787,-96.7312,LICEN,"KTBK, KKLF",Collin,48085,SPANISH/RELIGION,JALAPENO RADIO FORMULA,EX-KTBK/KKLF //K239DA 95.7
