CALLSIGN,FREQ,SITENAME,SITELOC,ST,LAT,LON,PWR,STATUS,WFO,COUNTY
,,---No  NWR Coverage---,,AK,,,0,NORMAL,,Kusilvak|Lake and Peninsula|Valdez-Cordova|Rose Island|Swains Island|Trinity|Tuolumne|Chaffee|Hinsdale|Lake|Rio Blanco|San Juan|Chuuk|Kosrae|Pohnpei|Yap|Kalawao|Camas|Custer|Shoshone|Ailinginae|Ailinglaplap|Ailuk|Arno|Aur|Bikar|Bikini|Bokak|Ebon|Enewetak|Erikub|Jabat|Jaluit|Jemo|Kili|Kwajalein|Lae|Lib|Likiep|Majuro|Maloelap|Mejit|Mili|Namorik|Namu|Rongelap|Rongrik|Toke|Ujae|Ujelang|Utrik|Wotho|Wotje|Northern Islands|Catron|De Baca|Guadalupe|Quay|Socorro|Baker|Adjuntas|Arecibo|Ceiba|Ciales|Coamo|Culebra|Fajardo|Florida|Guayanilla|Jayuya|Juana Diaz|Lajas|Penuelas|Ponce|Salinas|Santa Isabel|Utuado|Vieques|Villalba|Aimeliik|Airai|Angaur|Hatobohei|Kayangel|Koror|Melekeok|Ngaraard|Ngarchelong|Ngardmau|Ngatpang|Ngchesar|Ngeremlengui|Ngiwal|Peleliu|Sonsorol|Duval|Edwards|Jim Hogg|Karnes|Lampasas|Reagan|Real|Terrell|Baker Island|Howland Island|Jarvis Island|Johnston Island|Kingman Reef|Midway Islands|Navassa Island|Palmyra Atoll|Wake Island|Piute|St. Croix|St. John
KAD93,162.525,H Street - Blaine Area,H Street - Blaine Area,WA,48.996278,-122.649167,124,NORMAL,Seattle/Tacoma|WA,San Juan|Whatcom
KAD94,162.450,Yosemite,Turtleback Dome,CA,37.712778,-119.704722,85,NORMAL,Hanford|CA,Mariposa
KAD95,162.450,Ryegate,Ryegate,MT,46.283333,-109.162778,300,NORMAL,Billings|MT,Golden Valley|Musselshell|Stillwater|Sweet Grass|Wheatland
KAD96,162.500,Manleyville,Manleyville,AK,57.105556,-134.816944,5,NORMAL,Juneau|AK,Petersburg
KAE42,162.500,Providence Forge,New Kent County,VA,37.4906,-77.0569,1000,NORMAL,Wakefield|VA,Charles City|City of Hopewell|City of Richmond|City of Williamsburg|Essex|Gloucester|Hanover|Henrico|James City|King and Queen|King William|Middlesex|New Kent|Prince George|Surry|York
KBA99,162.550,Oahu,Mt. Kaala,HI,21.508442,-158.147742,1000,NORMAL,Honolulu|HI,Honolulu
KBS508,162.525,White Hill,Parishville,NY,44.598333,-74.776944,300,NORMAL,Burlington|VT,Franklin|Jefferson|Lewis|St. Lawrence
KC2XBZ,162.500,Gresham,Gresham,WI,44.8167,-88.8181,300,NORMAL,Green Bay|WI,Menominee|Shawano|Waupaca
KDO89,162.550,St. Louis,Shrewsbury,IL,38.580583,-90.32925,1010,NORMAL,St. Louis|MO,Madison|Monroe|St. Clair|City of St. Louis|Franklin|Jefferson|Lincoln|St. Charles|St. Louis|Warren
KDO94,162.400,Akron,Akron,OH,41.0644,-81.5833,500,NORMAL,Cleveland|OH,Ashland|Carroll|Columbiana|Holmes|Mahoning|Medina|Portage|Stark|Summit|Trumbull|Tuscarawas|Wayne
KDO95,162.550,Falmouth,Blackstrap Hill,ME,43.7625,-70.325,500,NORMAL,Gray/Portland|ME,Androscoggin|Cumberland|Sagadahoc|York
KDX54,162.500,Big Rock Ridge,N. San Francisco Bay,CA,38.059722,-122.605556,75,NORMAL,San Francisco|CA,Contra Costa|Marin|Napa|San Francisco|San Mateo|Santa Clara|Sonoma
KE2XKP,162.525,Tomah,Tomah,WI,43.8956,-90.585,300,NORMAL,La Crosse|WI,Adams|Jackson|Juneau|La Crosse|Monroe|Vernon|Wood
KEB97,162.400,Lake City,Lake City,FL,30.1939,-82.6347,300,NORMAL,Jacksonville|FL,Columbia|Hamilton|Suwannee
KEB98,162.550,Buffalo,North Boston,NY,42.636944,-78.768056,330,NORMAL,Buffalo|NY,Allegany|Cattaraugus|Chautauqua|Erie|Genesee|Niagara|Orleans|Wyoming
KEC38,162.450,Largo,Seminole,FL,27.848056,-82.763333,1000,NORMAL,Tampa Bay Area|FL,Hillsborough|Manatee|Pasco|Pinellas
KEC39,162.525,Cambridge,Cambridge,KS,40.183167,-100.100667,347,NORMAL,Hastings|NE,Decatur|Norton|Frontier|Furnas|Gosper|Red Willow
KEC42,162.400,Eugene,Blanton Heights,OR,44.002472,-123.116278,114,NORMAL,Portland|OR,Benton|Lane|Linn
KEC43,162.550,Anchorage,Anchorage,AK,61.157038,-149.98741,300,NORMAL,Anchorage|AK,Anchorage|Kenai Peninsula|Matanuska-Susitna
KEC49,162.550,Monterey,Mt. Umunhum,CA,37.155,-121.8983,300,NORMAL,San Francisco|CA,Alameda|Contra Costa|Monterey|Napa|San Benito|San Francisco|San Mateo|Santa Clara|Santa Cruz
KEC50,162.475,West Palm Beach,Mangonia Park,FL,26.749722,-80.0675,1000,NORMAL,Miami|FL,Broward|Martin|Palm Beach|St. Lucie
KEC55,162.550,Fort Worth,Crowley,TX,32.536694,-97.413,1050,NORMAL,Fort Worth-Dallas|TX,Bosque|Collin|Dallas|Denton|Ellis|Erath|Hill|Hood|Johnson|Parker|Somervell|Tarrant|Wise
KEC56,162.400,Dallas,Dallas,TX,32.901278,-96.6872,1040,NORMAL,Fort Worth-Dallas|TX,Bosque|Collin|Dallas|Denton|Ellis|Hill|Hood|Hunt|Kaufman|Parker|Rockwall|Tarrant
KEC57,162.550,Sacramento,Fairplay,CA,38.5806,-120.615,300,NORMAL,Sacramento|CA,Amador|Calaveras|Colusa|El Dorado|Placer|Sacramento|San Joaquin|Solano|Stanislaus|Sutter|Yolo
KEC58,162.400,Erie,Erie,NY,42.063972,-80.005444,750,NORMAL,Cleveland|OH,Chautauqua|Ashtabula|Crawford|Erie|Venango|Warren
KEC59,162.550,Wichita,Wichita,KS,37.750611,-97.303667,1050,NORMAL,Wichita|KS,Butler|Cowley|Harper|Harvey|Kingman|Marion|McPherson|Reno|Sedgwick|Sumner
KEC60,162.400,Milwaukee,Delafield,WI,43.028272,-88.392525,1000,NORMAL,Milwaukee/Sullivan|WI,Dodge|Fond du Lac|Jefferson|Kenosha|Milwaukee|Ozaukee|Racine|Sheboygan|Walworth|Washington|Waukesha
KEC61,162.550,Mobile,Mobile,AL,30.659444,-87.8925,1000,NORMAL,Mobile|AL,Baldwin|Mobile|George|Jackson
KEC62,162.400,San Diego,Mt. Woodson,CA,33.0089,-116.972194,102,NORMAL,San Diego|CA,San Diego
KEC63,162.550,Detroit,Southfield,MI,42.483056,-83.205556,1000,NORMAL,Detroit/Pontiac|MI,Lenawee|Livingston|Macomb|Monroe|Oakland|St. Clair|Washtenaw|Wayne
KEC65,162.550,Minneapolis/St. Paul,Minneapolis,MN,44.968944,-93.207833,1020,NORMAL,Twin Cities/Chanhassen|MN,Anoka|Carver|Chisago|Dakota|Goodhue|Hennepin|Ramsey|Rice|Scott|Washington|Wright|Pierce|Polk|St. Croix
KEC73,162.550,Bourne/Hyannis,Camp Edwards,MA,41.707729,-70.564406,1000,NORMAL,Boston/Norton|MA,Barnstable|Bristol|Dukes|Nantucket|Plymouth
KEC74,162.550,Indianapolis,Indianapolis,IN,39.7675,-86.0025,1000,NORMAL,Indianapolis|IN,Boone|Decatur|Delaware|Hamilton|Hancock|Hendricks|Henry|Johnson|Madison|Marion|Morgan|Rush|Shelby|Tipton
KEC76,162.550,Denver,Glendale,CO,39.692087,-104.936663,330,NORMAL,Boulder|CO,Adams|Arapahoe|Broomfield|Clear Creek|Denver|Douglas|Elbert|Gilpin|Jefferson|Larimer|Park|Weld
KEC77,162.400,Saint Joseph,Wathena,KS,39.709639,-95.0425,1000,NORMAL,Kansas City|MO,Atchison|Doniphan|Andrew|Buchanan|Clinton|DeKalb|Holt|Platte
KEC78,162.550,Salt Lake City,Bacchus,UT,40.6272,-112.0572,300,NORMAL,Salt Lake City|UT,Box Elder|Davis|Salt Lake|Utah|Weber
KEC80,162.550,Atlanta,Stone Mtn.,GA,33.80525,-84.144333,569,NORMAL,Peachtree City|GA,Cherokee|Clayton|Cobb|DeKalb|Douglas|Fayette|Forsyth|Fulton|Gwinnett|Henry|Newton|Rockdale|Walton
KEC81,162.550,Seward,Spring Creek,AK,60.089345,-149.352763,300,NORMAL,Anchorage|AK,Kenai Peninsula
KEC82,162.400,Eureka,Mt. Pierce,CA,40.4175,-124.119167,300,NORMAL,Eureka|CA,Humboldt
KEC83,162.400,Baltimore,Pikesville,DC,39.386349,-76.730772,1000,NORMAL,Baltimore/Washington|VA,District of Columbia|Anne Arundel|Baltimore|Calvert|Carroll|City of Baltimore|Frederick|Harford|Howard|Kent|Montgomery|Prince Georges|Queen Annes|Talbot|Adams|York
KEC84,162.400,New Bern,Glenburnie Garden,NC,35.1344,-77.0631,1000,NORMAL,Newport/Morehead City|NC,Beaufort|Carteret|Craven|Duplin|Greene|Hyde|Jones|Lenoir|Martin|Onslow|Pamlico|Pitt
KEC85,162.400,Savannah,Ridgeland,GA,32.3289,-80.9378,1000,NORMAL,Charleston|SC,Bryan|Bulloch|Chatham|Effingham|Liberty|Beaufort|Jasper
KEC86,162.400,Pensacola,Milton,AL,30.588611,-87.070556,1000,NORMAL,Mobile|AL,Baldwin|Escambia|Okaloosa|Santa Rosa
KEC91,162.400,Astoria,Naselle Ridge,OR,46.4214,-123.796056,297,NORMAL,Portland|OR,Clatsop|Columbia|Grays Harbor|Pacific|Wahkiakum
KEC92,162.475,Salisbury,Delmar,DE,38.504444,-75.643056,1000,NORMAL,Wakefield|VA,Sussex|Calvert|Caroline|Dorchester|Queen Annes|Somerset|St. Marys|Talbot|Wicomico|Worcester|Accomack
KEC93,162.400,Ellsworth,Ellsworth,ME,44.545833,-68.511944,1000,NORMAL,Caribou|ME,Hancock|Penobscot|Waldo|Washington
KEC94,162.550,Phoenix,South Mtn.,AZ,33.332778,-112.066944,347,NORMAL,Phoenix|AZ,Maricopa|Pinal
KEC95,162.400,Aynor,Conway/Myrtle Beach,NC,33.950722,-79.108459,1000,NORMAL,Wilmington|NC,Brunswick|Columbus|Dillon|Florence|Georgetown|Horry|Marion|Williamsburg
KGG67,162.550,Panama City,Courtney Point,FL,30.1472,-85.7128,1000,NORMAL,Tallahassee|FL,Bay|Calhoun|Gulf|Holmes|Walton|Washington
KGG68,162.400,Tomball,Tomball,TX,30.0964,-95.6564,1000,NORMAL,Houston/Galveston|TX,Brazoria|Chambers|Fort Bend|Galveston|Harris|Liberty|Montgomery|Waller
KGG86,162.475,Fountain Hill,Fountain Hill,AR,33.3894,-91.853889,1000,NORMAL,Jackson|MS,Ashley|Bradley|Calhoun|Chicot|Cleveland|Desha|Drew|Union|Lincoln|Morehouse|West Carroll
KGG94,162.425,Poplar,Poplar,MT,48.290556,-105.251944,300,NORMAL,Glasgow|MT,McCone|Richland|Roosevelt
KGG95,162.425,Winona,Fountain City,MN,44.0739,-91.5775,300,NORMAL,La Crosse|WI,Winona|Buffalo|La Crosse|Trempealeau
KGG97,162.500,Bozeman,Courthouse,MT,45.679722,-111.041667,100,NORMAL,Great Falls|MT,Gallatin
KGG98,162.425,Halls Summit,Waverly,KS,38.335,-95.6744,1110,NORMAL,Topeka|KS,Allen|Anderson|Chase|Coffey|Douglas|Franklin|Greenwood|Lyon|Osage|Woodson
KGG99,162.425,Lexington,Lexington,NE,40.695028,-99.817389,405,NORMAL,Hastings|NE,Dawson|Frontier|Gosper|Phelps
KHA35,162.525,Orangeburg,Orangeburg,SC,33.543083,-80.824229,300,NORMAL,Columbia|SC,Bamberg|Calhoun|Clarendon|Dorchester|Orangeburg|Richland|Sumter
KHA46,162.450,Vale,Hollow Rock,KY,36.137194,-88.261,1000,NORMAL,Memphis|TN,Calloway|Benton|Carroll|Henry|Houston|Humphreys|Stewart|Weakley
KHA47,162.450,Baraboo,Baraboo,WI,43.427778,-89.653889,300,NORMAL,Milwaukee/Sullivan|WI,Adams|Columbia|Dane|Iowa|Juneau|Marquette|Richland|Sauk|Vernon
KHA53,162.400,Rochester,Fairport,NY,43.036111,-77.423333,500,NORMAL,Buffalo|NY,Cayuga|Genesee|Livingston|Monroe|Ontario|Orleans|Seneca|Wayne|Wyoming|Yates
KHA55,162.525,Oshkosh,Oshkosh (Ag.),NE,41.340278,-102.399167,1000,NORMAL,North Platte|NE,Deuel|Garden|Keith
KHA99,162.425,Muenster,Muenster,OK,33.64997,-97.339722,300,NORMAL,Fort Worth-Dallas|TX,Carter|Jefferson|Love|Cooke|Denton|Grayson|Montague|Wise
KHB29,162.550,Charleston,Awendaw,SC,32.9244,-79.699444,1000,NORMAL,Charleston|SC,Berkeley|Charleston|Clarendon|Colleton|Dorchester|Georgetown|Orangeburg|Williamsburg
KHB30,162.475,Burns Butte,Harney,OR,43.572639,-119.131528,130,NORMAL,Boise|ID,Harney
KHB31,162.550,Winnabow,Winnabow,NC,34.1316,-78.187778,1000,NORMAL,Wilmington|NC,Bladen|Brunswick|Columbus|New Hanover|Pender
KHB32,162.550,Tampa Bay,Ruskin,FL,27.842533,-82.262472,1000,NORMAL,Tampa Bay Area|FL,Hardee|Hillsborough|Manatee|Pasco|Pinellas|Polk
KHB33,162.400,Pharr,Pharr,TX,26.211222,-98.18875,1000,NORMAL,Brownsville/Rio Grande Valley|TX,Cameron|Hidalgo|Starr|Willacy
KHB34,162.550,Miami,Miami/Andover,FL,25.967861,-80.209333,1100,NORMAL,Miami|FL,Broward|Miami-Dade
KHB35,162.475,Boston,Great Blue Hill,MA,42.211928,-71.113649,1000,NORMAL,Boston/Norton|MA,Bristol|Essex|Middlesex|Norfolk|Plymouth|Suffolk
KHB36,162.550,Manassas,Independent Hill,DC,38.628722,-77.438833,1010,NORMAL,Baltimore/Washington|VA,District of Columbia|Calvert|Charles|Frederick|Montgomery|Prince Georges|St. Marys|Arlington|City of Alexandria|City of Fairfax|City of Falls Church|City of Fredericksburg|City of Manassas Park|City of Manassas|Clarke|Culpeper|Fairfax|Fauquier|King George|Loudoun|Madison|Orange|Page|Prince William|Rappahannock|Spotsylvania|Stafford|Warren
KHB37,162.550,Norfolk,Driver,NC,36.815556,-76.466667,1000,NORMAL,Wakefield|VA,Bertie|Camden|Chowan|Currituck|Gates|Hertford|Northampton|Pasquotank|Perquimans|Accomack|City of Chesapeake|City of Franklin|City of Hampton|City of Newport News|City of Norfolk|City of Poquoson|City of Portsmouth|City of Suffolk|City of Virginia Beach|City of Williamsburg|Gloucester|Isle of Wight|James City|Mathews|Southampton|Surry|Sussex|York
KHB38,162.400,Atlantic City,Atlantic City,NJ,39.37895,-74.447744,1000,NORMAL,Philadelphia/Mt Holly|NJ,Atlantic|Burlington|Cape May|Cumberland|Ocean
KHB39,162.550,Jacksonville,Jacksonville,FL,30.2761,-81.5647,1000,NORMAL,Jacksonville|FL,Baker|Clay|Duval|Nassau|St. Johns|Camden|Charlton
KHB40,162.550,Galveston,Galveston,TX,29.293528,-94.833472,1000,NORMAL,Houston/Galveston|TX,Brazoria|Chambers|Fort Bend|Galveston|Harris
KHB41,162.550,Rockport,Rockport,TX,28.00513,-97.09667,1250,NORMAL,Corpus Christi|TX,Aransas|Bee|Jim Wells|Kleberg|Live Oak|Nueces|Refugio|San Patricio
KHB42,162.400,Lake Charles,Westlake,LA,30.221222,-93.3114,1000,NORMAL,Lake Charles|LA,Allen|Beauregard|Calcasieu|Cameron|Jefferson Davis
KHB43,162.550,New Orleans,New Orleans,LA,29.95287,-90.06717,1000,NORMAL,New Orleans/Baton Rouge|LA,Jefferson|Lafourche|Orleans|Plaquemines|St. Bernard|St. Charles|St. James|St. John the Baptist|St. Tammany|Tangipahoa
KHB46,162.400,Baton Rouge,Baker,LA,30.44325,-91.18197,1000,NORMAL,New Orleans/Baton Rouge|LA,Ascension|East Baton Rouge|East Feliciana|Iberville|Livingston|Pointe Coupee|St. Helena|Tangipahoa|West Baton Rouge|West Feliciana|Wilkinson
KHB47,162.550,New London,Uncasville,CT,41.440833,-72.141389,500,NORMAL,New York|NY,Hartford|Middlesex|New London|Tolland|Windham|Suffolk|Washington
KHB49,162.400,San Francisco,Mount Pise,CA,37.450556,-122.338333,300,NORMAL,San Francisco|CA,Alameda|Contra Costa|Marin|Napa|San Francisco|San Mateo|Santa Clara|Santa Cruz|Sonoma
KHB52,162.500,Richmond,Wayne CO Courthouse,IN,39.8283,-84.8975,300,NORMAL,Wilmington|OH,Decatur|Fayette|Franklin|Henry|Randolph|Rush|Union|Wayne|Butler|Darke|Montgomery|Preble
KHB53,162.500,Jordan,Brockway,MT,47.306111,-106.914444,300,NORMAL,Glasgow|MT,Garfield|McCone
KHB54,162.550,Milo,Milo,ME,45.247591,-69.01068,1000,NORMAL,Caribou|ME,Penobscot|Piscataquis|Somerset
KHB55,162.475,Frenchville,Frenchville,ME,47.286944,-68.314167,300,NORMAL,Caribou|ME,Aroostook
KHB59,162.550,Cleveland,Chesterland,OH,41.522778,-81.328611,750,NORMAL,Cleveland|OH,Ashtabula|Cuyahoga|Erie|Geauga|Huron|Lake|Lorain|Medina|Portage|Summit
KHB60,162.550,Seattle,Cougar Mtn.,WA,47.5436,-122.108694,102,NORMAL,Seattle/Tacoma|WA,King|Kitsap|Mason|Pierce|Snohomish
KHB97,162.400,Sandusky,Bellevue,OH,41.238611,-82.837694,1000,NORMAL,Cleveland|OH,Ashland|Crawford|Erie|Hancock|Huron|Lorain|Ottawa|Richland|Sandusky|Seneca|Wood|Wyandot
KHC26,162.550,Circle,Linsay,MT,47.276944,-105.391667,300,NORMAL,Glasgow|MT,Dawson|McCone
KHC27,162.425,Rock Hill,York,NC,34.839722,-81.018333,1000,NORMAL,Greenville-Spartanburg|SC,Cleveland|Mecklenburg|Union|Cherokee|Chester|Fairfield|Lancaster|York
KHC28,162.425,Kirksey,Greenwood County,GA,33.9975,-82.051944,1000,NORMAL,Columbia|SC,Columbia|Elbert|Lincoln|Abbeville|Edgefield|Greenwood|Laurens|McCormick|Newberry|Saluda
KHC29,162.500,Barnwell,Barnwell,GA,33.187679,-81.397073,1000,NORMAL,Columbia|SC,Burke|Screven|Aiken|Allendale|Bamberg|Barnwell|Hampton|Orangeburg
KHC47,162.425,Meddybemps,Meddybemps,ME,45.028889,-67.322778,300,NORMAL,Caribou|ME,Washington
KHC49,162.525,Norwich,Barnes Hill,NY,42.511389,-75.468056,300,NORMAL,Binghamton|NY,Broome|Chenango|Cortland|Delaware|Madison|Otsego
KID77,162.550,Kansas City,Independence,KS,39.0905,-94.472,1000,NORMAL,Kansas City|MO,Douglas|Johnson|Leavenworth|Miami|Wyandotte|Cass|Clay|Jackson|Lafayette|Platte|Ray
KIG60,162.400,Burlington,Mt. Mansfield,NY,44.526667,-72.815833,500,NORMAL,Burlington|VT,Clinton|Essex|Franklin|Addison|Chittenden|Grand Isle|Lamoille|Washington
KIG64,162.550,Duluth,Arnold Site,MN,46.786944,-92.114444,1000,NORMAL,Duluth|MN,Carlton|Lake|Pine|St. Louis|Bayfield|Douglas
KIG65,162.550,Green Bay,De Pere,WI,44.409722,-88.001389,1000,NORMAL,Green Bay|WI,Brown|Calumet|Door|Kewaunee|Manitowoc|Marinette|Menominee|Oconto|Outagamie|Shawano|Winnebago
KIG66,162.550,Marquette,Negaunee,MI,46.514167,-87.481667,1000,NORMAL,Marquette|MI,Alger|Baraga|Delta|Dickinson|Iron|Marquette|Menominee|Schoolcraft
KIG74,162.550,Sault Ste Marie,Dafter,MI,46.377042,-84.425094,1000,NORMAL,Gaylord|MI,Chippewa|Mackinac
KIG75,162.550,Yakima,Ahtanum Ridge,WA,46.6405,-120.39725,300,NORMAL,Pendleton|OR,Kittitas|Yakima
KIG76,162.550,Evansville,Haubstadt,IL,38.18,-87.486944,1000,NORMAL,Paducah|KY,Edwards|Wabash|White|Dubois|Gibson|Perry|Pike|Posey|Spencer|Vanderburgh|Warrick|Henderson|Union
KIG77,162.475,Cape Hatteras,Middletown,NC,35.2458,-75.5339,1000,OUT OF SERVICE,Newport/Morehead City|NC,Bertie|Dare|Hyde|Tyrrell|Washington
KIG78,162.400,Coachella,Riverside County,CA,33.654889,-115.990222,104,NORMAL,San Diego|CA,Imperial|Riverside
KIG79,162.550,Nashville,Nashville,TN,36.164083,-86.78475,1020,NORMAL,Nashville|TN,Cheatham|Davidson|Dickson|Macon|Maury|Montgomery|Robertson|Rutherford|Smith|Sumner|Trousdale|Williamson|Wilson
KIG83,162.550,Alpena,Herron,MI,45.062833,-83.717306,800,NORMAL,Gaylord|MI,Alcona|Alpena|Montmorency|Oscoda|Presque Isle
KIG86,162.550,Columbus,Columbus,OH,39.9631,-82.9994,1000,NORMAL,Wilmington|OH,Champaign|Clark|Delaware|Fairfield|Fayette|Franklin|Greene|Hocking|Knox|Licking|Madison|Marion|Morrow|Muskingum|Perry|Pickaway|Union
KIG98,162.550,Portland,Goat Mtn.,OR,45.131167,-122.291472,330,NORMAL,Portland|OR,Clackamas|Columbia|Multnomah|Washington|Clark|Cowlitz|Skamania
KIH20,162.400,Huntsville,Huntsville,AL,34.737778,-86.533889,1000,NORMAL,Huntsville|AL,Cullman|Jackson|Lawrence|Limestone|Madison|Marshall|Morgan|Giles|Lincoln
KIH21,162.400,Gulfport,Gulfport,MS,30.38433,-89.09583,1000,NORMAL,New Orleans/Baton Rouge|LA,George|Hancock|Harrison|Jackson|Pearl River|Stone
KIH22,162.400,Traverse City,Traverse City,MI,44.760442,-85.682994,300,NORMAL,Gaylord|MI,Antrim|Benzie|Charlevoix|Grand Traverse|Kalkaska|Leelanau|Manistee|Missaukee|Wexford
KIH23,162.475,Morgan City,Morgan City,LA,29.75436,-91.17377,1000,NORMAL,New Orleans/Baton Rouge|LA,Ascension|Assumption|Iberia|Iberville|Lafourche|St. James|St. Martin|St. Mary|Terrebonne
KIH24,162.400,Tallahassee,Tallahassee,FL,30.566667,-84.043889,1000,NORMAL,Tallahassee|FL,Franklin|Gadsden|Jefferson|Leon|Liberty|Madison|Taylor|Wakulla|Brooks|Decatur|Grady|Thomas
KIH26,162.400,Daytona Beach,Bumcombe Hill,FL,29.1737,-81.157,1000,NORMAL,Melbourne|FL,Brevard|Flagler|Lake|Orange|Putnam|Seminole|Volusia
KIH27,162.550,Tulsa,Coweta,OK,36.021083,-95.656278,600,NORMAL,Tulsa|OK,Cherokee|Creek|Mayes|Muskogee|Okmulgee|Osage|Pawnee|Rogers|Tulsa|Wagoner|Washington
KIH28,162.475,Philadelphia,Philadelphia,DE,39.9517,-75.160833,1000,NORMAL,Philadelphia/Mt Holly|NJ,New Castle|Cecil|Burlington|Camden|Cumberland|Gloucester|Hunterdon|Mercer|Monmouth|Salem|Bucks|Chester|Delaware|Montgomery|Philadelphia
KIH29,162.475,Flint,Clio,MI,43.216944,-83.721389,1000,NORMAL,Detroit/Pontiac|MI,Bay|Genesee|Huron|Lapeer|Livingston|Midland|Oakland|Saginaw|Shiawassee|Tuscola
KIH30,162.550,Point Arena,Cold Springs Peak,CA,39.022222,-123.521389,300,NORMAL,Eureka|CA,Mendocino|Sonoma
KIH31,162.550,San Luis Obispo,Cuesta Peak/Santa Margarita,CA,35.360694,-120.656972,365,NORMAL,Los Angeles|CA,San Luis Obispo
KIH32,162.400,Coos Bay,Noah Butte,OR,43.390556,-124.131458,300,NORMAL,Medford|OR,Coos
KIH33,162.550,Newport,Otter Rock,OR,44.756111,-124.049722,500,NORMAL,Portland|OR,Lane|Lincoln
KIH34,162.400,Santa Barbara,Broadcast Peak,CA,34.525,-119.9589,369,NORMAL,Los Angeles|CA,Santa Barbara|Ventura
KIH35,162.550,Pittsburgh,Pittsburgh,OH,40.446556,-79.963806,1010,NORMAL,Pittsburgh|PA,Columbiana|Allegheny|Armstrong|Beaver|Butler|Fayette|Greene|Indiana|Lawrence|Washington|Westmoreland|Brooke|Hancock|Marshall|Ohio
KIH36,162.550,Neah Bay,Bohokus Peak,WA,48.370694,-124.673028,303,NORMAL,Seattle/Tacoma|WA,Clallam|Jefferson
KIH37,162.550,Brookings,Palmer Butte,CA,42.1264,-124.2272,500,NORMAL,Eureka|CA,Del Norte|Curry
KIH38,162.400,Jackson,Raymond,LA,32.1917,-90.406278,1000,NORMAL,Jackson|MS,Madison|Tensas|Claiborne|Copiah|Hinds|Issaquena|Jefferson|Lawrence|Leake|Lincoln|Rankin|Scott|Simpson|Smith|Warren|Yazoo
KIH39,162.550,Ashland,Ashland,KY,38.461917,-82.619833,1090,NORMAL,Charleston|WV,Boyd|Carter|Elliott|Greenup|Johnson|Lawrence|Lewis|Martin|Gallia|Jackson|Scioto|Cabell|Lincoln|Mason|Putnam|Wayne
KIH40,162.475,Hazard,Hazard,KY,37.192919,-83.1878,1000,OUT OF SERVICE,Jackson|KY,Bell|Breathitt|Clay|Floyd|Harlan|Jackson|Knott|Knox|Lee|Leslie|Letcher|Magoffin|Morgan|Owsley|Perry|Pike|Wolfe
KIH41,162.400,Lexington,Richmond,KY,37.879203,-84.325499,1000,NORMAL,Louisville|KY,Anderson|Bath|Bourbon|Boyle|Clark|Estill|Fayette|Fleming|Franklin|Garrard|Harrison|Jessamine|Madison|Menifee|Mercer|Montgomery|Nicholas|Powell|Robertson|Rowan|Scott|Woodford
KIH42,162.550,Covington,Covington,IN,39.030556,-84.506389,1000,NORMAL,Wilmington|OH,Dearborn|Fayette|Franklin|Ohio|Ripley|Switzerland|Union|Boone|Bracken|Campbell|Carroll|Gallatin|Grant|Kenton|Mason|Owen|Pendleton|Robertson|Brown|Butler|Clermont|Clinton|Hamilton|Highland|Warren
KIH43,162.475,New Albany,Floyds Knob,IN,38.367084,-85.831639,1000,NORMAL,Louisville|KY,Clark|Crawford|Dubois|Floyd|Harrison|Jefferson|Orange|Scott|Washington|Bullitt|Hardin|Henry|Larue|Meade|Nelson|Oldham|Shelby|Spencer|Trimble
KIH43A,162.550,Elizabethtown,Elizabethtown,KY,37.68201,-85.84203,300,NORMAL,Louisville|KY,Hardin
KIH44,162.550,Somerset,Bethelridge,KY,37.167433,-84.824444,1000,NORMAL,Jackson|KY,Adair|Casey|Clinton|Cumberland|Green|Hart|Knox|Laurel|Lincoln|Marion|McCreary|Metcalfe|Monroe|Pulaski|Rockcastle|Russell|Taylor|Washington|Wayne|Whitley
KIH45,162.400,Bowling Green,Sugar Grove,KY,37.08963,-86.634822,1000,NORMAL,Louisville|KY,Adair|Allen|Barren|Butler|Clinton|Cumberland|Edmonson|Grayson|Green|Hart|Larue|Logan|Metcalfe|Monroe|Muhlenberg|Ohio|Russell|Simpson|Todd|Warren
KIH46,162.475,Mayfield,Mayfield,IL,36.6925,-88.536111,1000,NORMAL,Paducah|KY,Massac|Pope|Ballard|Calloway|Carlisle|Crittenden|Fulton|Graves|Hickman|Livingston|Lyon|Marshall|McCracken|Trigg|Mississippi|Henry|Obion|Weakley
KIH47,162.475,Hattiesburg,Melba,MS,31.4395,-89.640556,1180,NORMAL,Jackson|MS,Covington|Forrest|Greene|Jefferson Davis|Jones|Lamar|Lawrence|Marion|Pearl River|Perry|Simpson|Smith|Walthall|Wayne
KIH48,162.550,Bude,Smithdale,LA,31.372917,-90.751417,1000,NORMAL,Jackson|MS,Concordia|St. Helena|Tangipahoa|Adams|Amite|Copiah|Franklin|Jefferson|Lawrence|Lincoln|Pike|Wilkinson
KIH49,162.550,Meridian,Rose Hill,AL,32.1386,-89.093694,1000,NORMAL,Jackson|MS,Choctaw|Sumter|Clarke|Covington|Jasper|Jones|Kemper|Lauderdale|Neshoba|Newton|Scott|Smith|Wayne
KIH50,162.425,Inverness,Inverness,AR,33.376306,-90.542278,1045,NORMAL,Jackson|MS,Chicot|East Carroll|West Carroll|Bolivar|Carroll|Grenada|Holmes|Humphreys|Issaquena|Leflore|Sharkey|Sunflower|Tallahatchie|Washington|Yazoo
KIH51,162.475,Ackerman,Ackerman,MS,33.353944,-89.15,1000,NORMAL,Jackson|MS,Attala|Calhoun|Carroll|Chickasaw|Choctaw|Clay|Grenada|Leflore|Lowndes|Monroe|Montgomery|Noxubee|Oktibbeha|Webster|Winston|Yalobusha
KIH52,162.550,Oxford,Taylor,MS,34.2908,-89.706056,900,NORMAL,Memphis|TN,Benton|Calhoun|Chickasaw|Coahoma|DeSoto|Grenada|Lafayette|Marshall|Panola|Pontotoc|Quitman|Tallahatchie|Tate|Tunica|Union|Yalobusha
KIH53,162.400,Booneville,Dumas,MS,34.709472,-88.843556,1060,NORMAL,Memphis|TN,Alcorn|Benton|Itawamba|Lee|Pontotoc|Prentiss|Tippah|Tishomingo|Union|Hardeman|Hardin|McNairy
KIH54,162.550,Birmingham,WBIQ TV,AL,33.489083,-86.799306,1020,NORMAL,Birmingham|AL,Bibb|Blount|Chilton|Coosa|Jefferson|Shelby|St. Clair|Tuscaloosa|Walker
KIH55,162.400,Montgomery,WAIQ TV,AL,32.381944,-86.292583,911,NORMAL,Birmingham|AL,Autauga|Bullock|Butler|Chilton|Coosa|Crenshaw|Dallas|Elmore|Lowndes|Macon|Montgomery|Pike|Tallapoosa|Wilcox
KIH56,162.475,Louisville,Texasville,AL,31.718056,-85.434139,1000,NORMAL,Birmingham|AL,Barbour|Bullock|Coffee|Crenshaw|Dale|Geneva|Henry|Pike|Russell|Quitman
KIH57,162.475,Florence,Crooked Oak,AL,34.5839,-87.7872,1000,NORMAL,Huntsville|AL,Colbert|Franklin|Lauderdale|Lawrence|Marion|Itawamba
KIH58,162.475,Anniston,Mt. Cheaha,AL,33.485139,-85.808889,299,NORMAL,Birmingham|AL,Calhoun|Chambers|Cherokee|Clay|Cleburne|Coosa|Etowah|Jefferson|Randolph|Shelby|St. Clair|Talladega|Tallapoosa|Carroll
KIH59,162.550,Dozier,Dozier,AL,31.554444,-86.392222,1000,NORMAL,Mobile|AL,Butler|Coffee|Conecuh|Covington|Crenshaw|Escambia|Geneva|Lowndes|Montgomery|Pike|Okaloosa|Santa Rosa|Walton
KIH60,162.400,Tuscaloosa,Holt,AL,33.214167,-87.489972,1000,NORMAL,Birmingham|AL,Bibb|Fayette|Greene|Hale|Jefferson|Pickens|Tuscaloosa|Lowndes|Noxubee
KIH61,162.400,Omaha,Omaha,IA,41.257722,-96.009333,991,NORMAL,Omaha/Valley|NE,Harrison|Mills|Pottawattamie|Burt|Cass|Dodge|Douglas|Otoe|Sarpy|Saunders|Washington
KIH62,162.400,Fresno,Bear Mtn.,CA,36.74569,-119.283556,300,NORMAL,Hanford|CA,Fresno|Kern|Kings|Madera|Mariposa|Merced|Tulare
KIH63,162.475,Orlando,Orlando,FL,28.5943,-81.4199,1000,NORMAL,Melbourne|FL,Brevard|Lake|Orange|Osceola|Polk|Seminole|Volusia
KJY57,162.450,Driggs,Relay Ridge,ID,43.706667,-111.344444,100,NORMAL,Pocatello|ID,Bonneville|Clark|Fremont|Jefferson|Madison|Teton
KJY60,162.475,Coalville/ Park City,Lewis Peak,UT,40.854444,-111.481111,100,NORMAL,Salt Lake City|UT,Morgan|Summit
KJY61,162.425,Escalante,Barney Top Mountain,UT,37.756389,-111.874722,75,NORMAL,Salt Lake City|UT,Garfield
KJY62,162.500,Michigan City,La Porte,IN,41.660833,-86.751667,1000,NORMAL,Northern Indiana|IN,Fulton|La Porte|Marshall|Porter|Pulaski|St. Joseph|Starke|Berrien
KJY63,162.500,Forest City,Hancock,IA,43.262222,-93.638583,302,NORMAL,Des Moines|IA,Cerro Gordo|Franklin|Hancock|Kossuth|Winnebago|Worth|Wright|Faribault|Freeborn
KJY64,162.450,Delaware,Delaware County,IA,42.479722,-91.346111,300,NORMAL,Quad Cities|IA,Buchanan|Clayton|Delaware|Dubuque|Fayette|Jones|Linn
KJY68,162.500,Chillicothe,Ross County,OH,39.329444,-82.802222,300,NORMAL,Wilmington|OH,Fairfield|Fayette|Hocking|Jackson|Pickaway|Pike|Ross|Vinton
KJY69,162.550,Alpine,Alpine,TX,30.319167,-103.617778,1000,NORMAL,Midland/Odessa|TX,Brewster|Jeff Davis|Presidio
KJY73,162.525,Saint Paul Island,Saint Paul Island,AK,57.12,-170.281111,5,OUT OF SERVICE,Anchorage|AK,Aleutians West
KJY75,162.525,Kemmerer,Kemmerer,WY,41.838611,-110.504722,300,NORMAL,Riverton|WY,Lincoln
KJY76,162.475,Crystal Falls,Crystal Falls,MI,46.100833,-88.540278,1000,NORMAL,Marquette|MI,Iron
KJY77,162.400,Antlers,Antlers,OK,34.224944,-95.625167,323,NORMAL,Tulsa|OK,Atoka|Bryan|Choctaw|Pushmataha
KJY78,162.450,New Taiton,El Campo,TX,29.313889,-96.334444,1000,NORMAL,Houston/Galveston|TX,Austin|Colorado|Fort Bend|Jackson|Lavaca|Matagorda|Wharton
KJY79,162.550,Tabiona,Mount Tabby,UT,40.355278,-110.7994,300,NORMAL,Salt Lake City|UT,Duchesne|Uintah|Wasatch
KJY80,162.450,Red Wing,Red Wing,MN,44.524056,-92.576444,359,NORMAL,Twin Cities/Chanhassen|MN,Dakota|Goodhue|Wabasha|Washington|Buffalo|Pepin|Pierce|St. Croix
KJY81,162.500,Canon City,Canon City,CO,38.515278,-105.3075,300,NORMAL,Pueblo|CO,Fremont
KJY82,162.450,Neosho,Newton County,KS,36.879889,-94.4255,981,NORMAL,Springfield|MO,Cherokee|Jasper|McDonald|Newton|Ottawa
KJY83,162.500,Carthage,Carthage,MS,32.724556,-89.545583,1230,NORMAL,Jackson|MS,Attala|Holmes|Leake|Madison|Neshoba|Newton|Rankin|Scott
KJY84,162.425,Anton,Anton,CO,39.704672,-103.254062,300,NORMAL,Boulder|CO,Washington
KJY85,162.525,Statesville,Statesville,NC,35.7333,-80.88944,1000,NORMAL,Greenville-Spartanburg|SC,Alexander|Cabarrus|Catawba|Davidson|Davie|Gaston|Iredell|Lincoln|Mecklenburg|Rowan
KJY86,162.525,South Boston,South Boston,NC,36.733056,-78.933889,1000,NORMAL,Blacksburg|VA,Caswell|Granville|Person|Campbell|Charlotte|City of Danville|Halifax|Lunenburg|Mecklenburg|Pittsylvania
KJY87,162.425,Cold Bay,Cold Bay,AK,55.2503,-162.763364,5,NORMAL,Anchorage|AK,Aleutians East
KJY88,162.475,Perryton,Perryton,OK,36.418194,-100.802028,320,NORMAL,Amarillo|TX,Beaver|Texas|Hansford|Lipscomb|Ochiltree|Roberts
KJY93,162.425,Muncie,Ball State Muncie,IN,40.093611,-85.392222,1000,OUT OF SERVICE,Indianapolis|IN,Blackford|Delaware|Grant|Henry|Jay|Madison|Randolph
KJY94,162.450,Chickasha,Chickasha,OK,35.04675,-97.775722,345,NORMAL,Norman|OK,Caddo|Canadian|Cleveland|Comanche|Garvin|Grady|McClain|Stephens
KJY95,162.550,Wewoka,Wewoka,OK,35.095306,-96.545917,1030,NORMAL,Norman|OK,Coal|Hughes|Lincoln|Okfuskee|Pontotoc|Pottawatomie|Seminole
KJY96,162.500,Guymon,Hooker,OK,36.764889,-101.209361,1070,NORMAL,Amarillo|TX,Beaver|Cimarron|Texas|Hansford|Sherman
KJY97,162.525,Childress,Childress,OK,34.4389,-100.218722,1060,NORMAL,Lubbock|TX,Greer|Harmon|Jackson|Briscoe|Childress|Collingsworth|Cottle|Dickens|Donley|Floyd|Foard|Hall|Hardeman|King|Knox|Motley
KJY99,162.525,Accomack,Onley (AG),MD,37.8425,-75.571389,1000,NORMAL,Wakefield|VA,Somerset|Worcester|Accomack|Northampton
KPS502,162.425,Mullen,Mullen,NE,41.986389,-101.039722,1000,NORMAL,North Platte|NE,Cherry|Grant|Hooker|McPherson|Thomas
KPS503,162.550,Glennallen,Glennallen,AK,62.103876,-146.174541,1000,NORMAL,Anchorage|AK,Copper River|Matanuska-Susitna
KPS504,162.400,Nenana,Nenana,AK,64.581944,-149.079444,300,NORMAL,Fairbanks|AK,Denali|Southeast Fairbanks|Yukon-Koyukuk
KPS505,162.500,Sumterville,Sumterville,FL,28.763889,-82.059722,1000,NORMAL,Tampa Bay Area|FL,Citrus|Hernando|Lake|Marion|Sumter
KPS506,162.500,Washington,Wilkes County,GA,33.721583,-82.722333,319,NORMAL,Peachtree City|GA,Wilkes
KPS507,162.525,Glentana,Randel,MT,48.794444,-106.245556,60,NORMAL,Glasgow|MT,Daniels|Valley
KPS509,162.500,Salmon,Mt Baldy,ID,45.145278,-114.008333,100,NORMAL,Missoula|MT,Lemhi
KPS511,162.500,Great Bend,Great Bend,KS,38.447944,-98.76925,1060,NORMAL,Wichita|KS,Barton|Ellsworth|Pawnee|Rice|Rush|Russell|Stafford
KQC45,162.500,Bullhead City,Spirit Mtn.,AZ,35.247222,-114.743333,200,NORMAL,Las Vegas|NV,Mohave|San Bernardino|Clark
KSC43,162.450,Gore Mtn.,Gore Mtn.,NY,43.672778,-74.048889,300,NORMAL,Albany|NY,Essex|Fulton|Hamilton|Saratoga|Warren|Washington|Addison|Rutland
KUT404,162.450,Aberdeen,Hatley,AL,33.839167,-88.5739,300,NORMAL,Memphis|TN,Lamar|Chickasaw|Clay|Itawamba|Lee|Lowndes|Monroe|Pontotoc
KWL22,162.425,Malibu Marine,Point Dume,CA,34.0144,-118.812,300,NORMAL,Los Angeles|CA,Los Angeles
KWN30,162.550,Kotzebue,Kotzebue,AK,66.8861,-162.613611,1000,DEGRADED,Fairbanks|AK,Northwest Arctic
KWN31,162.500,Cumby,Greenville,TX,33.140405,-95.80875,1060,NORMAL,Fort Worth-Dallas|TX,Collin|Delta|Fannin|Franklin|Hopkins|Hunt|Kaufman|Rains|Rockwall|Van Zandt|Wood
KWN32,162.425,Gilmer,Longview,TX,32.727278,-94.917639,1060,NORMAL,Shreveport|LA,Camp|Cass|Franklin|Gregg|Harrison|Marion|Morris|Titus|Upshur|Wood
KWN33,162.450,Stephenville,Dublin,TX,32.12853,-98.303333,1090,NORMAL,Fort Worth-Dallas|TX,Bosque|Brown|Comanche|Eastland|Erath|Hamilton|Hood|Mills|Palo Pinto|Somervell
KWN34,162.450,Palestine,Palestine,TX,31.717806,-95.649667,1010,NORMAL,Fort Worth-Dallas|TX,Anderson|Cherokee|Freestone|Henderson|Houston|Leon|Navarro
KWN35,162.475,Morgantown,Harmony Grove,PA,39.6084,-79.9878,340,NORMAL,Pittsburgh|PA,Fayette|Greene|Harrison|Marion|Monongalia|Preston|Taylor|Wetzel
KWN36,162.500,Greggs Knob,Terra Alta,MD,39.510611,-79.533139,329,NORMAL,Pittsburgh|PA,Garrett|Barbour|Marion|Monongalia|Preston|Taylor|Tucker
KWN37,162.425,Sweetwater,Sweetwater,TX,32.346361,-100.352,335,NORMAL,San Angelo|TX,Fisher|Jones|Mitchell|Nolan|Scurry|Taylor
KWN38,162.550,Morriston,Gulf Hammock,FL,29.2844,-82.663889,1000,NORMAL,Tampa Bay Area|FL,Citrus|Dixie|Levy
KWN39,162.525,Jackson,Snow King Mountain Resort,WY,43.46306,-110.7633,300,NORMAL,Riverton|WY,Teton
KWN40,162.525,Fort Morgan,Fort Morgan,CO,40.244425,-103.8978,300,NORMAL,Boulder|CO,Logan|Morgan|Washington
KWN41,162.500,Shubert,Shubert,KS,40.219694,-95.665583,1000,NORMAL,Omaha/Valley|NE,Brown|Doniphan|Nemaha|Atchison|Holt|Johnson|Otoe|Pawnee|Richardson
KWN42,162.475,Rolla,Rolla,ND,48.8475,-99.656389,300,NORMAL,Bismarck|ND,Bottineau|McHenry|Pierce|Rolette|Towner
KWN43,162.500,Langdon,Langdon,ND,48.754972,-98.361139,301,NORMAL,Grand Forks|ND,Cavalier
KWN44,162.450,Cavalier,Hansel,ND,48.733973,-97.750932,297,NORMAL,Grand Forks|ND,Pembina
KWN45,162.450,Willow City,Bottineau,ND,48.604167,-100.303056,300,NORMAL,Bismarck|ND,Bottineau|McHenry|Pierce|Rolette|Towner
KWN46,162.525,Sheyenne,Sheyenne,ND,47.775501,-99.146556,1000,NORMAL,Grand Forks|ND,Benson|Eddy|Foster|Griggs|Pierce|Ransom|Stutsman|Wells
KWN47,162.450,Storm Lake,Lakeside,IA,42.6497,-95.2119,301,NORMAL,Sioux Falls|SD,Buena Vista|Cherokee|Ida|Pocahontas|Sac
KWN48,162.525,Sanborn,Sanborn,IA,43.180917,-95.643139,302,NORMAL,Sioux Falls|SD,OBrien|Osceola|Sioux
KWN49,162.500,Atoka,Atoka,OK,34.376639,-96.109278,316,NORMAL,Norman|OK,Atoka|Bryan|Coal|Johnston|Pontotoc
KWN50,162.450,Ashburn,Ashburn,GA,31.639444,-83.749444,300,NORMAL,Tallahassee|FL,Crisp|Dougherty|Lee|Tift|Turner|Worth
KWN51,162.425,Uvalde,Uvalde,TX,29.247028,-99.796111,1010,NORMAL,Austin/San Antonio|TX,Uvalde
KWN52,162.525,Lobelville,Lobelville,TN,35.7658,-87.8317,1020,NORMAL,Nashville|TN,Benton|Decatur|Henderson|Hickman|Humphreys|Lewis|Perry|Wayne
KWN53,162.450,Centerville,Hickman County,TN,35.736639,-87.373806,308,NORMAL,Nashville|TN,Hickman|Lewis|Maury
KWN54,162.425,Durango,Durango,CO,37.363889,-107.7825,300,NORMAL,Grand Junction|CO,Archuleta|La Plata|Rio Arriba|San Juan
KWN55,162.425,Jamestown,Prairie Home,MO,38.750333,-92.559,1020,NORMAL,St. Louis|MO,Boone|Cole|Cooper|Howard|Moniteau
KWN56,162.525,Steamboat Springs,Walton Peak,CO,40.354444,-106.698889,300,NORMAL,Grand Junction|CO,Grand|Jackson|Moffat|Routt|Summit
KWN59,162.500,Kirwin,Phillipsburg,KS,39.6036,-99.121667,1070,NORMAL,Hastings|NE,Norton|Osborne|Phillips|Rooks|Smith|Franklin|Harlan
KWN60,162.525,Lamar,Prowers County,CO,38.0381,-102.4297,1000,NORMAL,Pueblo|CO,Baca|Bent|Kiowa|Prowers
KWN62,162.525,Ord,Ord,NE,41.7144,-98.868778,230,NORMAL,Hastings|NE,Custer|Garfield|Greeley|Howard|Loup|Sherman|Valley|Wheeler
KWO35,162.550,New York City,Empire State Building,CT,40.748477,-73.9853,1000,NORMAL,New York|NY,Fairfield|Bergen|Essex|Hudson|Hunterdon|Middlesex|Monmouth|Morris|Passaic|Somerset|Sussex|Union|Warren|Bronx|Kings|Nassau|New York|Orange|Putnam|Queens|Richmond|Rockland|Suffolk|Westchester
KWO37,162.550,Los Angeles,Mt. Lukens/Tujunga,CA,34.268722,-118.237694,340,NORMAL,Los Angeles|CA,Los Angeles|Ventura
KWO39,162.550,Chicago,Wood Dale,IL,41.878889,-87.636111,300,NORMAL,Chicago|IL,Cook|DuPage|Lake|Porter
KXI20,162.525,Chadron,Chadron St. Park,NE,42.635,-103.103333,1000,NORMAL,Cheyenne|WY,Box Butte|Dawes|Sheridan|Sioux
KXI21,162.500,Yankton,Gavins Point Dam,NE,42.842056,-97.484611,1000,NORMAL,Sioux Falls|SD,Cedar|Knox|Bon Homme|Clay|Hutchinson|Turner|Yankton
KXI22,162.500,Brasstown Bald,Brasstown Bald Mtn.,GA,34.874167,-83.811944,100,NORMAL,Peachtree City|GA,Fannin|Lumpkin|Towns|Union|White|Clay
KXI23,162.525,Greer,Greens Peak,AZ,34.1119,-109.574553,300,NORMAL,Flagstaff|AZ,Apache|Coconino|Gila|Navajo
KXI24,162.475,Safford,Solomon,AZ,32.649444,-109.849167,80,NORMAL,Tucson|AZ,Cochise|Graham|Greenlee
KXI25,162.425,Pickstown,Lake Andes,NE,43.065,-98.4892,302,NORMAL,Sioux Falls|SD,Boyd|Holt|Charles Mix|Douglas|Gregory
KXI26,162.450,Hopkinsville,Hopkinsville,KY,36.879444,-87.504722,300,NORMAL,Paducah|KY,Christian|Todd|Trigg
KXI27,162.425,Forks,Clearwater,WA,47.749167,-124.177778,330,NORMAL,Seattle/Tacoma|WA,Clallam|Grays Harbor|Jefferson
KXI28,162.450,Sandersville,Sandersville,GA,32.981444,-82.80525,1020,NORMAL,Peachtree City|GA,Baldwin|Emanuel|Glascock|Hancock|Jefferson|Johnson|Laurens|Treutlen|Warren|Washington|Wilkinson
KXI29,162.475,Whittier,Whittier,AK,60.7769,-148.69037,100,NORMAL,Anchorage|AK,Chugach
KXI30,162.475,Wendover,Wendover Peak,NV,40.754444,-114.019444,100,NORMAL,Salt Lake City|UT,Elko|Box Elder|Tooele
KXI31,162.450,Jeffers,Windom,MN,44.0567,-95.1956,1040,NORMAL,Sioux Falls|SD,Brown|Cottonwood|Jackson|Murray|Nobles|Redwood|Watonwan
KXI32,162.550,Appleton,Appleton,MN,45.1675,-95.999722,1000,NORMAL,Aberdeen|SD,Big Stone|Chippewa|Kandiyohi|Lac qui Parle|Pope|Renville|Stevens|Swift|Yellow Medicine|Deuel|Grant
KXI33,162.450,West Branch,West Branch,MI,44.276972,-84.313278,1000,NORMAL,Gaylord|MI,Arenac|Gladwin|Iosco|Ogemaw|Roscommon
KXI34,162.550,Rock Springs,Rock Springs,UT,41.430556,-109.120278,300,NORMAL,Riverton|WY,Daggett|Sweetwater
KXI35,162.500,Alton,Alton,MO,36.6983,-91.4103,300,NORMAL,Springfield|MO,Howell|Oregon|Shannon
KXI37,162.425,Rawlins,Elk Mtn.,WY,41.6794,-107.2364,300,NORMAL,Cheyenne|WY,Carbon|Sweetwater
KXI38,162.525,West Plains,West Plains,MO,36.6936,-91.8833,291,NORMAL,Springfield|MO,Douglas|Howell|Oregon|Ozark
KXI39,162.525,New Ulm,New Ulm,MN,44.2772,-94.440778,1010,NORMAL,Twin Cities/Chanhassen|MN,Blue Earth|Brown|Cottonwood|Faribault|Jackson|Martin|McLeod|Nicollet|Redwood|Renville|Sibley|Watonwan
KXI41,162.500,Crystal Lake,Crystal Lake,IL,42.259444,-88.3625,300,NORMAL,Chicago|IL,Boone|Cook|Kane|Lake|McHenry|Kenosha|Walworth
KXI42,162.450,Chester,Chester,IL,37.953139,-89.876639,315,NORMAL,St. Louis|MO,Perry|Randolph|Ste. Genevieve
KXI43,162.450,Grand Marais,Bogus Lake,MN,47.8664,-90.143889,300,NORMAL,Duluth|MN,Cook
KXI44,162.500,Ely,Ely,MN,47.894444,-91.863333,300,NORMAL,Duluth|MN,Lake|St. Louis
KXI45,162.525,Gunflint Lake,Gunflint Lake,MN,48.078333,-90.76,300,OUT OF SERVICE,Duluth|MN,Cook|Lake
KXI46,162.500,Shelbyville,Shelbyville,IL,39.306111,-88.935556,300,NORMAL,Lincoln|IL,Christian|Effingham|Fayette|Moultrie|Shelby
KXI47,162.525,Paris,Paris,IL,39.552222,-87.7,300,NORMAL,Lincoln|IL,Clark|Coles|Douglas|Edgar|Vigo
KXI48,162.450,Newton,Newton,IL,38.964105,-88.2231,1000,NORMAL,Lincoln|IL,Clark|Clay|Crawford|Cumberland|Edwards|Effingham|Jasper|Lawrence|Richland|Wayne
KXI49,162.475,Salem,Salem,IL,38.5439,-88.9245,1070,NORMAL,St. Louis|MO,Bond|Clinton|Fayette|Jefferson|Marion|Washington|Wayne
KXI50,162.500,Russell,Russell,MN,44.313639,-95.957472,1060,NORMAL,Sioux Falls|SD,Lincoln|Lyon|Murray|Pipestone|Redwood|Yellow Medicine
KXI52,162.400,McLeansboro,McLeansboro,IL,38.1139,-88.5458,300,NORMAL,Paducah|KY,Gallatin|Hamilton|Saline|White
KXI54,162.425,Burkeville,Burkeville,LA,31.17325,-93.56762,1000,NORMAL,Lake Charles|LA,Beauregard|Sabine|Vernon|Jasper|Newton|San Augustine
KXI55,162.500,Onalaska,Onalaska,TX,30.849722,-95.1097,1000,NORMAL,Houston/Galveston|TX,Houston|Montgomery|Polk|San Jacinto|Trinity|Walker
KXI56,162.525,Gonzales,Gonzales,TX,29.546667,-97.406667,1000,NORMAL,Austin/San Antonio|TX,Caldwell|DeWitt|Gonzales|Guadalupe|Lavaca
KXI57,162.525,Ardmore,Davis,OK,34.41625,-97.15,340,NORMAL,Norman|OK,Carter|Garvin|Jefferson|Johnston|Love|Marshall|Murray|Pontotoc|Stephens
KXI58,162.400,Plano,Yorkville,IL,41.6061,-88.4525,300,NORMAL,Chicago|IL,DeKalb|DuPage|Grundy|Kane|Kendall|La Salle|Will
KXI59,162.450,Philip,Philip,SD,43.981111,-101.642778,1000,NORMAL,Rapid City|SD,Haakon|Jackson|Pennington
KXI60,162.525,Decorah,Decorah,IA,43.2875,-91.8844,300,NORMAL,La Crosse|WI,Allamakee|Chickasaw|Fayette|Howard|Winneshiek|Fillmore|Houston
KXI62,162.450,Montezuma,Montezuma,IA,41.6108,-92.562722,299,NORMAL,Des Moines|IA,Iowa|Jasper|Keokuk|Mahaska|Marion|Poweshiek|Tama
KXI65,162.450,Lenox,Lenox,IA,40.842306,-94.632556,302,NORMAL,Des Moines|IA,Adair|Adams|Ringgold|Taylor|Union
KXI66,162.425,Piedmont,Piedmont,MO,37.0931,-90.8439,1000,NORMAL,Paducah|KY,Butler|Carter|Reynolds|Ripley|Wayne
KXI68,162.450,St. Ansgar,Kirkwood & 420th,IA,43.372222,-92.833056,1000,NORMAL,La Crosse|WI,Cerro Gordo|Chickasaw|Floyd|Howard|Mitchell|Worth|Freeborn|Mower
KXI70,162.450,Jerseyville,Jerseyville,IL,39.104194,-90.264611,311,NORMAL,St. Louis|MO,Calhoun|Greene|Jersey|Macoupin|Madison
KXI71,162.525,Arlington,Arlington,SD,44.355278,-97.123889,1060,NORMAL,Sioux Falls|SD,Brookings|Clark|Deuel|Hamlin|Kingsbury|Lake|Miner
KXI73,162.450,Backbone Mountain,Thomas,MD,39.1456,-79.5766,145,NORMAL,Pittsburgh|PA,Garrett|Barbour|Grant|Preston|Randolph|Tucker
KXI74,162.525,Monterville,Point Mountain,WV,38.5658,-80.151944,300,NORMAL,Charleston|WV,Lewis|Pocahontas|Randolph|Upshur|Webster
KXI75,162.475,Blue Ridge,Blue Ridge,GA,34.8675,-84.333889,300,NORMAL,Peachtree City|GA,Fannin|Gilmer|Cherokee|Polk
KXI76,162.450,La Grange,La Grange,AL,33.021361,-84.997833,324,NORMAL,Peachtree City|GA,Chambers|Randolph|Carroll|Coweta|Heard|Meriwether|Troup
KXI77,162.400,Eastman,Eastman,GA,32.217583,-83.224944,1050,NORMAL,Peachtree City|GA,Ben Hill|Bleckley|Crisp|Dodge|Dooly|Houston|Johnson|Laurens|Peach|Pulaski|Telfair|Treutlen|Turner|Twiggs|Wheeler|Wilcox|Wilkinson
KXI79,162.425,Hillsboro,Coffeen-Hillsboro,IL,39.170574,-89.512124,312,OUT OF SERVICE,St. Louis|MO,Bond|Fayette|Macoupin|Montgomery
KXI80,162.475,Craig,Craig,AK,55.474069,-133.137279,300,NORMAL,Juneau|AK,Prince of Wales-Hyder
KXI81,162.450,Clayton,Clayton-Tiger,GA,34.8456,-83.4997,300,NORMAL,Greenville-Spartanburg|SC,Banks|Franklin|Habersham|Hall|Rabun|Stephens|Towns|White|Macon|Oconee
KXI82,162.450,Grangeville,Grangeville,ID,45.863611,-116.122778,25,NORMAL,Spokane|WA,Idaho
KXI83,162.425,Kingman,Hayden Peak,AZ,35.094191,-113.905661,100,NORMAL,Las Vegas|NV,La Paz|Mohave|San Bernardino|Clark
KXI84,162.400,Lake Havasu,Ram Mtn.,AZ,34.616667,-114.270556,100,NORMAL,Las Vegas|NV,La Paz|Mohave|San Bernardino
KXI85,162.450,Evanston,Medicine Butte,UT,41.3525,-110.9072,300,NORMAL,Salt Lake City|UT,Rich|Summit|Uinta
KXI86,162.500,Crescent City,Crescent City,IL,40.7178,-87.86,300,NORMAL,Chicago|IL,Ford|Iroquois|Kankakee|Vermilion|Benton|Newton
KXI87,162.525,Corsicana,Corsicana,TX,32.076536,-96.490889,1040,NORMAL,Fort Worth-Dallas|TX,Anderson|Ellis|Freestone|Henderson|Hill|Kaufman|Limestone|Navarro|Van Zandt
KXI88,162.400,Stinnett,Stinnett,TX,35.844021,-101.446305,300,NORMAL,Amarillo|TX,Carson|Hutchinson|Moore
KXI89,162.525,Eatonton,Eatonton,GA,33.3083,-83.390306,1000,NORMAL,Peachtree City|GA,Baldwin|Bibb|Butts|Greene|Hancock|Henry|Jasper|Jones|Lamar|Monroe|Morgan|Newton|Oconee|Putnam|Rockdale|Taliaferro|Walton
KXI90,162.450,Montrose,Buckhorn Lakes,CO,38.338056,-107.638333,300,NORMAL,Grand Junction|CO,Delta|Gunnison|Montrose|Ouray
KXI91,162.475,Morrilton,Morrilton,AR,35.165194,-92.714333,387,NORMAL,Little Rock|AR,Conway|Faulkner|Perry|Pope
KXI92,162.425,High Peak,Mt. Ida,AR,34.4728,-93.605,300,NORMAL,Little Rock|AR,Clark|Garland|Hempstead|Hot Spring|Howard|Montgomery|Perry|Pike|Polk|Saline|Scott|Yell
KXI93,162.550,Cape Girardeau,Cape Girardeau,IL,37.3625,-89.5222,300,NORMAL,Paducah|KY,Alexander|Union|Bollinger|Cape Girardeau|Mississippi|Perry|Scott
KXI94,162.425,Angola,Angola,IN,41.6867,-84.9836,1000,DEGRADED,Northern Indiana|IN,De Kalb|Lagrange|Noble|Steuben|Branch|Hillsdale|St. Joseph|Defiance|Fulton|Henry|Williams
KXI95,162.425,Warsaw,Duplin County,NC,34.9281,-78.0558,300,NORMAL,Newport/Morehead City|NC,Bladen|Duplin|Jones|Lenoir|Onslow|Pender|Sampson|Wayne
KXI96,162.400,Russell,Bald Knob,AR,35.3811,-91.524667,1200,NORMAL,Little Rock|AR,Cleburne|Independence|Jackson|Lonoke|Monroe|Prairie|White|Woodruff
KXI97,162.400,Mena,Eagle Mtn./Bald Knob,AR,34.4545,-94.143333,307,NORMAL,Little Rock|AR,Hempstead|Howard|Little River|Montgomery|Pike|Polk|Scott|Sevier|McCurtain
KXI98,162.500,Marshalltown,Marshalltown,IA,42.0475,-92.8617,300,NORMAL,Des Moines|IA,Grundy|Hardin|Jasper|Marshall|Poweshiek|Story|Tama
KZZ27,162.425,Newport,Vermillion,IN,39.853889,-87.408333,300,NORMAL,Indianapolis|IN,Fountain|Parke|Vermillion|Warren
KZZ28,162.450,Covesville,Mt. Oliver,VA,37.876528,-78.690972,980,NORMAL,Baltimore/Washington|VA,Albemarle|Amelia|Amherst|Appomattox|Augusta|Buckingham|Campbell|Charlotte|City of Charlottesville|City of Staunton|City of Waynesboro|Culpeper|Cumberland|Fluvanna|Goochland|Greene|Louisa|Lunenburg|Madison|Nelson|Nottoway|Orange|Powhatan|Prince Edward|Rockingham|Spotsylvania
KZZ29,162.400,Coleraine,Grand Rapids,MN,47.2922,-93.4822,1000,NORMAL,Duluth|MN,Aitkin|Cass|Itasca|St. Louis
KZZ30,162.475,El Dorado Springs,El Dorado Springs,KS,37.870194,-94.033139,1000,NORMAL,Springfield|MO,Bourbon|Crawford|Barton|Bates|Benton|Cedar|Dade|Hickory|Polk|St. Clair|Vernon
KZZ31,162.500,Hardyston,Rudeville,NJ,41.143611,-74.538056,1000,NORMAL,Philadelphia/Mt Holly|NJ,Bergen|Essex|Hunterdon|Morris|Passaic|Somerset|Sussex|Union|Warren|Orange|Rockland|Sullivan|Monroe|Northampton|Pike|Wayne
KZZ32,162.475,Meadville,Meadville,OH,41.654389,-80.125944,300,NORMAL,Cleveland|OH,Ashtabula|Trumbull|Crawford|Erie|Mercer|Venango
KZZ33,162.525,Mount Pleasant,Mount Pleasant,MI,43.575833,-84.774722,1000,NORMAL,Grand Rapids|MI,Clare|Gratiot|Isabella|Mecosta|Midland|Montcalm|Osceola
KZZ34,162.450,Carrollton,Carrollton,MO,39.367147,-93.404064,1120,NORMAL,Kansas City|MO,Caldwell|Carroll|Chariton|Cooper|Howard|Lafayette|Linn|Livingston|Macon|Pettis|Randolph|Ray|Saline
KZZ35,162.500,Escanaba,Escanaba,MI,45.779722,-87.140556,1000,NORMAL,Marquette|MI,Delta|Dickinson|Menominee
KZZ36,162.500,North Webster,State Rd. 13 (State Hwy.),IN,41.358889,-85.7,300,NORMAL,Northern Indiana|IN,Elkhart|Fulton|Kosciusko|Lagrange|Marshall|Noble|St. Joseph|Wabash|Whitley
KZZ37,162.425,Maryville,Conception Junction,IA,40.2875,-94.790833,1330,NORMAL,Kansas City|MO,Page|Taylor|Andrew|Atchison|Gentry|Harrison|Holt|Nodaway|Worth
KZZ38,162.500,Trenton,Galt,MO,40.154444,-93.422778,1000,NORMAL,Kansas City|MO,Caldwell|Daviess|Grundy|Harrison|Linn|Livingston|Mercer|Putnam|Sullivan
KZZ39,162.500,Clinton,Shawnee Mound,MO,38.503611,-93.758056,980,NORMAL,Kansas City|MO,Bates|Benton|Cass|Henry|Johnson|Pettis|St. Clair
KZZ40,162.450,Deerfield,Deerfield,MA,43.175833,-71.208056,300,NORMAL,Gray/Portland|ME,Essex|Middlesex|Worcester|York|Belknap|Carroll|Cheshire|Hillsborough|Merrimack|Rockingham|Strafford
KZZ41,162.500,Mt. Washington,North Conway,ME,44.270278,-71.303333,100,NORMAL,Gray/Portland|ME,Cumberland|Franklin|Oxford|Somerset|York|Belknap|Carroll|Coos|Grafton|Merrimack|Rockingham|Strafford|Caledonia|Essex|Orange
KZZ42,162.500,Reynoldsville,Reynoldsville,PA,41.0719,-78.9392,300,NORMAL,Pittsburgh|PA,Armstrong|Clarion|Clearfield|Indiana|Jefferson
KZZ43,162.550,Branson,Indian Ridge,MO,36.715889,-93.367611,1050,NORMAL,Springfield|MO,Barry|Christian|Stone|Taney
KZZ44,162.450,Elephant Lake,Orr,MN,48.18,-92.750278,300,NORMAL,Duluth|MN,Koochiching|St. Louis
KZZ45,162.475,Virginia,Virginia,MN,47.4875,-92.52,300,NORMAL,Duluth|MN,St. Louis
KZZ46,162.425,Athens,Elliottville,OH,39.30825,-82.118083,1030,NORMAL,Charleston|WV,Athens|Gallia|Hocking|Jackson|Meigs|Morgan|Perry|Vinton|Washington|Mason|Pleasants|Wood
KZZ47,162.525,Carey,Carey,OH,40.933222,-83.379944,308,NORMAL,Cleveland|OH,Crawford|Hancock|Hardin|Marion|Putnam|Seneca|Wood|Wyandot
KZZ48,162.450,Owenton,Owenton,IN,38.525556,-84.811111,300,NORMAL,Wilmington|OH,Switzerland|Carroll|Franklin|Gallatin|Grant|Harrison|Henry|Owen|Pendleton|Scott|Shelby
KZZ49,162.425,Maysville,Washington,KY,38.6403,-83.8083,300,NORMAL,Wilmington|OH,Bracken|Fleming|Lewis|Mason|Robertson|Adams|Brown
KZZ50,162.550,Essex,Essex,IA,40.812778,-95.252194,303,NORMAL,Omaha/Valley|NE,Fremont|Mills|Montgomery|Page
KZZ51,162.425,Carroll,Carroll,IA,42.049028,-94.8844,1250,NORMAL,Des Moines|IA,Audubon|Calhoun|Carroll|Crawford|Greene|Guthrie|Ida|Sac|Shelby
KZZ52,162.525,Hancock/Pottawattam,Hancock,IA,41.34425,-95.256028,750,NORMAL,Omaha/Valley|NE,Adair|Adams|Audubon|Cass|Harrison|Mills|Montgomery|Pottawattamie|Shelby
KZZ53,162.550,Utqiagvik,Utqiagvik,AK,71.288352,-156.762283,300,NORMAL,Fairbanks|AK,North Slope
KZZ54,162.500,Lewistown,Mocassin Mtn.,MT,47.177778,-109.535833,100,NORMAL,Great Falls|MT,Chouteau|Fergus|Judith Basin
KZZ55,162.525,Dixon,Dixon,IL,41.897778,-89.605556,300,NORMAL,Chicago|IL,Bureau|Carroll|Lee|Ogle|Whiteside
KZZ56,162.450,Freeport,Eleroy,IL,42.328056,-89.725,300,NORMAL,Quad Cities|IA,Carroll|Jo Daviess|Ogle|Stephenson|Winnebago|Green|Lafayette
KZZ57,162.475,Rockford,Latham Park,IL,42.3672,-89.0869,1000,NORMAL,Chicago|IL,Boone|DeKalb|Lee|Ogle|Stephenson|Winnebago|Green|Rock
KZZ58,162.525,Kankakee,Aroma Park,IL,41.0775,-87.756111,300,NORMAL,Chicago|IL,Iroquois|Kankakee|Will|Lake|Newton
KZZ59,162.500,Porcupine,Porcupine Butte,SD,43.178889,-102.324444,1000,NORMAL,Rapid City|SD,Bennett|Jackson|Oglala Lakota
KZZ60,162.525,Reliance,Medicine Butte,SD,43.965833,-99.603333,1000,NORMAL,Aberdeen|SD,Brule|Buffalo|Gregory|Hand|Hughes|Hyde|Lyman|Tripp
KZZ61,162.475,Whitesville,Whitesville,IN,37.691944,-86.848889,300,NORMAL,Paducah|KY,Perry|Spencer|Breckinridge|Daviess|Hancock|Ohio
KZZ62,162.475,Burkesville,Smith Grove Ridge,KY,36.79067,-85.241057,300,NORMAL,Louisville|KY,Cumberland
KZZ63,162.525,Campbellsville,Spurlington,KY,37.423623,-85.274201,300,NORMAL,Louisville|KY,Taylor
KZZ64,162.450,Ekron,Ekron,KY,37.902704,-86.168283,300,NORMAL,Louisville|KY,Breckinridge|Meade
KZZ65,162.525,Bloomington,Bloomington Heights,IL,40.476111,-89.033889,300,NORMAL,Lincoln|IL,De Witt|McLean|Tazewell|Woodford
KZZ66,162.400,Galesburg,Galesburg,IL,40.988056,-90.317778,300,NORMAL,Lincoln|IL,Henry|Knox|Mercer|Warren
KZZ67,162.425,Blue Rapids,Merrimac,KS,39.706686,-96.557,1080,NORMAL,Topeka|KS,Marshall|Nemaha|Pottawatomie|Riley|Washington
KZZ68,162.475,Van Wert,Osceola,IA,40.868111,-93.804833,309,NORMAL,Des Moines|IA,Clarke|Decatur|Lucas|Ringgold|Union|Wayne|Harrison|Mercer
KZZ69,162.450,Beatrice,Ellis,NE,40.218583,-96.915694,1000,NORMAL,Omaha/Valley|NE,Gage|Jefferson|Saline
KZZ70,162.525,Blakely,Blakely,AL,31.402222,-84.959167,1000,NORMAL,Tallahassee|FL,Henry|Houston|Jackson|Calhoun|Clay|Decatur|Early|Miller|Quitman|Randolph|Seminole|Terrell
KZZ72,162.425,Sedgwick Peak,Soda Springs,ID,42.515833,-111.9225,100,NORMAL,Pocatello|ID,Bannock|Bear Lake|Bingham|Caribou|Franklin|Oneida
KZZ73,162.525,Dayton,Patit,WA,46.353556,-117.717167,300,NORMAL,Pendleton|OR,Columbia|Garfield|Whitman
KZZ76,162.450,Racine,Racine,IL,42.669722,-87.8475,300,NORMAL,Milwaukee/Sullivan|WI,Lake|McHenry|Kenosha|Milwaukee|Racine|Walworth|Waukesha
KZZ77,162.425,Withee,Withee,WI,44.914167,-90.657222,1000,NORMAL,La Crosse|WI,Chippewa|Clark|Eau Claire|Marathon|Rusk|Taylor|Wood
KZZ78,162.525,Ashland,Ashland,MI,46.608056,-90.836944,1000,NORMAL,Duluth|MN,Gogebic|Ashland|Bayfield|Iron
KZZ79,162.475,Spooner,Lampson,MN,45.986787,-91.793709,1000,NORMAL,Duluth|MN,Pine|Barron|Bayfield|Burnett|Douglas|Polk|Sawyer|Washburn
KZZ80,162.550,Milford,Milford,IA,43.343083,-95.207889,300,NORMAL,Sioux Falls|SD,Clay|Dickinson|Emmet|Palo Alto|Jackson
KZZ81,162.425,Lockport,Downers Grove,IL,41.6006,-87.97895,1000,NORMAL,Chicago|IL,Cook|DuPage|Grundy|Kane|Kankakee|Kendall|Will|Lake
KZZ82,162.425,Gainesville,Marshfield,MO,36.663861,-92.517056,1000,NORMAL,Springfield|MO,Douglas|Ozark|Taney
KZZ83,162.425,Maquoketa,Jackson,IA,42.090556,-90.726944,300,NORMAL,Quad Cities|IA,Cedar|Clinton|Delaware|Dubuque|Jackson|Jones|Carroll|Jo Daviess
KZZ84,162.450,Aitkin,Aitkin,MN,46.469444,-93.526944,1000,NORMAL,Duluth|MN,Aitkin|Carlton|Crow Wing|Kanabec|Mille Lacs|Morrison|Pine
KZZ85,162.475,Cameron,Cameron,MO,39.752778,-94.25,302,NORMAL,Kansas City|MO,Andrew|Buchanan|Caldwell|Clay|Clinton|Daviess|DeKalb|Gentry|Ray
KZZ86,162.425,Althorp Peak,Althorp Peak,AK,58.09323,-136.4146,5,NORMAL,Juneau|AK,Hoonah-Angoon|Juneau|Sitka
KZZ87,162.450,Mt. Robert Barron,Mt. Robert Barron,AK,58.226944,-134.841667,5,NORMAL,Juneau|AK,Hoonah-Angoon|Juneau
KZZ88,162.425,Cape Fanshaw,Cape Fanshaw,AK,57.204722,-133.465833,5,NORMAL,Juneau|AK,Juneau|Petersburg|Wrangell
KZZ89,162.425,Sukkwan Island,Sukkwan Island,AK,55.111944,-132.758611,5,DEGRADED,Juneau|AK,Prince of Wales-Hyder
KZZ90,162.425,Raspberry Island,Raspberry Island,AK,58.066389,-153.376944,5,OUT OF SERVICE,Kodiak|AK (WSO),Bristol Bay|Kodiak Island
KZZ91,162.450,Zarembo Island,Zarembo Island,AK,56.345278,-132.861389,5,NORMAL,Juneau|AK,Wrangell
KZZ92,162.450,Duke Island,Duke Island,AK,54.883333,-131.358333,5,NORMAL,Juneau|AK,Ketchikan Gateway
KZZ93,162.450,Point Pigot,Point Pigot,AK,60.817222,-148.38,5,NORMAL,Anchorage|AK,Chugach
KZZ95,162.525,Mt. McArthur,Mt. McArthur,AK,56.069167,-134.191944,5,NORMAL,Juneau|AK,Sitka
KZZ96,162.525,Gravina Island,Gravina Island,AK,55.3675,-131.8,5,NORMAL,Juneau|AK,Ketchikan Gateway
KZZ97,162.550,Ninilchik,Ninilchik,AK,60.043337,-151.676849,300,NORMAL,Anchorage|AK,Kenai Peninsula
KZZ98,162.400,Wasilla,Wasilla,AK,61.601576,-149.360616,300,NORMAL,Anchorage|AK,Anchorage|Matanuska-Susitna
WNG521,162.525,Bogalusa,Bogalusa,LA,30.88654,-90.04895,1000,NORMAL,New Orleans/Baton Rouge|LA,St. Helena|St. Tammany|Tangipahoa|Washington|Lamar|Marion|Pearl River|Pike|Walthall
WNG522,162.425,Palatka,Palatka,FL,29.7375,-81.6691,300,NORMAL,Jacksonville|FL,Clay|Flagler|Putnam|St. Johns
WNG523,162.500,Dilley,Dilley,TX,28.675472,-99.188972,294,NORMAL,Austin/San Antonio|TX,Frio|La Salle
WNG524,162.500,Trenton,Hitchcock County,NE,40.241111,-101.044722,379,NORMAL,Goodland|KS,Dundy|Hayes|Hitchcock|Red Willow
WNG525,162.425,Tuklung Mtn.,Tuklung Mtn.,AK,58.8575,-159.465833,5,NORMAL,Anchorage|AK,Dillingham
WNG526,162.425,Rugged Island,Rugged Island,AK,59.860661,-149.39478,5,NORMAL,Anchorage|AK,Kenai Peninsula
WNG527,162.425,Potato Point,Potato Point,AK,61.056543,-146.697377,5,NORMAL,Anchorage|AK,Chugach
WNG528,162.450,Bede Mountain,Bede Mountain,AK,59.310278,-151.943889,5,NORMAL,Anchorage|AK,Kenai Peninsula|Kodiak Island
WNG529,162.500,Cape Gull,Cape Gull,AK,58.199694,-154.205084,5,NORMAL,Kodiak|AK (WSO),Kodiak Island
WNG530,162.500,East Point,Naked Island,AK,60.645,-147.346944,5,NORMAL,Anchorage|AK,Chugach
WNG531,162.525,Pillar Mtn.,Pillar Mtn.,AK,57.788202,-152.437856,5,NORMAL,Kodiak|AK (WSO),Kodiak Island
WNG532,162.525,Cape Hinchinbrook,Cape Hinchinbrook,AK,60.275576,-146.638974,5,NORMAL,Anchorage|AK,Chugach
WNG533,162.525,Browning,Browning,MT,48.596111,-113.018889,300,NORMAL,Great Falls|MT,Glacier
WNG534,162.525,Belvidere,Belvidere,KS,37.530528,-99.050806,1040,NORMAL,Dodge City|KS,Barber|Comanche|Edwards|Kiowa|Pratt|Stafford
WNG535,162.525,Dighton,Dighton,KS,38.432444,-100.464833,1060,NORMAL,Dodge City|KS,Finney|Gove|Hodgeman|Lane|Ness|Scott
WNG536,162.550,DeKalb,DeKalb,IL,41.9356,-88.7642,100,NORMAL,Chicago|IL,Boone|DeKalb|Kane|Lee|Ogle|Winnebago
WNG537,162.525,Windsor,Windsor,NC,36.0636,-76.9736,300,NORMAL,Wakefield|VA,Beaufort|Bertie|Chowan|Edgecombe|Gates|Halifax|Hertford|Martin|Northampton|Perquimans|Pitt|Washington
WNG538,162.450,Linville,Grandmother Mtn.,NC,36.06317,-81.84184,300,NORMAL,Greenville-Spartanburg|SC,Alexander|Avery|Burke|Caldwell|Catawba|McDowell|Mitchell|Rutherford|Watauga|Wilkes|Yancey
WNG539,162.525,Spencerport,Spencerport,NY,43.1431,-77.8497,175,NORMAL,Buffalo|NY,Monroe
WNG541,162.525,Frewsburg,Mayville,NY,42.0467,-79.0903,175,NORMAL,Buffalo|NY,Chautauqua
WNG542,162.425,Greenville,Greenville,ME,45.4625,-69.552222,300,NORMAL,Caribou|ME,Piscataquis|Somerset
WNG543,162.450,Jonesboro Marine,Jonesboro,ME,44.6369,-67.6261,1000,NORMAL,Caribou|ME,Washington
WNG544,162.400,Clarksville,Ben Young Hill,NH,45.0219,-71.416938,100,NORMAL,Gray/Portland|ME,Coos|Essex
WNG545,162.550,Holderness,Mt. Prospect,NH,43.7628,-71.6494,300,NORMAL,Gray/Portland|ME,Belknap|Carroll|Grafton|Merrimack|Sullivan|Orange|Windsor
WNG546,162.525,Hanover,Moose Mtn.,NH,43.7092,-72.1542,300,NORMAL,Gray/Portland|ME,Belknap|Carroll|Grafton|Merrimack|Sullivan|Orange|Windsor
WNG547,162.450,Sugarloaf Mtn,Sugarloaf Mtn,ME,45.031722,-70.313139,100,NORMAL,Gray/Portland|ME,Androscoggin|Franklin|Kennebec|Oxford|Penobscot|Piscataquis|Somerset|Waldo
WNG549,162.450,Columbus,Platte County,NE,41.4525,-97.253028,1020,NORMAL,Omaha/Valley|NE,Butler|Colfax|Dodge|Merrick|Nance|Platte|Polk|Saunders
WNG550,162.450,Franktown,Franktown,CO,39.370134,-104.679368,300,NORMAL,Boulder|CO,Adams|Arapahoe|Boulder|Broomfield|Clear Creek|Denver|Douglas|Gilpin|Jefferson|Park|Weld
WNG551,162.425,Firesteel,Standing Rock,SD,45.421111,-101.285833,1000,NORMAL,Aberdeen|SD,Corson|Dewey|Ziebach
WNG552,162.525,New London,Manawa/Ogdensburg,WI,44.4175,-88.9175,1000,NORMAL,Green Bay|WI,Menominee|Outagamie|Portage|Shawano|Waupaca|Waushara|Winnebago
WNG553,162.400,Wausaukee,Wausaukee,MI,45.4275,-87.9775,1000,NORMAL,Green Bay|WI,Menominee|Door|Marinette|Oconto
WNG554,162.525,Winchester,Belvidere,AL,35.0875,-86.111667,1000,NORMAL,Huntsville|AL,Jackson|Limestone|Madison|Bedford|Coffee|Franklin|Grundy|Lincoln|Moore
WNG555,162.425,Meade,Meade,KS,37.286083,-100.399528,1080,NORMAL,Dodge City|KS,Clark|Ford|Gray|Haskell|Meade|Seward|Beaver
WNG556,162.475,Moab,Bald Mesa,UT,38.528889,-109.323611,300,NORMAL,Grand Junction|CO,Emery|Grand|San Juan
WNG557,162.475,Faith,Faith,SD,45.053889,-102.263056,1000,NORMAL,Rapid City|SD,Meade|Perkins|Ziebach
WNG558,162.550,White River,White River,SD,43.576389,-100.743333,1000,NORMAL,Rapid City|SD,Jones|Mellette|Todd
WNG559,162.550,Fossil,Fossil,OR,44.960111,-119.951722,270,NORMAL,Pendleton|OR,Gilliam|Wheeler
WNG560,162.500,John Day,Fall Mtn.,OR,44.293889,-119.042222,300,NORMAL,Pendleton|OR,Grant
WNG561,162.450,Plainview,Hale County,TX,34.220556,-101.715833,1000,NORMAL,Lubbock|TX,Briscoe|Castro|Floyd|Hale|Lamb|Swisher
WNG562,162.425,Seminole,Gaines County,NM,32.707222,-102.624861,1000,NORMAL,Midland/Odessa|TX,Lea|Andrews|Dawson|Gaines|Martin|Terry|Yoakum
WNG563,162.400,Cody,Powell,MT,44.587222,-108.852222,300,NORMAL,Riverton|WY,Carbon|Big Horn|Park
WNG564,162.500,Black River Falls,Jackson County,WI,44.375,-90.8419,300,NORMAL,La Crosse|WI,Clark|Eau Claire|Jackson|Monroe|Trempealeau|Wood
WNG565,162.400,Rhinelander,Oneida County,WI,45.726111,-89.415,1000,NORMAL,Green Bay|WI,Forest|Langlade|Lincoln|Oneida|Price|Vilas
WNG567,162.425,Broadus,Five Mile Hill,MT,45.475278,-105.498889,300,NORMAL,Billings|MT,Carter|Custer|Powder River
WNG568,162.525,Worland,Greybull,WY,44.195556,-107.511944,300,NORMAL,Riverton|WY,Big Horn|Washakie
WNG569,162.475,Afton,Star Valley,WY,42.8508,-110.9808,300,NORMAL,Riverton|WY,Lincoln
WNG570,162.500,Horse Cave,Hart County,KY,37.17643,-85.923565,1000,NORMAL,Louisville|KY,Adair|Barren|Casey|Edmonson|Grayson|Green|Hart|Larue|Metcalfe
WNG571,162.450,Glendo,Glendo Reservoir,WY,42.346111,-105.035278,1000,NORMAL,Cheyenne|WY,Converse|Goshen|Niobrara|Platte
WNG572,162.475,Petoskey,Goodhart,MI,45.5694,-85.0406,300,OUT OF SERVICE,Gaylord|MI,Cheboygan|Emmet
WNG573,162.500,Thermopolis,Shoshoni,WY,43.437222,-107.997222,300,NORMAL,Riverton|WY,Fremont|Hot Springs
WNG574,162.425,Gloucester Marine,Essex,MA,42.62563,-70.64654,100,NORMAL,Boston/Norton|MA,Essex
WNG575,162.525,Pack Monadnock,Peterborough,MA,42.861111,-71.879167,300,NORMAL,Gray/Portland|ME,Essex|Middlesex|Worcester|Cheshire|Hillsborough|Merrimack|Rockingham|Sullivan|Windham
WNG576,162.450,Newberry,Newberry,MI,46.319167,-85.537222,300,NORMAL,Marquette|MI,Alger|Chippewa|Luce|Mackinac
WNG577,162.550,Ladysmith,Rusk County,WI,45.555833,-90.965028,1020,NORMAL,Twin Cities/Chanhassen|MN,Barron|Chippewa|Price|Rusk|Sawyer|Taylor|Washburn
WNG578,162.525,Superior,Superior,KS,40.1256,-98.0678,1000,NORMAL,Hastings|NE,Jewell|Republic|Adams|Clay|Fillmore|Nuckolls|Thayer|Webster
WNG579,162.450,Walsenburg,Walsenburg,CO,37.641389,-104.773056,300,NORMAL,Pueblo|CO,Custer|Huerfano|Las Animas|Pueblo
WNG581,162.400,Steele,Steele,ND,46.665278,-99.758333,300,NORMAL,Bismarck|ND,Burleigh|Emmons|Kidder|Logan|Stutsman
WNG582,162.450,Sandusky,Sanilac County,MI,43.4106,-82.8064,300,NORMAL,Detroit/Pontiac|MI,Huron|Lapeer|Sanilac|St. Clair|Tuscola
WNG583,162.525,Lake Bronson,Lake Bronson,MN,48.717267,-96.605401,344,NORMAL,Grand Forks|ND,Kittson|Roseau
WNG584,162.525,Avalon,Catalina Island,CA,33.343278,-118.321667,146,NORMAL,Los Angeles|CA,Los Angeles
WNG586,162.500,Henderson,Henderson,NC,36.310278,-78.501111,300,NORMAL,Raleigh|NC,Franklin|Granville|Person|Vance|Warren|Brunswick|Mecklenburg
WNG588,162.500,Mount Jefferson,Ashe County,NC,36.4032,-81.4638,300,NORMAL,Blacksburg|VA,Alexander|Alleghany|Ashe|Caldwell|Catawba|Davie|Iredell|Surry|Watauga|Wilkes|Yadkin|Johnson|Grayson|Washington
WNG589,162.425,Altoona,Frankstown,PA,40.568181,-78.440874,300,NORMAL,State College|PA,Bedford|Blair|Cambria|Huntingdon
WNG591,162.500,Coudersport,Coudersport,PA,41.75969,-77.876011,500,NORMAL,State College|PA,McKean|Potter
WNG592,162.525,San Simeon,San Simeon,CA,35.685111,-121.167222,128,NORMAL,Los Angeles|CA,San Luis Obispo
WNG594,162.425,Manti,Sevier Valley,UT,39.321944,-111.770833,150,NORMAL,Salt Lake City|UT,Juab|Sanpete|Sevier
WNG595,162.525,Conway Summit,Bridgeport,CA,38.088333,-119.176944,300,NORMAL,Reno|NV,Mono
WNG596,162.425,Cape Blanco,Port Orford,OR,42.73933,-124.51033,150,NORMAL,Medford|OR,Curry
WNG597,162.400,Ellerbe,Richmond County,NC,35.12013,-79.71078,300,NORMAL,Raleigh|NC,Anson|Hoke|Montgomery|Moore|Randolph|Richmond|Scotland|Stanly|Chesterfield|Marlboro
WNG600,162.525,D'Hanis,D'Hanis,TX,29.320833,-99.331944,300,NORMAL,Austin/San Antonio|TX,Frio|Medina|Uvalde
WNG601,162.425,Rio Grande City,Rio Grande City,TX,26.405,-98.776111,600,OUT OF SERVICE,Brownsville/Rio Grande Valley|TX,Starr|Zapata
WNG604,162.525,Davis Peak,Longview,OR,45.9933,-122.5964,85,NORMAL,Portland|OR,Columbia|Clark|Cowlitz
WNG605,162.475,Burley,Alibon,ID,42.361389,-113.455556,100,NORMAL,Pocatello|ID,Blaine|Cassia|Jerome|Lincoln|Minidoka|Power
WNG606,162.425,Oneonta,Oneonta,AL,33.985861,-86.459972,315,NORMAL,Birmingham|AL,Blount|Cullman|Etowah|Jefferson|St. Clair|Walker
WNG607,162.425,Greenville,Greenville,AL,31.877222,-86.728333,300,NORMAL,Mobile|AL,Autauga|Butler|Conecuh|Crenshaw|Dallas|Lowndes|Monroe|Montgomery|Wilcox
WNG608,162.500,Cassville,Cassville,MO,36.671861,-93.896639,1000,NORMAL,Springfield|MO,Barry|Lawrence|McDonald|Newton
WNG609,162.525,Riviera,Kingsville,TX,27.292222,-97.8075,1030,NORMAL,Corpus Christi|TX,Brooks|Jim Wells|Kenedy|Kleberg
WNG610,162.450,Waubun,Waubun,MN,47.180256,-95.778167,302,NORMAL,Grand Forks|ND,Becker|Hubbard|Mahnomen|Norman
WNG627,162.450,Aiken,Aiken,GA,33.5717,-81.6969,300,NORMAL,Columbia|SC,Columbia|Richmond|Aiken|Barnwell|Edgefield
WNG628,162.500,Georgetown,Georgetown,SC,33.444949,-79.300595,300,NORMAL,Wilmington|NC,Georgetown|Williamsburg
WNG629,162.450,Spencer,Hollow Rock,TN,35.748917,-85.46725,1050,NORMAL,Nashville|TN,Bledsoe|Cumberland|DeKalb|Grundy|Marion|Putnam|Sequatchie|Van Buren|Warren|White
WNG630,162.425,Finland,Lake County,MN,47.456389,-91.231667,300,NORMAL,Duluth|MN,Lake
WNG631,162.525,Lafayette,Pleasant Shade,KY,36.432222,-85.883611,1000,NORMAL,Nashville|TN,Allen|Monroe|Clay|Jackson|Macon|Smith|Sumner|Trousdale|Wilson
WNG632,162.525,Oktaha,Oktaha,OK,35.603556,-95.499306,346,NORMAL,Tulsa|OK,Cherokee|Haskell|McIntosh|Muskogee|Okmulgee|Pittsburg|Sequoyah|Wagoner
WNG633,162.425,Sneads,Sneads (AG),AL,30.639167,-84.979722,1000,NORMAL,Tallahassee|FL,Houston|Calhoun|Gadsden|Jackson|Liberty|Decatur|Early|Miller|Seminole
WNG634,162.400,Pahrump,Mt Potosi,CA,35.965,-115.500833,100,NORMAL,Las Vegas|NV,Inyo|San Bernardino|Clark|Esmeralda|Lincoln|Nye
WNG635,162.450,Selma,Selma,AL,32.5256,-86.9828,1000,NORMAL,Birmingham|AL,Autauga|Bibb|Butler|Chilton|Dallas|Lowndes|Perry|Wilcox
WNG636,162.500,Cisco,Cisco,TX,32.3514,-99.018333,1090,NORMAL,Fort Worth-Dallas|TX,Brown|Callahan|Comanche|Eastland|Shackelford|Stephens
WNG637,162.425,San Diego Marine,Mount Soledad (La Jolla),CA,32.840056,-117.253028,60,NORMAL,San Diego|CA,San Diego
WNG638,162.475,Dillon,Red Rock,MT,44.9444,-112.734722,140,NORMAL,Great Falls|MT,Beaverhead
WNG639,162.475,Cherokee Village,Agnos - Ash Flat,AR,36.259472,-91.693417,313,NORMAL,Little Rock|AR,Fulton|Izard|Sharp
WNG640,162.425,Leakesville,Green County,AL,31.176667,-88.597222,1000,NORMAL,Mobile|AL,Mobile|Washington|Forrest|George|Greene|Jackson|Jones|Perry|Stone|Wayne
WNG641,162.475,Seguin,Kingsbury,TX,29.65475,-97.82425,1010,NORMAL,Austin/San Antonio|TX,Caldwell|Comal|Guadalupe|Hays
WNG642,162.525,Arab,Marshall County,AL,34.3444,-86.4389,300,NORMAL,Huntsville|AL,Cullman|DeKalb|Jackson|Madison|Marshall
WNG643,162.525,Marvell,Phillips County,AR,34.6225,-90.979056,1070,NORMAL,Memphis|TN,Phillips
WNG644,162.425,Bartlesville,Washington County,KS,36.756111,-95.8475,1000,NORMAL,Tulsa|OK,Chautauqua|Labette|Montgomery|Craig|Mayes|Nowata|Osage|Pawnee|Rogers|Tulsa|Washington
WNG645,162.500,Albion,Albion,NE,41.622528,-98.119472,297,NORMAL,Omaha/Valley|NE,Boone|Greeley|Nance|Platte|Wheeler
WNG646,162.475,Brewton,Brewton,AL,31.264722,-87.125833,1000,NORMAL,Mobile|AL,Conecuh|Covington|Escambia|Monroe|Okaloosa|Santa Rosa
WNG647,162.450,Adrian / Petersburg,Lenawee County,MI,41.903056,-83.986944,300,NORMAL,Detroit/Pontiac|MI,Hillsdale|Jackson|Lenawee|Monroe|Washtenaw|Fulton|Henry|Lucas|Williams
WNG648,162.500,Crocker,Fort  Leonard Wood,MO,37.9522,-92.03,1000,NORMAL,Springfield|MO,Phelps|Pulaski
WNG649,162.525,Milano,Milano,TX,30.72573,-96.808611,300,NORMAL,Fort Worth-Dallas|TX,Bell|Brazos|Burleson|Falls|Lee|Milam|Robertson|Williamson
WNG650,162.525,Center,Timpson,TX,31.726389,-94.257778,300,NORMAL,Shreveport|LA,Nacogdoches|Panola|Rusk|Sabine|San Augustine|Shelby
WNG651,162.525,Mineral Wells,Palo Pinto,TX,32.855,-98.087222,300,NORMAL,Fort Worth-Dallas|TX,Erath|Hood|Jack|Palo Pinto|Parker|Stephens|Tarrant|Wise|Young
WNG652,162.550,El Paso Spanish,El Paso Spanish,NM,31.765556,-106.4775,125,NORMAL,El Paso|TX,Dona Ana|Otero|El Paso|Hudspeth
WNG653,162.525,Marietta,Mt. Pleasant,TX,33.196944,-94.474722,300,NORMAL,Shreveport|LA,Cass
WNG654,162.500,Stillwater,Stillwater,OK,36.118083,-97.002,1070,NORMAL,Norman|OK,Creek|Lincoln|Logan|Noble|Pawnee|Payne
WNG655,162.425,Contra Costa County,Mt. Diablo,CA,37.8814,-121.915556,100,NORMAL,San Francisco|CA,Alameda|Contra Costa
WNG656,162.525,Fort Ransom,Fort Ransom,ND,46.523687,-97.956331,1000,NORMAL,Grand Forks|ND,Barnes|Foster|Pierce|Richland|Sargent|Stutsman
WNG657,162.500,Summerfield,Summerfield,NM,34.738611,-102.511667,1000,NORMAL,Lubbock|TX,Curry|Bailey|Castro|Deaf Smith|Lamb|Oldham|Parmer|Randall
WNG658,162.525,Scranton,Bowman County,ND,46.1825,-103.048889,1000,NORMAL,Bismarck|ND,Adams|Bowman|Hettinger|Slope|Harding|Perkins
WNG659,162.425,El Paso Mtns.,Ridgecrest,CA,35.4775,-117.700278,300,NORMAL,Hanford|CA,Inyo|Kern|Los Angeles|San Bernardino
WNG660,162.500,Gillette,Campbell County,WY,44.243056,-105.538611,1000,NORMAL,Rapid City|SD,Campbell|Crook|Weston
WNG661,162.475,Newcastle,Newcastle,SD,43.8325,-104.218889,300,NORMAL,Rapid City|SD,Custer|Fall River|Niobrara|Weston
WNG662,162.550,Kaycee,Johnson County,WY,43.719909,-106.651011,300,NORMAL,Riverton|WY,Johnson
WNG663,162.425,Princeton,Homestead,FL,25.537583,-80.403639,376,NORMAL,Miami|FL,Miami-Dade|Monroe
WNG664,162.400,Springfield,Baca County,CO,37.41,-102.626944,1000,NORMAL,Pueblo|CO,Baca|Bent|Las Animas|Prowers
WNG666,162.525,Iowa Falls,Hampton,IA,42.505,-93.263167,301,NORMAL,Des Moines|IA,Butler|Franklin|Grundy|Hamilton|Hardin|Wright
WNG667,162.450,Grant Village,Yellowstone AGR,MT,44.3811,-110.5453,300,NORMAL,Riverton|WY,Park|Teton
WNG668,162.550,Denison,Denison,IA,42.0458,-95.319889,300,NORMAL,Des Moines|IA,Carroll|Crawford|Ida|Monona|Sac|Shelby
WNG669,162.500,Castle Dale,Horn Mountain,UT,39.21,-111.1425,100,NORMAL,Salt Lake City|UT,Carbon|Emery|Garfield|Sevier|Wayne
WNG670,162.400,Winnett,Mosby,MT,46.990833,-108.333889,300,NORMAL,Glasgow|MT,Garfield|Petroleum
WNG671,162.500,Castleton,Rutland,NY,43.658889,-73.106944,300,NORMAL,Burlington|VT,Essex|Addison|Bennington|Rutland
WNG672,162.425,Wolf Lake,Baldwin,MI,43.980556,-85.843333,1000,NORMAL,Grand Rapids|MI,Lake|Manistee|Mason|Mecosta|Newaygo|Oceana|Osceola|Wexford
WNG673,162.525,Long Prairie,Long Prairie,MN,45.9964,-94.89825,1020,NORMAL,Twin Cities/Chanhassen|MN,Cass|Crow Wing|Douglas|Morrison|Otter Tail|Pope|Stearns|Todd|Wadena
WNG674,162.500,Florence,Herman Peak,OR,44.124278,-124.013056,116,NORMAL,Portland|OR,Lane|Lincoln
WNG675,162.550,Bethel,Bethel,AK,60.785455,-161.839479,1000,NORMAL,Anchorage|AK,Bethel
WNG676,162.500,Clearwater,Enfield,MN,45.348472,-93.908778,1000,NORMAL,Twin Cities/Chanhassen|MN,Anoka|Benton|Carver|Hennepin|Isanti|McLeod|Meeker|Mille Lacs|Sherburne|Stearns|Wright
WNG678,162.425,Pine City,Pine County,MN,45.8411,-92.9825,1000,NORMAL,Duluth|MN,Aitkin|Anoka|Chisago|Isanti|Kanabec|Mille Lacs|Pine|Burnett|Polk
WNG679,162.500,Pinedale,Pinedale,WY,42.844444,-109.924167,300,NORMAL,Riverton|WY,Sublette
WNG680,162.500,Fergus Falls,Fergus Falls,MN,46.259111,-95.980944,1010,NORMAL,Grand Forks|ND,Becker|Clay|Grant|Otter Tail|Wilkin
WNG681,162.500,Dillingham,Dillingham,AK,59.0422,-158.455,5,NORMAL,Anchorage|AK,Dillingham
WNG682,162.525,Livingston,Livingston,MT,45.6739,-110.5675,100,NORMAL,Billings|MT,Park|Sweet Grass
WNG683,162.550,Marenisco,Gogebic County,MI,46.3775,-89.7075,300,NORMAL,Marquette|MI,Gogebic|Ontonagon|Iron|Vilas
WNG684,162.525,Manistique,Steuben,MI,46.109722,-86.236667,300,NORMAL,Marquette|MI,Alger|Schoolcraft
WNG685,162.425,Norwood,Carver County,MN,44.788889,-93.906889,326,NORMAL,Twin Cities/Chanhassen|MN,Carver|Hennepin|Le Sueur|McLeod|Meeker|Nicollet|Renville|Scott|Sibley|Wright
WNG686,162.425,Elk Plaza,Yellowstone Nat'l. Park North,MT,44.9864,-110.7156,300,NORMAL,Riverton|WY,Park|Teton
WNG687,162.450,Monticello,Monticello,CO,37.839722,-109.460556,300,NORMAL,Grand Junction|CO,Dolores|Montezuma|San Miguel|San Juan
WNG688,162.475,Ringsted,Ringsted,IA,43.3417,-94.460583,301,NORMAL,Des Moines|IA,Emmet|Hancock|Humboldt|Kossuth|Palo Alto|Winnebago|Faribault|Martin
WNG689,162.450,Hebron,Porter County,IN,41.3536,-87.1853,300,NORMAL,Chicago|IL,Jasper|La Porte|Lake|Newton|Porter|Pulaski|Starke
WNG692,162.550,Carrizo Springs,Carrizo Springs,TX,28.5331,-99.881389,500,NORMAL,Austin/San Antonio|TX,Dimmit|Maverick|Zavala
WNG694,162.400,Springdale,Washington County,AR,36.179444,-94.086111,300,NORMAL,Tulsa|OK,Benton|Carroll|Madison|Washington|Barry|McDonald
WNG695,162.450,Pecos,Pecos,TX,31.200611,-103.353444,1030,NORMAL,Midland/Odessa|TX,Jeff Davis|Loving|Pecos|Reeves|Ward|Winkler
WNG696,162.450,Three Rivers,George West (AG),TX,28.335,-98.171389,1000,NORMAL,Corpus Christi|TX,Bee|Live Oak|McMullen
WNG697,162.525,Mt Hebo,Tillamook Hospital,OR,45.207889,-123.760111,110,NORMAL,Portland|OR,Lincoln|Tillamook
WNG698,162.500,Grafton,Lorain County,OH,41.271472,-82.022611,300,NORMAL,Cleveland|OH,Ashland|Cuyahoga|Erie|Lorain|Medina
WNG700,162.500,Jackpot,Jackpot,NV,41.783611,-114.840278,100,NORMAL,Elko|NV,Elko
WNG701,162.525,Bad Axe,Bad Axe (Port Austin),MI,43.794167,-83.001944,100,NORMAL,Detroit/Pontiac|MI,Alcona|Arenac|Huron|Iosco|Sanilac|Tuscola
WNG702,162.425,Fulda,Murry County,MN,43.877583,-95.6069,311,NORMAL,Sioux Falls|SD,Murray|Nobles
WNG703,162.500,Nogales,Crawford Hill,AZ,31.338194,-110.953111,104,NORMAL,Tucson|AZ,Santa Cruz
WNG704,162.425,Hibernia Park,Chester County,DE,40.0239,-75.8128,790,NORMAL,Philadelphia/Mt Holly|NJ,New Castle|Cecil|Berks|Chester|Lancaster|Lebanon|Montgomery
WNG705,162.450,Honesdale,Wayne CO,NY,41.572222,-75.191111,300,NORMAL,Binghamton|NY,Delaware|Orange|Lackawanna|Luzerne|Monroe|Pike|Susquehanna|Wayne
WNG706,162.450,Garner,Garner,NC,35.6747,-78.5275,1000,NORMAL,Raleigh|NC,Durham|Franklin|Harnett|Johnston|Nash|Wake|Wayne|Wilson
WNG707,162.400,Kensington,Hoffman,MN,45.831778,-95.721111,314,NORMAL,Twin Cities/Chanhassen|MN,Big Stone|Douglas|Grant|Pope|Stevens|Traverse
WNG710,162.400,Pago Pago,Pago Pago,AS,-14.330556,-170.714167,300,NORMAL,Pago Pago|AS (WSO),Eastern District|Manua District|Western District
WNG711,162.400,Olivia,Renville County,MN,44.776111,-94.981944,300,NORMAL,Twin Cities/Chanhassen|MN,Brown|Chippewa|Kandiyohi|Redwood|Renville|Yellow Medicine
WNG712,162.525,Coachella / Spanish,Riverside County,CA,33.654889,-115.990222,96,NORMAL,San Diego|CA,Imperial|Riverside
WNG713,162.450,Miami,Roberts County Area,OK,35.626389,-100.550278,1000,NORMAL,Amarillo|TX,Beckham|Roger Mills|Gray|Hemphill|Lipscomb|Ochiltree|Roberts|Wheeler
WNG714,162.550,Sand Point,Sand Point,AK,55.349444,-160.4731,300,NORMAL,Anchorage|AK,Aleutians East
WNG716,162.500,Marmot Island,Marmot Island,AK,58.235833,-151.820833,5,NORMAL,Kodiak|AK (WSO),Kodiak Island
WNG718,162.450,Sitkinak Dome,Sitkinak Dome,AK,56.559444,-154.182222,5,NORMAL,Kodiak|AK (WSO),Kodiak Island
WNG719,162.525,Forsyth,Forsyth,MT,46.3308,-106.7108,100,NORMAL,Billings|MT,Custer|Rosebud|Treasure
WNG720,162.525,Ukiah,Laughlin Range,CA,39.326667,-123.270833,300,NORMAL,Eureka|CA,Lake|Mendocino
WNG722,162.425,Throckmorton,Throckmorton,TX,33.158611,-99.175,1000,NORMAL,San Angelo|TX,Archer|Bailey|Baylor|Haskell|Knox|Shackelford|Throckmorton|Young
WNG723,162.450,Dubois,Dubois,WY,43.499722,-109.6881,300,NORMAL,Riverton|WY,Fremont
WNG724,162.450,Hardin,Yellowtail / Crow Reservation,MT,45.745,-107.533889,100,NORMAL,Billings|MT,Big Horn
WNG725,162.525,El Dorado,El Dorado,AR,33.128333,-92.469278,1050,NORMAL,Shreveport|LA,Ashley|Bradley|Calhoun|Columbia|Ouachita|Union|Claiborne
WNG727,162.475,Irvine,Irvine,KY,37.7275,-83.944444,500,NORMAL,Jackson|KY,Estill
WNG728,162.425,Hawk Point,Hawk Point,MO,38.979444,-91.131111,1000,NORMAL,St. Louis|MO,Audrain|Franklin|Gasconade|Lincoln|Montgomery|Pike|St. Charles|Warren
WNG730,162.500,Ottumwa,Wapello County,IA,41.024139,-92.482306,302,NORMAL,Des Moines|IA,Davis|Keokuk|Mahaska|Monroe|Wapello
WNG731,162.450,Owyhee,Owyhee,NV,41.950833,-116.098333,80,DEGRADED,Elko|NV,Elko
WNG732,162.450,La Follette,Cross Mountain/Briceville,TN,36.1981,-84.2308,250,NORMAL,Morristown|TN,Anderson|Campbell|Claiborne|Morgan|Roane|Scott|Union
WNG734,162.400,Marietta,Washington County,OH,39.435194,-81.453528,308,NORMAL,Charleston|WV,Monroe|Noble|Washington|Pleasants|Tyler|Wood
WNG735,162.425,New Philadelphia,Tuscarawas County,OH,40.435333,-81.507306,304,NORMAL,Pittsburgh|PA,Carroll|Coshocton|Guernsey|Harrison|Holmes|Stark|Tuscarawas|Wayne
WNG736,162.450,Washington DC,Silver Spring,DC,38.993013,-77.030766,300,NORMAL,Baltimore/Washington|VA,District of Columbia|Anne Arundel|Charles|Howard|Montgomery|Prince Georges|Arlington|Fairfax|Loudoun
WNG737,162.400,Dillon,Dillon,CO,39.616803,-106.110006,300,NORMAL,Boulder|CO,Summit
WSM60,162.475,Dresden,Blinn Hill,ME,44.122778,-69.680556,300,NORMAL,Gray/Portland|ME,Androscoggin|Kennebec|Knox|Lincoln|Sagadahoc|Waldo
WWF34,162.475,Plainwell,Plainwell,MI,42.421944,-85.528889,300,NORMAL,Grand Rapids|MI,Allegan|Barry|Berrien|Branch|Calhoun|Cass|Kalamazoo|St. Joseph|Van Buren
WWF35,162.525,Bridgeport,Bridgeport,OH,40.061333,-80.757944,1100,NORMAL,Pittsburgh|PA,Belmont|Carroll|Columbiana|Coshocton|Guernsey|Harrison|Jefferson|Monroe|Morgan|Muskingum|Noble|Perry|Tuscarawas|Washington|Greene|Brooke|Hancock|Marshall|Ohio|Pleasants|Tyler|Wetzel
WWF36,162.475,Hesperia,Hesperia,MI,43.549722,-86.042778,300,NORMAL,Grand Rapids|MI,Muskegon|Newaygo|Oceana
WWF37,162.475,Carlsbad,Carlsbad,NM,32.437806,-104.277278,100,OUT OF SERVICE,Midland/Odessa|TX,Eddy|Lea
WWF38,162.400,Inverness,Lecanto,FL,28.8436,-82.484611,300,NORMAL,Tampa Bay Area|FL,Citrus|Hernando|Levy|Marion|Sumter
WWF39,162.450,Hawaii Kai,Hawaii Kai,HI,21.320528,-157.682008,300,NORMAL,Honolulu|HI,Honolulu
WWF40,162.400,Coloma,Coloma,WI,44.020278,-89.558056,1000,NORMAL,Green Bay|WI,Adams|Green Lake|Juneau|Marquette|Portage|Waushara|Wood
WWF42,162.450,Ponca City,Ponca City,KS,36.689333,-97.168444,312,NORMAL,Norman|OK,Cowley|Sumner|Garfield|Grant|Kay|Noble|Osage
WWF43,162.400,Stamford,Stamford,NY,42.398611,-74.589722,300,NORMAL,Binghamton|NY,Broome|Chenango|Delaware|Greene|Otsego|Schoharie|Sullivan
WWF44,162.500,Henagar,Pea Ridge,AL,34.613611,-85.680278,1000,NORMAL,Huntsville|AL,Cherokee|DeKalb|Jackson|Marshall
WWF45,162.450,Roosevelt,Roosevelt,MN,48.789083,-95.049889,300,NORMAL,Grand Forks|ND,Beltrami|Lake of the Woods|Roseau
WWF46,162.450,Tooele (South Mountain),South Mountain,UT,40.4597,-112.41,100,NORMAL,Salt Lake City|UT,Box Elder|Davis|Tooele|Weber
WWF47,162.525,Tooele (Vernon Hills),Vernon Hills,UT,40.1272,-112.380833,120,NORMAL,Salt Lake City|UT,Davis|Tooele
WWF48,162.525,Mt. Greylock,Bascom Lodge,MA,42.6367,-73.1667,125,NORMAL,Albany|NY,Berkshire|Franklin|Hampden|Hampshire|Rensselaer|Bennington|Windham
WWF49,162.525,Okanogan,Tunk Mtn.,WA,48.545556,-119.235556,50,NORMAL,Spokane|WA,Chelan|Douglas|Ferry|Grant|Lincoln|Okanogan
WWF50,162.475,Plentywood,Plentywood,MT,48.693889,-104.595556,50,NORMAL,Glasgow|MT,Sheridan
WWF51,162.475,St. George,Utah Hill,AZ,37.155,-113.88,100,NORMAL,Salt Lake City|UT,Mohave|Clark|Lincoln|Iron|Washington
WWF52,162.475,Grand Canyon,Hopi Point,AZ,36.07168,-112.154731,100,NORMAL,Flagstaff|AZ,Coconino
WWF53,162.525,Winfield,Guin,AL,33.937139,-87.875111,850,NORMAL,Birmingham|AL,Fayette|Lamar|Marion|Pickens|Walker|Winston|Itawamba|Lowndes|Monroe
WWF54,162.525,Auburn,Auburn,AL,32.622078,-85.501314,1000,NORMAL,Birmingham|AL,Bullock|Chambers|Elmore|Lee|Macon|Russell|Tallapoosa
WWF55,162.500,Jackson,ToddTown,AL,31.594722,-87.845278,1000,NORMAL,Mobile|AL,Baldwin|Choctaw|Clarke|Monroe|Washington
WWF56,162.450,Richland,Richland,WA,46.397387,-119.599561,300,NORMAL,Pendleton|OR,Adams|Benton|Franklin|Grant|Klickitat|Walla Walla|Yakima
WWF58,162.475,McCall,Brundage Mtn.,ID,45.008139,-116.134417,100,NORMAL,Boise|ID,Adams|Valley
WWF59,162.475,Hawthorne,Corey Peak,CA,38.457222,-118.763611,100,NORMAL,Reno|NV,Mono|Lyon|Mineral
WWF60,162.500,Buck Mountain,Biscoe,NC,35.406389,-79.998889,1000,NORMAL,Raleigh|NC,Anson|Cabarrus|Davidson|Montgomery|Moore|Randolph|Richmond|Rowan|Stanly|Union
WWF62,162.475,Santa Barbara Marine,Broadcast Peak,CA,34.525056,-119.958972,80,NORMAL,Los Angeles|CA,Santa Barbara|Ventura
WWF64,162.450,Monterey Marine,Mt. Umunhum,CA,37.155,-121.8983,100,NORMAL,San Francisco|CA,Alameda|Contra Costa|Monterey|Napa|San Benito|San Francisco|San Mateo|Santa Clara|Santa Cruz
WWF66,162.450,Cullman,Cullman,AL,34.171389,-86.844167,300,NORMAL,Huntsville|AL,Cullman
WWF67,162.400,Grass Valley,Wolf Creek Mtn.,CA,39.133056,-121.099167,100,NORMAL,Sacramento|CA,Butte|Colusa|Glenn|Nevada|Placer|Yolo|Yuba
WWF69,162.425,Fort Pierce,Fort Pierce,FL,27.4489,-80.4089,875,NORMAL,Melbourne|FL,Indian River|Martin|Okeechobee|St. Lucie
WWF70,162.500,Gaylord,Waters,MI,44.90741,-84.71906,100,NORMAL,Gaylord|MI,Crawford|Otsego
WWF75,162.525,Bourbon,Crawford County,MO,38.168944,-91.218806,1050,NORMAL,St. Louis|MO,Crawford|Franklin|Gasconade|Phelps|Washington
WWF76,162.475,Summersville,Summersville,MO,37.180694,-91.665833,971,NORMAL,Springfield|MO,Dent|Douglas|Howell|Oregon|Shannon|Texas
WWF77,162.525,Bethune,Bethune,CO,39.272222,-102.398333,100,NORMAL,Goodland|KS,Cheyenne|Kit Carson|Yuma
WWF80,162.500,Bend/Redmond,Powell Butte,OR,44.197528,-120.977861,100,NORMAL,Pendleton|OR,Crook|Deschutes|Jefferson
WWF81,162.550,Eureka,Prospect Peak,NV,39.449722,-115.9989,100,NORMAL,Elko|NV,Eureka|Nye|White Pine
WWF82A,162.525,East Madison County,Richmond EOC,KY,37.7744,-84.324611,100,NORMAL,Louisville|KY,Madison
WWF82B,162.525,West Madison County,Jolly Ridge,KY,37.777222,-84.436111,100,NORMAL,Louisville|KY,Madison
WWF82C,162.525,Madison County,Big Hill,KY,37.6181,-84.2619,100,NORMAL,Louisville|KY,Madison
WWF82D,162.525,Moberly,Moberly,KY,37.7436,-84.1825,110,NORMAL,Louisville|KY,Madison
WWF83,162.475,Grand Forks,Grand Forks,MN,47.921861,-97.097694,338,NORMAL,Grand Forks|ND,Polk|Grand Forks
WWF84,162.425,Lawrenceburg,Flanigan Hill,TN,35.459186,-87.130111,1000,NORMAL,Nashville|TN,Giles|Lawrence|Lewis|Lincoln|Marshall|Maury|Wayne|Williamson
WWF85,162.525,Ocala,Ocala,FL,29.178065,-82.15912,250,NORMAL,Jacksonville|FL,Marion
WWF86,162.500,East Point,East Point,FL,29.7325,-84.89,250,NORMAL,Tallahassee|FL,Franklin|Gulf|Liberty|Wakulla
WWF87,162.425,Lenora,Lenora,KS,39.573333,-99.986111,323,NORMAL,Goodland|KS,Graham|Norton|Phillips
WWF88,162.425,Salem,Salem,FL,29.912944,-83.444167,1000,NORMAL,Tallahassee|FL,Dixie|Lafayette|Madison|Suwannee|Taylor
WWF90,162.450,Kerrville,Ingram,TX,30.009861,-99.262778,1000,NORMAL,Austin/San Antonio|TX,Bandera|Gillespie|Kendall|Kerr
WWF91,162.425,Llano,Fowler Hill,TX,30.599111,-98.624389,1000,NORMAL,Austin/San Antonio|TX,Blanco|Burnet|Gillespie|Llano|Mason
WWF92,162.450,Scobey,Scobey,MT,48.801389,-105.346667,25,NORMAL,Glasgow|MT,Daniels
WWF93,162.475,Glendive,Makoshika Peak,MT,47.052222,-104.6725,80,NORMAL,Glasgow|MT,Dawson|Richland|Wibaux
WWF94,162.425,Neahkahnie,Neahkahnie Mtn.,OR,45.743889,-123.940778,100,NORMAL,Portland|OR,Clatsop|Tillamook
WWF95,162.475,Tillamook,Cape Mears,OR,45.466139,-123.920917,100,NORMAL,Portland|OR,Tillamook
WWF96,162.525,Russellville,Mt. Nebo,AR,35.218306,-93.256056,311,NORMAL,Little Rock|AR,Conway|Johnson|Logan|Perry|Pope|Yell
WWF97,162.475,Mt. Ashland,Ashland,CA,42.081111,-122.716111,100,NORMAL,Medford|OR,Siskiyou|Jackson|Josephine|Klamath
WWF98,162.525,Prescott,Mingus Mtn.,AZ,34.70121,-112.11801,100,NORMAL,Flagstaff|AZ,Coconino|Gila|Yavapai
WWF99,162.550,Window Rock,Piney Hill,AZ,35.761034,-109.167805,100,NORMAL,Flagstaff|AZ,Apache|Cibola|McKinley|San Juan
WWG20,162.450,Fernley,Virginia Peak,CA,39.754167,-119.462222,150,NORMAL,Reno|NV,Lassen|Plumas|Sierra|Churchill|Lyon|Pershing|Washoe
WWG21,162.450,Santa Ana,Beeks Place,CA,33.817639,-117.635861,100,NORMAL,San Diego|CA,Orange|Riverside|San Bernardino
WWG22,162.550,Tribune,Tribune,KS,38.456333,-101.642583,307,NORMAL,Dodge City|KS,Greeley|Hamilton|Kearny|Scott|Wichita
WWG23,162.500,La Junta,Miller Mesa,CO,37.908728,-103.437073,100,NORMAL,Pueblo|CO,Bent|Crowley|Kiowa|Las Animas|Otero
WWG24,162.425,Puget Sound Marine,Port Townsend,WA,48.016028,-122.927194,90,NORMAL,Seattle/Tacoma|WA,Clallam|Island|Jefferson|Kitsap|San Juan|Skagit|Snohomish
WWG25,162.425,Webster,Devils Lake,ND,48.194139,-98.903917,300,NORMAL,Grand Forks|ND,Benson|Cavalier|Nelson|Ramsey|Towner
WWG26,162.425,Jackson,Jackson,KY,37.5911,-83.3136,300,NORMAL,Jackson|KY,Breathitt
WWG27,162.550,South Point,South Point,HI,19.002584,-155.674811,300,NORMAL,Honolulu|HI,Hawaii
WWG28,162.525,Paintsville,Paintsville,KY,37.844594,-82.668017,100,NORMAL,Jackson|KY,Floyd|Johnson|Magoffin|Martin|Pike|Wayne
WWG32,162.425,Cattaraugus,Great Valley,NY,42.256667,-78.695,125,NORMAL,Buffalo|NY,Cattaraugus|Chautauqua
WWG33,162.450,Margarettsville,Margarettsville,NC,36.513686,-77.332105,300,NORMAL,Wakefield|VA,Bertie|Gates|Halifax|Hertford|Northampton|Brunswick|City of Emporia|City of Franklin|Greensville|Mecklenburg|Southampton|Sussex
WWG34,162.550,Brownsville,Brownsville,TX,25.910278,-97.5305,317,NORMAL,Brownsville/Rio Grande Valley|TX,Cameron|Hidalgo|Willacy
WWG36,162.450,Roswell,Roswell,NM,33.363056,-104.636389,100,OUT OF SERVICE,Albuquerque|NM,Chaves
WWG39,162.475,Soldotna,Soldotna,AK,60.48942,-151.0713,300,NORMAL,Anchorage|AK,Kenai Peninsula
WWG40,162.425,Bay City,Bay City,TX,28.980278,-95.999722,1000,NORMAL,Houston/Galveston|TX,Brazoria|Fort Bend|Matagorda|Wharton
WWG41,162.425,Payson Gila County N.,Mt. Ord,AZ,33.905088,-111.408429,150,NORMAL,Flagstaff|AZ,Coconino|Gila|Maricopa|Pinal|Yavapai
WWG42,162.500,Globe,Signal Peak,AZ,33.293056,-110.835833,70,NORMAL,Phoenix|AZ,Gila
WWG43,162.500,Glenwood Springs,Sunlight Peak,CO,39.425556,-107.379167,100,NORMAL,Grand Junction|CO,Eagle|Garfield|Pitkin
WWG44,162.425,Fowler,Olney Spring,CO,38.180278,-104.021944,100,NORMAL,Pueblo|CO,Crowley|Otero|Pueblo
WWG46,162.500,Woodward,Woodward,OK,36.389139,-99.343639,1030,NORMAL,Norman|OK,Beaver|Dewey|Ellis|Harper|Major|Woods|Woodward|Lipscomb
WWG47,162.525,Wardell,Gideon,AR,36.364222,-89.864083,1080,NORMAL,Memphis|TN,Clay|Mississippi|Dunklin|New Madrid|Pemiscot|Lake
WWG48,162.450,Doniphan,Doniphan,MO,36.658333,-90.793333,300,NORMAL,Paducah|KY,Butler|Carter|Ripley|Wayne
WWG49,162.500,Fredericktown,Fredericktown,MO,37.453806,-90.376083,1270,NORMAL,St. Louis|MO,Bollinger|Iron|Madison|Perry|Reynolds|St. Francois|Ste. Genevieve|Wayne
WWG50,162.425,St. Johnsbury,Burke Mtn.,NH,44.571111,-71.894167,300,NORMAL,Burlington|VT,Coos|Grafton|Caledonia|Essex|Orange|Orleans
WWG51,162.450,Warren,Youngsville,PA,41.745365,-79.264713,1000,NORMAL,State College|PA,Elk|Forest|McKean|Warren
WWG52,162.525,Huntingdon,Three Springs,PA,40.293735,-77.966444,1000,NORMAL,State College|PA,Bedford|Blair|Franklin|Fulton|Huntingdon|Juniata|Mifflin
WWG53,162.425,Parker,Parker,PA,41.139861,-79.754028,1000,NORMAL,Pittsburgh|PA,Armstrong|Beaver|Butler|Clarion|Crawford|Forest|Indiana|Jefferson|Lawrence|Mercer|Venango
WWG54,162.500,Yellville,Rea Valley,AR,36.202639,-92.558111,850,NORMAL,Little Rock|AR,Baxter|Marion
WWG55,162.500,La Grange,Rutersville,TX,29.951306,-96.774389,800,NORMAL,Austin/San Antonio|TX,Austin|Bastrop|Colorado|Fayette|Lee|Washington
WWG56,162.500,Youngstown,Youngstown,OH,41.058889,-80.646111,300,NORMAL,Cleveland|OH,Carroll|Columbiana|Mahoning|Portage|Stark|Trumbull|Lawrence|Mercer
WWG57,162.450,Mansfield,Butler,OH,40.582861,-82.473611,300,NORMAL,Cleveland|OH,Ashland|Crawford|Holmes|Knox|Licking|Marion|Morrow|Richland|Wayne|Wyandot
WWG59,162.400,Venice,Venice,FL,27.133056,-82.394444,1000,NORMAL,Tampa Bay Area|FL,Charlotte|DeSoto|Hardee|Manatee|Sarasota
WWG60,162.450,Tea Table Key,Tea Table Key,FL,24.8957,-80.6638,300,NORMAL,Key West|FL,Monroe
WWG61,162.550,Stanton,Rotten Point,KY,37.909089,-83.925739,300,NORMAL,Jackson|KY,Bell|Powell
WWG62,162.525,Pineville,Pineville,KY,36.730278,-83.773611,300,NORMAL,Jackson|KY,Bell
WWG63,162.475,Frenchburg,Frenchburg,KY,37.935504,-83.613547,300,NORMAL,Jackson|KY,Menifee
WWG64,162.450,McKee,McKee,KY,37.415194,-84.008669,300,NORMAL,Jackson|KY,Jackson
WWG65,162.475,London,London,KY,37.146656,-84.106809,300,NORMAL,Jackson|KY,Laurel
WWG66,162.400,Manchester,Manchester,KY,37.147486,-83.69179,300,NORMAL,Jackson|KY,Clay
WWG67,162.500,Beattyville,Bear Track,KY,37.625702,-83.77203,300,NORMAL,Jackson|KY,Lee
WWG68,162.450,Harlan,Grey's Knob,KY,36.787834,-83.290954,300,NORMAL,Jackson|KY,Harlan
WWG69,162.400,Pikeville,Pikeville,KY,37.285045,-82.524559,300,NORMAL,Jackson|KY,Floyd|Johnson|Magoffin|Martin|Pike|Buchanan|Dickenson|Wise
WWG70,162.425,Mount Vernon,Mount Vernon,KY,37.339906,-84.383093,300,NORMAL,Jackson|KY,Rockcastle
WWG71,162.400,Morehead,Morehead,KY,38.177309,-83.404723,300,NORMAL,Jackson|KY,Bath|Elliott|Fleming|Rowan
WWG72,162.500,Georgia,Georgia,IN,38.734722,-86.578611,1000,NORMAL,Indianapolis|IN,Brown|Daviess|Dubois|Greene|Lawrence|Martin|Monroe|Orange
WWG73,162.525,Seymour,Seymour,IN,38.958889,-85.878611,1000,NORMAL,Indianapolis|IN,Bartholomew|Decatur|Jackson|Jennings|Johnson|Ripley|Scott|Shelby
WWG74,162.400,Kauai,Waimea (Koke'e),HI,22.1197,-159.6672,1000,NORMAL,Honolulu|HI,Kauai
WWG75,162.400,Maui,Mt. Haleakala,HI,20.707361,-156.258611,300,NORMAL,Honolulu|HI,Hawaii|Honolulu|Maui
WWG76,162.550,Kulani Cone,Kulani Cone (Hawaii),HI,19.554529,-155.308812,1000,NORMAL,Honolulu|HI,Hawaii
WWG77,162.425,Sumter,Sumter,SC,33.881111,-80.270556,300,NORMAL,Columbia|SC,Clarendon|Lee|Sumter
WWG78,162.500,Williamsburg,Williamsburg,KY,36.671143,-84.221466,300,NORMAL,Jackson|KY,Whitley
WWG79,162.450,West Liberty,West Liberty,KY,37.941944,-83.220278,300,NORMAL,Jackson|KY,Elliott|Morgan
WWG80,162.425,Monticello,Monticello,KY,36.844729,-84.773417,300,NORMAL,Jackson|KY,Wayne
WWG81,162.500,Phelps,Dicks Knob,KY,37.500959,-82.227513,300,NORMAL,Jackson|KY,Pike|Mingo
WWG82,162.525,Robbinsville,Joanna  Bald Mtn.,NC,35.257853,-83.795475,300,NORMAL,Greenville-Spartanburg|SC,Cherokee|Clay|Graham|Jackson|Macon|Swain
WWG83,162.425,Edwardsport,Edwardsport,IN,38.8417,-87.267222,1000,NORMAL,Indianapolis|IN,Daviess|Dubois|Gibson|Greene|Knox|Pike|Sullivan
WWG84,162.500,Belgian Hill,Conrad,MT,48.33,-112.035556,100,NORMAL,Great Falls|MT,Chouteau|Glacier|Liberty|Pondera|Teton|Toole
WWG85,162.475,Malta,Malta,MT,48.3494,-107.834722,75,NORMAL,Glasgow|MT,Phillips
WWG86,162.500,Prairie Du Chien,Bloomington,IA,42.902385,-90.946542,1000,NORMAL,La Crosse|WI,Allamakee|Clayton|Fayette|Crawford|Grant
WWG87,162.500,Fond Du Lac,Fond Du Lac,WI,43.815833,-88.320278,1000,NORMAL,Milwaukee/Sullivan|WI,Calumet|Dodge|Fond du Lac|Green Lake|Manitowoc|Sheboygan|Washington|Waushara|Winnebago
WWG88,162.450,Crandon,Crandon,WI,45.572222,-88.883889,750,NORMAL,Green Bay|WI,Florence|Forest|Langlade|Marinette|Oconto|Oneida|Vilas
WWG89,162.475,Richland Center,Ash Ridge,WI,43.498889,-90.541111,200,NORMAL,La Crosse|WI,Richland|Vernon
WWG90,162.425,Janesville,Milton - Rock County,IL,42.773889,-89.005556,300,NORMAL,Milwaukee/Sullivan|WI,Boone|Stephenson|Winnebago|Dane|Green|Rock|Walworth
WWG91,162.525,Sheboygan,Sheboygan,WI,43.765556,-87.766389,200,NORMAL,Milwaukee/Sullivan|WI,Fond du Lac|Manitowoc|Ozaukee|Sheboygan|Washington
WWG92,162.525,Naples,Naples,FL,26.183111,-81.574722,1110,NORMAL,Miami|FL,Collier|Glades|Hendry|Lee|Monroe
WWG93,162.475,Junction,Junction,TX,30.478056,-99.752778,1000,NORMAL,San Angelo|TX,Kimble|Mason|Menard|Sutton
WWG94,162.525,Richland Springs,Richland Springs,TX,31.2525,-99.002778,1000,NORMAL,San Angelo|TX,Brown|Coleman|Mason|McCulloch|Mills|San Saba
WWG97,162.425,Altus,Altus,OK,34.511028,-99.333139,316,NORMAL,Norman|OK,Greer|Harmon|Jackson|Kiowa|Tillman|Hardeman|Wilbarger
WWG98,162.475,Park Rapids,Park Rapids,MN,46.984722,-95.106167,1000,NORMAL,Grand Forks|ND,Becker|Hubbard|Wadena
WWG99,162.500,Bonners Ferry,Black Mountain,ID,48.610278,-116.256667,100,NORMAL,Spokane|WA,Bonner|Boundary|Kootenai|Lincoln|Sanders|Spokane
WWH20,162.450,Westville,Westville,AL,30.8275,-85.926944,1000,NORMAL,Tallahassee|FL,Coffee|Geneva|Houston|Holmes|Jackson|Walton|Washington
WWH22,162.500,Beaumont,Beaumont,KS,37.58628,-96.54489,314,NORMAL,Wichita|KS,Butler|Chase|Chautauqua|Cowley|Elk|Greenwood
WWH23,162.425,Buchanan,Buchanan,GA,33.784,-85.161444,1030,NORMAL,Peachtree City|GA,Bartow|Carroll|Cobb|Douglas|Floyd|Haralson|Paulding|Polk
WWH24,162.425,Toccoa,Currahee Mtn.,GA,34.529444,-83.376111,100,NORMAL,Greenville-Spartanburg|SC,Banks|Franklin|Habersham|Hall|Hart|Rabun|Stephens|White|Oconee
WWH25,162.425,Metter,Metter,GA,32.394791,-82.042997,1000,NORMAL,Charleston|SC,Bulloch|Candler|Evans|Jenkins|Montgomery|Screven|Tattnall|Toombs|Treutlen
WWH26,162.425,Mamie,Mamie,NC,36.1358,-75.8242,300,NORMAL,Newport/Morehead City|NC,Camden|Currituck|Dare|Pasquotank
WWH27,162.425,Plymouth,Sillusi Butte,OR,45.980333,-119.295861,100,NORMAL,Pendleton|OR,Morrow|Umatilla
WWH28,162.425,Heppner,Robinson Hill,OR,45.350333,-119.509722,100,NORMAL,Pendleton|OR,Morrow
WWH30,162.500,Dyersburg,Dyersburg,AR,36.057611,-89.440944,1230,NORMAL,Memphis|TN,Mississippi|Pemiscot|Crockett|Dyer|Gibson|Haywood|Lake|Lauderdale|Obion|Weakley
WWH31,162.500,Valdosta,Hahira,FL,30.970278,-83.286667,1000,NORMAL,Tallahassee|FL,Hamilton|Madison|Berrien|Brooks|Colquitt|Cook|Echols|Lanier|Lowndes
WWH32,162.450,Boyero,Boyero,CO,39.095514,-103.236994,100,NORMAL,Boulder|CO,Elbert|Lincoln
WWH33,162.500,Cornwall,Mohawk Mtn.,CT,41.821111,-73.296667,500,NORMAL,Albany|NY,Fairfield|Hartford|Litchfield|New Haven|Berkshire|Hampden|Dutchess|Putnam
WWH34,162.425,Walton,Walton,NY,42.1112,-75.1014,300,NORMAL,Binghamton|NY,Broome|Chenango|Delaware|Otsego|Schoharie|Sullivan
WWH35,162.450,Cooperstown,Cornish Hill Rd.,NY,42.678889,-74.899722,100,NORMAL,Binghamton|NY,Chenango|Delaware|Herkimer|Madison|Montgomery|Oneida|Otsego|Schoharie
WWH36,162.450,Mitchell,Mitchell,SD,43.697917,-98.044222,1010,NORMAL,Sioux Falls|SD,Aurora|Davison|Douglas|Hanson|Hutchinson|McCook|Miner|Sanborn
WWH37,162.500,Clarksville,Clarksville,KY,36.516389,-87.336944,300,NORMAL,Nashville|TN,Christian|Todd|Dickson|Montgomery|Robertson|Stewart
WWH38,162.525,Grove,Grove,AR,36.455,-94.779167,300,NORMAL,Tulsa|OK,Benton|McDonald|Newton|Craig|Delaware|Mayes|Ottawa
WWH39,162.425,Brunswick,Arco,GA,31.194167,-81.491667,300,NORMAL,Jacksonville|FL,Brantley|Camden|Glynn|McIntosh
WWQ50,162.425,Dalhart,Texline,NM,36.274622,-102.854634,1000,NORMAL,Amarillo|TX,Union|Cimarron|Dallam|Hartley
WWQ51,162.525,Stratford,Stratford,OK,36.336111,-102.071667,1000,NORMAL,Amarillo|TX,Cimarron|Texas|Dallam|Hansford|Hartley|Moore|Sherman
WXJ20,162.400,Columbia,West Columbia,SC,34.118611,-80.936667,1000,NORMAL,Columbia|SC,Calhoun|Fairfield|Kershaw|Lee|Lexington|Newberry|Orangeburg|Richland|Saluda|Sumter
WXJ21,162.550,Greenville,Paris Mtn.,NC,34.940556,-82.410556,1000,NORMAL,Greenville-Spartanburg|SC,Polk|Rutherford|Abbeville|Anderson|Cherokee|Greenville|Greenwood|Laurens|Newberry|Oconee|Pickens|Spartanburg|Union
WXJ22,162.550,Florence,Pockett Rd.,SC,34.280109,-79.742858,1000,NORMAL,Wilmington|NC,Chesterfield|Clarendon|Darlington|Dillon|Florence|Kershaw|Lee|Marion|Marlboro|Sumter|Williamsburg
WXJ23,162.450,Beaufort,Green Pond,GA,32.712222,-80.680278,500,NORMAL,Charleston|SC,Chatham|Effingham|Allendale|Bamberg|Beaufort|Colleton|Hampton|Jasper
WXJ24,162.400,Homer,Diamond Ridge,AK,59.68081,-151.61774,800,NORMAL,Anchorage|AK,Kenai Peninsula
WXJ25,162.550,Juneau,Juneau,AK,58.301746,-134.42035,300,NORMAL,Juneau|AK,Hoonah-Angoon|Juneau
WXJ26,162.550,Ketchikan,Point Higgins,AK,55.460822,-131.810428,500,NORMAL,Juneau|AK,Ketchikan Gateway
WXJ28,162.450,Jesup,Jesup,GA,31.674167,-81.886667,300,NORMAL,Jacksonville|FL,Appling|Bacon|Brantley|Liberty|Long|McIntosh|Pierce|Tattnall|Wayne
WXJ30,162.425,Americus,Americus,GA,32.0625,-84.2125,1000,NORMAL,Peachtree City|GA,Crisp|Dooly|Lee|Macon|Marion|Randolph|Schley|Stewart|Sumter|Taylor|Terrell|Webster
WXJ31,162.500,Thomaston,Thomaston,GA,32.986278,-84.365667,1040,NORMAL,Peachtree City|GA,Bibb|Butts|Clayton|Coweta|Crawford|Fayette|Harris|Henry|Lamar|Meriwether|Monroe|Peach|Pike|Spalding|Talbot|Taylor|Troup|Upson
WXJ33,162.550,Santa Fe,Tesuque Peak,NM,35.785556,-105.781944,100,NORMAL,Albuquerque|NM,Los Alamos|Rio Arriba|San Miguel|Sandoval|Santa Fe|Taos|Torrance
WXJ34,162.400,Albuquerque,Albuquerque,NM,35.065556,-106.787778,100,NORMAL,Albuquerque|NM,Bernalillo|Sandoval|Valencia
WXJ35,162.475,Portales,Portales,NM,34.252222,-103.239444,100,NORMAL,Albuquerque|NM,Curry|Roosevelt
WXJ36,162.400,Hobbs,Maljamar,NM,32.704306,-103.566667,80,NORMAL,Midland/Odessa|TX,Eddy|Lea
WXJ37,162.475,Farmington,Farmington,CO,36.695833,-108.220556,300,NORMAL,Albuquerque|NM,La Plata|San Juan
WXJ38,162.550,Ruidoso,Sierra Blanca,NM,33.403889,-105.782222,300,NORMAL,Albuquerque|NM,Chaves|Lincoln|Otero|Torrance
WXJ39,162.400,Providence,Johnston,MA,41.805,-71.4733,500,NORMAL,Boston/Norton|MA,Bristol|Kent|Newport|Providence|Washington
WXJ40,162.400,Concord,Plausawa Hill,NH,43.219444,-71.440278,300,NORMAL,Gray/Portland|ME,Belknap|Carroll|Hillsborough|Merrimack|Rockingham|Strafford|Sullivan
WXJ41,162.475,Hartford,Soapstone Mtn.,CT,41.958611,-72.413611,300,NORMAL,Boston/Norton|MA,Hartford|Litchfield|Middlesex|New Haven|New London|Tolland|Windham|Franklin|Hampden|Hampshire|Worcester
WXJ42,162.400,Meriden,West Peak,CT,41.563056,-72.845,500,NORMAL,New York|NY,Fairfield|Hartford|Litchfield|Middlesex|New Haven|New London|Tolland|Windham|Nassau|Suffolk
WXJ43,162.550,Great Falls,Bootlegger Hill,MT,47.606401,-111.318561,300,NORMAL,Great Falls|MT,Cascade|Chouteau|Judith Basin|Teton
WXJ45,162.500,Deer Trail,Deer Trail,CO,39.594594,-103.990045,100,NORMAL,Boulder|CO,Adams|Arapahoe|Boulder|Broomfield|Clear Creek|Denver|Douglas|Gilpin|Jefferson|Larimer|Park|Weld
WXJ46,162.475,Dayton,Miamisburg,IN,39.658333,-84.316667,1000,NORMAL,Wilmington|OH,Fayette|Union|Wayne|Butler|Champaign|Clark|Clinton|Darke|Greene|Logan|Miami|Montgomery|Preble|Shelby|Warren
WXJ47,162.475,High Hill,High Hill,OH,39.836667,-81.770556,1000,NORMAL,Pittsburgh|PA,Belmont|Carroll|Coshocton|Guernsey|Harrison|Jefferson|Licking|Monroe|Morgan|Muskingum|Noble|Perry|Tuscarawas|Washington|Pleasants|Tyler
WXJ48,162.475,Gurdon,Gurdon,AR,33.907389,-93.113056,1000,NORMAL,Little Rock|AR,Calhoun|Clark|Columbia|Dallas|Hempstead|Hot Spring|Nevada|Ouachita|Pike|Union
WXJ49,162.550,Texarkana,Texarkana,AR,33.448,-94.066833,500,NORMAL,Shreveport|LA,Columbia|Hempstead|Howard|Lafayette|Little River|Miller|Nevada|Pike|Sevier|McCurtain|Bowie|Cass
WXJ50,162.550,Fort Smith,Ft. Chaffee,AR,35.294417,-94.305278,750,NORMAL,Tulsa|OK,Crawford|Franklin|Logan|Scott|Sebastian|Adair|Le Flore|Sequoyah
WXJ51,162.550,Jonesboro,Bono,AR,35.9039,-90.7706,900,NORMAL,Memphis|TN,Clay|Craighead|Crittenden|Cross|Greene|Jackson|Lawrence|Mississippi|Poinsett|Randolph|Woodruff|Dunklin|Pemiscot
WXJ52,162.475,Fayetteville,Winslow,AR,35.814333,-94.028194,1000,NORMAL,Tulsa|OK,Benton|Carroll|Crawford|Franklin|Madison|Sebastian|Washington|Adair|Delaware
WXJ53,162.525,Cleveland,Wauka Mtn.,GA,34.509472,-83.806639,299,NORMAL,Peachtree City|GA,Banks|Barrow|Cherokee|Clarke|Dawson|Forsyth|Franklin|Gwinnett|Habersham|Hall|Hart|Jackson|Lumpkin|Madison|Oconee|Pickens|Stephens|Walton|White
WXJ54,162.400,Star City,Star City,AR,33.954306,-91.878972,900,NORMAL,Little Rock|AR,Arkansas|Bradley|Cleveland|Dallas|Desha|Drew|Jefferson|Lincoln
WXJ55,162.550,Little Rock,Shinall Mtn.,AR,34.799722,-92.499444,1000,NORMAL,Little Rock|AR,Arkansas|Cleburne|Conway|Faulkner|Garland|Grant|Hot Spring|Jefferson|Lonoke|Perry|Pope|Prairie|Pulaski|Saline|Van Buren|White|Yell
WXJ57,162.400,South Bend,Mishawaka,IN,41.616111,-86.192222,1000,NORMAL,Northern Indiana|IN,Elkhart|Kosciusko|La Porte|Marshall|St. Joseph|Starke|Berrien|Cass
WXJ58,162.550,Fort Wayne,Fort Wayne,IN,41.103611,-85.191111,1000,NORMAL,Northern Indiana|IN,Adams|Allen|Blackford|De Kalb|Grant|Huntington|Jay|Kosciusko|Noble|Wabash|Wells|Whitley|Defiance|Paulding
WXJ60,162.475,Gainesville,Northwood,FL,29.7094,-82.3903,1000,NORMAL,Jacksonville|FL,Alachua|Baker|Bradford|Clay|Columbia|Dixie|Gilchrist|Lafayette|Levy|Marion|Putnam|Suwannee|Union
WXJ61,162.425,Avilla,La Russell,KS,37.164222,-94.0053,1000,NORMAL,Springfield|MO,Cherokee|Crawford|Barry|Barton|Cedar|Dade|Jasper|Lawrence|McDonald|Newton|Stone
WXJ62,162.550,Nome,Fort Davis,AK,64.486667,-165.3025,1000,NORMAL,Fairbanks|AK,Nome
WXJ63,162.550,Valdez,Valdez,AK,61.130437,-146.352503,300,NORMAL,Anchorage|AK,Chugach
WXJ64,162.550,Leader,Omen Lake,MN,46.551944,-94.520833,1000,NORMAL,Duluth|MN,Cass|Crow Wing|Morrison|Otter Tail|Todd|Wadena
WXJ65,162.450,Broken Bow,Choctaw,AR,34.245944,-94.783139,1030,NORMAL,Shreveport|LA,Howard|Little River|Sevier|Choctaw|Le Flore|McCurtain|Pushmataha|Red River
WXJ68,162.550,Maricao,Monte Del Estado,PR,18.1481,-66.9831,1000,NORMAL,San Juan|PR,Aguada|Aguadilla|Anasco|Cabo Rojo|Camuy|Guanica|Hatillo|Hormigueros|Isabela|Lares|Las Marias|Maricao|Mayaguez|Moca|Quebradillas|Rincon|Sabana Grande|San German|San Sebastian|Yauco
WXJ69,162.400,San Juan,Aguas Buenas,PR,18.265,-66.085,1000,NORMAL,San Juan|PR,Aguas Buenas|Aibonito|Arroyo|Barceloneta|Barranquitas|Bayamon|Caguas|Canovanas|Carolina|Catano|Cayey|Cidra|Comerio|Corozal|Dorado|Guayama|Guaynabo|Gurabo|Humacao|Juncos|Las Piedras|Loiza|Luquillo|Manati|Maunabo|Morovis|Naguabo|Naranjito|Orocovis|Patillas|Rio Grande|San Juan|San Lorenzo|Toa Alta|Toa Baja|Trujillo Alto|Vega Alta|Vega Baja|Yabucoa
WXJ70,162.550,Melbourne,Melbourne,FL,28.2283,-80.7567,1000,NORMAL,Melbourne|FL,Brevard|Indian River|Orange|Osceola
WXJ71,162.475,Peoria,East Peoria,IL,40.628889,-89.57,1000,NORMAL,Lincoln|IL,Fulton|Knox|Marshall|Mason|McLean|Peoria|Stark|Tazewell|Woodford
WXJ72,162.450,Summerville,Taylors Ridge,AL,34.469028,-85.297306,302,OUT OF SERVICE,Peachtree City|GA,Cherokee|Chattooga|Floyd|Gordon|Polk|Walker
WXJ73,162.550,Quad Cities,Rock Island,IA,41.51,-90.574444,1000,NORMAL,Quad Cities|IA,Cedar|Clinton|Louisa|Muscatine|Scott|Henry|Mercer|Rock Island|Whiteside
WXJ75,162.400,Springfield,Springfield,IL,39.7833,-89.4461,1000,NORMAL,Lincoln|IL,Cass|Christian|De Witt|Logan|Macon|Macoupin|Mason|Menard|Montgomery|Morgan|Sangamon
WXJ76,162.550,Champaign,Seymour,IL,40.1058,-88.449667,1000,NORMAL,Lincoln|IL,Champaign|Coles|De Witt|Douglas|Edgar|Ford|Moultrie|Piatt|Vermilion
WXJ78,162.550,Kodiak,Woman's Bay,AK,57.7344,-152.5014,1000,NORMAL,Kodiak|AK (WSO),Kodiak Island
WXJ79,162.400,Cordova,Ski Hill,AK,60.549944,-145.749552,1000,NORMAL,Anchorage|AK,Chugach
WXJ80,162.550,Sitka,Biorka Island,AK,57.0472,-135.3669,500,NORMAL,Juneau|AK,Sitka
WXJ81,162.550,Fairbanks,Ester Dome,AK,64.8789,-148.0558,700,NORMAL,Fairbanks|AK,Fairbanks North Star|Southeast Fairbanks|Yukon-Koyukuk
WXJ83,162.400,Wrangell,Wrangell,AK,56.472495,-132.386953,1000,NORMAL,Juneau|AK,Wrangell
WXJ84,162.400,Charleston,Charleston,WV,38.356833,-81.605333,1000,NORMAL,Charleston|WV,Boone|Cabell|Clay|Fayette|Jackson|Kanawha|Lincoln|Mason|Nicholas|Putnam|Raleigh|Roane
WXJ85,162.550,Clarksburg,Bridgeport,WV,39.300003,-80.291309,1000,NORMAL,Charleston|WV,Barbour|Doddridge|Harrison|Lewis|Marion|Randolph|Ritchie|Taylor|Tyler|Upshur|Wetzel
WXJ86,162.550,LaCrescent,LaCrescent,IA,43.804722,-91.368333,1000,NORMAL,La Crosse|WI,Allamakee|Houston|Winona|Buffalo|Crawford|Jackson|La Crosse|Monroe|Trempealeau|Vernon
WXJ87,162.550,Madison,Middleton Junction,WI,43.055833,-89.535,1000,NORMAL,Milwaukee/Sullivan|WI,Columbia|Dane|Dodge|Green|Iowa|Jefferson|Lafayette|Rock|Sauk
WXJ88,162.400,Menomonie,Wheeler,WI,45.046944,-91.863333,1000,NORMAL,Twin Cities/Chanhassen|MN,Barron|Buffalo|Chippewa|Dunn|Eau Claire|Pepin|Pierce|Polk|Rusk|St. Croix|Trempealeau
WXJ89,162.475,Wausau,Marathon,WI,44.9206,-89.6919,1000,NORMAL,Green Bay|WI,Clark|Langlade|Lincoln|Marathon|Menominee|Oneida|Portage|Shawano|Taylor|Waupaca|Wood
WXJ91,162.525,Madisonville,Madisonville,KY,37.190278,-87.513056,1000,NORMAL,Paducah|KY,Caldwell|Christian|Crittenden|Daviess|Henderson|Hopkins|Lyon|McLean|Muhlenberg|Todd|Trigg|Union|Webster
WXJ92,162.500,Macomb,Macomb,IL,40.427778,-90.682778,1000,NORMAL,Quad Cities|IA,Adams|Brown|Cass|Fulton|Hancock|Henderson|Knox|Mason|McDonough|Schuyler|Warren
WXJ93,162.400,Lima,Cridersville,OH,40.634167,-84.208056,1000,NORMAL,Wilmington|OH,Allen|Auglaize|Defiance|Hancock|Hardin|Logan|Mercer|Paulding|Putnam|Shelby|Van Wert|Wyandot
WXJ94,162.550,Lewes,Green Hill,DE,38.6269,-75.2317,500,NORMAL,Philadelphia/Mt Holly|NJ,Kent|Sussex|Caroline|Wicomico|Worcester|Cape May
WXJ95,162.400,Key West,Summerland Key,FL,24.6598,-81.5383,300,NORMAL,Key West|FL,Monroe
WXJ96,162.550,Monroe,Monroe,LA,32.527694,-92.102222,800,NORMAL,Shreveport|LA,Caldwell|Franklin|Jackson|Lincoln|Morehouse|Ouachita|Richland|Union|West Carroll|Winn
WXJ97,162.400,Shreveport,Lake View,LA,32.575806,-93.8686,1120,NORMAL,Shreveport|LA,Bienville|Bossier|Caddo|Claiborne|De Soto|Red River|Webster|Cass|Harrison|Marion|Panola
WXJ98,162.400,Del Rio,Amistad Village,TX,29.4681,-101.01145,1000,NORMAL,Austin/San Antonio|TX,Kinney|Maverick|Val Verde
WXK20,162.550,Paris,Paris,OK,33.6164,-95.547111,1000,NORMAL,Fort Worth-Dallas|TX,Bryan|Choctaw|Delta|Fannin|Franklin|Hopkins|Hunt|Lamar|Red River|Titus
WXK22,162.475,Sherman,Sherman/Denison,OK,33.702833,-96.56825,1030,NORMAL,Fort Worth-Dallas|TX,Bryan|Carter|Johnston|Love|Marshall|Collin|Cooke|Denton|Fannin|Grayson
WXK23,162.550,Lufkin,Lufkin,TX,31.296111,-94.714167,1000,NORMAL,Shreveport|LA,Angelina|Cherokee|Houston|Jasper|Nacogdoches|Polk|San Augustine|Trinity|Tyler
WXK24,162.450,Odell,Odell,IL,40.9925,-88.598056,1000,NORMAL,Chicago|IL,Ford|Grundy|Iroquois|Kankakee|La Salle|Livingston|Marshall|McLean|Will|Woodford
WXK25,162.475,El Paso,COMANCHE PEAK,NM,31.796111,-106.483056,300,NORMAL,El Paso|TX,Dona Ana|Otero|El Paso|Hudspeth
WXK26,162.475,Laredo,Laredo,TX,27.5203,-99.5222,500,NORMAL,Corpus Christi|TX,Webb|Zapata
WXK27,162.400,Austin,Austin,TX,30.3219,-97.8033,1010,NORMAL,Austin/San Antonio|TX,Bastrop|Blanco|Burnet|Caldwell|Hays|Lee|Travis|Williamson
WXK28,162.475,Beaumont,Beaumont,TX,30.13327,-94.11866,1000,NORMAL,Lake Charles|LA,Chambers|Hardin|Jasper|Jefferson|Newton|Orange|Tyler
WXK29,162.400,Abilene,Clyde,TX,32.275556,-99.590278,1000,NORMAL,San Angelo|TX,Callahan|Coleman|Fisher|Haskell|Jones|Nolan|Runnels|Shackelford|Taylor
WXK30,162.550,Bryan,College Station,TX,30.6431,-96.3314,1000,NORMAL,Houston/Galveston|TX,Austin|Brazos|Burleson|Grimes|Leon|Madison|Milam|Robertson|Walker|Waller|Washington
WXK31,162.475,Wichita Falls,Wichita Falls,OK,33.881972,-98.601611,1000,NORMAL,Norman|OK,Cotton|Tillman|Archer|Baylor|Clay|Wichita|Wilbarger
WXK32,162.400,Midland/Odessa,Odessa,TX,31.845186,-102.469992,700,NORMAL,Midland/Odessa|TX,Andrews|Crane|Ector|Martin|Midland|Upton|Ward|Winkler
WXK33,162.550,San Angelo,San Angelo,TX,31.623278,-100.437722,1000,NORMAL,San Angelo|TX,Coke|Concho|Irion|Runnels|Schleicher|Sterling|Tom Green
WXK34,162.400,Victoria,Victoria,TX,28.8356,-97.116667,1000,NORMAL,Corpus Christi|TX,Calhoun|DeWitt|Goliad|Jackson|Lavaca|Victoria
WXK35,162.475,Waco,Moody,TX,31.314833,-97.326972,1040,NORMAL,Fort Worth-Dallas|TX,Bell|Bosque|Coryell|Falls|Hill|Limestone|McLennan|Milam|Robertson
WXK36,162.475,Tyler,Lindale,TX,32.4856,-95.4831,1000,NORMAL,Shreveport|LA,Anderson|Cherokee|Gregg|Henderson|Rusk|Smith|Upshur|Van Zandt|Wood
WXK37,162.475,Big Spring,Big Spring,TX,32.2818,-101.493099,950,NORMAL,Midland/Odessa|TX,Borden|Dawson|Glasscock|Howard|Martin|Midland|Mitchell|Scurry
WXK38,162.550,Amarillo,Amarillo,TX,35.374889,-101.882611,950,NORMAL,Amarillo|TX,Armstrong|Carson|Hartley|Hutchinson|Moore|Oldham|Potter|Randall
WXK40,162.400,Mankato,Janesville,MN,44.087722,-93.701778,1000,NORMAL,Twin Cities/Chanhassen|MN,Blue Earth|Brown|Dodge|Faribault|Freeborn|Le Sueur|Martin|Mower|Nicollet|Rice|Steele|Waseca|Watonwan
WXK41,162.475,Rochester,Viola,MN,44.0625,-92.351944,1000,OUT OF SERVICE,La Crosse|WI,Dodge|Fillmore|Goodhue|Houston|Mower|Olmsted|Wabasha|Winona|Buffalo
WXK42,162.475,Fargo,Fargo,MN,47.012417,-97.195056,1020,NORMAL,Grand Forks|ND,Clay|Norman|Wilkin|Barnes|Cass|Ransom|Richland|Sargent|Steele|Traill
WXK43,162.550,Thief River Falls,Thief River Falls,MN,48.119924,-96.205269,1000,NORMAL,Grand Forks|ND,Beltrami|Clearwater|Kittson|Marshall|Pennington|Polk|Red Lake|Roseau
WXK44,162.475,Willmar,New London,MN,45.3428,-95.007917,600,NORMAL,Twin Cities/Chanhassen|MN,Benton|Chippewa|Kandiyohi|Lac qui Parle|McLeod|Meeker|Pope|Renville|Stearns|Stevens|Swift|Wright|Yellow Medicine
WXK45,162.550,International Falls,Little Fork,MN,48.389722,-93.55,1000,NORMAL,Duluth|MN,Koochiching
WXK46,162.475,Knoxville,Sharps Ridge,TN,35.9991,-83.9497,1000,NORMAL,Morristown|TN,Anderson|Blount|Campbell|Claiborne|Cocke|Grainger|Hamblen|Jefferson|Knox|Loudon|Monroe|Morgan|Roane|Scott|Sevier|Union
WXK47,162.550,Bristol,Holston Mtn.,NC,36.4429,-82.1203,500,NORMAL,Morristown|TN,Ashe|Avery|Madison|Mitchell|Watauga|Yancey|Carter|Cocke|Greene|Hancock|Hawkins|Johnson|Sullivan|Unicoi|Washington|City of Bristol|City of Norton|Lee|Russell|Scott|Smyth|Wise
WXK48,162.550,Chattanooga,Chattanooga,GA,35.2072,-85.2864,1000,NORMAL,Morristown|TN,Catoosa|Chattooga|Dade|Gordon|Murray|Walker|Whitfield|Bledsoe|Bradley|Hamilton|Marion|McMinn|Meigs|Monroe|Polk|Rhea|Sequatchie
WXK49,162.475,Memphis,Memphis,AR,35.181278,-89.832306,1125,NORMAL,Memphis|TN,Crittenden|Cross|Lee|Mississippi|St. Francis|Benton|DeSoto|Marshall|Tate|Tunica|Fayette|Hardeman|Haywood|Lauderdale|Shelby|Tipton
WXK52,162.400,Chatsworth,Cohutta Mtn.,GA,34.751667,-84.715,200,NORMAL,Peachtree City|GA,Bartow|Catoosa|Cherokee|Fannin|Gilmer|Gordon|Murray|Pickens|Walker|Whitfield
WXK53,162.550,Pelham,Pelham,GA,31.1358,-84.1044,1000,NORMAL,Tallahassee|FL,Baker|Brooks|Calhoun|Colquitt|Cook|Decatur|Dougherty|Early|Grady|Lee|Lowndes|Miller|Mitchell|Seminole|Terrell|Thomas|Tift|Worth
WXK54,162.550,Augusta,Wrens,GA,33.2592,-82.285833,1000,NORMAL,Columbia|SC,Burke|Columbia|Emanuel|Glascock|Hancock|Jefferson|Jenkins|Johnson|Lincoln|McDuffie|Richmond|Screven|Taliaferro|Warren|Washington|Wilkes|Aiken|Allendale|Barnwell|Edgefield|McCormick
WXK56,162.400,Athens,Neese,GA,34.0836,-83.322111,500,NORMAL,Peachtree City|GA,Banks|Barrow|Clarke|Elbert|Franklin|Greene|Hall|Hart|Jackson|Madison|Morgan|Oconee|Oglethorpe|Walton|Wilkes
WXK57,162.550,Baker,Bechtold Hill,MT,46.239167,-104.335,300,NORMAL,Billings|MT,Carter|Custer|Fallon|Wibaux|Bowman|Slope|Harding
WXK58,162.550,Reno,Slide Mtn.,CA,39.3131,-119.8836,300,NORMAL,Reno|NV,Alpine|El Dorado|Nevada|Placer|City of Carson City|Douglas|Lyon|Storey|Washoe
WXK60,162.550,Jackson,Norton Hill,TN,35.529694,-88.777083,850,OUT OF SERVICE,Memphis|TN,Carroll|Chester|Crockett|Dyer|Gibson|Hardeman|Hardin|Haywood|Henderson|Madison|McNairy|Weakley
WXK61,162.400,Cookeville,Anderson,TN,36.171333,-85.231278,1000,NORMAL,Nashville|TN,Clay|Cumberland|DeKalb|Fentress|Jackson|Overton|Pickett|Putnam|Smith|Trousdale|Van Buren|White
WXK62,162.400,Waverly,McEwen,TN,36.110556,-87.667222,1000,NORMAL,Nashville|TN,Benton|Dickson|Hickman|Houston|Humphreys|Lewis|Perry|Stewart
WXK63,162.475,Shelbyville,Beech Grove,TN,35.7025,-86.195833,1000,OUT OF SERVICE,Nashville|TN,Bedford|Cannon|Coffee|Franklin|Grundy|Marshall|Moore|Rutherford|Warren|Williamson|Wilson
WXK64,162.425,Hot Springs,Battle Mountain,NE,43.455278,-103.445556,300,NORMAL,Rapid City|SD,Dawes|Sheridan|Sioux|Custer|Fall River
WXK65,162.475,Richmond,Sandston,VA,37.503056,-77.541667,1000,NORMAL,Wakefield|VA,Amelia|Caroline|Charles City|Chesterfield|City of Colonial Heights|City of Fredericksburg|City of Hopewell|City of Petersburg|City of Richmond|Cumberland|Dinwiddie|Fluvanna|Goochland|Hanover|Henrico|King and Queen|King William|Louisa|New Kent|Nottoway|Powhatan|Prince Edward|Prince George|Spotsylvania|Sussex
WXK66,162.400,Helena,Hogback Mtn.,MT,46.826389,-111.709167,1000,NORMAL,Great Falls|MT,Broadwater|Jefferson|Lewis and Clark|Meagher
WXK67,162.550,San Antonio,San Antonio,TX,29.685389,-98.449611,1000,NORMAL,Austin/San Antonio|TX,Atascosa|Bandera|Bexar|Comal|Guadalupe|Kendall|Medina|Wilson
WXK68,162.550,Boise,Doe Point,ID,43.754611,-116.095,297,NORMAL,Boise|ID,Ada|Boise|Canyon|Elmore|Gem|Owyhee
WXK69,162.400,Yakutat,Monti Bay,AK,59.510673,-139.671921,500,NORMAL,Juneau|AK,Yakutat
WXK71,162.475,Macon,GA Forrestry Comm.,GA,32.805278,-83.538889,1000,NORMAL,Peachtree City|GA,Bibb|Bleckley|Crawford|Houston|Jones|Macon|Monroe|Peach|Twiggs|Wilkinson
WXK72,162.400,Putnamville,Brazil,IN,39.568333,-86.886944,1000,NORMAL,Indianapolis|IN,Clay|Fountain|Hendricks|Montgomery|Morgan|Owen|Parke|Putnam|Vermillion|Vigo
WXK73,162.400,Houghton,Painesdale,MI,47.035556,-88.695278,1000,NORMAL,Marquette|MI,Baraga|Gogebic|Houghton|Keweenaw|Ontonagon
WXK74,162.475,Monticello/Lafayette,Yeoman,IN,40.668889,-86.695556,1000,NORMAL,Indianapolis|IN,Benton|Carroll|Cass|Clinton|Fulton|Howard|Jasper|Miami|Newton|Pulaski|Tippecanoe|Warren|White
WXK75,162.475,Waycross,Hasty,GA,31.221389,-82.573333,500,NORMAL,Jacksonville|FL,Appling|Atkinson|Bacon|Berrien|Brantley|Camden|Charlton|Clinch|Coffee|Echols|Glynn|Irwin|Jeff Davis|Lanier|Lowndes|Pierce|Ware|Wayne
WXK76,162.400,Flagstaff,Mt Elden,AZ,35.2414,-111.5975,100,NORMAL,Flagstaff|AZ,Coconino|Navajo|Yavapai
WXK78,162.475,Alexandria,Jena,LA,31.63906,-92.20532,1000,NORMAL,Lake Charles|LA,Avoyelles|Catahoula|Concordia|Grant|La Salle|Rapides|Winn
WXK79,162.400,Lubbock,New Deal,TX,33.7372,-101.7492,1000,NORMAL,Lubbock|TX,Cochran|Crosby|Floyd|Garza|Hale|Hockley|Lamb|Lubbock|Lynn|Terry
WXK80,162.550,Lafayette,Youngsville,LA,30.04863,-91.99683,1000,NORMAL,Lake Charles|LA,Acadia|Evangeline|Iberia|Lafayette|St. Landry|St. Martin|St. Mary|Vermilion
WXK81,162.400,Onondaga,Rossman Rd.,MI,42.4428,-84.572429,1000,NORMAL,Grand Rapids|MI,Branch|Calhoun|Clinton|Eaton|Hillsdale|Ingham|Jackson|Livingston|Shiawassee
WXK82,162.475,Hannibal,Hannibal,IL,39.729944,-91.4055,1000,NORMAL,St. Louis|MO,Adams|Brown|Pike|Lewis|Marion|Monroe|Ralls|Shelby
WXK83,162.475,Fort Myers,Fort Myers,FL,26.62966,-81.8103,1000,NORMAL,Tampa Bay Area|FL,Charlotte|Collier|DeSoto|Glades|Hendry|Lee
WXK83A,162.500,Sebring,Avon Park,FL,27.561928,-81.49364,1000,NORMAL,Tampa Bay Area|FL,Hardee|Highlands|Polk
WXK84,162.400,Fort Dodge,Fort Dodge,IA,42.456778,-94.221889,260,NORMAL,Des Moines|IA,Boone|Calhoun|Hamilton|Humboldt|Pocahontas|Webster|Wright
WXK85,162.400,Oklahoma City,Oklahoma City,OK,35.5681,-97.489111,1080,NORMAL,Norman|OK,Canadian|Cleveland|Grady|Kingfisher|Lincoln|Logan|McClain|Oklahoma|Payne|Pottawatomie
WXK86,162.550,Lawton,Lawton,OK,34.591902,-98.548877,1000,NORMAL,Norman|OK,Caddo|Comanche|Cotton|Grady|Kiowa|Stephens|Tillman
WXK87,162.525,Clinton,Arapaho,OK,35.582833,-98.989389,1000,NORMAL,Norman|OK,Beckham|Blaine|Caddo|Custer|Dewey|Kiowa|Roger Mills|Washita
WXK88,162.400,Payette,Syme Hill / Ontario OR,ID,43.948139,-116.928722,100,NORMAL,Boise|ID,Canyon|Gem|Owyhee|Payette|Washington|Malheur
WXK89,162.550,Unalaska,Dutch Harbor,AK,53.8891,-166.533852,300,NORMAL,Anchorage|AK,Aleutians West
WXK90,162.450,Cheraw,Chesterfield,NC,34.646197,-79.945287,300,NORMAL,Columbia|SC,Anson|Richmond|Scotland|Chesterfield|Darlington|Lee|Marlboro
WXK91,162.475,Topeka,Maple Hill,KS,39.006028,-96.049389,1000,NORMAL,Topeka|KS,Atchison|Douglas|Geary|Jackson|Jefferson|Morris|Osage|Pottawatomie|Riley|Shawnee|Wabaunsee
WXK92,162.400,Ellsworth,Ellsworth,KS,38.8136,-98.1694,1000,NORMAL,Wichita|KS,Barton|Ellsworth|Lincoln|McPherson|Rice|Russell|Saline
WXK93,162.475,Dodge City,Ensign,KS,37.641222,-100.344722,1000,NORMAL,Dodge City|KS,Clark|Finney|Ford|Gray|Haskell|Hodgeman|Meade|Seward
WXK94,162.550,Concordia,Concordia,KS,39.4389,-97.7053,1000,NORMAL,Topeka|KS,Clay|Cloud|Jewell|Mitchell|Ottawa|Republic|Washington
WXK95,162.400,Chanute,Erie,KS,37.573167,-95.220167,1000,NORMAL,Wichita|KS,Allen|Bourbon|Cherokee|Crawford|Labette|Montgomery|Neosho|Wilson|Woodson
WXK96,162.400,Gem,Colby,KS,39.4808,-100.91,700,NORMAL,Goodland|KS,Cheyenne|Decatur|Gove|Logan|Rawlins|Sheridan|Sherman|Thomas|Wallace
WXK97,162.500,Sudlersville,Sudlersville,DE,39.175389,-75.918278,1100,NORMAL,Philadelphia/Mt Holly|NJ,Kent|New Castle|Sussex|Anne Arundel|Baltimore|Caroline|Cecil|City of Baltimore|Dorchester|Harford|Howard|Queen Annes|Talbot|Cumberland|Salem|Chester
WXK98,162.550,Lewiston,Winchester Grade,ID,46.33,-116.632778,100,NORMAL,Spokane|WA,Clearwater|Idaho|Latah|Lewis|Nez Perce|Asotin|Garfield|Whitman
WXL22,162.425,Princeton,Tiskilwa,IL,41.285556,-89.598889,300,NORMAL,Quad Cities|IA,Bureau|Henry|La Salle|Lee|Marshall|Putnam|Stark|Whiteside
WXL23,162.525,Lead,Terry Peak,MT,44.328056,-103.834444,300,NORMAL,Rapid City|SD,Carter|Butte|Harding|Lawrence|Pennington|Crook|Weston
WXL25,162.400,Missoula,Point Six Mtn.,MT,47.0403,-113.9878,100,NORMAL,Missoula|MT,Granite|Lake|Mineral|Missoula|Ravalli|Sanders
WXL26,162.475,Port O'Connor,Port O'Connor,TX,28.438472,-96.448778,100,NORMAL,Corpus Christi|TX,Aransas|Calhoun|Jackson
WXL27,162.550,Billings,Emerald Hills,MT,45.805833,-108.349444,300,NORMAL,Billings|MT,Big Horn|Carbon|Golden Valley|Musselshell|Stillwater|Sweet Grass|Wheatland|Yellowstone
WXL28,162.550,Elko,West Twin Peak,NV,40.915278,-115.819167,100,NORMAL,Elko|NV,Elko|Eureka
WXL29,162.400,Winnemucca,Winnemucca Mtn.,NV,41.011111,-117.7675,100,NORMAL,Elko|NV,Humboldt|Pershing
WXL30,162.400,Tucson,Mt. Lemmon,AZ,32.440778,-110.788139,146,NORMAL,Tucson|AZ,Pima|Pinal
WXL31,162.550,Syracuse,Makyes Rd.,NY,42.966667,-76.200278,1000,NORMAL,Binghamton|NY,Cayuga|Cortland|Jefferson|Lewis|Madison|Oneida|Onondaga|Oswego|Wayne
WXL32,162.400,Glasgow,Signal Hill,MT,48.031389,-106.315833,300,NORMAL,Glasgow|MT,Garfield|McCone|Valley
WXL33,162.550,Pocatello,Atomic City,ID,43.500833,-112.663333,100,NORMAL,Pocatello|ID,Bannock|Bingham|Blaine|Bonneville|Butte|Clark|Jefferson|Madison|Power
WXL34,162.550,Albany,New Scotland,MA,42.636944,-74.001667,1000,OUT OF SERVICE,Albany|NY,Berkshire|Albany|Columbia|Fulton|Greene|Montgomery|Rensselaer|Saratoga|Schenectady|Schoharie
WXL35,162.400,Twin Falls,Jerome,ID,42.7303,-114.413389,102,NORMAL,Boise|ID,Cassia|Gooding|Jerome|Lincoln|Twin Falls
WXL36,162.550,Las Vegas,Boulder City,NV,35.9969,-114.862778,100,NORMAL,Las Vegas|NV,Clark
WXL37,162.475,Highland,Illinois Mtn.,CT,41.7192,-73.996389,1000,NORMAL,Albany|NY,Litchfield|Columbia|Dutchess|Greene|Orange|Putnam|Sullivan|Ulster
WXL38,162.475,Binghamton,Binghamton,NY,42.0611,-75.9456,1000,NORMAL,Binghamton|NY,Broome|Chenango|Cortland|Delaware|Tioga|Tompkins|Bradford|Susquehanna
WXL39,162.400,Allentown,Allentown,NJ,40.565,-75.4406,1010,NORMAL,Philadelphia/Mt Holly|NJ,Hunterdon|Mercer|Morris|Somerset|Sussex|Warren|Berks|Bucks|Carbon|Lehigh|Monroe|Montgomery|Northampton|Pike|Schuylkill
WXL40,162.550,Harrisburg,Blue Mtn.,PA,40.345235,-76.868997,1000,NORMAL,State College|PA,Adams|Berks|Cumberland|Dauphin|Juniata|Lancaster|Lebanon|Perry|Schuylkill|York
WXL41,162.475,Buras,Buras,LA,29.35545,-89.52424,1000,NORMAL,New Orleans/Baton Rouge|LA,Jefferson|Plaquemines
WXL42,162.400,Winston-Salem,Sauratown Mtn. ,NC,36.37748,-80.3639,1000,NORMAL,Raleigh|NC,Alamance|Alexander|Alleghany|Caswell|Davidson|Davie|Forsyth|Guilford|Iredell|Randolph|Rockingham|Rowan|Stokes|Surry|Wilkes|Yadkin|Carroll|City of Danville|City of Galax|City of Martinsville|Floyd|Grayson|Henry|Patrick|Pittsylvania
WXL43,162.550,Wilkes-Barre,Penobscot Knob,PA,41.182778,-75.873889,500,NORMAL,Binghamton|NY,Carbon|Columbia|Lackawanna|Luzerne|Monroe|Pike|Schuylkill|Susquehanna|Wayne|Wyoming
WXL44,162.500,Ozona,Ozona,TX,30.739861,-101.270528,304,NORMAL,San Angelo|TX,Crockett|Sutton
WXL45,162.400,Columbia,Fulton,MO,38.8786,-91.981778,1000,NORMAL,St. Louis|MO,Audrain|Boone|Callaway|Cole|Cooper|Gasconade|Howard|Moniteau|Montgomery|Osage
WXL46,162.400,Fordland,Fordland,MO,37.2192,-92.9492,1000,NORMAL,Springfield|MO,Barry|Christian|Dade|Dallas|Douglas|Greene|Laclede|Lawrence|Polk|Stone|Taney|Webster|Wright
WXL47,162.400,Bloomfield,Idalia/Sikeston,MO,36.9022,-89.8881,1000,NORMAL,Paducah|KY,Butler|Dunklin|Mississippi|New Madrid|Scott|Stoddard|Wayne
WXL48,162.475,Enid,Drummond,OK,36.287667,-98.03675,1050,NORMAL,Norman|OK,Alfalfa|Blaine|Garfield|Grant|Kingfisher|Logan|Major
WXL49,162.475,McAlester,McAlester,OK,34.976528,-95.717028,950,NORMAL,Tulsa|OK,Atoka|Coal|Haskell|Hughes|Latimer|McIntosh|Okfuskee|Okmulgee|Pittsburg|Pushmataha
WXL50,162.475,Saint Pauls,Saint Pauls,NC,34.797498,-79.044835,1000,NORMAL,Wilmington|NC,Bladen|Columbus|Cumberland|Harnett|Hoke|Moore|Robeson|Sampson|Scotland|Dillon|Marlboro
WXL51,162.500,Toledo,Holland,MI,41.625556,-83.711111,300,NORMAL,Cleveland|OH,Lenawee|Monroe|Defiance|Fulton|Hancock|Henry|Lucas|Ottawa|Sandusky|Seneca|Williams|Wood
WXL52,162.550,Clearfield,Clearfield,PA,41.122592,-78.44116,500,NORMAL,State College|PA,Cambria|Cameron|Clearfield|Clinton|Elk|Jefferson
WXL53,162.400,Havre,Squaw Butte,MT,48.494364,-109.714889,300,NORMAL,Great Falls|MT,Blaine|Chouteau|Hill
WXL54,162.400,Miles City,Gov't. Hill,MT,46.404444,-105.663333,300,NORMAL,Billings|MT,Carter|Custer|Powder River|Prairie|Rosebud
WXL55,162.400,Williamsport,Montoursvil,PA,41.190185,-76.979783,1000,NORMAL,State College|PA,Clinton|Columbia|Lycoming|Montour|Northumberland|Snyder|Sullivan|Union
WXL56,162.400,Asheville,Asheville,NC,35.425556,-82.756944,300,NORMAL,Greenville-Spartanburg|SC,Avery|Buncombe|Burke|Haywood|Henderson|Jackson|Madison|McDowell|Mitchell|Polk|Rutherford|Transylvania|Yancey
WXL57,162.550,Des Moines,Johnston,IA,41.8094,-93.621583,1020,NORMAL,Des Moines|IA,Adair|Boone|Clarke|Dallas|Greene|Guthrie|Jasper|Madison|Marion|Polk|Story|Warren
WXL58,162.550,Chapel Hill,Durham,NC,35.866944,-79.1669,1000,NORMAL,Raleigh|NC,Alamance|Chatham|Durham|Franklin|Granville|Harnett|Johnston|Lee|Moore|Orange|Person|Randolph|Vance|Wake|Warren
WXL59,162.475,Rocky Mount,Tarboro,NC,35.9014,-77.7831,1000,NORMAL,Raleigh|NC,Bertie|Edgecombe|Greene|Halifax|Martin|Nash|Northampton|Pitt|Warren|Wilson
WXL60,162.475,Roanoke,Poor Mtn.,NC,37.19917,-80.1494,1000,NORMAL,Blacksburg|VA,Caswell|Rockingham|Alleghany|Bedford|Bland|Botetourt|Carroll|City of Buena Vista|City of Covington|City of Danville|City of Galax|City of Lexington|City of Martinsville|City of Radford|City of Roanoke|City of Salem|Craig|Floyd|Franklin|Giles|Halifax|Henry|Montgomery|Patrick|Pittsylvania|Pulaski|Roanoke|Rockbridge|Wythe
WXL61,162.475,Cedar Rapids,Cedar Rapids,IA,41.909167,-91.654722,1000,NORMAL,Quad Cities|IA,Benton|Cedar|Delaware|Iowa|Johnson|Jones|Keokuk|Linn|Washington
WXL62,162.475,Sioux City,Lawton,IA,42.482139,-96.258306,1090,NORMAL,Sioux Falls|SD,Cherokee|Ida|Monona|OBrien|Plymouth|Sioux|Woodbury|Dakota|Dixon|Thurston|Union
WXL63,162.500,Bear Lake,Laketown,ID,41.8825,-111.269167,50,NORMAL,Salt Lake City|UT,Bear Lake|Cache|Rich|Lincoln
WXL64,162.400,Dubuque,Jamestown,IA,42.5286,-90.613889,1000,NORMAL,Quad Cities|IA,Clayton|Delaware|Dubuque|Jackson|Jones|Carroll|Jo Daviess|Grant|Lafayette
WXL65,162.400,St. Cloud,St. Cloud,MN,45.577278,-94.204667,300,NORMAL,Twin Cities/Chanhassen|MN,Benton|Mille Lacs|Morrison|Sherburne|Stearns
WXL66,162.450,Mountain View,Fox,AR,35.813111,-92.290028,1000,NORMAL,Little Rock|AR,Baxter|Boone|Cleburne|Fulton|Independence|Izard|Marion|Newton|Searcy|Sharp|Stone|Van Buren
WXL67,162.475,Scottsbluff,Angora,NE,41.84,-103.055,1000,NORMAL,Cheyenne|WY,Banner|Box Butte|Cheyenne|Garden|Kimball|Morrill|Scotts Bluff|Sheridan|Sioux
WXL68,162.550,North Platte,Sutherland,NE,41.021111,-101.1525,1000,NORMAL,North Platte|NE,Arthur|Chase|Frontier|Hayes|Keith|Lincoln|Logan|McPherson|Perkins
WXL69,162.400,Ely,Cave Mtn.,NV,39.163611,-114.614167,100,NORMAL,Elko|NV,Lincoln|White Pine
WXL70,162.475,Charlotte,Spencer Mtn.,NC,35.297222,-81.114722,1000,NORMAL,Greenville-Spartanburg|SC,Alexander|Anson|Cabarrus|Catawba|Cleveland|Gaston|Iredell|Lincoln|Mecklenburg|Montgomery|Richmond|Rowan|Stanly|Union|Cherokee|York
WXL71,162.525,Abilene,Abilene,KS,38.797111,-97.217083,1000,NORMAL,Topeka|KS,Clay|Dickinson|Geary|Marion|McPherson|Morris|Ottawa|Riley|Saline
WXL72,162.475,Demopolis,Jefferson,AL,32.362389,-87.87525,1440,NORMAL,Birmingham|AL,Choctaw|Clarke|Dallas|Greene|Hale|Marengo|Perry|Sumter|Wilcox|Kemper|Lauderdale
WXL73,162.475,Bassett,Bassett,NE,42.338056,-99.488056,1000,NORMAL,North Platte|NE,Blaine|Boyd|Brown|Garfield|Holt|Keya Paha|Loup|Rock|Wheeler
WXL74,162.400,Grand Island,Giltner,NE,40.772222,-98.0895,750,NORMAL,Hastings|NE,Adams|Buffalo|Clay|Fillmore|Hall|Hamilton|Howard|Merrick|Nance|Polk|Sherman|York
WXL75,162.475,Holdrege,Atlanta,NE,40.384833,-99.458833,1000,NORMAL,Hastings|NE,Buffalo|Dawson|Franklin|Furnas|Gosper|Harlan|Kearney|Phelps
WXL76,162.400,Merriman,Merriman,NE,42.676944,-101.709722,800,NORMAL,North Platte|NE,Cherry|Sheridan|Bennett
WXL77,162.550,Norfolk,Carroll,NE,42.2375,-97.2778,1060,NORMAL,Omaha/Valley|NE,Antelope|Boone|Cedar|Colfax|Cuming|Dixon|Knox|Madison|Pierce|Platte|Stanton|Thurston|Wayne
WXL78,162.475,Bismarck,St. Anthony,ND,46.588056,-100.8125,1000,NORMAL,Bismarck|ND,Burleigh|Emmons|Grant|Kidder|Mercer|Morton|Oliver|Sheridan|Sioux|Wells
WXL79,162.550,Butte,Xl Heights,MT,46.0075,-112.441667,100,NORMAL,Missoula|MT,Beaverhead|Deer Lodge|Gallatin|Granite|Jefferson|Madison|Powell|Silver Bow
WXL80,162.400,Dickinson,Daglum,ND,46.725,-102.916111,800,NORMAL,Bismarck|ND,Billings|Dunn|Golden Valley|Hettinger|Slope|Stark
WXL81,162.550,Jamestown,Cable Serv. Tower/Ypsilanti,ND,46.776667,-98.522222,1000,NORMAL,Bismarck|ND,Barnes|Dickey|Foster|LaMoure|Logan|McIntosh|Stutsman
WXL82,162.550,Kalispell,Blacktail Mtn.,MT,48.011667,-114.364167,100,NORMAL,Missoula|MT,Flathead|Lake|Lincoln|Sanders
WXL83,162.400,Minot,South Prarie,ND,48.050833,-101.39,1000,NORMAL,Bismarck|ND,Bottineau|Burke|McHenry|McLean|Mountrail|Pierce|Renville|Rolette|Ward
WXL84,162.550,Williston,Williston,MT,48.141667,-103.892778,1000,NORMAL,Bismarck|ND,Richland|Roosevelt|Sheridan|Divide|McKenzie|Williams
WXL85,162.400,Medford,Nugget Butte,OR,42.42794,-123.002217,500,NORMAL,Medford|OR,Jackson|Josephine
WXL86,162.400,Spokane,Spokane Mtn.,ID,47.921667,-117.113333,100,NORMAL,Spokane|WA,Benewah|Bonner|Kootenai|Lincoln|Pend Oreille|Spokane|Stevens
WXL87,162.550,Yuma,Black Mtn.,AZ,33.0536,-114.8278,100,NORMAL,Phoenix|AZ,Yuma|Imperial|Riverside
WXL88,162.550,Redding,South Fork Mtn.,CA,40.654444,-122.523611,100,NORMAL,Sacramento|CA,Butte|Glenn|Shasta|Tehama
WXL89,162.550,Bakersfield,Shirley Peak,CA,35.706194,-118.560306,100,NORMAL,Hanford|CA,Fresno|Kern|Kings|Tulare
WXL90,162.550,Des Moines,Sierra Grande,NM,36.705556,-103.876667,100,NORMAL,Albuquerque|NM,Colfax|Harding|Mora|Union|Cimarron
WXL91,162.400,Las Cruces,Tortugas Mtn.,NM,32.292556,-106.697528,100,NORMAL,El Paso|TX,Dona Ana|Otero|Sierra
WXL92,162.550,Lynchburg,Madison Heights,VA,37.43665,-79.1241,1000,NORMAL,Blacksburg|VA,Amherst|Appomattox|Bedford|Buckingham|Campbell|Charlotte|City of Lexington|City of Lynchburg|Prince Edward|Rockbridge
WXL93,162.550,Worcester,Paxton,CT,42.303889,-71.8975,500,NORMAL,Boston/Norton|MA,Tolland|Windham|Franklin|Hampden|Hampshire|Middlesex|Norfolk|Worcester|Cheshire|Hillsborough|Providence
WXL94,162.550,Waterloo,Bremer,IA,42.772583,-92.376778,900,NORMAL,Des Moines|IA,Black Hawk|Bremer|Buchanan|Butler|Chickasaw|Fayette|Floyd|Grundy
WXL95,162.400,Spout Springs,Spout Springs,OR,45.747009,-118.03772,300,NORMAL,Pendleton|OR,Umatilla|Union|Wallowa|Walla Walla
WXL96,162.475,Salem,Prospect Hill,OR,44.846889,-123.110917,100,NORMAL,Portland|OR,Benton|Clackamas|Linn|Marion|Polk|Yamhill
WXL97,162.550,Klamath Falls,Hogback Mtn.,CA,42.243056,-121.705,100,NORMAL,Medford|OR,Modoc|Siskiyou|Klamath
WXL98,162.550,Roseburg,Dodson Mtn.,OR,43.119167,-123.242778,100,NORMAL,Medford|OR,Douglas
WXL99,162.450,Medill,Kahoka,IA,40.4428,-91.8056,300,NORMAL,Quad Cities|IA,Lee|Van Buren|Adams|Hancock|Clark|Knox|Lewis|Scotland
WXM20,162.475,Lincoln,Lincoln,NE,40.821444,-96.662139,991,NORMAL,Omaha/Valley|NE,Butler|Cass|Gage|Johnson|Lancaster|Otoe|Saline|Sarpy|Saunders|Seward
WXM22,162.400,Logan,Mount Logan,ID,41.713611,-111.717222,100,NORMAL,Salt Lake City|UT,Franklin|Box Elder|Cache|Rich|Weber
WXM23,162.400,Vernal,Asphalt Ridge,UT,40.41391,-109.593289,300,NORMAL,Grand Junction|CO,Duchesne|Uintah
WXM24,162.400,Milford/Cedar City,Frisco Peak,UT,38.5197,-113.2867,100,NORMAL,Salt Lake City|UT,Beaver|Iron|Juab|Millard
WXM25,162.475,Aberdeen,Bath,ND,45.4658,-98.3367,1000,NORMAL,Aberdeen|SD,Dickey|Brown|Clark|Day|Edmunds|Faulk|Hand|Marshall|McPherson|Spink
WXM26,162.400,Pierre,Presho Tower,SD,44.4233,-100.354167,700,NORMAL,Aberdeen|SD,Buffalo|Hughes|Hyde|Jones|Lyman|Stanley|Sully
WXM27,162.550,Wessington,Wessington,SD,44.3997,-98.8011,1010,NORMAL,Sioux Falls|SD,Beadle|Buffalo|Hand|Hyde|Jerauld|Kingsbury|Sanborn|Spink
WXM28,162.400,Sioux Falls,Rowena,IA,43.518722,-96.534917,900,NORMAL,Sioux Falls|SD,Lyon|Sioux|Nobles|Pipestone|Rock|Lake|Lincoln|McCook|Minnehaha|Moody|Turner
WXM31,162.400,Elmira,Hawley Hill,NY,42.106111,-76.871111,1000,NORMAL,Binghamton|NY,Chemung|Schuyler|Steuben|Tioga|Tompkins|Bradford
WXM32,162.400,Columbus,Phenix City,AL,32.4667,-85.0561,1000,NORMAL,Peachtree City|GA,Lee|Russell|Chattahoochee|Harris|Marion|Muscogee|Stewart|Talbot|Webster
WXM33,162.400,Johnstown,Laurel Hill,PA,40.371218,-78.982065,250,NORMAL,State College|PA,Bedford|Cambria|Indiana|Somerset|Westmoreland
WXM34,162.400,The Dalles,Columbia Gorge,OR,45.711858,-121.11673,291,NORMAL,Pendleton|OR,Hood River|Sherman|Wasco|Klickitat|Skamania
WXM35,162.450,Hays,Hays,KS,39.0208,-99.470722,1070,NORMAL,Dodge City|KS,Barton|Ellis|Graham|Ness|Pawnee|Rooks|Rush|Russell|Trego
WXM36,162.550,Lancaster,Lancaster,IA,40.497778,-92.528889,300,NORMAL,Kansas City|MO,Appanoose|Davis|Adair|Putnam|Schuyler|Scotland|Sullivan
WXM37,162.550,Cheyenne,Pole Mtn.,WY,41.288056,-105.445,1000,NORMAL,Cheyenne|WY,Albany|Goshen|Laramie|Platte
WXM38,162.400,Petersburg,Dahlen,MN,48.138389,-97.993556,991,NORMAL,Grand Forks|ND,Marshall|Cavalier|Eddy|Grand Forks|Griggs|Nelson|Pembina|Ramsey|Steele|Walsh
WXM39,162.525,La Plata,La Plata,MO,39.955556,-92.4925,303,NORMAL,Kansas City|MO,Adair|Chariton|Knox|Linn|Macon|Randolph|Shelby|Sullivan
WXM40,162.500,Lowry,Selby,ND,45.397222,-99.941389,1000,NORMAL,Aberdeen|SD,Emmons|McIntosh|Campbell|Corson|Dewey|Edmunds|Faulk|McPherson|Potter|Sully|Walworth
WXM41,162.425,South Shore,South Shore,MN,45.178889,-97.015833,1000,NORMAL,Aberdeen|SD,Big Stone|Lac qui Parle|Traverse|Codington|Grant|Roberts
WXM42,162.475,Hagerstown,Clear Spring,MD,39.651111,-77.970833,1000,NORMAL,Baltimore/Washington|VA,Allegany|Carroll|Frederick|Washington|Adams|Bedford|Franklin|Fulton|City of Winchester|Clarke|Fauquier|Loudoun|Page|Shenandoah|Warren|Berkeley|Hampshire|Hardy|Jefferson|Mineral|Morgan
WXM43,162.425,Frostburg,Midland (Frostburg),MD,39.582167,-78.898667,300,NORMAL,Baltimore/Washington|VA,Allegany|Garrett|Washington|Bedford|Fulton|Somerset|Grant|Hampshire|Hardy|Mineral|Morgan
WXM44,162.475,Windsor,Mount Ascutney,NH,43.4439,-72.454722,400,NORMAL,Burlington|VT,Grafton|Sullivan|Orange|Windham|Windsor
WXM45,162.425,Middleville,Herkimer County,NY,43.1025,-74.938607,300,NORMAL,Albany|NY,Fulton|Hamilton|Herkimer|Lewis|Madison|Montgomery|Oneida|Otsego|Schoharie
WXM46,162.475,Sheridan,Banner Peak,MT,44.601944,-106.931667,500,NORMAL,Billings|MT,Big Horn|Campbell|Johnson|Sheridan
WXM47,162.400,Casper,Casper Mtn.,WY,42.734167,-106.333333,1000,NORMAL,Riverton|WY,Converse|Natrona
WXM48,162.475,Wenatchee,Birch Mtn,WA,47.549849,-120.371015,100,NORMAL,Spokane|WA,Chelan|Douglas|Grant|Kittitas
WXM49,162.425,Marion,Goreville,IL,37.557222,-89.023333,1000,NORMAL,Paducah|KY,Alexander|Franklin|Hardin|Jackson|Johnson|Massac|Perry|Pope|Pulaski|Saline|Union|Williamson|Ballard
WXM50,162.400,Greeley,Point of Rocks,CO,40.485747,-104.349355,300,NORMAL,Boulder|CO,Larimer|Weld
WXM51,162.475,Mead/Longmont,Highland,CO,40.240081,-105.055268,100,NORMAL,Boulder|CO,Adams|Arapahoe|Boulder|Broomfield|Denver|Larimer|Weld
WXM52,162.400,Pueblo,Pueblo,CO,38.275556,-104.598611,300,NORMAL,Pueblo|CO,Custer|Fremont|Huerfano|Pueblo
WXM53,162.400,Sterling,Sterling,CO,40.615087,-103.031822,300,NORMAL,Boulder|CO,Logan|Phillips|Sedgwick|Weld
WXM54,162.475,Alamosa,Agua Ramon Mountain,CO,37.729444,-106.588056,300,NORMAL,Pueblo|CO,Alamosa|Conejos|Costilla|Mineral|Rio Grande|Saguache
WXM55,162.550,Grand Junction,Rapid Creek,CO,39.0836,-108.2194,300,NORMAL,Grand Junction|CO,Garfield|Mesa
WXM56,162.475,Colorado Springs,Cheyenne Mountain,CO,38.7425,-104.8647,100,NORMAL,Pueblo|CO,El Paso|Teller
WXM57,162.400,Heathsville,Heathsville,MD,37.906083,-76.485528,1000,NORMAL,Wakefield|VA,Somerset|St. Marys|Accomack|Essex|Gloucester|King and Queen|King William|Lancaster|Mathews|Middlesex|Northampton|Northumberland|Richmond|Westmoreland
WXM58,162.400,Belle Glade,Belle Glade,FL,26.661111,-80.636611,344,NORMAL,Miami|FL,Glades|Hendry|Okeechobee|Palm Beach
WXM59,162.475,State College,Little Flat Mtn.,PA,40.752628,-77.754144,100,NORMAL,State College|PA,Centre|Huntingdon|Mifflin
WXM60,162.450,Southard,Howell Township/Lakewood,NJ,40.139866,-74.224193,300,NORMAL,Philadelphia/Mt Holly|NJ,Burlington|Mercer|Middlesex|Monmouth|Ocean|Somerset|Union
WXM61,162.475,Lander,Lander,WY,42.815539,-108.734083,300,NORMAL,Riverton|WY,Fremont
WXM62,162.475,Capitol Peak,Olympia,WA,46.975222,-123.139167,284,NORMAL,Seattle/Tacoma|WA,Grays Harbor|Lewis|Mason|Pacific|Pierce|Thurston
WXM63,162.550,Rapid City,Cabot Hill,SD,44.1144,-103.2433,1000,NORMAL,Rapid City|SD,Custer|Meade|Pennington
WXM64,162.400,Detroit Lakes,Detroit Lakes,MN,46.822778,-95.861028,100,NORMAL,Grand Forks|ND,Becker|Clay|Mahnomen|Norman|Otter Tail|Wadena
WXM65,162.525,Baxley,Plant Hatch,GA,31.929722,-82.345,300,OUT OF SERVICE,Jacksonville|FL,Appling|Jeff Davis|Tattnall|Toombs
WXM66,162.500,Victorville,San Bernardino National Forest,CA,34.232361,-117.234694,76,NORMAL,San Diego|CA,Riverside|San Bernardino
WXM68,162.425,Leyden,Leyden,MA,42.6981,-72.605,300,NORMAL,Albany|NY,Berkshire|Franklin|Hampshire|Cheshire|Bennington|Windham
WXM69,162.525,Otway,Moon Ridge,KY,38.893056,-83.255,1000,NORMAL,Wilmington|OH,Lewis|Mason|Adams|Brown|Highland|Jackson|Pike|Ross|Scioto|Vinton
WXM70,162.500,Garfield,Milwood,OH,38.97575,-81.532722,1000,NORMAL,Charleston|WV,Athens|Gallia|Meigs|Washington|Calhoun|Gilmer|Jackson|Mason|Pleasants|Putnam|Ritchie|Roane|Tyler|Wirt|Wood
WXM71,162.550,Beckley,Flat Top,VA,37.590556,-81.115,1000,NORMAL,Charleston|WV,Tazewell|Fayette|Greenbrier|McDowell|Mercer|Monroe|Nicholas|Raleigh|Summers|Wyoming
WXM72,162.425,Hinton,Keeney Mtn.,VA,37.77359,-80.7055,1000,NORMAL,Blacksburg|VA,Alleghany|Bath|Bland|City of Covington|Craig|Giles|Tazewell|Fayette|Greenbrier|Mercer|Monroe|Nicholas|Pocahontas|Raleigh|Summers
WXM73,162.400,Moorefield,Branch Mtn.,MD,38.9825,-78.908611,500,NORMAL,Baltimore/Washington|VA,Allegany|Augusta|City of Harrisonburg|City of Staunton|City of Waynesboro|City of Winchester|Frederick|Highland|Page|Rockingham|Shenandoah|Grant|Hampshire|Hardy|Mineral|Morgan|Pendleton
WXM74,162.450,Sutton,Flatwood Mountain,WV,38.7114,-80.681944,1030,OUT OF SERVICE,Charleston|WV,Braxton|Calhoun|Clay|Gilmer|Lewis|Nicholas|Roane|Upshur|Webster
WXM75,162.475,Gilbert,Horsepen Mtn.,VA,37.641389,-81.993889,500,NORMAL,Charleston|WV,Buchanan|Dickenson|Boone|Lincoln|Logan|McDowell|Mingo|Wyoming
WXM77,162.525,Caribou,Mars Hill,ME,46.551288,-67.809185,100,NORMAL,Caribou|ME,Aroostook|Penobscot
WXM78,162.450,Bloomington,Indiana University,IN,39.164167,-86.521111,300,NORMAL,Indianapolis|IN,Brown|Greene|Monroe|Morgan|Owen
WXM80,162.475,Riverhead,Riverhead,CT,40.8825,-72.715278,500,NORMAL,New York|NY,Fairfield|Middlesex|New Haven|New London|Nassau|Suffolk
WXM81,162.450,Hermitage,Lake PomDeTerre,MO,37.905444,-93.317028,1000,NORMAL,Springfield|MO,Dallas|Hickory|Polk
WXM85,162.400,Guam,Mount Alutom,GU,13.4333,144.7125,300,NORMAL,Guam|GU,Guam|Rota
WXM86,162.550,Saipan,Mount Tapochau,MP,15.1865,145.743819,300,NORMAL,Guam|GU,Rota|Saipan|Tinian
WXM87,162.475,Wray,Wray,CO,40.054167,-102.225556,100,NORMAL,Goodland|KS,Yuma|Cheyenne|Dundy
WXM89,162.550,Lake Powell,Navajo Mountain,AZ,37.034444,-110.868611,100,NORMAL,Salt Lake City|UT,Apache|Coconino|Navajo|Garfield|Kane|San Juan
WXM90,162.525,Jacksonville,Jacksonville,IL,39.6667,-90.341667,300,NORMAL,Lincoln|IL,Brown|Calhoun|Cass|Greene|Morgan|Pike|Scott
WXM91,162.500,Park Falls,Park Falls,WI,45.945278,-90.274444,1000,NORMAL,Duluth|MN,Ashland|Iron|Oneida|Price|Sawyer|Vilas
WXM92,162.450,Fort Collins/Ault,Black Hollow,CO,40.570302,-105.079238,300,NORMAL,Boulder|CO,Larimer|Weld
WXM93,162.475,Cross,Cross,SC,33.3686,-80.116434,100,NORMAL,Charleston|SC,Berkeley|Clarendon|Orangeburg|Williamsburg
WXM94,162.475,Wellsboro,Wellsboro,PA,41.737033,-77.363552,1000,NORMAL,State College|PA,Potter|Tioga
WXM95,162.525,Towanda,Troy,NY,41.810556,-76.716944,500,NORMAL,Binghamton|NY,Chemung|Steuben|Tioga|Bradford|Sullivan|Wyoming
WXM97,162.400,Haines,Haines,AK,59.247378,-135.435426,300,NORMAL,Juneau|AK,Haines|Skagway
WXM98,162.450,Marion,Marion,IN,40.5969,-85.6558,100,NORMAL,Northern Indiana|IN,Blackford|Delaware|Grant|Howard|Huntington|Madison|Miami|Tipton|Wabash|Wells
WXM99,162.425,Bemidji,Bemidji,MN,47.555833,-94.801361,1000,NORMAL,Grand Forks|ND,Beltrami|Cass|Clearwater|Hubbard|Itasca
WXN21,162.400,Cle Elum,Sky Meadows,WA,47.137333,-120.869667,40,NORMAL,Pendleton|OR,Kittitas
WXN24,162.425,Artesia,Artesia,NM,32.800611,-104.198654,100,OUT OF SERVICE,Midland/Odessa|TX,Eddy
WXN28,162.500,Springfield,Lakeville,ME,45.344444,-68.095,1000,NORMAL,Caribou|ME,Aroostook|Penobscot|Washington
WXN29,162.425,Call Hill,Call Hill,NY,42.211111,-77.689444,300,NORMAL,Binghamton|NY,Allegany|Chemung|Livingston|Ontario|Schuyler|Seneca|Steuben|Wyoming|Yates|Potter|Tioga
WXN55,162.450,Mt. Washington,Bath,NY,42.355556,-77.266111,300,NORMAL,Binghamton|NY,Allegany|Chemung|Livingston|Ontario|Schuyler|Seneca|Steuben|Wyoming|Potter|Tioga
WXN59,162.500,Ithaca,Ithaca,NY,42.418611,-76.493889,1000,NORMAL,Binghamton|NY,Cayuga|Chemung|Cortland|Schuyler|Seneca|Tompkins|Yates
WXN61,162.500,Sidney,Sidney,NE,41.184167,-103.193611,1000,NORMAL,Cheyenne|WY,Cheyenne|Deuel|Garden|Kimball
WXN68,162.475,Watertown,Miser Hill,NY,43.961225,-75.8078,100,NORMAL,Buffalo|NY,Jefferson|Lewis|Oswego|St. Lawrence
WXN69,162.425,Sister Bay,Sister Bay,MI,45.237887,-87.091394,1000,NORMAL,Green Bay|WI,Menominee|Door|Kewaunee|Marinette
WXN72,162.500,Merna,Broken Bow,NE,41.387222,-99.820833,1000,NORMAL,North Platte|NE,Custer|Sherman
WXN74,162.500,Hickman,Hickman,TN,36.1447,-85.9111,991,NORMAL,Nashville|TN,Cannon|DeKalb|Jackson|Putnam|Smith|Trousdale|Wilson
WXN81,162.450,Ulysses,Ulysses,KS,37.505115,-101.470286,1000,OUT OF SERVICE,Dodge City|KS,Finney|Grant|Hamilton|Haskell|Kearny|Morton|Seward|Stanton|Stevens
WXN82,162.450,Valentine,Valentine,NE,42.888611,-100.553333,1000,NORMAL,North Platte|NE,Cherry|Todd|Tripp
WXN83,162.525,Burlington,Burlington,IA,40.833889,-91.212778,300,NORMAL,Quad Cities|IA,Des Moines|Henry|Lee|Louisa|Hancock|Henderson|Mercer|Warren
WXN85,162.400,Fairfield,Fairfield,IA,41.089289,-91.968285,300,NORMAL,Quad Cities|IA,Davis|Henry|Jefferson|Keokuk|Lee|Van Buren|Wapello|Washington
WXN87,162.500,Natchitoches,Natchitoches,LA,31.787,-93.205,1030,NORMAL,Shreveport|LA,Bienville|De Soto|Grant|Natchitoches|Red River|Sabine|Winn
WXN88,162.525,New Town,Belden (AG),ND,48.071667,-102.44,300,NORMAL,Bismarck|ND,Dunn|McLean|Mountrail
WXN89,162.475,Coleman,Novice,TX,32.033611,-99.420556,300,NORMAL,San Angelo|TX,Brown|Callahan|Coleman|Runnels
WXN91,162.425,Lake Rathbun,Lake Rathbun,IA,40.81925,-92.904,301,NORMAL,Des Moines|IA,Appanoose|Davis|Lucas|Monroe|Wapello|Wayne|Putnam
WXN92,162.525,Harrison,Harrison,AR,36.1692,-93.2497,1000,NORMAL,Little Rock|AR,Boone|Carroll|Marion|Newton|Searcy
WXN99,162.425,West Olive,West Olive,MI,42.941389,-86.084167,300,NORMAL,Grand Rapids|MI,Allegan|Muskegon|Ottawa
WZ2500,162.450,Sand Mtn,Wythe County,NC,36.9075,-81.06805,300,NORMAL,Blacksburg|VA,Alleghany|Bland|Carroll|City of Galax|City of Radford|Giles|Grayson|Montgomery|Pulaski|Smyth|Wythe
WZ2502,162.425,Randle,Bennett Road,WA,46.535278,-121.768861,114,NORMAL,Seattle/Tacoma|WA,Lewis
WZ2503,162.525,Guadalupe Mt Nat'l. Park,Guadalupe Peak,TX,31.890043,-104.811221,325,NORMAL,Midland/Odessa|TX,Culberson|Loving|Reeves
WZ2504,162.475,Sonoma County,Sonoma County,CA,38.348333,-122.578056,100,NORMAL,San Francisco|CA,Sonoma
WZ2505,162.425,Sandberg,Sandberg,CA,34.743611,-118.724917,65,NORMAL,Los Angeles|CA,Los Angeles
WZ2506,162.500,Clifton,Cypress Inn (AG),AL,35.2736,-87.9322,1020,NORMAL,Nashville|TN,Lauderdale|Decatur|Hardin|McNairy|Perry|Wayne
WZ2507,162.500,Dickens,Dickens County,TX,33.654139,-100.846194,309,NORMAL,Lubbock|TX,Cottle|Crosby|Dickens|Floyd|Garza|Kent|King|Motley|Stonewall
WZ2509,162.525,Reedsport,Winchester Hill,OR,43.656875,-124.187375,100,NORMAL,Medford|OR,Douglas
WZ2511,162.400,Sharon,Sharon,KS,37.37059,-98.40278,1060,NORMAL,Wichita|KS,Barber|Harper|Kingman|Pratt|Reno|Stafford|Alfalfa|Woods
WZ2512,162.525,Parker,Mound City,KS,38.302944,-94.959806,683,NORMAL,Kansas City|MO,Allen|Anderson|Bourbon|Franklin|Linn|Miami|Bates|Cass|Vernon
WZ2513,162.500,Copper Harbor,Copper Harbor,MI,47.4675,-87.8722,300,NORMAL,Marquette|MI,Keweenaw
WZ2514,162.475,Munising,Alger County,MI,46.420833,-86.675,100,NORMAL,Marquette|MI,Alger
WZ2515,162.425,Grand Marais,Grand Marais,MI,46.5475,-86.0364,100,NORMAL,Marquette|MI,Alger
WZ2516,162.425,Silver City,Jack's Peak,NM,32.581944,-108.425306,110,NORMAL,El Paso|TX,Grant|Hidalgo|Luna|Sierra
WZ2518,162.450,Eagle,Eagle,CO,39.775,-106.846389,100,NORMAL,Grand Junction|CO,Eagle
WZ2519,162.400,Tonopah,Brock Mtn,NV,38.051944,-117.225556,150,NORMAL,Elko|NV,Esmeralda|Nye
WZ2520,162.450,Sun Valley,Bald Mtn,ID,43.661389,-114.403056,150,NORMAL,Pocatello|ID,Blaine
WZ2521,162.425,Battle Mtn.,Battle Mtn.,NV,40.4036,-116.8681,150,NORMAL,Elko|NV,Lander
WZ2522,162.475,Carney Butte,Carney Butte,OR,45.281186,-118.94966,100,NORMAL,Pendleton|OR,Umatilla
WZ2523,162.500,Frankfort,Frankfort,KY,38.207276,-84.836243,300,NORMAL,Louisville|KY,Franklin
WZ2524,162.425,Bishop,Bishop,CA,37.3708,-118.3672,100,NORMAL,Las Vegas|NV,Inyo
WZ2527,162.425,Fredericksburg,Fredericksburg,MD,38.311389,-77.483611,300,NORMAL,Baltimore/Washington|VA,Charles|St. Marys|Caroline|City of Fredericksburg|City of Manassas Park|City of Manassas|Culpeper|Essex|Fauquier|King George|Orange|Prince William|Spotsylvania|Stafford|Westmoreland
WZ2528,162.500,Wibaux,Wibaux,MT,46.9919,-104.2683,300,NORMAL,Glasgow|MT,Wibaux
WZ2529,162.550,Mt. Olotele,Mt. Olotele,AS,-14.317067,-170.76402,300,NORMAL,Pago Pago|AS (WSO),Eastern District|Western District
WZ2530,162.500,Susanville,Shaffer Mtn,CA,40.446389,-120.358056,100,NORMAL,Reno|NV,Lassen
WZ2531,162.500,Hialeah Spanish,Hialeah,FL,25.8397,-80.2925,300,NORMAL,Miami|FL,Broward|Miami-Dade
WZ2533,162.475,Ekalaka,Carter County,MT,45.512222,-104.48,100,NORMAL,Billings|MT,Carter
WZ2535,162.500,Orofino,Norton Knob,ID,46.5086,-116.2167,100,NORMAL,Spokane|WA,Clearwater|Idaho|Lewis|Nez Perce
WZ2536,162.475,Lyons,Lyons,NY,43.0658,-77.0361,250,NORMAL,Buffalo|NY,Wayne
WZ2540,162.500,North Kohala,Kamuela,HI,20.125361,-155.7778,300,NORMAL,Honolulu|HI,Hawaii
WZ2541,162.475,Pharr Spanish,Pharr,TX,26.1861,-98.1886,300,NORMAL,Brownsville/Rio Grande Valley|TX,Cameron|Hidalgo|Starr|Willacy
WZ2542,162.450,Santa Maria Spanish,Santa Maria,TX,26.0814,-97.8283,300,NORMAL,Brownsville/Rio Grande Valley|TX,Cameron|Hidalgo|Kenedy|Willacy
WZ2543,162.425,Richlands,Steeleburg,VA,37.0683,-81.7706,300,NORMAL,Blacksburg|VA,Tazewell
WZ2544,162.500,North Cottonwood,Granby,CO,40.060274,-105.990851,300,NORMAL,Boulder|CO,Grand
WZ2545,162.550,Joplin,Joplin,MO,37.085,-94.5133,300,NORMAL,Springfield|MO,Jasper
WZ2546,162.525,Magee,Magee,MS,31.8742,-89.7319,300,NORMAL,Jackson|MS,Covington|Jefferson Davis|Rankin|Simpson|Smith
WZ2547,162.450,Edmonton,Metcalfe Co.,KY,37.0103,-85.6036,300,NORMAL,Louisville|KY,Adair|Barren|Cumberland|Green|Metcalfe|Monroe
WZ2548,162.550,Eldon,Eldon,MO,38.2794,-92.5853,1000,NORMAL,Springfield|MO,Benton|Camden|Cole|Dallas|Hickory|Laclede|Maries|Miller|Moniteau|Morgan|Osage|Pulaski
WZ2550,162.450,Willow Creek,Willow Creek,CA,40.8739,-123.73351,150,NORMAL,Eureka|CA,Humboldt
WZ2555,162.525,Duffield Peninsula,Duffield Peninsula,AK,57.5228,-135.4617,5,NORMAL,Juneau|AK,Sitka
WZ2556,162.525,Middle Cape,Kodiak Island,AK,57.3728,-154.6264,5,NORMAL,Kodiak|AK (WSO),Kodiak Island
WZ2557,162.450,Lihue,Lihue,HI,21.987257,-159.338519,150,NORMAL,Honolulu|HI,Kauai
WZ2559,162.425,Enterprise,Enterprise,OR,45.42636,-117.29603,100,NORMAL,Pendleton|OR,Wallowa
WZ2560,162.550,Cannonsburg,Cannonsburg,MI,43.0138,-85.4778,1000,NORMAL,Grand Rapids|MI,Allegan|Barry|Ionia|Kent|Montcalm|Ottawa
WZ2561,162.450,St. Thomas,Charlotte Amalie,VI,18.3283,-64.8592,300,NORMAL,San Juan|PR,St. Thomas
WZ2572,162.475,Richmond,Fort Bend County,TX,29.5817,-95.7606,100,NORMAL,Houston/Galveston|TX,Fort Bend
