{"type":"FeatureCollection","features":[{"type":"Feature","properties":{"adm0_a3":"CAN","name":"Alberta","name_en":"Alberta","iso_3166_2":"CA-AB","postal":"AB"},"geometry":{"type":"Polygon","coordinates":[[[-110.000025,60.001087],[-109.999432,48.993083],[-114.062517,48.993083],[-114.057474,49.037962],[-114.132538,49.094058],[-114.189794,49.168062],[-114.354847,49.210689],[-114.386163,49.25203],[-114.565224,49.393886],[-114.588015,49.420319],[-114.577474,49.543619],[-114.680899,49.55555],[-114.734023,49.587201],[-114.73733,49.603846],[-114.686041,49.643067],[-114.642842,49.730298],[-114.637596,49.796755],[-114.684931,49.93427],[-114.651395,49.985324],[-114.651961,50.019612],[-114.716379,50.129344],[-114.789136,50.359145],[-114.992795,50.545033],[-115.091189,50.584815],[-115.205958,50.553658],[-115.305439,50.634561],[-115.298358,50.673497],[-115.346522,50.728945],[-115.398713,50.731373],[-115.633892,50.855243],[-115.639885,50.869174],[-115.588002,50.909197],[-115.618934,50.962316],[-115.793781,51.070422],[-115.940438,51.102051],[-115.997643,51.129539],[-116.04188,51.229998],[-116.250313,51.322657],[-116.278762,51.347826],[-116.309952,51.447769],[-116.3771,51.497273],[-116.410795,51.543724],[-116.56735,51.650698],[-116.633856,51.758473],[-116.674033,51.790685],[-116.717704,51.799936],[-116.758189,51.788543],[-116.790774,51.770954],[-116.829918,51.715242],[-116.912783,51.713847],[-117.03706,51.885904],[-117.24457,52.047106],[-117.320145,52.155959],[-117.587316,52.141731],[-117.787767,52.232523],[-117.821819,52.272161],[-117.734642,52.35257],[-117.731698,52.383156],[-117.757615,52.394637],[-117.883057,52.430156],[-118.001989,52.485889],[-118.060101,52.41272],[-118.221024,52.3861],[-118.242804,52.408864],[-118.246677,52.440757],[-118.225028,52.482692],[-118.350261,52.62346],[-118.319335,52.674459],[-118.330211,52.708824],[-118.412894,52.784223],[-118.428424,52.83554],[-118.476923,52.878508],[-118.630709,52.909434],[-118.668178,52.971672],[-118.678357,53.025911],[-118.766363,53.065418],[-118.77357,53.121569],[-118.803673,53.153397],[-118.99255,53.235585],[-119.016115,53.204373],[-119.022108,53.139444],[-119.261061,53.209493],[-119.308786,53.241891],[-119.399763,53.352502],[-119.680107,53.37064],[-119.819606,53.490995],[-119.89384,53.51555],[-119.896115,53.566702],[-119.91823,53.61223],[-119.743125,53.61502],[-119.73483,53.633653],[-119.811569,53.698791],[-119.904431,53.723005],[-119.91717,53.769894],[-119.972695,53.797053],[-120.001018,53.843788],[-120,60.001087],[-110.000025,60.001087]]]}},{"type":"Feature","properties":{"adm0_a3":"CAN","name":"British Columbia","name_en":"British Columbia","iso_3166_2":"CA-BC","postal":"BC"},"geometry":{"type":"MultiPolygon","coordinates":[[[[-139.056519,60.001582],[-120,60.001087],[-120.001018,53.843788],[-119.972695,53.797053],[-119.91717,53.769894],[-119.904431,53.723005],[-119.811569,53.698791],[-119.73483,53.633653],[-119.743125,53.61502],[-119.91823,53.61223],[-119.896115,53.566702],[-119.89384,53.51555],[-119.819606,53.490995],[-119.680107,53.37064],[-119.399763,53.352502],[-119.308786,53.241891],[-119.261061,53.209493],[-119.022108,53.139444],[-119.016115,53.204373],[-118.99255,53.235585],[-118.803673,53.153397],[-118.77357,53.121569],[-118.766363,53.065418],[-118.678357,53.025911],[-118.668178,52.971672],[-118.630709,52.909434],[-118.476923,52.878508],[-118.428424,52.83554],[-118.412894,52.784223],[-118.330211,52.708824],[-118.319335,52.674459],[-118.350261,52.62346],[-118.225028,52.482692],[-118.246677,52.440757],[-118.242804,52.408864],[-118.221024,52.3861],[-118.060101,52.41272],[-118.001989,52.485889],[-117.883057,52.430156],[-117.757615,52.394637],[-117.731698,52.383156],[-117.734642,52.35257],[-117.821819,52.272161],[-117.787767,52.232523],[-117.587316,52.141731],[-117.320145,52.155959],[-117.24457,52.047106],[-117.03706,51.885904],[-116.912783,51.713847],[-116.829918,51.715242],[-116.790774,51.770954],[-116.758189,51.788543],[-116.717704,51.799936],[-116.674033,51.790685],[-116.633856,51.758473],[-116.56735,51.650698],[-116.410795,51.543724],[-116.3771,51.497273],[-116.309952,51.447769],[-116.278762,51.347826],[-116.250313,51.322657],[-116.04188,51.229998],[-115.997643,51.129539],[-115.940438,51.102051],[-115.793781,51.070422],[-115.618934,50.962316],[-115.588002,50.909197],[-115.639885,50.869174],[-115.633892,50.855243],[-115.398713,50.731373],[-115.346522,50.728945],[-115.298358,50.673497],[-115.305439,50.634561],[-115.205958,50.553658],[-115.091189,50.584815],[-114.992795,50.545033],[-114.789136,50.359145],[-114.716379,50.129344],[-114.651961,50.019612],[-114.651395,49.985324],[-114.684931,49.93427],[-114.637596,49.796755],[-114.642842,49.730298],[-114.686041,49.643067],[-114.73733,49.603846],[-114.734023,49.587201],[-114.680899,49.55555],[-114.577474,49.543619],[-114.588015,49.420319],[-114.565224,49.393886],[-114.386163,49.25203],[-114.354847,49.210689],[-114.189794,49.168062],[-114.132538,49.094058],[-114.057474,49.037962],[-114.050602,49.014627],[-114.062517,48.993083],[-122.788777,48.993028],[-122.826707,49.028426],[-122.924172,49.074678],[-122.962723,49.074623],[-123.02724,49.038511],[-123.049202,48.993028],[-123.086435,48.993028],[-123.117647,49.056331],[-123.079563,49.130599],[-123.181884,49.129511],[-123.196353,49.147693],[-123.191079,49.219533],[-123.229422,49.260512],[-123.067263,49.29157],[-122.947633,49.293273],[-122.91301,49.323189],[-122.879112,49.398951],[-122.964453,49.329363],[-123.015534,49.322156],[-123.174287,49.348205],[-123.276762,49.343964],[-123.290506,49.359466],[-123.264073,49.390469],[-123.223017,49.590464],[-123.190667,49.644308],[-123.187487,49.680332],[-123.324997,49.577698],[-123.335643,49.4592],[-123.398974,49.441896],[-123.436981,49.4513],[-123.530568,49.397292],[-123.891837,49.494707],[-124.0286,49.602868],[-124.053792,49.661722],[-123.992609,49.736165],[-123.922769,49.717532],[-123.81719,49.586586],[-123.739055,49.593562],[-123.582478,49.681255],[-123.762671,49.658525],[-123.874396,49.736813],[-123.903801,49.795458],[-123.904268,49.981138],[-123.884965,50.017052],[-123.823804,50.043716],[-123.78466,50.088002],[-123.825457,50.14423],[-123.880109,50.17363],[-123.94589,50.183913],[-123.863053,50.10257],[-123.865739,50.072083],[-123.957442,49.992762],[-123.984935,49.87556],[-124.05878,49.853653],[-124.141617,49.792668],[-124.281269,49.772101],[-124.412605,49.778155],[-124.483247,49.808224],[-124.782378,50.020096],[-124.784262,50.072808],[-124.934176,50.258071],[-124.933352,50.297907],[-124.985597,50.355607],[-125.0436,50.363748],[-125.056701,50.418625],[-124.93684,50.537376],[-124.862655,50.637297],[-124.857541,50.717343],[-124.875421,50.825635],[-124.859864,50.872404],[-124.933582,50.810595],[-124.949265,50.764705],[-124.931078,50.718409],[-124.942547,50.665696],[-124.985416,50.591956],[-125.058772,50.513865],[-125.209872,50.476303],[-125.476313,50.497177],[-125.50719,50.507251],[-125.525976,50.534146],[-125.539336,50.64903],[-125.585819,50.573653],[-125.610132,50.486037],[-125.641316,50.466218],[-125.697544,50.46457],[-125.772422,50.508185],[-125.965045,50.487355],[-126.094338,50.497594],[-126.23655,50.52327],[-126.404476,50.529883],[-126.449949,50.549736],[-126.447471,50.58777],[-126.416127,50.606963],[-125.897605,50.684395],[-125.90412,50.704917],[-125.980728,50.711377],[-126.37032,50.666729],[-126.514339,50.679385],[-126.517339,50.724451],[-126.374604,50.837358],[-126.418198,50.850201],[-126.488164,50.841862],[-126.521755,50.866043],[-126.484599,50.960503],[-126.517339,51.056832],[-126.562866,50.965469],[-126.6318,50.915141],[-126.960384,50.893685],[-127.014053,50.866823],[-127.057586,50.867537],[-127.356947,50.945551],[-127.708119,51.151193],[-127.714316,51.268659],[-127.689179,51.343487],[-127.63272,51.427302],[-127.419657,51.60806],[-127.280647,51.654103],[-126.968135,51.669924],[-126.691434,51.70341],[-127.034103,51.716714],[-127.338732,51.707387],[-127.442706,51.678965],[-127.575745,51.56295],[-127.644866,51.478465],[-127.668689,51.477586],[-127.728735,51.505535],[-127.747522,51.54357],[-127.81896,51.603929],[-127.850535,51.673176],[-127.863224,51.820821],[-127.727653,51.993207],[-127.858808,51.990285],[-127.843328,52.086481],[-127.795345,52.191027],[-127.437927,52.35613],[-127.242255,52.395098],[-127.175744,52.314843],[-127.007977,52.290662],[-126.826335,52.125142],[-126.713994,52.060696],[-126.752644,52.112376],[-126.895219,52.225469],[-126.901393,52.265317],[-126.938164,52.308592],[-127.127069,52.370961],[-127.160577,52.394889],[-127.193987,52.457676],[-127.208252,52.498238],[-127.187115,52.537668],[-126.995189,52.657924],[-126.951315,52.721227],[-126.966405,52.784662],[-127.008235,52.84256],[-127.019348,52.842462],[-127.013223,52.719986],[-127.066194,52.652706],[-127.519264,52.359283],[-127.713387,52.318513],[-127.791885,52.289366],[-127.834308,52.251002],[-127.902187,52.150905],[-127.995384,51.950525],[-128.102254,51.788411],[-128.193567,51.998272],[-128.357615,52.158881],[-128.037478,52.31815],[-128.029129,52.342485],[-128.060319,52.427552],[-128.051557,52.453337],[-127.940222,52.54516],[-128.038253,52.531164],[-128.183981,52.407908],[-128.271542,52.363007],[-128.275162,52.435506],[-128.132378,52.805822],[-128.108818,52.85804],[-128.053266,52.910676],[-128.105945,52.906896],[-128.365025,52.825773],[-128.451971,52.876618],[-128.524684,53.140685],[-128.652323,53.243825],[-128.868539,53.328112],[-129.080927,53.367256],[-129.17157,53.533578],[-129.114463,53.641124],[-129.02142,53.692144],[-128.935611,53.715171],[-128.854587,53.704548],[-128.850423,53.665195],[-128.905613,53.559319],[-128.833037,53.549388],[-128.542125,53.420672],[-128.478613,53.410279],[-128.358049,53.459816],[-128.291076,53.457872],[-128.132692,53.417772],[-127.927846,53.274708],[-127.950066,53.329815],[-128.115146,53.445941],[-128.207234,53.483195],[-128.369161,53.49038],[-128.511764,53.476559],[-128.600336,53.506091],[-128.675553,53.554617],[-128.750793,53.660855],[-128.763658,53.7469],[-128.71472,53.809994],[-128.532121,53.858104],[-128.6509,53.918825],[-128.704799,53.918616],[-128.890166,53.829759],[-128.927838,53.822816],[-128.959358,53.84147],[-129.056406,53.777805],[-129.208127,53.641585],[-129.25784,53.41798],[-129.2843,53.393173],[-129.4624,53.346558],[-129.563716,53.251483],[-129.821785,53.412762],[-129.911883,53.551354],[-130.074382,53.575645],[-130.263259,53.654142],[-130.335242,53.723906],[-130.232844,53.867431],[-130.085956,53.975778],[-130.0635,54.105637],[-130.043296,54.133542],[-129.790781,54.165787],[-129.626036,54.230255],[-129.89842,54.226354],[-130.084248,54.181398],[-130.290313,54.270388],[-130.396787,54.351664],[-130.430251,54.421021],[-130.393458,54.479622],[-130.369997,54.620027],[-130.350485,54.655316],[-130.307232,54.700305],[-130.218946,54.730253],[-129.890153,55.164642],[-129.780756,55.280449],[-129.560667,55.462536],[-129.70133,55.438575],[-129.765458,55.498264],[-129.79517,55.559556],[-129.811913,55.532629],[-129.815638,55.417602],[-129.837726,55.31911],[-129.877156,55.250632],[-129.985184,55.111468],[-130.048466,55.057261],[-130.091796,55.107744],[-130.058414,55.194766],[-129.99583,55.264068],[-129.985135,55.358847],[-130.044049,55.471907],[-130.09296,55.631846],[-130.085127,55.751685],[-130.020302,55.880775],[-130.014073,55.950538],[-130.022884,56.014511],[-130.055958,56.065235],[-130.097866,56.10929],[-130.214705,56.082835],[-130.413146,56.122518],[-130.477097,56.230568],[-130.649072,56.26367],[-130.741681,56.340827],[-131.082922,56.404822],[-131.575115,56.598819],[-131.824274,56.589986],[-131.833085,56.684809],[-131.886,56.742114],[-131.866159,56.792838],[-132.104282,56.856789],[-132.03152,57.02655],[-132.337989,57.07946],[-132.232158,57.19853],[-133.120424,58.077744],[-133.422576,58.337065],[-133.401103,58.410882],[-133.820742,58.705052],[-134.218519,58.849896],[-134.296994,58.898499],[-134.440756,59.085333],[-134.621981,59.155305],[-134.677225,59.199283],[-134.802409,59.249974],[-134.94377,59.288272],[-135.071311,59.441433],[-135.03666,59.550703],[-135.05103,59.578663],[-135.475937,59.793281],[-135.934644,59.662642],[-136.321829,59.604832],[-136.247133,59.532905],[-136.277983,59.480324],[-136.347845,59.456034],[-136.466344,59.459088],[-136.466728,59.279945],[-136.578739,59.152251],[-136.81327,59.150031],[-137.277558,58.988214],[-137.438579,58.903125],[-137.520877,58.915374],[-137.484161,58.991235],[-137.593299,59.226254],[-138.632257,59.778285],[-138.705456,59.901331],[-139.056519,60.001582]]],[[[-130.21409,55.025895],[-130.218506,55.060261],[-130.171842,55.137],[-130.036551,55.297917],[-130.059474,55.412307],[-130.140421,55.585034],[-130.146518,55.654489],[-130.111977,55.779799],[-130.025081,55.888212],[-130.091565,55.78616],[-130.122519,55.691019],[-130.109961,55.580947],[-130.021824,55.371767],[-130.017874,55.284942],[-130.21409,55.025895]]],[[[-130.21409,55.025895],[-130.203906,54.947036],[-130.34943,54.814562],[-130.535489,54.748754],[-130.575331,54.769683],[-130.21409,55.025895]]],[[[-130.950273,54.477766],[-130.953448,54.541838],[-130.906811,54.631805],[-130.758007,54.613776],[-130.763357,54.576719],[-130.805138,54.543804],[-130.950273,54.477766]]],[[[-131.667642,54.141342],[-131.702551,53.986391],[-131.821121,53.841525],[-131.889153,53.713985],[-131.922305,53.587895],[-131.928067,53.379221],[-131.957417,53.308688],[-132.011316,53.265171],[-132.347289,53.189212],[-132.520461,53.194068],[-132.747526,53.31049],[-132.692567,53.36785],[-132.546218,53.35928],[-132.462398,53.337879],[-132.425012,53.336956],[-132.431345,53.350436],[-132.670166,53.458597],[-132.845013,53.507695],[-132.897979,53.56267],[-132.913381,53.629182],[-133.052238,53.778112],[-133.097661,53.920275],[-133.097941,54.005595],[-133.063861,54.144056],[-133.048387,54.15892],[-132.655516,54.127466],[-132.564049,54.068635],[-132.344421,54.106054],[-132.303365,54.098869],[-132.261639,54.076336],[-132.166086,53.955212],[-132.155105,53.875209],[-132.214508,53.814752],[-132.574096,53.675379],[-132.534644,53.651714],[-132.464414,53.653318],[-132.186965,53.684838],[-132.152238,53.806995],[-132.114022,53.86018],[-132.134412,54.034269],[-131.940828,54.041971],[-131.819648,54.077325],[-131.695937,54.143155],[-131.667642,54.141342]]],[[[-130.236282,53.958563],[-130.337571,53.866277],[-130.38423,53.843953],[-130.470247,53.861773],[-130.537478,53.917847],[-130.624633,53.941413],[-130.641837,53.921154],[-130.643699,53.844514],[-130.663596,53.847568],[-130.703179,53.892216],[-130.707261,53.921495],[-130.695687,53.951257],[-130.646902,53.99128],[-130.448,54.089003],[-130.397309,54.085696],[-130.315862,54.046937],[-130.236282,53.958563]]],[[[-130.51756,53.544224],[-130.451982,53.631148],[-130.195018,53.549673],[-129.944749,53.436371],[-129.754839,53.244759],[-129.768946,53.217271],[-129.848608,53.167921],[-129.934389,53.176655],[-130.151402,53.345679],[-130.305683,53.40739],[-130.41074,53.490842],[-130.51756,53.544224]]],[[[-129.238202,53.330079],[-129.177019,53.259151],[-129.173245,53.110759],[-129.27683,53.110923],[-129.323884,53.142136],[-129.331272,53.173963],[-129.314376,53.212305],[-129.253088,53.285485],[-129.238202,53.330079]]],[[[-128.678937,52.289651],[-128.730925,52.356525],[-128.735572,52.467707],[-128.766449,52.598389],[-128.746322,52.763393],[-128.831202,52.678798],[-128.899828,52.673843],[-129.02287,52.755955],[-129.084701,52.822455],[-129.094852,52.891867],[-129.175931,52.964937],[-129.177689,53.017902],[-129.111079,53.090665],[-129.060333,53.240628],[-129.03323,53.279948],[-128.970234,53.274367],[-128.857712,53.228587],[-128.632685,53.112516],[-128.55243,52.939767],[-128.506567,52.620713],[-128.509929,52.518607],[-128.576825,52.451788],[-128.624006,52.339903],[-128.678937,52.289651]]],[[[-132.54679,53.137477],[-132.345432,53.136082],[-132.153891,53.160472],[-132.035914,53.179127],[-131.89313,53.231432],[-131.753736,53.195562],[-131.652321,53.102958],[-131.622169,53.020045],[-131.634672,52.922167],[-131.795259,52.885045],[-131.879694,52.914653],[-131.971782,52.879826],[-131.904397,52.866697],[-131.727303,52.756417],[-131.610617,52.7452],[-131.455226,52.701694],[-131.572819,52.623328],[-131.590594,52.578207],[-131.443883,52.453337],[-131.429958,52.422125],[-131.259736,52.415917],[-131.259939,52.390034],[-131.327071,52.317535],[-131.319935,52.303066],[-131.142638,52.291124],[-131.11615,52.219086],[-131.221547,52.153641],[-131.421872,52.238005],[-131.511141,52.322083],[-131.562041,52.399954],[-131.809673,52.5417],[-132.092214,52.752802],[-132.165108,52.783289],[-132.238563,52.866796],[-132.258124,52.933901],[-132.144926,52.957488],[-132.143762,52.999302],[-132.468677,53.071856],[-132.504855,53.086732],[-132.54679,53.137477]]],[[[-129.313705,52.992194],[-129.370032,52.997588],[-129.40972,53.023736],[-129.500154,53.128897],[-129.514722,53.17939],[-129.450749,53.174688],[-129.343495,53.052784],[-129.313705,52.992194]]],[[[-128.968713,52.464235],[-129.151025,52.605322],[-129.250501,52.722161],[-129.263525,52.800779],[-129.245958,52.811249],[-129.186165,52.791243],[-128.994009,52.661692],[-128.940313,52.600718],[-128.93688,52.510026],[-128.968713,52.464235]]],[[[-128.247284,52.784377],[-128.323766,52.458973],[-128.368777,52.400888],[-128.445384,52.387496],[-128.412519,52.47287],[-128.435925,52.560355],[-128.439803,52.696365],[-128.364871,52.781894],[-128.247284,52.784377]]],[[[-131.098116,52.150619],[-131.010654,52.09527],[-131.029308,51.961633],[-131.080521,51.980419],[-131.103439,52.013884],[-131.117314,52.101005],[-131.098116,52.150619]]],[[[-128.142403,51.646589],[-128.031716,51.70842],[-127.998691,51.703816],[-127.916371,51.585428],[-127.924643,51.473862],[-127.941282,51.457173],[-127.981228,51.457217],[-128.044554,51.474015],[-128.091789,51.511116],[-128.148786,51.626692],[-128.142403,51.646589]]],[[[-123.283788,48.455181],[-123.31066,48.411027],[-123.334533,48.406479],[-123.445896,48.427221],[-123.573151,48.322785],[-124.11526,48.436427],[-124.689384,48.597289],[-125.017221,48.711492],[-125.120729,48.760799],[-125.135687,48.822399],[-124.849658,49.028272],[-124.80023,49.141552],[-124.812634,49.212655],[-124.868318,49.078501],[-124.927359,49.01422],[-125.168218,48.991017],[-125.36273,48.998246],[-125.460295,48.94104],[-125.489441,48.933811],[-125.543131,48.952829],[-125.660487,49.029151],[-125.82854,49.091839],[-125.702296,49.139201],[-125.644261,49.185783],[-125.728031,49.199834],[-125.835439,49.276684],[-125.951636,49.248053],[-125.983832,49.287901],[-125.935409,49.401477],[-126.020312,49.367991],[-126.099842,49.421275],[-126.16883,49.415177],[-126.243609,49.442665],[-126.269701,49.431866],[-126.279627,49.392183],[-126.304484,49.382054],[-126.418583,49.449026],[-126.444527,49.451114],[-126.49987,49.399928],[-126.548551,49.418946],[-126.563717,49.543278],[-126.54191,49.590464],[-126.442791,49.619292],[-126.1578,49.650153],[-126.134081,49.672312],[-126.347578,49.660843],[-126.403158,49.67774],[-126.462764,49.720224],[-126.525243,49.719598],[-126.592886,49.764092],[-126.683117,49.876438],[-126.90331,49.944136],[-126.9771,49.8828],[-127.114303,49.879745],[-127.195876,49.949146],[-127.2075,49.992432],[-127.179622,50.073116],[-127.21569,50.121488],[-127.249797,50.138001],[-127.268403,50.129344],[-127.290029,50.070842],[-127.349432,50.051956],[-127.467151,50.163445],[-127.674836,50.163346],[-127.770439,50.121126],[-127.863894,50.12774],[-127.872991,50.150119],[-127.828161,50.211401],[-127.83917,50.293205],[-127.850848,50.313727],[-127.946682,50.32623],[-127.962931,50.345972],[-127.905884,50.44519],[-127.831518,50.47103],[-127.641427,50.479093],[-127.578151,50.464932],[-127.486503,50.404628],[-127.529004,50.536761],[-127.465937,50.583112],[-127.751471,50.607348],[-127.731163,50.535728],[-127.864696,50.49888],[-128.058353,50.498473],[-128.135636,50.520534],[-128.267439,50.60926],[-128.349886,50.696601],[-128.346035,50.744238],[-128.300843,50.794159],[-128.241572,50.828162],[-128.10132,50.85777],[-127.918079,50.860539],[-127.713052,50.820746],[-127.197321,50.640373],[-126.700942,50.515524],[-126.203866,50.453847],[-125.839164,50.380799],[-125.534348,50.342478],[-125.482075,50.31677],[-125.420453,50.254654],[-125.23318,50.012218],[-124.934643,49.731639],[-124.904617,49.685364],[-124.932418,49.670456],[-124.930666,49.643177],[-124.830619,49.530105],[-124.642851,49.428658],[-124.185902,49.300579],[-123.995811,49.224026],[-123.820036,49.083511],[-123.752283,48.951225],[-123.626583,48.824047],[-123.497032,48.582095],[-123.472846,48.60231],[-123.457965,48.674391],[-123.415459,48.698188],[-123.283788,48.455181]]],[[[-125.19509,50.044332],[-125.259558,50.130014],[-125.358468,50.311508],[-125.301158,50.414076],[-125.260953,50.417801],[-125.195996,50.389742],[-125.139488,50.339721],[-125.074015,50.220651],[-125.184137,50.097121],[-125.19509,50.044332]]],[[[-125.001566,50.020777],[-125.025956,50.134101],[-124.995672,50.175179],[-124.990816,50.217146],[-124.937845,50.165928],[-124.907462,50.08397],[-125.001566,50.020777]]],[[[-126.625779,49.626785],[-126.641231,49.605812],[-126.680425,49.601363],[-126.743421,49.613459],[-126.938549,49.718466],[-126.951266,49.735704],[-126.89685,49.782901],[-126.925838,49.837734],[-126.826076,49.872352],[-126.738125,49.843677],[-126.649911,49.7458],[-126.625779,49.626785]]],[[[-124.139809,49.510341],[-124.457204,49.634201],[-124.517821,49.68632],[-124.630942,49.735704],[-124.649855,49.758357],[-124.62329,49.775101],[-124.547171,49.764916],[-124.421493,49.727771],[-124.309153,49.667303],[-124.139809,49.510341]]],[[[-126.064032,49.26361],[-126.229629,49.295646],[-126.231436,49.339053],[-126.208546,49.379779],[-126.092063,49.353995],[-126.064032,49.26361]]],[[[-123.689238,49.095091],[-123.482327,48.954707],[-123.377918,48.908224],[-123.372359,48.886109],[-123.384812,48.87521],[-123.541032,48.945951],[-123.689238,49.095091]]],[[[-123.582346,48.925802],[-123.467858,48.86741],[-123.487545,48.845723],[-123.422743,48.793351],[-123.406801,48.756064],[-123.499614,48.732168],[-123.582346,48.925802]]]]}},{"type":"Feature","properties":{"adm0_a3":"CAN","name":"Manitoba","name_en":"Manitoba","iso_3166_2":"CA-MB","postal":"MB"},"geometry":{"type":"Polygon","coordinates":[[[-101.367271,48.993138],[-102.001105,55.817526],[-102.001649,60.001087],[-94.771886,60.001768],[-94.785812,59.953341],[-94.776638,59.478127],[-94.788267,59.26786],[-94.819556,59.151328],[-94.870252,59.08797],[-94.957352,59.068853],[-94.84661,59.050352],[-94.776171,59.020579],[-94.713384,58.903333],[-94.673388,58.8701],[-94.579181,58.868452],[-94.419242,58.745515],[-94.287054,58.716005],[-94.280803,58.658931],[-94.332219,58.297371],[-94.272146,58.378044],[-94.208919,58.626346],[-94.123188,58.736704],[-94.055754,58.760028],[-93.780035,58.772541],[-93.486173,58.744482],[-93.278125,58.756413],[-93.178753,58.725618],[-93.154567,58.69456],[-93.100201,58.489863],[-92.84177,58.075887],[-92.701672,57.777762],[-92.489647,57.468585],[-92.432804,57.320324],[-92.43978,57.275061],[-92.478353,57.205297],[-92.614111,57.03903],[-92.798154,56.921949],[-92.650981,56.958281],[-92.456314,57.036723],[-92.303352,57.045875],[-92.298287,57.022749],[-92.372132,56.975123],[-92.355702,56.970574],[-92.01802,57.06375],[-91.111286,57.241212],[-90.897448,57.256922],[-90.592193,57.224469],[-90.075165,57.051917],[-89.790839,56.98133],[-88.948495,56.851307],[-89.980573,56.216099],[-91.378451,55.317011],[-92.600208,54.480677],[-93.620223,53.747933],[-95.153826,52.822357],[-95.162044,48.991764],[-101.367271,48.993138]]]}},{"type":"Feature","properties":{"adm0_a3":"CAN","name":"New Brunswick","name_en":"New Brunswick","iso_3166_2":"CA-NB","postal":"NB"},"geometry":{"type":"MultiPolygon","coordinates":[[[[-63.831913,46.107161],[-64.056397,46.021347],[-64.030942,46.012668],[-64.051354,45.977863],[-64.159592,45.964789],[-64.272839,45.849861],[-64.314653,45.835678],[-64.482238,45.806355],[-64.632685,45.946651],[-64.642045,45.913318],[-64.593672,45.813694],[-64.778517,45.638429],[-64.897895,45.626004],[-65.057284,45.544243],[-65.282339,45.473085],[-65.545012,45.337283],[-65.884478,45.222904],[-65.955604,45.222465],[-66.109753,45.316618],[-66.026586,45.417593],[-66.182724,45.335218],[-66.107358,45.256929],[-66.143733,45.227606],[-66.439837,45.095902],[-66.510951,45.143341],[-66.707167,45.0834],[-66.872479,45.067272],[-66.908184,45.097638],[-66.918698,45.145616],[-66.976574,45.157195],[-67.084064,45.143968],[-67.124835,45.169445],[-67.249584,45.200778],[-67.315294,45.153833],[-67.36694,45.173784],[-67.472541,45.275891],[-67.427947,45.377954],[-67.493657,45.474074],[-67.48779,45.501045],[-67.424432,45.530401],[-67.413863,45.56559],[-67.43265,45.603108],[-67.595742,45.62073],[-67.755318,45.686461],[-67.802241,45.727517],[-67.775258,45.81788],[-67.782289,45.874174],[-67.767051,45.926985],[-67.78464,45.952803],[-67.806789,47.082813],[-68.096795,47.274843],[-68.235497,47.345946],[-68.358017,47.344529],[-68.376902,47.316151],[-68.828715,47.203322],[-68.937183,47.211254],[-69.00309,47.236446],[-69.05366,47.294585],[-68.628467,47.420697],[-68.496016,47.480309],[-68.429637,47.528188],[-68.37921,47.588986],[-68.377913,47.929375],[-68.113516,47.929375],[-68.113516,47.998567],[-67.612891,47.998567],[-67.609463,47.968827],[-67.579042,47.939505],[-67.364853,47.8548],[-67.307054,47.887232],[-67.057576,47.918576],[-66.951822,47.899449],[-66.925026,47.96351],[-66.842684,47.997897],[-66.704377,48.022441],[-66.631559,48.01107],[-66.428785,48.066968],[-66.359615,48.060662],[-66.210212,47.988592],[-65.849388,47.911028],[-65.755718,47.859744],[-65.666454,47.696158],[-65.60726,47.67001],[-65.483521,47.687017],[-65.34394,47.767942],[-65.228155,47.811272],[-65.001683,47.846846],[-65.046386,47.793002],[-64.873967,47.797243],[-64.703228,47.724843],[-64.852159,47.569859],[-64.912177,47.368633],[-65.086124,47.233809],[-65.318902,47.101204],[-65.192065,47.049579],[-65.042409,47.0888],[-64.942433,47.086175],[-64.831417,47.060796],[-64.905772,46.887937],[-64.816706,46.698698],[-64.72586,46.671441],[-64.689506,46.512304],[-64.641342,46.425589],[-64.647857,46.355979],[-64.556857,46.311441],[-64.541509,46.240326],[-64.211843,46.220232],[-64.144991,46.192887],[-63.915915,46.165817],[-63.831913,46.107161]]],[[[-64.591299,47.907205],[-64.51957,48.005082],[-64.481282,48.006939],[-64.476086,47.958885],[-64.591299,47.907205]]],[[[-64.508561,47.886737],[-64.533907,47.813777],[-64.62127,47.751913],[-64.684573,47.753594],[-64.660491,47.793573],[-64.663282,47.863018],[-64.564866,47.866281],[-64.508561,47.886737]]],[[[-66.897044,44.628907],[-66.844705,44.763939],[-66.802166,44.80538],[-66.745433,44.791405],[-66.762483,44.681773],[-66.897044,44.628907]]]]}},{"type":"Feature","properties":{"adm0_a3":"CAN","name":"Newfoundland and Labrador","name_en":"Newfoundland and Labrador","iso_3166_2":"CA-NL","postal":"NL"},"geometry":{"type":"MultiPolygon","coordinates":[[[[-55.69523,52.137798],[-56.017503,51.929289],[-56.282559,51.797046],[-56.548582,51.681009],[-56.976005,51.45769],[-57.09558,51.442551],[-57.101029,52.001117],[-63.756899,52.010522],[-63.783365,52.020442],[-63.785507,52.050776],[-63.664295,52.060125],[-63.683752,52.138029],[-63.765589,52.297529],[-63.935492,52.380937],[-63.951104,52.428793],[-64.06167,52.457753],[-64.059418,52.48512],[-64.017615,52.525473],[-63.898545,52.589249],[-63.522549,52.648805],[-63.42276,52.669888],[-63.409687,52.688719],[-63.550246,52.774149],[-63.566791,52.825872],[-63.554585,52.964311],[-63.671612,53.100739],[-63.722544,53.109188],[-63.90506,53.076921],[-63.973373,52.895064],[-64.139366,52.854239],[-64.178477,52.815325],[-64.183465,52.554158],[-64.103188,52.378487],[-64.130676,52.186688],[-64.15957,52.148027],[-64.270828,52.083229],[-64.334571,51.841904],[-64.289373,51.769086],[-64.290516,51.728777],[-64.506342,51.608895],[-64.598012,51.600369],[-64.697416,51.720461],[-64.702327,51.745422],[-64.638969,51.790532],[-64.626719,51.825314],[-64.764642,51.905416],[-64.93215,52.055016],[-65.137133,52.154695],[-65.268156,52.185215],[-65.4521,52.202914],[-65.474271,52.196246],[-65.551647,52.093952],[-65.589144,52.073364],[-65.780558,52.103895],[-65.8268,52.05238],[-65.882929,52.054214],[-66.035782,52.109245],[-66.096965,52.209528],[-66.279535,52.300814],[-66.296026,52.294584],[-66.345453,52.154849],[-66.407438,52.183688],[-66.462216,52.294529],[-66.463403,52.341331],[-66.394233,52.417829],[-66.426093,52.660868],[-66.36636,52.741431],[-66.356802,52.806262],[-66.341345,52.840077],[-66.310473,52.861006],[-66.300212,52.896877],[-66.389893,52.991985],[-66.428038,53.010816],[-66.467951,53.018627],[-66.521026,52.958499],[-66.615278,52.93155],[-66.688348,52.726885],[-66.814778,52.6865],[-67.029473,52.72037],[-67.068024,52.754922],[-67.069694,52.832585],[-67.053654,52.920025],[-66.970301,53.072988],[-66.944439,53.355139],[-66.980353,53.384],[-67.076055,53.417409],[-67.164913,53.543038],[-67.47353,53.613317],[-67.455743,53.730464],[-67.470992,53.796459],[-67.757252,54.033654],[-67.76147,54.060735],[-67.731412,54.099924],[-67.511323,54.236176],[-67.515333,54.281725],[-67.609716,54.45164],[-67.620131,54.506539],[-67.601421,54.552791],[-67.536514,54.572665],[-67.285521,54.518558],[-67.236071,54.585662],[-67.15018,54.616666],[-67.146873,54.653041],[-67.199179,54.682089],[-67.290025,54.825779],[-67.415775,54.983774],[-67.437088,55.036223],[-67.40815,55.071785],[-67.301747,55.063721],[-67.166725,54.937477],[-66.867051,54.780977],[-66.724449,54.747974],[-66.650785,54.798566],[-66.656729,54.846785],[-66.710364,54.948222],[-66.692797,54.998012],[-66.747443,55.129145],[-66.719044,55.192547],[-66.725064,55.21319],[-66.79731,55.29383],[-66.799617,55.311199],[-66.773986,55.32825],[-66.617914,55.25596],[-66.156631,54.967756],[-65.883643,54.907188],[-65.796829,54.805026],[-65.675804,54.744931],[-65.121785,54.719168],[-64.81519,54.733868],[-64.341053,54.72632],[-63.91018,54.634035],[-63.698825,54.615194],[-63.658,54.644362],[-63.569659,54.776297],[-63.476044,54.961867],[-63.551158,55.086254],[-63.534019,55.140351],[-63.429275,55.209883],[-63.161385,55.307475],[-63.111825,55.33983],[-63.15131,55.404473],[-63.154353,55.51359],[-63.304559,55.54211],[-63.415169,55.596009],[-63.700572,55.860911],[-63.698407,55.92338],[-63.558464,55.992495],[-63.578305,56.025574],[-63.836121,56.063323],[-63.885889,56.088416],[-64.004146,56.097458],[-63.99172,56.144633],[-63.899325,56.212331],[-63.912817,56.229019],[-64.083654,56.27525],[-64.12148,56.299409],[-64.136103,56.394572],[-64.052651,56.429739],[-63.954927,56.43888],[-63.925572,56.475366],[-63.954905,56.52699],[-64.115591,56.707397],[-64.100661,56.737884],[-63.903302,56.889342],[-63.876353,57.023034],[-63.791813,57.129876],[-63.757854,57.227666],[-63.793285,57.279038],[-63.799899,57.31872],[-63.7421,57.395778],[-63.758503,57.552927],[-63.743726,57.580876],[-63.614692,57.669294],[-63.598157,57.692453],[-63.601255,57.723061],[-63.715568,57.695859],[-63.793494,57.705966],[-63.841911,57.713349],[-63.96131,57.80169],[-64.045466,57.785255],[-64.133576,57.87543],[-64.226586,58.01755],[-64.386998,58.098881],[-64.400379,58.121414],[-64.371386,58.169293],[-64.09776,58.35918],[-63.848008,58.459738],[-63.840823,58.505167],[-63.882374,58.55521],[-64.038742,58.544751],[-64.062494,58.554825],[-64.085873,58.599375],[-64.070811,58.641694],[-63.960508,58.684222],[-63.55319,58.731606],[-63.496709,58.753447],[-63.53526,58.798787],[-63.591796,58.829791],[-63.727137,58.861684],[-64.191781,58.76874],[-64.235562,58.785769],[-64.294075,58.865991],[-64.80862,58.929371],[-64.848313,58.949223],[-64.851126,58.983687],[-64.832834,59.020019],[-64.770256,59.048693],[-64.393501,58.998497],[-64.324364,59.019964],[-64.332374,59.043761],[-64.477811,59.116182],[-64.519493,59.225793],[-64.518669,59.35586],[-64.503134,59.398652],[-64.37867,59.475073],[-64.385295,59.514766],[-64.444819,59.527994],[-64.714621,59.466295],[-64.775551,59.488311],[-64.818024,59.540244],[-64.790822,59.815572],[-64.761851,59.864044],[-64.665578,59.905539],[-64.661469,59.921513],[-64.682376,59.942904],[-64.834042,59.985772],[-64.887271,60.035409],[-64.88035,60.049669],[-64.782165,60.063775],[-64.649867,60.110083],[-64.622303,60.141317],[-64.644528,60.161345],[-64.78935,60.196117],[-64.846688,60.250763],[-64.614272,60.30598],[-64.499443,60.268264],[-64.436348,60.228109],[-64.419572,60.171364],[-64.52771,60.094526],[-64.768443,60.012096],[-64.732583,59.99755],[-64.559153,60.043418],[-64.407718,60.064808],[-64.283517,60.064083],[-64.18285,59.972929],[-64.168787,59.846532],[-64.226312,59.741184],[-64.150682,59.79361],[-64.056056,59.822548],[-63.978702,59.753719],[-63.969506,59.697623],[-63.928835,59.644943],[-63.750186,59.512591],[-63.850359,59.447794],[-63.970715,59.409056],[-63.945446,59.380195],[-63.78086,59.349246],[-63.75858,59.318649],[-63.775872,59.277154],[-63.63751,59.341446],[-63.539886,59.332866],[-63.415147,59.194372],[-63.506191,59.115205],[-63.756415,59.06347],[-63.971154,59.053813],[-63.94103,59.027402],[-63.567901,59.047045],[-63.398964,59.079653],[-63.248407,59.068337],[-63.222491,59.057175],[-63.309876,59.026479],[-63.216393,58.927976],[-63.282124,58.867364],[-63.185335,58.857751],[-63.050302,58.878164],[-63.008345,58.855422],[-62.92608,58.765048],[-62.873883,58.672445],[-63.102322,58.545728],[-63.218667,58.519526],[-63.389922,58.452553],[-63.437933,58.398808],[-63.537051,58.329924],[-63.473616,58.330682],[-63.296495,58.441182],[-63.209988,58.466923],[-63.145498,58.460463],[-63.119505,58.441754],[-63.132106,58.410849],[-62.837376,58.479382],[-62.607882,58.496378],[-62.593853,58.473999],[-62.674339,58.319179],[-62.812052,58.200406],[-63.062815,58.127094],[-63.261503,58.014671],[-63.220041,58.002147],[-62.980901,58.0933],[-62.817535,58.12927],[-62.588085,58.158109],[-62.486253,58.154077],[-62.305649,57.972275],[-62.20152,57.954653],[-62.11742,57.964112],[-61.958645,57.911762],[-61.899056,57.861324],[-61.914041,57.825047],[-61.967786,57.803349],[-61.994889,57.769445],[-61.931278,57.668569],[-61.96794,57.611934],[-62.166902,57.53659],[-62.253606,57.528768],[-62.338564,57.484504],[-62.495558,57.489206],[-62.396495,57.448172],[-62.088064,57.452852],[-61.921127,57.420783],[-61.849815,57.370422],[-61.977454,57.247924],[-61.860823,57.197541],[-61.628528,57.183182],[-61.333743,57.010576],[-61.345762,56.921586],[-61.390487,56.852966],[-61.371624,56.680832],[-61.531695,56.654575],[-62.062488,56.699069],[-62.366106,56.766976],[-62.38174,56.787696],[-62.295827,56.832806],[-62.372028,56.836168],[-62.497261,56.801704],[-62.395517,56.730029],[-62.116486,56.666824],[-61.991615,56.59081],[-61.854923,56.584295],[-61.737754,56.526013],[-61.760046,56.510764],[-61.899396,56.505435],[-62.009677,56.453865],[-61.94043,56.423587],[-61.514589,56.390332],[-61.425292,56.360646],[-61.498692,56.327567],[-61.707135,56.288708],[-61.713079,56.230931],[-61.558589,56.207838],[-61.364703,56.216022],[-61.324394,56.07621],[-61.301114,56.047174],[-61.448902,56.022366],[-61.449528,55.995703],[-61.187889,55.955394],[-61.133891,55.930257],[-61.122981,55.888553],[-61.089341,55.866361],[-60.99576,55.862351],[-60.831866,55.957877],[-60.743239,55.941441],[-60.736625,55.886982],[-60.592572,55.814835],[-60.56214,55.726988],[-60.475843,55.805123],[-60.341018,55.784655],[-60.365408,55.709102],[-60.408299,55.649578],[-60.351972,55.612368],[-60.308334,55.556975],[-60.192362,55.480905],[-60.224014,55.444365],[-60.360959,55.366285],[-60.450102,55.199941],[-60.617127,55.060206],[-60.556559,55.06749],[-60.340755,55.193975],[-60.212544,55.236426],[-59.930316,55.259421],[-59.862102,55.294863],[-59.758798,55.309595],[-59.695495,55.269133],[-59.68909,55.196326],[-59.605451,55.173321],[-59.517703,55.197359],[-59.437865,55.175914],[-59.741725,54.942586],[-59.816399,54.86722],[-59.83779,54.813936],[-59.74991,54.886984],[-59.42856,55.055504],[-59.259579,55.199941],[-59.086314,55.183242],[-58.997116,55.149448],[-58.955796,55.055086],[-58.885802,54.952254],[-58.780158,54.838359],[-58.39813,54.774122],[-58.222854,54.812673],[-58.195257,54.865902],[-58.058466,54.882205],[-57.962456,54.875745],[-57.9293,54.773144],[-57.826852,54.718674],[-57.626604,54.650361],[-57.483002,54.640286],[-57.404505,54.590881],[-57.40445,54.570413],[-57.485353,54.517503],[-57.563224,54.440445],[-57.699268,54.386546],[-57.889123,54.384096],[-58.151377,54.350434],[-58.161924,54.319991],[-58.219745,54.28645],[-58.435187,54.228112],[-58.558388,54.102978],[-58.633216,54.049573],[-58.920222,54.033083],[-59.03882,53.963627],[-59.201418,53.929108],[-59.496521,53.834153],[-59.823035,53.834439],[-60.056538,53.733365],[-60.100517,53.634246],[-60.144901,53.596135],[-60.263323,53.610065],[-60.395401,53.653318],[-60.369539,53.607473],[-60.160249,53.529986],[-60.100308,53.486963],[-60.290273,53.39147],[-60.305774,53.360104],[-60.251205,53.34357],[-60.272694,53.317104],[-60.345721,53.289001],[-60.329461,53.266105],[-60.14834,53.306568],[-59.987083,53.392811],[-59.881713,53.480064],[-59.829055,53.504542],[-59.621084,53.536808],[-59.322267,53.643749],[-58.919574,53.875319],[-58.652024,53.977899],[-58.326719,54.051793],[-58.088074,54.08952],[-57.93599,54.091168],[-57.928267,54.103571],[-58.064849,54.126774],[-58.177426,54.131323],[-58.317469,54.11447],[-58.360777,54.154471],[-58.309976,54.201657],[-58.192104,54.228167],[-57.614948,54.19111],[-57.416073,54.162766],[-57.198884,53.924362],[-57.148963,53.847722],[-57.134977,53.791856],[-57.15695,53.756876],[-57.243994,53.715479],[-57.52408,53.611406],[-57.527332,53.599881],[-57.420182,53.583237],[-57.386157,53.56055],[-57.331764,53.469089],[-57.01215,53.672588],[-56.840862,53.739429],[-56.524291,53.766434],[-56.464998,53.765038],[-56.444332,53.718325],[-56.354025,53.624479],[-56.270199,53.600112],[-56.110161,53.587587],[-55.966087,53.471132],[-55.859376,53.343878],[-55.854773,53.285815],[-55.79793,53.211943],[-55.808213,53.134665],[-55.892346,53.000434],[-55.829867,52.878431],[-55.857926,52.823389],[-55.872527,52.735696],[-55.802819,52.64317],[-55.848445,52.623328],[-56.167005,52.57478],[-56.29237,52.573791],[-56.3249,52.544523],[-56.052593,52.537415],[-55.840205,52.50762],[-55.746459,52.474573],[-55.705974,52.428277],[-55.716203,52.391484],[-55.777133,52.364249],[-56.011713,52.394472],[-56.004638,52.37039],[-55.691066,52.241619],[-55.672796,52.190148],[-55.69523,52.137798]]],[[[-61.637471,57.416081],[-61.795268,57.422442],[-61.975487,57.495402],[-62.011226,57.548477],[-61.983288,57.56677],[-61.937508,57.554113],[-61.848343,57.579327],[-61.659543,57.524967],[-61.637471,57.416081]]],[[[-60.955341,56.080396],[-60.994485,56.039318],[-60.98273,56.015137],[-61.137011,56.032551],[-61.191294,56.047877],[-61.195843,56.063917],[-61.157555,56.118387],[-61.086891,56.140832],[-60.966404,56.098853],[-60.955341,56.080396]]],[[[-55.274091,51.995174],[-55.293569,51.929959],[-55.361245,51.88965],[-55.419605,51.900032],[-55.399818,51.938484],[-55.346491,51.982869],[-55.274091,51.995174]]],[[[-59.362422,47.865688],[-59.340867,47.93366],[-59.27206,47.995568],[-58.960839,48.159385],[-58.60497,48.411313],[-58.335552,48.513683],[-58.492239,48.513057],[-58.722556,48.54071],[-59.166822,48.521769],[-59.1677,48.558486],[-58.84178,48.746429],[-58.819192,48.746846],[-58.887099,48.691552],[-58.906446,48.65021],[-58.843406,48.605298],[-58.716459,48.598069],[-58.687345,48.622041],[-58.641609,48.749428],[-58.493733,49.003212],[-58.403667,49.084346],[-58.358678,49.096508],[-58.186105,49.061912],[-58.049655,48.987557],[-57.990515,48.987941],[-58.040558,49.009771],[-58.098906,49.077414],[-58.049062,49.179993],[-57.990669,49.209447],[-57.9801,49.229629],[-58.096863,49.230069],[-58.190939,49.258754],[-58.218899,49.305105],[-58.213395,49.386646],[-58.182699,49.435381],[-58.107399,49.499695],[-58.015828,49.542509],[-57.961215,49.531523],[-57.856054,49.4738],[-57.791322,49.490005],[-57.897472,49.600385],[-57.929069,49.668412],[-57.926146,49.700844],[-57.712517,50.024908],[-57.432586,50.505801],[-57.330556,50.605184],[-57.179581,50.614841],[-57.264143,50.64936],[-57.2944,50.673398],[-57.297992,50.69871],[-57.242138,50.744919],[-57.131648,50.787392],[-57.053283,50.857309],[-57.005657,50.939629],[-57.035913,51.010843],[-56.976356,51.02797],[-56.825152,51.125716],[-56.750225,51.27491],[-56.682395,51.332786],[-56.619048,51.362449],[-56.207368,51.488616],[-56.025567,51.568377],[-55.902113,51.563928],[-55.865836,51.508282],[-55.690451,51.471324],[-55.659568,51.511017],[-55.700657,51.559434],[-55.666391,51.578924],[-55.521624,51.596381],[-55.453201,51.56228],[-55.458727,51.53655],[-55.583422,51.388597],[-55.730704,51.35867],[-56.031093,51.328392],[-56.043936,51.26188],[-55.999913,51.199247],[-55.841106,51.20507],[-55.79548,51.166178],[-55.784702,51.087066],[-55.800028,51.033321],[-55.871417,50.907385],[-55.962,50.837676],[-56.106547,50.759278],[-56.135639,50.650964],[-56.195734,50.584771],[-56.382413,50.416977],[-56.454352,50.38003],[-56.483938,50.270837],[-56.73235,50.007692],[-56.754103,49.882898],[-56.848618,49.765312],[-56.809243,49.710402],[-56.822185,49.613459],[-56.756784,49.651592],[-56.500934,49.869649],[-56.376393,49.933666],[-56.247051,50.090068],[-56.179408,50.114974],[-56.148405,50.100351],[-56.12218,50.062832],[-56.161292,49.940159],[-56.075016,49.982632],[-55.927019,50.017778],[-55.873329,50.013119],[-55.764729,49.960462],[-55.530039,49.997156],[-55.502914,49.983149],[-55.526996,49.936742],[-55.583685,49.892413],[-56.039981,49.704667],[-56.140187,49.619117],[-55.97849,49.678135],[-55.869813,49.670148],[-55.892039,49.580258],[-56.087321,49.451971],[-55.815244,49.515274],[-55.678091,49.434601],[-55.375945,49.489742],[-55.343854,49.37288],[-55.289955,49.391919],[-55.280188,49.412749],[-55.283034,49.513824],[-55.266367,49.523931],[-55.229541,49.508144],[-55.207008,49.482018],[-55.200296,49.408509],[-55.259314,49.266972],[-55.342503,49.168106],[-55.331912,49.125578],[-55.353181,49.079435],[-55.252338,49.120876],[-55.244526,49.19979],[-55.176137,49.244439],[-55.026173,49.305358],[-55.010386,49.293009],[-55.015912,49.260358],[-54.982634,49.268103],[-54.910542,49.316268],[-54.717633,49.388558],[-54.579041,49.490807],[-54.502202,49.527337],[-54.469177,49.529798],[-54.480625,49.469329],[-54.463464,49.341745],[-54.448248,49.32944],[-54.389076,49.392128],[-54.316731,49.42412],[-53.957731,49.441841],[-53.862446,49.426307],[-53.619462,49.32164],[-53.569562,49.264148],[-53.560081,49.191672],[-53.573418,49.141189],[-53.758054,49.035402],[-53.809316,48.99339],[-53.845231,48.92544],[-53.903239,48.889163],[-54.161285,48.787693],[-53.852888,48.811336],[-53.847769,48.796658],[-53.886836,48.76783],[-53.96151,48.738881],[-53.966003,48.706691],[-53.886133,48.684674],[-53.784081,48.695397],[-53.698036,48.679819],[-53.706331,48.655528],[-53.774589,48.576316],[-53.794639,48.526394],[-54.114473,48.393581],[-53.937011,48.436625],[-53.799341,48.449237],[-53.738883,48.495798],[-53.644423,48.511222],[-53.552028,48.481801],[-53.411337,48.562155],[-53.220262,48.577865],[-53.057269,48.659043],[-53.027584,48.634709],[-53.02074,48.571614],[-53.060214,48.480318],[-53.135723,48.401853],[-53.225118,48.364027],[-53.334312,48.355964],[-53.405525,48.294308],[-53.60975,48.207703],[-53.56019,48.173832],[-53.541843,48.108431],[-53.569408,48.088073],[-53.704309,48.067924],[-53.869576,48.019683],[-53.793584,48.009729],[-53.653025,48.025747],[-53.638215,48.01464],[-53.695015,47.921213],[-53.861666,47.799253],[-53.837738,47.727271],[-53.76514,47.650092],[-53.603751,47.662309],[-53.503754,47.74386],[-53.282742,47.997842],[-52.921006,48.147091],[-52.865997,48.112979],[-52.872018,48.093962],[-52.998262,47.975913],[-53.153861,47.734555],[-53.175537,47.652981],[-53.169824,47.512093],[-53.12244,47.455118],[-52.945033,47.552808],[-52.873204,47.619418],[-52.782402,47.769436],[-52.744939,47.768975],[-52.711398,47.745299],[-52.653654,47.549402],[-52.683624,47.4263],[-52.912426,47.103192],[-52.888135,47.045866],[-52.8892,46.974136],[-52.961721,46.819416],[-53.069783,46.68123],[-53.167012,46.646502],[-53.213693,46.660509],[-53.291311,46.717045],[-53.323018,46.718341],[-53.381751,46.711409],[-53.567782,46.628286],[-53.616364,46.680252],[-53.581328,46.957294],[-53.612178,47.010358],[-53.579647,47.099402],[-53.578461,47.133251],[-53.597368,47.146006],[-53.636381,47.13769],[-53.860018,46.939463],[-54.009597,46.839619],[-54.102399,46.824898],[-54.173744,46.88039],[-54.155243,46.967467],[-54.092687,47.086219],[-53.869104,47.387002],[-53.849526,47.440308],[-53.900844,47.509324],[-53.988998,47.756209],[-54.047291,47.805636],[-54.191827,47.859821],[-54.218414,47.846747],[-54.233894,47.771656],[-54.404688,47.555906],[-54.434504,47.462325],[-54.48814,47.403877],[-54.56255,47.375192],[-54.463234,47.536219],[-54.473934,47.547073],[-54.651155,47.408217],[-54.856643,47.385014],[-55.090432,47.173944],[-55.09921,47.103588],[-55.139673,47.045965],[-55.315718,46.905713],[-55.530709,46.914008],[-55.652339,46.881433],[-55.788526,46.867217],[-55.880613,46.887212],[-55.949915,46.927675],[-55.954507,46.973257],[-55.919219,47.016873],[-55.838371,47.071651],[-55.610086,47.119606],[-55.491521,47.16064],[-55.360905,47.258583],[-55.190836,47.448987],[-54.975636,47.516169],[-54.869508,47.570891],[-54.784606,47.664737],[-54.94594,47.620868],[-55.035006,47.633887],[-55.074568,47.657585],[-55.366277,47.661067],[-55.390776,47.642885],[-55.434645,47.501282],[-55.576138,47.465214],[-55.774683,47.498294],[-55.862068,47.530066],[-56.127267,47.502842],[-55.867078,47.592337],[-55.844391,47.787828],[-55.857926,47.819204],[-56.020139,47.763702],[-56.121422,47.789179],[-56.150569,47.774501],[-56.221266,47.671405],[-56.26297,47.658431],[-56.459549,47.616935],[-56.72232,47.592293],[-56.774098,47.565003],[-57.473433,47.631097],[-57.659805,47.625417],[-57.925553,47.674921],[-58.333234,47.676855],[-58.336848,47.73083],[-58.508905,47.652597],[-58.613133,47.626241],[-59.116955,47.570716],[-59.219303,47.602521],[-59.259733,47.634195],[-59.320663,47.736906],[-59.362422,47.865688]]],[[[-55.469296,50.796379],[-55.472735,50.775922],[-55.536137,50.719694],[-55.600758,50.709048],[-55.629334,50.720782],[-55.63386,50.740184],[-55.604505,50.780701],[-55.527205,50.801246],[-55.469296,50.796379]]],[[[-53.980648,49.661985],[-54.238388,49.591651],[-54.286134,49.595375],[-54.277664,49.71149],[-54.258954,49.718982],[-54.199375,49.688539],[-54.13772,49.75115],[-54.093698,49.74446],[-53.980648,49.661985]]],[[[-54.537699,49.619974],[-54.55442,49.58886],[-54.786495,49.496158],[-54.81851,49.51445],[-54.863576,49.576094],[-54.855402,49.596562],[-54.813082,49.599352],[-54.764072,49.56235],[-54.733113,49.562142],[-54.618778,49.622083],[-54.559166,49.631498],[-54.537699,49.619974]]],[[[-54.128162,47.646807],[-54.147542,47.573122],[-54.227127,47.441341],[-54.27606,47.406536],[-54.32596,47.408118],[-54.320137,47.438528],[-54.227379,47.539998],[-54.214954,47.585108],[-54.128162,47.646807]]]]}},{"type":"Feature","properties":{"adm0_a3":"CAN","name":"Nova Scotia","name_en":"Nova Scotia","iso_3166_2":"CA-NS","postal":"NS"},"geometry":{"type":"MultiPolygon","coordinates":[[[[-61.03152,45.291756],[-61.101075,45.233462],[-61.165301,45.256105],[-61.283799,45.235484],[-61.387257,45.185045],[-61.647425,45.130531],[-61.71922,45.094485],[-61.793894,45.084433],[-62.026805,44.994466],[-62.264977,44.93648],[-62.514004,44.843645],[-63.031801,44.714787],[-63.155727,44.711326],[-63.306316,44.642595],[-63.380826,44.651901],[-63.45684,44.639959],[-63.544335,44.655054],[-63.604024,44.683212],[-63.558255,44.610614],[-63.544819,44.543762],[-63.609759,44.479976],[-63.761139,44.486403],[-63.820641,44.510672],[-63.891316,44.546322],[-63.923693,44.603836],[-63.999729,44.644925],[-64.044927,44.587873],[-64.044609,44.545399],[-64.100859,44.487469],[-64.167007,44.586686],[-64.286066,44.550332],[-64.338526,44.444864],[-64.275706,44.334088],[-64.334571,44.291978],[-64.378208,44.303546],[-64.468802,44.185158],[-64.578478,44.142058],[-64.691572,44.021341],[-64.825649,43.929363],[-64.862343,43.867862],[-65.086827,43.727182],[-65.234922,43.726742],[-65.329603,43.668108],[-65.344302,43.549621],[-65.428534,43.56142],[-65.450441,43.524242],[-65.481686,43.518068],[-65.564446,43.553257],[-65.661906,43.534031],[-65.738151,43.560728],[-65.835303,43.734389],[-65.886906,43.795209],[-65.9784,43.814842],[-66.037638,43.742167],[-66.125727,43.813842],[-66.192546,44.079689],[-66.193084,44.143871],[-66.099579,44.367498],[-65.868021,44.5688],[-65.941937,44.575524],[-66.146392,44.435943],[-66.021697,44.561703],[-65.917053,44.615108],[-65.681824,44.650923],[-65.615752,44.680399],[-65.519996,44.732672],[-65.502275,44.760391],[-65.728231,44.697121],[-65.65671,44.760314],[-64.902938,45.120808],[-64.75126,45.180244],[-64.448851,45.25605],[-64.406894,45.305708],[-64.448158,45.337437],[-64.330748,45.309323],[-64.358829,45.238252],[-64.354236,45.138222],[-64.235013,45.114304],[-64.135509,45.023063],[-64.182718,45.147011],[-64.09319,45.217082],[-63.748329,45.310883],[-63.460257,45.321111],[-63.368016,45.364782],[-63.614461,45.394126],[-63.906456,45.378163],[-64.08717,45.410869],[-64.336405,45.389534],[-64.600187,45.410045],[-64.681113,45.382964],[-64.746668,45.324363],[-64.91288,45.374801],[-64.827385,45.475546],[-64.560087,45.625487],[-64.351105,45.783196],[-64.314653,45.835678],[-64.272839,45.849861],[-64.159592,45.964789],[-64.051354,45.977863],[-64.030942,46.012668],[-63.874705,45.959208],[-63.702879,45.858024],[-63.509245,45.874723],[-63.358018,45.811266],[-63.292803,45.75194],[-63.107925,45.782427],[-62.910809,45.776385],[-62.700684,45.740569],[-62.718339,45.686],[-62.750122,45.648251],[-62.585657,45.660677],[-62.483056,45.621818],[-62.421873,45.664654],[-62.217725,45.730857],[-61.955514,45.868153],[-61.923577,45.851158],[-61.877248,45.714213],[-61.776503,45.655612],[-61.656906,45.642176],[-61.492287,45.687033],[-61.427665,45.648273],[-61.350508,45.573676],[-61.277087,45.47604],[-61.281964,45.441049],[-61.460998,45.366693],[-61.106733,45.348654],[-61.03152,45.291756]]],[[[-60.408222,47.003535],[-60.431348,46.962919],[-60.425448,46.923181],[-60.331768,46.767846],[-60.332921,46.736996],[-60.482401,46.413526],[-60.507692,46.303377],[-60.494541,46.270275],[-60.576862,46.172167],[-60.74481,46.092692],[-60.912198,46.044583],[-61.105183,45.944739],[-61.071335,45.937093],[-60.936554,45.985564],[-60.865242,45.983499],[-60.868395,45.948639],[-61.037563,45.882216],[-60.970612,45.855805],[-60.971524,45.838007],[-61.051955,45.795039],[-61.09211,45.748369],[-61.05903,45.703358],[-60.93038,45.747699],[-60.806103,45.738064],[-60.699052,45.77333],[-60.460594,45.968689],[-60.704897,45.932907],[-60.733285,45.956571],[-60.573192,46.061425],[-60.58575,46.116664],[-60.504934,46.203852],[-60.376515,46.284568],[-60.297941,46.311254],[-60.243833,46.270099],[-60.226453,46.195557],[-60.092453,46.206016],[-59.961397,46.190976],[-59.865047,46.159511],[-59.848765,46.112951],[-59.880911,46.061634],[-59.934041,46.019413],[-59.828023,45.965152],[-59.842184,45.941542],[-60.015812,45.880458],[-60.205085,45.742997],[-60.386106,45.654656],[-60.672959,45.590814],[-60.871603,45.610678],[-61.236305,45.572489],[-61.283667,45.573863],[-61.323405,45.598505],[-61.449781,45.716223],[-61.495308,45.941432],[-61.480608,46.059777],[-61.408648,46.170365],[-61.240524,46.302553],[-60.870153,46.796784],[-60.57105,46.998811],[-60.408222,47.003535]]],[[[-60.91245,45.567293],[-60.96157,45.489938],[-61.00289,45.48172],[-61.076169,45.537322],[-61.08175,45.55779],[-61.025983,45.577323],[-60.91245,45.567293]]],[[[-66.210377,44.392019],[-66.273779,44.292307],[-66.324107,44.257294],[-66.250499,44.379],[-66.210377,44.392019]]],[[[-59.727124,44.00284],[-59.787582,43.939591],[-59.922285,43.903886],[-60.037752,43.906621],[-60.114283,43.93913],[-60.117458,43.953368],[-59.866365,43.947161],[-59.727124,44.00284]]]]}},{"type":"Feature","properties":{"adm0_a3":"CAN","name":"Northwest Territories","name_en":"Northwest Territories","iso_3166_2":"CA-NT","postal":"NT"},"geometry":{"type":"MultiPolygon","coordinates":[[[[-102.001649,60.001087],[-123.819157,60.001087],[-123.879488,60.039715],[-124.010824,60.046131],[-123.997361,60.126562],[-124.184688,60.320965],[-124.225486,60.452768],[-124.249337,60.473466],[-124.402838,60.494088],[-124.469218,60.567158],[-124.599444,60.662135],[-124.611227,60.701202],[-124.505028,60.788488],[-124.506478,60.822282],[-124.582597,60.952822],[-124.806509,60.961062],[-124.859557,60.924137],[-124.880486,60.860317],[-125.151634,60.844354],[-125.322499,60.792389],[-125.706949,60.840476],[-125.89916,60.890233],[-125.957085,60.865096],[-126.003184,60.808791],[-126.064213,60.816009],[-126.098578,60.828896],[-126.114596,60.86336],[-126.161519,60.865876],[-126.222757,60.855846],[-126.234666,60.808945],[-126.296887,60.784511],[-126.520074,60.800321],[-126.66516,60.762341],[-126.859277,60.769416],[-126.889665,60.795619],[-126.888138,60.833137],[-126.9116,60.859592],[-126.908501,60.950108],[-126.944212,61.052446],[-126.963746,61.063454],[-127.054592,61.051237],[-127.092907,61.070507],[-127.082135,61.093689],[-127.026764,61.126472],[-127.02126,61.236753],[-127.072522,61.369643],[-127.166598,61.464521],[-127.299357,61.512158],[-127.468052,61.51051],[-127.608666,61.532856],[-127.807233,61.618747],[-127.993577,61.711219],[-128.04657,61.813381],[-128.093827,61.841264],[-128.206327,61.865269],[-128.25837,61.927749],[-128.366217,61.990898],[-128.400066,62.033734],[-128.560829,62.116911],[-128.67852,62.112286],[-128.81386,62.063814],[-128.90737,62.118999],[-129.136221,62.125514],[-129.254714,62.152771],[-129.26898,62.166306],[-129.232829,62.21982],[-129.29337,62.294231],[-129.291019,62.32229],[-129.239289,62.373244],[-129.296314,62.425287],[-129.28714,62.441151],[-129.199552,62.470034],[-129.18945,62.490293],[-129.211126,62.513441],[-129.490256,62.598717],[-129.525346,62.673534],[-129.620015,62.712249],[-129.658308,62.776476],[-129.718667,62.831671],[-129.728923,62.864872],[-129.713937,62.930603],[-129.611775,63.058681],[-129.827497,63.091761],[-129.905682,63.187408],[-130.059732,63.261203],[-130.133604,63.276452],[-130.139778,63.293349],[-130.101667,63.318794],[-129.948342,63.375692],[-129.905319,63.405772],[-129.844938,63.485786],[-129.855068,63.5217],[-129.887801,63.554824],[-129.975989,63.615655],[-130.063039,63.635628],[-130.110681,63.695031],[-130.243572,63.678332],[-130.302607,63.703711],[-130.298448,63.721025],[-130.25959,63.737406],[-130.12081,63.773133],[-130.117916,63.79337],[-130.139597,63.807839],[-130.282557,63.822561],[-130.51288,63.92013],[-130.660574,63.950519],[-130.757726,63.993047],[-130.791855,64.03051],[-130.846661,64.048802],[-130.929701,64.125465],[-130.94128,64.140505],[-130.913013,64.167608],[-130.91332,64.192514],[-131.012076,64.272824],[-131.021766,64.324416],[-131.106718,64.400903],[-131.358772,64.458471],[-131.512795,64.393432],[-131.585914,64.38026],[-131.796808,64.387906],[-131.802779,64.406561],[-131.715987,64.515029],[-131.729006,64.533816],[-131.893207,64.577201],[-132.052169,64.684197],[-132.106271,64.702148],[-132.32068,64.762716],[-132.588104,64.794082],[-132.601128,64.825909],[-132.5048,64.883741],[-132.497,64.957481],[-132.353826,65.038506],[-132.35259,65.057248],[-132.38127,65.075068],[-132.516066,65.094162],[-132.538314,65.109148],[-132.540148,65.170056],[-132.579446,65.18458],[-132.708096,65.167156],[-132.751816,65.173176],[-132.773234,65.20341],[-132.762484,65.22501],[-132.596887,65.280249],[-132.541697,65.340816],[-132.345872,65.443418],[-132.267759,65.537702],[-132.194689,65.597655],[-132.196188,65.62767],[-132.295252,65.716142],[-132.554848,65.857009],[-132.538984,65.886057],[-132.340752,65.955249],[-132.342746,65.978968],[-132.370909,65.993569],[-132.483404,65.989021],[-132.614328,66.029231],[-132.71365,65.997755],[-132.821321,65.927992],[-132.902505,65.913545],[-132.948027,65.916753],[-132.967797,65.933705],[-132.916458,66.001655],[-132.93798,66.02866],[-133.229096,66.006149],[-133.412133,65.956029],[-133.621632,65.974629],[-133.623801,66.010334],[-133.675739,66.073956],[-133.677184,66.095632],[-133.568716,66.176634],[-133.583157,66.285102],[-133.790173,66.304449],[-133.800121,66.325587],[-133.739378,66.439845],[-133.65403,66.452842],[-133.658375,66.509278],[-133.635194,66.565649],[-133.763921,66.650969],[-133.805856,66.733422],[-133.782735,66.785486],[-133.794155,66.818631],[-133.92386,66.902974],[-134.031323,66.944029],[-134.055581,67.004487],[-136.126053,67.004696],[-136.194553,67.036216],[-136.223227,67.08828],[-136.217987,67.181224],[-136.150157,67.226334],[-136.105179,67.304216],[-136.177623,67.422627],[-136.169251,67.514231],[-136.233307,67.600265],[-136.400711,67.665897],[-136.434406,67.702537],[-136.445437,67.746592],[-136.443756,68.895124],[-136.122362,68.882205],[-135.866633,68.83259],[-135.362174,68.696426],[-135.25882,68.684308],[-135.231222,68.694283],[-135.434573,68.841995],[-135.637969,68.892224],[-135.894725,68.926699],[-135.939011,68.974193],[-135.924772,68.992639],[-135.589986,69.00824],[-135.575545,69.026949],[-135.742641,69.049427],[-135.910199,69.111489],[-135.691456,69.311166],[-135.61492,69.290995],[-135.499552,69.337159],[-135.292822,69.307859],[-135.254991,69.323833],[-135.229799,69.425215],[-135.140843,69.467798],[-134.852902,69.485892],[-134.493853,69.467908],[-134.456823,69.47762],[-134.495374,69.571926],[-134.451478,69.665486],[-134.408945,69.68179],[-134.24203,69.668826],[-134.077471,69.557875],[-133.899959,69.528212],[-133.879805,69.507722],[-133.947475,69.42951],[-134.165037,69.28058],[-134.174337,69.252828],[-133.694059,69.368426],[-133.163134,69.433905],[-133.028254,69.50826],[-132.915342,69.629648],[-132.840311,69.650687],[-132.526789,69.643239],[-132.403901,69.658751],[-132.41274,69.674099],[-132.478938,69.692853],[-132.568361,69.698126],[-132.537539,69.726548],[-132.488496,69.738072],[-132.333984,69.751816],[-132.232416,69.708146],[-132.163427,69.704993],[-131.934109,69.753464],[-131.58186,69.882147],[-131.440939,69.91793],[-131.318957,69.924159],[-131.215862,69.900802],[-131.136381,69.906899],[-130.926163,70.051611],[-130.66548,70.127032],[-130.498438,70.143182],[-130.17494,70.0859],[-129.944985,70.090942],[-129.730087,70.192094],[-129.675644,70.19295],[-129.538442,70.105181],[-129.538183,70.073914],[-129.648283,69.997745],[-130.458854,69.779974],[-130.832087,69.651489],[-131.937779,69.534727],[-131.988783,69.517643],[-132.128776,69.402352],[-132.330782,69.307969],[-132.481212,69.273131],[-132.686728,69.25986],[-132.817471,69.205752],[-133.089443,69.028762],[-133.378933,68.886643],[-133.418313,68.844269],[-133.348391,68.76988],[-133.196823,68.739833],[-133.138019,68.7466],[-133.319557,68.819725],[-133.336663,68.835227],[-133.304028,68.847422],[-132.706031,68.814869],[-132.577612,68.847784],[-132.532656,68.875646],[-132.542241,68.889961],[-132.70435,68.895894],[-132.7391,68.922458],[-132.770131,69.012173],[-132.718923,69.079189],[-132.545186,69.140636],[-132.358066,69.166937],[-131.91964,69.290522],[-131.786937,69.371294],[-131.78107,69.388861],[-131.820165,69.401627],[-131.788387,69.43196],[-131.56292,69.461393],[-131.342935,69.435399],[-131.303011,69.415096],[-131.32472,69.361197],[-131.29392,69.363702],[-131.161732,69.454988],[-131.063415,69.450692],[-131.013417,69.42873],[-130.986286,69.3629],[-130.970658,69.209059],[-130.875027,69.320032],[-130.660701,69.481289],[-130.515956,69.569652],[-130.353589,69.655796],[-130.117635,69.720088],[-129.572109,69.826721],[-129.109118,69.881938],[-128.898949,69.966171],[-128.883678,69.963479],[-128.938638,69.875017],[-129.138314,69.832533],[-129.157897,69.800079],[-129.136221,69.750059],[-129.101724,69.717034],[-129.05434,69.701071],[-128.85301,69.751036],[-128.386734,69.960172],[-128.278623,70.108125],[-128.095871,70.161354],[-127.764963,70.221866],[-127.683779,70.260363],[-127.974043,70.292915],[-128.043653,70.328785],[-127.988902,70.363151],[-128.170105,70.418445],[-128.168062,70.479782],[-128.127314,70.523815],[-128.0405,70.566387],[-127.990995,70.573835],[-127.752817,70.517146],[-127.225973,70.296145],[-126.926821,70.061719],[-126.684924,69.777085],[-126.250453,69.545262],[-125.9074,69.418557],[-125.524966,69.351584],[-125.386785,69.3492],[-125.171865,69.427983],[-125.16685,69.479795],[-125.261574,69.566136],[-125.356919,69.625957],[-125.34552,69.662443],[-125.219403,69.732382],[-125.227879,69.756727],[-125.201166,69.828809],[-125.079596,69.817833],[-124.968283,69.894386],[-124.767909,69.990022],[-124.990404,70.026628],[-124.745118,70.080198],[-124.706336,70.117013],[-124.555027,70.151224],[-124.444493,70.110608],[-124.471931,69.918501],[-124.406925,69.767417],[-124.349379,69.734502],[-124.124615,69.690007],[-124.138463,69.653192],[-124.398373,69.493846],[-124.481336,69.425171],[-124.472085,69.400056],[-124.426146,69.379435],[-124.338091,69.364834],[-124.111723,69.35889],[-124.049655,69.372876],[-123.528398,69.389355],[-123.460442,69.419996],[-123.361455,69.496637],[-123.248955,69.519994],[-123.213662,69.541494],[-123.14447,69.632494],[-123.110385,69.738116],[-123.076618,69.782457],[-123.025768,69.81],[-122.956675,69.818844],[-122.070062,69.816174],[-121.741867,69.797498],[-121.336258,69.741533],[-120.962431,69.660399],[-120.681851,69.566938],[-120.677951,68.002848],[-112.503903,65.502337],[-110.669466,65.497141],[-109.516385,64.902912],[-109.215113,64.813044],[-108.97293,64.779195],[-101.999144,64.228429],[-101.986636,64.080223],[-102.005604,63.84928],[-102.001649,60.001087]]],[[[-113.292562,78.334391],[-113.281686,78.35276],[-113.149938,78.408395],[-112.855872,78.466842],[-112.213996,78.54779],[-111.708784,78.574684],[-111.519852,78.603238],[-111.400326,78.644041],[-111.071456,78.708377],[-110.877569,78.735041],[-110.618072,78.757826],[-110.407805,78.75664],[-110.004365,78.686723],[-110.003667,78.321702],[-110.418368,78.294961],[-110.755094,78.310727],[-111.16918,78.38628],[-111.229017,78.376304],[-111.435054,78.28737],[-111.517501,78.274702],[-111.759711,78.282975],[-112.131236,78.366065],[-113.17252,78.283799],[-113.292562,78.334391]]],[[[-110.003541,78.089649],[-110.00359,77.928941],[-110.751117,77.857211],[-110.865605,77.834118],[-110.811629,77.803158],[-110.719388,77.781427],[-110.292179,77.78636],[-110.152752,77.762959],[-110.117563,77.715564],[-110.116892,77.624718],[-110.139447,77.572116],[-110.198488,77.524523],[-110.893999,77.425976],[-111.226226,77.428502],[-111.951972,77.344193],[-112.176532,77.343754],[-112.372671,77.364112],[-112.643814,77.443697],[-112.925635,77.474931],[-113.164352,77.530258],[-113.208539,77.580202],[-113.120637,77.632628],[-113.189521,77.718311],[-113.271271,77.778406],[-113.283465,77.813024],[-113.269332,77.860056],[-113.187066,77.912351],[-112.804527,77.941597],[-112.304589,78.006768],[-111.206593,78.088155],[-110.873224,78.080607],[-110.458056,78.103239],[-110.003541,78.089649]]],[[[-115.029358,77.967536],[-114.890447,77.976896],[-114.606901,78.040353],[-114.33038,78.077564],[-114.296894,78.063194],[-114.302865,78.032707],[-114.279843,78.004307],[-114.087192,77.977929],[-113.897744,77.915559],[-113.768039,77.903562],[-113.617917,77.832404],[-113.619389,77.813496],[-113.832452,77.754632],[-114.105897,77.720684],[-114.287231,77.721486],[-114.608345,77.769331],[-114.980419,77.91545],[-115.029358,77.967536]]],[[[-122.902804,76.13473],[-122.878282,76.164811],[-122.774,76.227697],[-122.423064,76.390064],[-121.561126,76.453444],[-121.102007,76.660745],[-120.485355,76.793196],[-120.357661,76.886909],[-120.31092,76.904608],[-120.200332,76.931327],[-119.831158,77.073897],[-119.32398,77.240658],[-119.090191,77.305104],[-118.005197,77.381217],[-117.418615,77.317398],[-117.279089,77.313399],[-117.148994,77.36086],[-116.843536,77.339568],[-116.703619,77.379954],[-117.029776,77.431864],[-117.045772,77.44897],[-117.039724,77.46512],[-116.835291,77.528863],[-116.511309,77.547616],[-116.362609,77.542815],[-116.208872,77.51602],[-115.551285,77.363288],[-115.470206,77.308664],[-115.623921,77.265927],[-116.213701,77.178234],[-116.3292,77.137046],[-116.285738,77.101648],[-115.856848,76.969252],[-115.810057,76.939127],[-115.912867,76.908432],[-116.109753,76.91822],[-116.252746,76.9014],[-116.233959,76.87433],[-116.016221,76.784517],[-115.944568,76.736221],[-115.946304,76.71126],[-116.220446,76.611087],[-116.999234,76.531612],[-117.044476,76.373112],[-117.153905,76.297976],[-117.233616,76.281519],[-117.49241,76.272708],[-117.841408,76.344844],[-117.992975,76.405829],[-118.020232,76.446544],[-117.965405,76.57403],[-117.807636,76.733925],[-117.780455,76.784253],[-117.817919,76.804094],[-117.88081,76.805083],[-118.300603,76.73666],[-118.409148,76.662294],[-118.431011,76.588015],[-118.468161,76.547366],[-118.573685,76.525196],[-118.791401,76.512979],[-118.820751,76.485821],[-118.799564,76.463782],[-118.643887,76.417508],[-118.624535,76.365883],[-118.643399,76.334671],[-118.851139,76.257821],[-118.993945,76.14486],[-119.080709,76.124085],[-119.168226,76.126491],[-119.367903,76.221753],[-119.523706,76.340307],[-119.580346,76.326508],[-119.648944,76.279871],[-119.639666,76.156692],[-119.739636,76.117735],[-119.725195,76.099959],[-119.549727,76.052047],[-119.527166,76.030558],[-119.526134,75.997226],[-119.537763,75.982185],[-119.607938,75.984558],[-119.73483,75.915421],[-119.91288,75.858831],[-120.408874,75.82563],[-120.563309,76.008432],[-120.637153,76.034019],[-120.771566,76.166305],[-120.848382,76.182686],[-120.900106,76.163416],[-121.019302,76.020275],[-121.213474,75.983679],[-121.427955,75.981098],[-121.908211,76.034788],[-122.057428,76.018198],[-122.400481,75.944249],[-122.533059,75.950918],[-122.640494,76.00908],[-122.645943,76.030998],[-122.607392,76.038666],[-122.546259,76.080502],[-122.548176,76.097322],[-122.608661,76.121448],[-122.59272,76.162064],[-122.902804,76.13473]]],[[[-114.835257,76.79469],[-114.647056,76.851017],[-114.419858,76.875363],[-113.891647,76.894864],[-113.585414,76.847304],[-113.516502,76.825023],[-113.487591,76.783275],[-113.560711,76.743274],[-113.71246,76.710568],[-114.751492,76.758908],[-114.835257,76.79469]]],[[[-110.002816,74.850989],[-110.386744,74.813965],[-110.543426,74.780369],[-110.749331,74.687688],[-110.940873,74.638722],[-111.72873,74.501964],[-112.519355,74.416853],[-113.016921,74.401923],[-113.514047,74.430081],[-113.836792,74.488945],[-114.268242,74.604335],[-114.37694,74.670846],[-114.312681,74.715077],[-114.132483,74.766131],[-113.324346,74.87528],[-112.836003,74.975574],[-112.66304,74.994415],[-112.192836,75.009763],[-111.955746,75.000381],[-111.671112,75.019453],[-111.25796,75.127713],[-111.078899,75.195202],[-111.033476,75.226776],[-111.093473,75.256286],[-111.181221,75.260471],[-111.620827,75.167769],[-112.214177,75.132931],[-112.478091,75.200014],[-112.597051,75.211659],[-112.70314,75.187138],[-112.855328,75.120582],[-112.951343,75.107816],[-113.711789,75.068617],[-113.794648,75.083811],[-113.844982,75.112211],[-113.860951,75.187764],[-113.886038,75.210912],[-113.853304,75.259384],[-113.758789,75.321709],[-113.467074,75.416126],[-113.878523,75.375454],[-114.016523,75.434264],[-114.074893,75.392406],[-114.124656,75.291222],[-114.16848,75.239488],[-114.429032,75.281137],[-114.51383,75.275512],[-114.357769,75.171273],[-114.356116,75.14094],[-114.451768,75.087876],[-115.020107,74.976145],[-115.128317,75.009478],[-115.279648,75.101565],[-115.413154,75.115001],[-115.537283,75.080713],[-115.608986,75.009577],[-115.728846,74.968136],[-116.142646,75.041569],[-116.476087,75.17179],[-117.004843,75.156079],[-117.501968,75.203859],[-117.565222,75.233346],[-117.600104,75.271688],[-117.576071,75.314063],[-117.513131,75.3568],[-117.387815,75.421498],[-117.257643,75.459533],[-116.890793,75.480506],[-116.077146,75.492964],[-115.335333,75.618043],[-115.141858,75.678534],[-115.117259,75.695014],[-115.121885,75.705813],[-116.034332,75.606706],[-116.425654,75.585359],[-117.0252,75.601531],[-117.137958,75.617143],[-117.163644,75.644894],[-116.972647,75.745738],[-116.802167,75.771599],[-115.838067,75.840593],[-115.476848,75.841319],[-114.991526,75.896349],[-116.444254,75.890614],[-116.654296,75.929319],[-116.664525,75.957587],[-116.549679,76.016858],[-116.609774,76.073756],[-116.591328,76.095817],[-116.45423,76.143234],[-116.20985,76.194419],[-114.778595,76.172611],[-115.024551,76.21147],[-115.796852,76.252559],[-115.822175,76.270027],[-115.825587,76.329837],[-115.779285,76.364696],[-115.58069,76.437503],[-114.998481,76.497455],[-114.534786,76.50174],[-114.193952,76.451455],[-114.115768,76.395854],[-114.112768,76.349447],[-114.05882,76.300723],[-113.923271,76.229147],[-113.823487,76.206823],[-113.171279,76.257777],[-112.697614,76.201703],[-112.333862,76.0719],[-111.865257,75.939295],[-111.867635,75.910741],[-112.047163,75.866433],[-112.080907,75.847416],[-112.056672,75.834232],[-111.549103,75.822147],[-111.513238,75.810667],[-111.372756,75.676469],[-111.275708,75.612495],[-111.163285,75.57022],[-111.052697,75.548511],[-110.72559,75.559519],[-110.002404,75.539063],[-110.002816,74.850989]]],[[[-110.003409,76.479668],[-110.002635,76.244231],[-110.247015,76.306348],[-110.314449,76.369398],[-110.309488,76.397403],[-110.270009,76.416991],[-110.003409,76.479668]]],[[[-119.394567,75.617318],[-119.2268,75.698639],[-118.62609,75.90627],[-118.13666,75.994479],[-117.752473,76.112461],[-117.512614,76.099442],[-117.499128,76.077217],[-117.626356,75.965958],[-117.890835,75.805481],[-118.226522,75.611177],[-118.328146,75.579679],[-118.613889,75.515442],[-118.817136,75.522111],[-119.086653,75.569341],[-119.306044,75.585359],[-119.383251,75.601015],[-119.394567,75.617318]]],[[[-121.240913,75.751857],[-121.221099,75.777499],[-121.0263,75.847515],[-121.018088,75.883847],[-121.042296,75.902985],[-120.993023,75.927462],[-120.887812,75.927979],[-120.878715,75.906687],[-120.896854,75.844516],[-120.954939,75.78876],[-121.076222,75.745276],[-121.240913,75.751857]]],[[[-115.392824,73.501978],[-115.446849,73.43885],[-115.524468,73.416757],[-115.992271,73.32323],[-116.482525,73.253203],[-117.065405,73.107294],[-117.464428,73.037761],[-117.983208,72.902212],[-118.961568,72.684144],[-119.13156,72.608855],[-119.407772,72.360388],[-119.512857,72.302666],[-119.767465,72.243856],[-120.179892,72.212644],[-120.194415,72.126764],[-120.310014,71.984085],[-120.366264,71.88802],[-120.443157,71.630819],[-120.519666,71.557419],[-120.619323,71.505762],[-120.930313,71.446238],[-121.472164,71.389032],[-121.546811,71.406808],[-121.622182,71.447633],[-121.74936,71.444788],[-122.156623,71.26593],[-122.549516,71.193563],[-122.83994,71.097466],[-123.095658,71.093796],[-123.314741,71.169174],[-123.393343,71.218854],[-123.68185,71.493127],[-124.007776,71.677434],[-124.759977,71.835176],[-125.296664,71.973021],[-125.76689,71.960826],[-125.84531,71.978657],[-125.767719,72.054254],[-125.762578,72.137509],[-125.583803,72.183058],[-125.633796,72.210326],[-125.646771,72.236517],[-125.627314,72.25481],[-125.575481,72.265302],[-125.512386,72.307731],[-125.382781,72.423823],[-124.987119,72.588003],[-124.984663,72.604406],[-125.018567,72.617018],[-125.030246,72.644769],[-125.015414,72.776078],[-124.969678,72.843303],[-124.930869,72.8632],[-124.582569,72.925932],[-124.564947,72.944125],[-124.560816,72.965054],[-124.588255,73.005308],[-124.736438,73.022699],[-124.817105,73.0588],[-124.836403,73.076268],[-124.804054,73.125663],[-124.59399,73.243338],[-124.424207,73.418723],[-124.114178,73.527378],[-124.030149,73.644218],[-123.797272,73.768154],[-123.79781,73.785315],[-123.873056,73.82759],[-124.088025,73.856891],[-124.191511,73.902001],[-124.575362,74.248125],[-124.62908,74.270043],[-124.644994,74.304353],[-124.709308,74.326985],[-124.696261,74.348178],[-123.468325,74.436123],[-122.623158,74.464138],[-121.74791,74.540647],[-121.504156,74.545119],[-121.315224,74.530001],[-120.554498,74.352935],[-119.943603,74.253706],[-119.562647,74.232832],[-119.715373,74.153665],[-119.736923,74.129945],[-119.728551,74.108445],[-119.471098,74.201203],[-119.205948,74.198006],[-119.149621,74.167881],[-119.131895,74.02786],[-119.117942,74.015534],[-119.025701,74.044735],[-118.744116,74.192084],[-118.62531,74.232503],[-118.199677,74.266736],[-117.707484,74.252366],[-117.514839,74.231745],[-117.198834,74.171133],[-116.950378,74.101392],[-115.957725,73.747929],[-115.634331,73.665531],[-115.510696,73.618762],[-115.407524,73.541924],[-115.392824,73.501978]]],[[[-110.000025,70.001151],[-112.500025,70.001151],[-112.499822,69.911547],[-112.649994,69.834445],[-112.874939,69.833357],[-112.881064,70.00136],[-117.055358,70.002184],[-117.075303,69.889014],[-116.693671,69.695489],[-116.650495,69.649808],[-116.856038,69.649677],[-116.992752,69.719363],[-117.104011,69.804265],[-117.148659,69.888135],[-117.1954,70.054072],[-117.162738,70.092491],[-117.135426,70.100171],[-116.55381,70.175043],[-115.52912,70.257111],[-114.592327,70.312449],[-114.167002,70.307494],[-113.91658,70.281522],[-113.210758,70.263823],[-112.637898,70.225228],[-112.265961,70.254683],[-112.189656,70.275612],[-111.783689,70.27292],[-111.632561,70.308834],[-111.725835,70.352032],[-112.114158,70.446866],[-113.145516,70.616364],[-113.757289,70.690719],[-113.966063,70.696201],[-114.331413,70.675217],[-114.840739,70.621395],[-115.990898,70.586283],[-116.327288,70.623746],[-116.992543,70.603652],[-117.587058,70.629536],[-118.264068,70.888308],[-118.376513,70.967706],[-118.352535,71.000061],[-118.269105,71.034734],[-117.814068,71.158451],[-117.313943,71.212086],[-116.421518,71.337968],[-115.891653,71.381792],[-115.922272,71.401073],[-116.045291,71.423079],[-116.043918,71.454291],[-115.980252,71.469276],[-115.733757,71.485096],[-115.47186,71.465815],[-115.341018,71.472429],[-115.303423,71.493721],[-115.338123,71.510881],[-115.586661,71.546411],[-116.780282,71.444161],[-117.337124,71.434603],[-117.723354,71.39068],[-117.935637,71.392075],[-118.18818,71.435955],[-118.221875,71.449072],[-118.226445,71.467112],[-118.148338,71.525713],[-117.878404,71.560847],[-117.742344,71.659351],[-118.371531,71.639938],[-118.58299,71.649013],[-118.868399,71.686784],[-118.987721,71.764248],[-118.984205,71.91308],[-118.944622,71.985524],[-118.589862,72.167479],[-118.368663,72.205492],[-118.213504,72.262874],[-118.207483,72.286901],[-118.24588,72.311038],[-118.390493,72.36954],[-118.48129,72.427669],[-118.456587,72.472526],[-118.374525,72.533862],[-118.133122,72.632827],[-117.551709,72.831109],[-117.256457,72.914418],[-116.971664,72.959319],[-116.573239,73.054922],[-114.638217,73.37268],[-114.301909,73.330723],[-114.20641,73.297797],[-114.127034,73.230703],[-114.05169,73.070995],[-114.053755,72.958056],[-114.109154,72.861002],[-114.280304,72.739076],[-114.497839,72.625906],[-114.521531,72.592936],[-114.458124,72.580346],[-114.342421,72.590761],[-113.957817,72.651482],[-113.692437,72.672828],[-113.622179,72.646835],[-113.578075,72.652108],[-113.500066,72.694428],[-113.486141,72.722278],[-113.491387,72.822067],[-113.449837,72.863255],[-113.292408,72.949816],[-113.208022,72.981028],[-113.073555,72.995288],[-112.753628,72.986016],[-112.048091,72.888062],[-111.455412,72.765894],[-111.269743,72.713731],[-111.250412,72.668566],[-111.355497,72.572106],[-111.610907,72.435579],[-111.895178,72.356104],[-111.761595,72.335274],[-111.675116,72.300139],[-111.311183,72.45486],[-111.253434,72.44907],[-111.287261,72.401137],[-111.268084,72.363849],[-111.139879,72.365354],[-110.958984,72.431964],[-110.781554,72.533895],[-110.512549,72.599703],[-110.439325,72.633344],[-110.205129,72.661304],[-110.19717,72.758862],[-110.553632,72.861442],[-110.689412,72.944542],[-110.660837,73.008208],[-110.008446,72.983654],[-110.000025,70.001151]]]]}},{"type":"Feature","properties":{"adm0_a3":"CAN","name":"Nunavut","name_en":"Nunavut","iso_3166_2":"CA-NU","postal":"NU"},"geometry":{"type":"MultiPolygon","coordinates":[[[[-120.681851,69.566938],[-120.292551,69.420568],[-120.14,69.380566],[-119.852834,69.342334],[-118.868706,69.257168],[-118.74489,69.234272],[-118.48558,69.144877],[-118.095192,69.042913],[-117.226948,68.913417],[-117.025744,68.915944],[-116.424539,68.880623],[-116.059474,68.836985],[-116.065209,68.855431],[-116.251609,68.957911],[-116.243391,68.974083],[-115.936071,68.95812],[-115.883232,68.987311],[-115.80636,68.986641],[-115.442301,68.940905],[-114.993724,68.850059],[-114.620183,68.746117],[-114.413887,68.659578],[-114.218138,68.552043],[-114.110835,68.477314],[-114.092021,68.435413],[-113.964409,68.399081],[-114.020785,68.306499],[-114.095948,68.266794],[-114.274778,68.247876],[-114.76529,68.2702],[-114.852209,68.195273],[-115.127048,68.132014],[-115.186764,68.084191],[-115.167072,68.018536],[-115.426849,67.923559],[-115.434501,67.902367],[-115.133223,67.819167],[-115.011165,67.806401],[-114.856757,67.813586],[-114.267028,67.731167],[-113.893196,67.706876],[-112.503052,67.681937],[-112.236738,67.731112],[-111.575718,67.756842],[-111.192174,67.822584],[-111.154809,67.798238],[-110.990014,67.790801],[-110.371968,67.9542],[-110.216264,67.954014],[-110.073947,67.992927],[-109.936541,67.887898],[-109.831325,67.865837],[-109.686014,67.751777],[-109.630357,67.732716],[-109.224336,67.729772],[-109.081244,67.710721],[-109.038041,67.691166],[-108.99448,67.637113],[-108.949908,67.493972],[-108.890972,67.438107],[-108.852009,67.421979],[-108.815188,67.437491],[-108.715114,67.582829],[-108.680232,67.606208],[-108.613315,67.598046],[-108.491509,67.483326],[-108.346973,67.403434],[-107.988725,67.256415],[-107.909195,67.162569],[-107.929454,67.126809],[-107.991307,67.095179],[-108.220779,67.050608],[-108.344336,67.057507],[-108.496057,67.09229],[-108.218142,66.941239],[-108.101483,66.860336],[-107.760962,66.683708],[-107.480333,66.491777],[-107.373672,66.434648],[-107.259491,66.398536],[-107.710343,66.740057],[-107.740215,66.813754],[-107.746004,66.961498],[-107.725075,66.98413],[-107.626187,67.003147],[-107.499218,66.936174],[-107.451263,66.926737],[-107.402094,66.948006],[-107.200171,66.882583],[-107.156505,66.881759],[-107.34786,67.054772],[-107.283161,67.103265],[-107.482376,67.199132],[-107.567487,67.273048],[-107.644068,67.384779],[-107.649885,67.511276],[-107.954052,67.699999],[-107.972114,67.732046],[-107.958392,67.818596],[-107.763105,67.906816],[-107.72864,67.958848],[-107.798272,68.036927],[-107.509348,68.059153],[-107.446198,68.04965],[-107.124826,68.108448],[-106.922563,68.114161],[-106.790738,68.144835],[-106.710999,68.206765],[-106.668421,68.216016],[-106.42425,68.200591],[-106.429518,68.288492],[-106.404376,68.31932],[-106.271233,68.383195],[-106.132146,68.389885],[-105.933062,68.443114],[-105.781187,68.526566],[-105.750206,68.592297],[-105.774315,68.611139],[-105.932238,68.636539],[-106.458044,68.516437],[-106.543309,68.460571],[-106.566666,68.388951],[-106.608474,68.357377],[-106.853706,68.386831],[-107.04333,68.346841],[-107.146195,68.304203],[-107.298147,68.296446],[-107.619343,68.331075],[-107.741505,68.285757],[-107.734243,68.252062],[-107.677658,68.202942],[-107.734167,68.173718],[-108.104587,68.169302],[-108.26101,68.1499],[-108.322787,68.154086],[-108.718113,68.29749],[-108.640907,68.378514],[-108.313487,68.610776],[-107.766335,68.648932],[-107.435915,68.688856],[-106.830684,68.809497],[-106.164473,68.919877],[-105.797931,68.864791],[-105.685584,68.828152],[-105.606054,68.782416],[-105.539856,68.718651],[-105.456915,68.578092],[-105.428625,68.458253],[-105.377462,68.413813],[-105.101331,68.298007],[-105.043609,68.287877],[-104.959816,68.310564],[-104.93674,68.303038],[-104.911966,68.250513],[-104.769621,68.251776],[-104.653194,68.230078],[-104.636401,68.213895],[-104.661153,68.148757],[-104.486822,68.063185],[-104.193531,68.031193],[-103.901558,68.041069],[-103.657206,68.069106],[-103.474146,68.115018],[-103.021768,67.940248],[-102.84157,67.852753],[-102.691997,67.811576],[-102.389092,67.762225],[-102.320362,67.73566],[-102.209752,67.732716],[-102.057256,67.753337],[-101.883644,67.745317],[-101.554983,67.693176],[-100.855593,67.798964],[-100.616124,67.808269],[-100.456086,67.839481],[-99.772951,67.814828],[-99.472272,67.784077],[-99.14689,67.723619],[-98.920467,67.725784],[-98.69728,67.779737],[-98.412129,67.807181],[-98.417139,67.826451],[-98.467836,67.855807],[-98.703558,67.965725],[-98.722235,68.000189],[-98.720065,68.041992],[-98.689836,68.066129],[-98.631543,68.072534],[-98.414816,67.988412],[-98.062561,67.769663],[-97.930763,67.710776],[-97.607397,67.63107],[-97.454924,67.617008],[-97.274264,67.66626],[-97.155409,67.72641],[-97.139852,67.796228],[-97.206567,67.855082],[-97.546648,67.960759],[-97.73909,67.978173],[-97.913345,67.953574],[-98.110516,67.903037],[-98.192529,67.922988],[-98.438381,68.064679],[-98.500289,68.117655],[-98.500262,68.132278],[-98.386081,68.115326],[-98.380862,68.132487],[-98.449181,68.200799],[-98.632993,68.331152],[-98.650483,68.363529],[-98.468555,68.382129],[-98.218545,68.31743],[-97.794258,68.387611],[-97.911049,68.449519],[-97.938877,68.510449],[-97.925078,68.523699],[-97.828547,68.532773],[-97.639565,68.481973],[-97.548044,68.474941],[-97.410352,68.49654],[-97.265893,68.452925],[-97.13598,68.377998],[-96.976711,68.255424],[-96.628153,68.250304],[-96.430646,68.310608],[-96.480206,68.242811],[-96.725151,68.061251],[-96.722075,68.038795],[-96.531314,68.06313],[-96.493691,68.084938],[-96.43938,68.150878],[-95.970286,68.249139],[-96.036017,68.157755],[-96.171336,67.83167],[-96.198851,67.71783],[-96.371375,67.553859],[-96.369123,67.509759],[-96.185003,67.375572],[-96.169243,67.288967],[-96.141464,67.271839],[-96.012583,67.270906],[-95.719941,67.316796],[-95.695188,67.298734],[-95.77769,67.18463],[-95.557002,67.215282],[-95.415927,67.155593],[-95.404611,67.115592],[-95.418899,67.013243],[-95.502225,66.979889],[-95.76867,66.966716],[-96.019532,67.018747],[-96.095475,66.993534],[-96.215567,66.99772],[-96.350446,67.07001],[-96.422533,67.051772],[-96.359515,66.989403],[-95.885307,66.741376],[-95.813269,66.690146],[-95.787534,66.616813],[-95.743144,66.690454],[-95.772109,66.726061],[-96.016099,66.870443],[-96.045372,66.923155],[-96.036874,66.937493],[-95.972379,66.952247],[-95.625035,66.916278],[-95.490392,66.924133],[-95.399651,66.949457],[-95.354096,66.980691],[-95.321076,67.152495],[-95.258751,67.262556],[-95.295627,67.361059],[-95.463366,67.610185],[-95.633692,67.703877],[-95.650485,67.73744],[-95.460707,68.021382],[-95.384094,68.05556],[-95.234696,68.059724],[-95.125866,68.08329],[-94.861024,68.041641],[-94.744421,68.070886],[-94.383844,68.227024],[-94.098128,68.399388],[-93.927752,68.47381],[-93.651693,68.543101],[-93.448918,68.618917],[-93.643969,68.633123],[-93.676187,68.685967],[-93.659861,68.783756],[-93.68146,68.887269],[-93.765742,68.96959],[-93.852457,69.000341],[-93.8961,68.982202],[-93.938084,68.889082],[-93.991571,68.820604],[-94.064872,68.784745],[-94.478337,68.742755],[-94.586778,68.775549],[-94.600423,68.803246],[-94.562569,68.911659],[-94.083631,69.123091],[-94.081126,69.135835],[-94.221812,69.136395],[-94.255381,69.15149],[-94.284939,69.241611],[-94.254732,69.313759],[-94.156366,69.341763],[-93.619497,69.417008],[-93.612625,69.402847],[-93.800986,69.280909],[-93.820443,69.25262],[-93.748537,69.226132],[-93.567461,69.296884],[-93.430983,69.375073],[-93.537078,69.382324],[-93.542862,69.406461],[-93.522428,69.450692],[-93.532271,69.480926],[-93.649781,69.51906],[-94.015291,69.446715],[-94.270778,69.455142],[-94.419192,69.51705],[-94.633854,69.649655],[-94.712714,69.649391],[-94.789245,69.585472],[-94.822528,69.577771],[-95.292111,69.667375],[-95.587599,69.755695],[-95.964936,69.802771],[-96.11909,69.871864],[-96.269361,69.991802],[-96.4924,70.12489],[-96.551364,70.210287],[-96.545624,70.327236],[-96.297706,70.511378],[-96.122732,70.561223],[-95.878638,70.548973],[-95.980185,70.593215],[-95.988194,70.616858],[-95.88634,70.69429],[-96.186426,70.63827],[-96.257996,70.642302],[-96.358867,70.678656],[-96.548931,70.808723],[-96.551051,70.889725],[-96.470384,71.069714],[-96.52475,71.12703],[-96.420748,71.17648],[-96.44656,71.239893],[-96.271355,71.33911],[-96.061989,71.413883],[-95.924061,71.393064],[-95.725368,71.328157],[-95.632583,71.318796],[-95.564237,71.336781],[-95.406264,71.491655],[-95.445381,71.505355],[-95.674205,71.504059],[-95.830348,71.526075],[-95.872332,71.573152],[-95.837736,71.598267],[-95.615917,71.685388],[-95.511684,71.776805],[-95.201238,71.903731],[-94.886968,71.963364],[-94.611118,71.986875],[-94.557065,71.978965],[-94.491076,71.915508],[-94.478826,71.84859],[-94.308346,71.764874],[-93.810187,71.766237],[-93.746313,71.742803],[-93.781661,71.674336],[-93.762853,71.638059],[-93.256372,71.460861],[-93.031295,71.335693],[-92.948689,71.262107],[-92.890192,71.122383],[-92.882721,71.069363],[-92.904194,70.916082],[-92.921997,70.8871],[-92.98145,70.852262],[-92.783015,70.798154],[-92.641703,70.718811],[-92.355828,70.634271],[-92.214467,70.49291],[-92.049101,70.389661],[-92.037191,70.36738],[-92.072589,70.318755],[-92.047343,70.30333],[-91.983534,70.285532],[-91.820387,70.34165],[-91.760852,70.326248],[-91.654032,70.232974],[-91.564076,70.178251],[-91.571635,70.161563],[-91.616129,70.147863],[-91.858576,70.132668],[-92.121039,70.169934],[-92.290327,70.239851],[-92.320507,70.235347],[-92.511867,70.10384],[-92.445746,70.083164],[-92.127005,70.084504],[-91.976701,70.038669],[-92.284746,69.892112],[-92.887786,69.668199],[-92.802653,69.651456],[-92.49347,69.683218],[-92.311674,69.672902],[-92.230749,69.653368],[-92.258291,69.634307],[-92.209095,69.603292],[-91.911947,69.531255],[-91.724114,69.545625],[-91.532392,69.615026],[-91.38423,69.649446],[-91.201813,69.644799],[-91.150858,69.637141],[-91.170326,69.620299],[-91.439975,69.525707],[-91.288122,69.543197],[-90.950182,69.5155],[-90.666658,69.515522],[-90.554938,69.504492],[-90.415565,69.456998],[-90.683961,69.427753],[-90.748539,69.392487],[-90.794583,69.346728],[-90.822126,69.2905],[-90.892284,69.267297],[-91.004982,69.277086],[-91.049191,69.293027],[-91.024845,69.315253],[-91.057738,69.318406],[-91.217963,69.302102],[-91.237211,69.285535],[-90.74476,69.105908],[-90.587282,68.946848],[-90.479022,68.881172],[-90.468377,68.863759],[-90.538964,68.819571],[-90.542523,68.785986],[-90.51018,68.688878],[-90.573637,68.474689],[-90.528351,68.432205],[-90.423058,68.394741],[-90.317216,68.330295],[-90.24776,68.26741],[-90.204771,68.257489],[-90.174437,68.2702],[-90.116408,68.33859],[-90.005325,68.398048],[-89.897714,68.490751],[-89.879499,68.521556],[-89.896571,68.594363],[-89.884223,68.625575],[-89.783093,68.735955],[-89.720153,68.93161],[-89.666616,69.014601],[-89.351913,69.226988],[-89.279557,69.255465],[-89.1985,69.269473],[-89.056732,69.266111],[-88.814572,69.135879],[-88.637736,69.058832],[-88.315529,68.954451],[-88.041332,68.811716],[-87.964362,68.709291],[-87.865946,68.477633],[-87.827758,68.448091],[-87.810289,68.404145],[-87.827912,68.299962],[-87.892687,68.24814],[-87.990949,68.242031],[-88.111161,68.251183],[-88.145801,68.266014],[-88.209082,68.334844],[-88.23523,68.339084],[-88.34695,68.288284],[-88.360672,68.259862],[-88.319616,68.165764],[-88.32512,67.988774],[-88.313837,67.950322],[-88.19591,67.76584],[-87.997189,67.625687],[-87.499102,67.355325],[-87.417946,67.214139],[-87.359389,67.177247],[-87.266246,67.183861],[-86.923934,67.356247],[-86.812808,67.402368],[-86.682015,67.422297],[-86.560814,67.482107],[-86.536414,67.516164],[-86.475538,67.713127],[-86.39803,67.800095],[-85.952578,68.07249],[-85.788871,68.328021],[-85.731094,68.445026],[-85.722821,68.515459],[-85.744893,68.57829],[-85.733862,68.630123],[-85.689774,68.670948],[-85.491086,68.773989],[-85.42507,68.774253],[-85.275073,68.741338],[-84.867579,68.773319],[-84.867481,68.790403],[-85.106664,68.844071],[-85.083384,68.907891],[-85.008292,68.949232],[-84.916073,68.962251],[-84.862207,69.073971],[-85.11353,69.165861],[-85.275458,69.172321],[-85.386771,69.231899],[-85.431914,69.353881],[-85.402218,69.426775],[-85.437232,69.48821],[-85.439484,69.519939],[-85.415973,69.547745],[-85.430123,69.58066],[-85.502424,69.651511],[-85.44791,69.748147],[-85.446097,69.777777],[-85.534823,69.835071],[-85.415138,69.84954],[-85.176812,69.805144],[-85.019817,69.804781],[-84.645117,69.849694],[-84.318801,69.843695],[-83.665356,69.69973],[-82.618359,69.69104],[-82.374188,69.641799],[-82.390206,69.600864],[-82.495686,69.532244],[-82.754842,69.494363],[-82.642035,69.458394],[-82.309852,69.410032],[-82.208152,69.297015],[-82.246758,69.264968],[-82.227565,69.248895],[-81.951786,69.276086],[-81.732158,69.258102],[-81.377849,69.185647],[-81.321599,69.138933],[-81.328674,69.119938],[-81.611451,69.003021],[-81.951632,68.909077],[-81.957938,68.883655],[-81.686916,68.878953],[-81.380914,68.850059],[-81.263514,68.780603],[-81.25912,68.692449],[-81.281543,68.657205],[-81.526857,68.555966],[-81.914839,68.458769],[-82.006487,68.462648],[-82.106352,68.498562],[-82.210173,68.506263],[-82.397216,68.477578],[-82.498707,68.478611],[-82.548651,68.468591],[-82.552683,68.446465],[-82.413003,68.357201],[-82.392843,68.338304],[-82.430647,68.306576],[-82.422715,68.296578],[-82.222423,68.145242],[-82.151341,68.139694],[-82.077623,68.179662],[-82.012507,68.193878],[-82.102145,68.018899],[-82.100464,67.989829],[-82.062528,67.928152],[-81.869333,67.802479],[-81.412313,67.595354],[-81.294364,67.497433],[-81.270128,67.459914],[-81.301055,67.356973],[-81.467585,67.069889],[-81.630106,67.002004],[-81.925539,66.974725],[-82.198341,66.764656],[-82.260557,66.739134],[-82.374759,66.709416],[-82.641519,66.587512],[-82.948883,66.550818],[-83.298369,66.392153],[-83.406453,66.371246],[-83.523083,66.368763],[-83.590298,66.387836],[-83.651063,66.484625],[-83.998022,66.728533],[-84.207982,66.736344],[-84.32436,66.781761],[-84.366262,66.811117],[-84.361099,66.822532],[-84.272582,66.839231],[-84.538451,66.972814],[-84.6926,67.016583],[-84.845772,67.028723],[-85.040021,66.95607],[-85.113717,66.906929],[-85.111289,66.8909],[-85.018268,66.872091],[-84.857373,66.940668],[-84.737743,66.933592],[-84.63858,66.902325],[-84.589504,66.856644],[-84.318933,66.711789],[-84.223066,66.682489],[-84.094219,66.526219],[-83.825834,66.28998],[-83.797566,66.238465],[-83.869065,66.213581],[-84.293038,66.291815],[-84.398463,66.258746],[-84.4784,66.179315],[-84.628055,66.207693],[-85.096194,66.325356],[-85.306824,66.440339],[-85.442219,66.537338],[-85.603861,66.568242],[-85.79176,66.532943],[-86.063222,66.520386],[-86.708163,66.523066],[-86.737101,66.510904],[-86.688629,66.457489],[-86.747,66.417081],[-86.685114,66.360392],[-86.584786,66.321951],[-86.113088,66.225315],[-86.000841,66.186841],[-85.964257,66.154464],[-85.958731,66.119066],[-86.042853,66.022529],[-86.701967,65.67056],[-87.081083,65.440814],[-87.193825,65.383037],[-87.29146,65.354824],[-87.678135,65.335345],[-87.969976,65.348935],[-88.121005,65.394584],[-88.39485,65.516235],[-88.672464,65.611553],[-88.74393,65.678778],[-88.946144,65.703014],[-89.087758,65.738983],[-89.420358,65.860788],[-89.749398,65.936023],[-89.94401,65.933573],[-89.847748,65.87228],[-89.889694,65.868534],[-90.116605,65.882442],[-90.316271,65.926366],[-90.513278,65.920521],[-91.00953,65.965741],[-91.41152,65.959358],[-91.427252,65.94791],[-91.285177,65.894429],[-91.041105,65.829829],[-91.073668,65.885541],[-91.064923,65.899911],[-90.98346,65.919236],[-90.59684,65.884816],[-89.924059,65.78027],[-89.788004,65.736709],[-89.600424,65.647774],[-89.241731,65.446395],[-88.974049,65.348309],[-88.197788,65.279886],[-87.391952,65.260561],[-87.10801,65.224801],[-87.027547,65.198093],[-87.002695,65.108587],[-87.028502,65.06362],[-87.280507,64.826173],[-87.885018,64.400464],[-87.997562,64.24393],[-88.105624,64.183319],[-88.653029,64.009372],[-88.817725,63.992223],[-89.059622,64.034443],[-89.200653,64.113764],[-89.209431,64.105437],[-89.107654,63.981105],[-89.131549,63.968503],[-89.403527,64.039969],[-89.500932,64.014492],[-89.615816,64.030609],[-89.763812,64.099493],[-89.792091,64.168279],[-89.811306,64.180583],[-90.041657,64.14089],[-90.080021,64.127717],[-89.953568,64.080641],[-89.855724,63.956979],[-89.921895,63.943542],[-90.168186,63.978753],[-90.059641,63.877492],[-90.013444,63.804269],[-90.154728,63.689648],[-90.245288,63.641902],[-90.368852,63.624433],[-90.533493,63.665412],[-90.5964,63.661281],[-90.635006,63.623763],[-90.706835,63.596946],[-90.811886,63.580895],[-90.945656,63.587849],[-91.538808,63.725595],[-91.92601,63.757093],[-91.956003,63.772331],[-91.953805,63.7868],[-91.919451,63.800599],[-91.92891,63.812431],[-91.982238,63.822407],[-92.094892,63.784427],[-92.338442,63.787657],[-92.970238,63.937643],[-93.429692,64.028807],[-93.696341,64.147141],[-93.596712,64.040584],[-93.604875,64.004494],[-93.655802,63.972788],[-93.664173,63.941422],[-93.559814,63.865298],[-93.415586,63.837964],[-93.27022,63.840853],[-93.266188,63.853312],[-93.380265,63.900025],[-93.405868,63.941213],[-93.378534,63.948497],[-92.156877,63.691692],[-92.205013,63.656788],[-92.461044,63.569458],[-92.465076,63.555088],[-92.289553,63.562998],[-92.076621,63.63999],[-91.841855,63.697558],[-91.686024,63.659732],[-91.489292,63.562196],[-91.330078,63.506825],[-90.970045,63.442796],[-90.746605,63.351588],[-90.711273,63.304039],[-90.69074,63.11057],[-90.698595,63.063856],[-90.777873,62.971604],[-90.871212,62.945929],[-91.1149,62.921583],[-91.349491,62.818905],[-91.448983,62.804051],[-91.869628,62.834714],[-92.034225,62.863454],[-92.110075,62.861697],[-92.196125,62.828825],[-92.361283,62.819366],[-92.388155,62.800865],[-92.377713,62.7724],[-92.305159,62.711678],[-92.149098,62.665272],[-91.955849,62.64476],[-91.935832,62.592411],[-92.007869,62.540522],[-92.269503,62.586983],[-92.324077,62.564604],[-92.497348,62.564868],[-92.551401,62.546729],[-92.562201,62.502905],[-92.594962,62.470089],[-92.767975,62.379968],[-92.765986,62.349942],[-92.701469,62.328233],[-92.627465,62.279037],[-92.544062,62.202297],[-92.527962,62.168426],[-92.579175,62.177347],[-92.734774,62.259712],[-92.865824,62.306228],[-93.154463,62.366839],[-93.205362,62.364928],[-92.987806,62.285914],[-92.914428,62.24499],[-92.90554,62.215118],[-93.065891,62.149749],[-93.07028,62.127832],[-93.016255,62.092697],[-93.073384,62.060551],[-93.167487,62.033635],[-93.34975,62.029801],[-93.366339,62.014563],[-93.273423,61.961081],[-93.333056,61.932912],[-93.581776,61.942064],[-93.494237,61.846922],[-93.42995,61.812096],[-93.314402,61.779774],[-93.312023,61.767293],[-93.420595,61.705792],[-93.709673,61.602542],[-93.912761,61.481462],[-93.940875,61.443636],[-93.888838,61.344034],[-93.942012,61.307988],[-94.060763,61.31781],[-94.08345,61.303648],[-94.05521,61.266185],[-94.049964,61.211275],[-94.067795,61.138875],[-94.154043,61.025453],[-94.427174,60.730711],[-94.509396,60.604522],[-94.568897,60.541988],[-94.678761,60.537703],[-94.761702,60.498219],[-94.670647,60.453318],[-94.646774,60.416414],[-94.670417,60.301102],[-94.771886,60.001768],[-102.001649,60.001087],[-102.005604,63.84928],[-101.986636,64.080223],[-101.999144,64.228429],[-108.97293,64.779195],[-109.215113,64.813044],[-109.516385,64.902912],[-110.669466,65.497141],[-112.503903,65.502337],[-120.677951,68.002848],[-120.681851,69.566938]]],[[[-110.004365,78.686723],[-109.815977,78.650391],[-109.640948,78.592097],[-109.467265,78.567191],[-109.362236,78.49288],[-109.336006,78.408439],[-109.352107,78.368658],[-109.390526,78.336665],[-109.484475,78.316407],[-109.7088,78.30375],[-110.003667,78.321702],[-110.004365,78.686723]]],[[[-110.00359,77.928941],[-110.003541,78.089649],[-109.622244,78.074773],[-109.619063,78.056833],[-109.6794,77.999297],[-109.771795,77.957417],[-110.00359,77.928941]]],[[[-105.481436,75.702254],[-105.519499,75.632392],[-105.678399,75.501391],[-105.702641,75.4125],[-105.862574,75.191532],[-105.971976,75.131492],[-106.092639,75.089447],[-106.588243,75.015443],[-106.961114,74.940077],[-107.153429,74.927157],[-107.820052,75.000051],[-108.023634,74.986483],[-108.226618,74.951887],[-108.474744,74.947207],[-108.751314,74.991966],[-108.63331,75.023299],[-108.831283,75.064871],[-109.50313,74.882772],[-110.002816,74.850989],[-110.002404,75.539063],[-109.086358,75.506499],[-109.005049,75.515003],[-108.947145,75.541798],[-108.912571,75.586963],[-108.899497,75.624064],[-108.918229,75.674766],[-108.944767,75.699002],[-109.796059,75.863017],[-109.870497,75.929055],[-109.454659,76.021253],[-109.424737,76.042544],[-109.416624,76.071845],[-109.430368,76.109154],[-109.486827,76.144651],[-109.710146,76.212459],[-109.907834,76.222632],[-110.002635,76.244231],[-110.003409,76.479668],[-109.864866,76.522361],[-109.338539,76.75994],[-109.219557,76.79201],[-109.098218,76.811851],[-108.831646,76.821156],[-108.492388,76.754184],[-108.467015,76.737594],[-108.512438,76.680257],[-108.635172,76.608549],[-108.62763,76.586697],[-108.55952,76.536314],[-108.512493,76.438898],[-108.193543,76.330067],[-108.123214,76.233432],[-108.381904,76.115713],[-108.40614,76.085072],[-108.386815,76.066571],[-108.292376,76.057112],[-107.852275,76.057738],[-107.776876,76.035304],[-107.723499,75.995413],[-107.731843,75.95562],[-107.755172,75.940272],[-108.02069,75.804778],[-107.917539,75.802141],[-107.70257,75.877595],[-107.540923,75.90115],[-107.216189,75.891548],[-107.050383,75.845395],[-106.970935,75.773104],[-106.913521,75.679622],[-106.891713,75.782399],[-106.688081,75.819038],[-106.820088,75.872421],[-106.86205,75.930066],[-106.845642,75.951544],[-106.677024,76.023736],[-106.396603,76.060111],[-105.904849,76.009003],[-105.632669,75.945337],[-105.56329,75.880639],[-105.480893,75.745661],[-105.481436,75.702254]]],[[[-117.075303,69.889014],[-117.055358,70.002184],[-112.881064,70.00136],[-112.874939,69.833357],[-112.649994,69.834445],[-112.499822,69.911547],[-112.500025,70.001151],[-110.000025,70.001151],[-110.001833,72.981852],[-109.609972,72.875702],[-109.469073,72.808422],[-109.357116,72.775045],[-109.12191,72.726409],[-108.968173,72.654119],[-108.994425,72.595979],[-108.754983,72.551078],[-108.627729,72.412013],[-108.469602,72.13875],[-108.276435,71.900369],[-108.188221,71.723785],[-107.925345,71.638674],[-107.785456,71.629688],[-107.687271,71.716117],[-107.346931,71.819235],[-107.329282,71.835253],[-107.369409,71.858972],[-107.376853,71.886108],[-107.306002,71.894678],[-107.542631,72.025316],[-107.695852,72.149319],[-107.794037,72.302611],[-107.823749,72.442764],[-107.909816,72.490774],[-107.932503,72.520404],[-107.934365,72.587761],[-107.997174,72.652702],[-108.238219,73.105822],[-108.237417,73.149899],[-108.20414,73.183078],[-107.936194,73.217135],[-108.077478,73.281416],[-108.089393,73.303696],[-108.029034,73.348751],[-107.720011,73.329042],[-107.113455,73.192119],[-107.074443,73.197393],[-107.03253,73.245293],[-106.950803,73.276022],[-106.82836,73.265914],[-106.482126,73.196206],[-106.08163,73.071918],[-105.812707,73.010636],[-105.624165,72.927514],[-105.415134,72.788328],[-105.411673,72.764652],[-105.430097,72.740361],[-105.323178,72.634794],[-105.23409,72.415089],[-104.810315,71.903159],[-104.51832,71.699242],[-104.385924,71.576953],[-104.373158,71.495116],[-104.355354,71.47166],[-104.355794,71.3821],[-104.384891,71.337528],[-104.487053,71.247902],[-104.563067,71.132402],[-104.569582,71.104036],[-104.514804,71.064265],[-104.166867,70.9272],[-103.953469,70.762657],[-103.584575,70.630855],[-103.294674,70.572462],[-103.077194,70.508818],[-103.021202,70.515795],[-103.001201,70.540964],[-103.082797,70.619077],[-103.088587,70.649696],[-103.049569,70.655068],[-102.750466,70.521892],[-101.989844,70.285038],[-101.676321,70.27827],[-101.626817,70.248322],[-101.618445,70.172406],[-101.562426,70.134998],[-101.239137,70.150961],[-101.090778,70.13569],[-101.04269,70.110817],[-100.973312,70.029474],[-100.90908,69.869194],[-100.905724,69.811736],[-100.935123,69.715331],[-100.982381,69.679878],[-101.043696,69.668716],[-101.21622,69.679625],[-101.337272,69.710266],[-101.400109,69.749279],[-101.456749,69.833873],[-101.483825,69.85021],[-101.565085,69.75564],[-101.647642,69.698533],[-101.733577,69.704169],[-101.860238,69.738072],[-102.182132,69.845947],[-102.234323,69.842245],[-102.523505,69.758221],[-102.595905,69.717913],[-102.565258,69.692183],[-102.53487,69.620815],[-102.563116,69.573585],[-102.621096,69.551514],[-102.91976,69.564642],[-103.303199,69.674297],[-103.359268,69.68536],[-103.434766,69.667683],[-103.464896,69.64448],[-103.418023,69.611411],[-103.048948,69.471786],[-103.031848,69.433488],[-103.039802,69.367603],[-103.120211,69.204609],[-102.884104,69.341323],[-102.546499,69.434465],[-102.446765,69.476301],[-102.151409,69.487694],[-102.045962,69.464832],[-101.978215,69.425116],[-101.975529,69.407032],[-102.052861,69.360472],[-102.066891,69.337115],[-102.070923,69.307606],[-102.046094,69.257684],[-101.992991,69.23603],[-101.872845,69.239963],[-101.822511,69.217068],[-101.789283,69.181615],[-101.787811,69.132264],[-101.857112,69.02395],[-102.488414,68.888917],[-102.73832,68.865],[-102.895057,68.823658],[-103.16225,68.828723],[-103.468203,68.808563],[-104.067337,68.86556],[-104.352695,68.928193],[-104.46018,68.912406],[-104.571439,68.87213],[-105.10588,68.920393],[-105.169287,68.955373],[-105.021648,69.052504],[-105.019577,69.081266],[-105.804984,69.153193],[-106.008407,69.147612],[-106.140852,69.162037],[-106.341177,69.224352],[-106.355701,69.280635],[-106.344253,69.339642],[-106.361359,69.381039],[-106.419982,69.413745],[-106.539799,69.443079],[-106.659066,69.439585],[-106.759937,69.407109],[-106.855799,69.347289],[-107.033464,69.180736],[-107.439898,69.002142],[-107.863382,68.954341],[-108.36498,68.934763],[-108.552544,68.897399],[-108.945876,68.759839],[-109.472099,68.676683],[-109.958552,68.630277],[-110.84811,68.5784],[-110.957253,68.594209],[-111.127602,68.588342],[-111.310925,68.542013],[-112.304946,68.516228],[-112.864266,68.477117],[-113.127712,68.494167],[-113.231401,68.535377],[-113.338062,68.598757],[-113.554822,68.767584],[-113.616835,68.83849],[-113.592544,68.959878],[-113.608562,69.030179],[-113.69414,69.195029],[-114.073421,69.251334],[-114.322964,69.269154],[-115.159035,69.264759],[-115.618132,69.282953],[-116.101536,69.337159],[-116.536808,69.433542],[-116.609467,69.51204],[-116.856038,69.649677],[-116.650495,69.649808],[-116.693671,69.695489],[-117.075303,69.889014]]],[[[-86.451984,68.225497],[-86.421123,68.18343],[-86.43033,68.138738],[-86.382451,67.927306],[-86.446941,67.817003],[-86.546027,67.752195],[-86.638169,67.73488],[-86.861104,67.810488],[-86.892525,67.836581],[-86.908433,67.901927],[-86.847041,68.010264],[-86.937733,68.067601],[-86.959805,68.100242],[-86.884845,68.190516],[-86.702088,68.305598],[-86.5699,68.287723],[-86.451984,68.225497]]],[[[-109.497961,68.047013],[-109.469128,68.098011],[-109.341719,68.045848],[-109.323169,67.990884],[-109.360813,67.987577],[-109.497961,68.047013]]],[[[-74.749281,68.018437],[-74.706544,68.067107],[-74.379404,68.093463],[-73.880734,68.021942],[-73.584027,68.015328],[-73.493774,68.000651],[-73.435228,67.97001],[-73.398204,67.829945],[-73.407191,67.793042],[-73.621732,67.783824],[-74.374065,67.789614],[-74.573379,67.828649],[-74.678639,67.905575],[-74.745996,67.984819],[-74.749281,68.018437]]],[[[-109.183615,67.975019],[-108.970502,67.979722],[-108.909599,67.939391],[-108.886061,67.898544],[-108.920168,67.878801],[-109.09623,67.924021],[-109.183615,67.975019]]],[[[-108.04898,67.664886],[-107.990873,67.622128],[-107.974926,67.549365],[-107.989373,67.51355],[-107.905191,67.467045],[-107.89098,67.437228],[-107.950251,67.318213],[-108.003969,67.365915],[-108.152257,67.429427],[-108.15112,67.524822],[-108.120836,67.568152],[-108.127527,67.628588],[-108.04898,67.664886]]],[[[-62.396341,67.178324],[-62.681568,67.056321],[-62.805417,67.028833],[-62.871631,67.062572],[-62.825104,67.07213],[-62.625318,67.176929],[-62.469718,67.190057],[-62.396341,67.178324]]],[[[-108.092727,67.00519],[-107.805534,66.998599],[-107.833362,66.921343],[-107.895166,66.871882],[-107.943923,66.857831],[-108.05973,66.946875],[-108.092727,67.00519]]],[[[-82.931338,66.257296],[-83.010846,66.208462],[-83.059889,66.199266],[-83.213928,66.277038],[-83.237856,66.331531],[-83.222256,66.336463],[-83.1235,66.282828],[-82.948158,66.271919],[-82.931338,66.257296]]],[[[-84.467391,66.088271],[-84.407164,66.130997],[-84.122245,66.077823],[-83.950375,66.027495],[-83.701348,65.920115],[-83.693646,65.890397],[-83.714883,65.860755],[-83.765112,65.831147],[-83.72599,65.796705],[-83.469448,65.735215],[-83.26318,65.723273],[-83.233748,65.715033],[-83.233934,65.696554],[-83.332427,65.631031],[-83.38147,65.629999],[-83.606547,65.701366],[-83.636364,65.691489],[-83.644395,65.678525],[-83.630651,65.662353],[-83.649514,65.657772],[-83.787546,65.66889],[-83.809244,65.678338],[-83.798192,65.70999],[-83.701919,65.756221],[-83.813584,65.78751],[-84.008514,65.751485],[-84.118246,65.771799],[-84.143229,65.915973],[-84.270923,65.990625],[-84.37014,66.011806],[-84.467391,66.088271]]],[[[-84.602216,65.631493],[-84.674769,65.575012],[-84.78293,65.570079],[-84.931146,65.689171],[-85.071958,65.737335],[-85.136294,65.820864],[-85.14405,65.885332],[-85.174153,65.943724],[-85.175669,65.97241],[-85.149631,66.015399],[-85.031397,66.025484],[-84.919819,65.997008],[-84.691754,65.793146],[-84.602633,65.657388],[-84.602216,65.631493]]],[[[-80.261319,63.80195],[-80.302068,63.762202],[-80.504073,63.673784],[-80.711759,63.596374],[-80.953524,63.48026],[-81.04637,63.46155],[-81.963332,63.664435],[-82.378121,63.706809],[-82.411739,63.736494],[-82.467111,63.926953],[-82.571492,63.960692],[-83.033895,64.023226],[-83.038696,64.061415],[-83.016163,64.126992],[-83.065129,64.159028],[-83.30395,64.14379],[-83.494332,64.09924],[-83.583596,64.058075],[-83.617083,64.013404],[-83.66161,63.872593],[-83.728264,63.813365],[-84.022104,63.659886],[-84.141625,63.613744],[-84.307639,63.585783],[-84.38751,63.529094],[-84.506206,63.390029],[-84.632911,63.309214],[-84.961502,63.19723],[-85.392616,63.119666],[-85.495503,63.13909],[-85.56609,63.270893],[-85.714142,63.657975],[-85.76892,63.700327],[-86.301548,63.656788],[-86.57569,63.662314],[-86.846887,63.575313],[-86.915255,63.568985],[-87.151879,63.58563],[-87.177125,63.595133],[-87.193869,63.632805],[-87.188936,63.67229],[-87.154417,63.714873],[-86.932053,63.901684],[-86.421749,64.051538],[-86.308601,64.093659],[-86.252098,64.136858],[-86.274159,64.238042],[-86.354469,64.376535],[-86.374255,64.56583],[-86.188301,65.010293],[-86.114198,65.417303],[-86.074581,65.533824],[-86.017068,65.640282],[-85.961675,65.704255],[-85.813986,65.831949],[-85.699058,65.883168],[-85.554664,65.918664],[-85.495525,65.899702],[-85.442428,65.845572],[-85.241093,65.795519],[-85.176218,65.746893],[-85.13035,65.692917],[-85.105389,65.622715],[-85.130306,65.592096],[-85.226316,65.545766],[-85.239939,65.510314],[-85.056039,65.437397],[-84.919622,65.261078],[-84.842102,65.255914],[-84.612499,65.447296],[-84.501141,65.458436],[-84.266429,65.367228],[-84.18,65.316328],[-84.133495,65.245477],[-84.084891,65.217825],[-83.490762,65.131791],[-83.407156,65.103907],[-83.200986,64.959657],[-82.990587,64.904099],[-82.667611,64.780338],[-82.271664,64.721166],[-82.050026,64.644294],[-81.928923,64.559414],[-81.7872,64.425985],[-81.676117,64.212641],[-81.667361,64.170498],[-81.680896,64.145537],[-81.902644,64.031257],[-81.887087,64.016404],[-81.716096,64.021886],[-81.335651,64.075774],[-81.023573,64.031081],[-80.921158,64.100482],[-80.828961,64.089935],[-80.694291,64.024753],[-80.568871,63.931908],[-80.579187,63.909221],[-80.668275,63.901476],[-80.450592,63.862925],[-80.261319,63.80195]]],[[[-77.96599,63.992937],[-77.931361,64.0148],[-77.71081,64.03563],[-77.617295,64.037234],[-77.563604,64.022084],[-77.714062,63.945707],[-77.928834,63.961988],[-77.96599,63.992937]]],[[[-77.364752,63.58831],[-77.133687,63.682057],[-76.763624,63.573567],[-76.652442,63.503562],[-76.67759,63.393962],[-76.783158,63.384041],[-76.92186,63.406366],[-77.057234,63.449773],[-77.364752,63.58831]]],[[[-78.536752,63.423724],[-78.507352,63.451113],[-78.234913,63.489565],[-77.876693,63.470548],[-77.792065,63.427811],[-77.703724,63.430854],[-77.53849,63.287043],[-77.532733,63.233661],[-77.65768,63.164623],[-77.79145,63.129609],[-77.942424,63.114393],[-78.255963,63.239857],[-78.468746,63.357894],[-78.536752,63.423724]]],[[[-83.912395,62.425517],[-83.899266,62.47645],[-83.739064,62.568845],[-83.376405,62.90495],[-83.289437,62.921583],[-83.110942,62.88412],[-82.965758,62.873935],[-82.706415,62.944533],[-82.459717,62.936162],[-82.234772,62.977448],[-82.129248,62.977701],[-82.000466,62.95419],[-81.960575,62.926241],[-81.948589,62.884021],[-81.990183,62.776322],[-82.113746,62.652253],[-82.388042,62.519132],[-82.568262,62.403215],[-83.015801,62.2099],[-83.129674,62.20411],[-83.25238,62.232949],[-83.376822,62.238112],[-83.698865,62.160263],[-83.714421,62.173568],[-83.728627,62.257185],[-83.760959,62.303536],[-83.903145,62.402468],[-83.912395,62.425517]]],[[[-71.220142,62.873913],[-71.013698,62.865311],[-70.674342,62.807051],[-70.442618,62.733794],[-70.29149,62.615976],[-70.268836,62.578095],[-70.337072,62.54874],[-70.406374,62.54484],[-70.686558,62.573185],[-70.766066,62.596849],[-70.837554,62.648111],[-70.851254,62.704339],[-70.986156,62.787791],[-71.136943,62.815905],[-71.220142,62.873913]]],[[[-74.626443,62.712766],[-74.619983,62.726301],[-74.564205,62.733277],[-74.394785,62.695814],[-74.108932,62.680312],[-74.016822,62.66269],[-73.988192,62.63607],[-74.000442,62.618426],[-74.05356,62.609692],[-74.253523,62.621997],[-74.499528,62.668788],[-74.626443,62.712766]]],[[[-64.418078,62.487403],[-64.478338,62.417893],[-64.546497,62.391383],[-64.657393,62.383582],[-64.901224,62.421046],[-64.956496,62.458355],[-64.930788,62.485019],[-64.827099,62.50497],[-64.849863,62.525438],[-64.848775,62.543313],[-64.823836,62.558738],[-64.515307,62.551794],[-64.465055,62.53593],[-64.418078,62.487403]]],[[[-79.28647,62.247671],[-79.272001,62.185993],[-79.323933,62.026054],[-79.541858,61.808009],[-79.668772,61.644455],[-79.714255,61.612573],[-79.816109,61.594643],[-80.091976,61.746826],[-80.204916,61.777258],[-80.265176,61.818193],[-80.275118,62.054641],[-80.234689,62.152694],[-80.021598,62.342966],[-79.926742,62.392855],[-79.545318,62.411696],[-79.466228,62.384516],[-79.28647,62.247671]]],[[[-65.23534,61.897723],[-65.173948,61.943195],[-65.068348,61.926035],[-65.030544,61.879035],[-64.960572,61.871674],[-64.923548,61.823719],[-64.84549,61.779895],[-64.847039,61.761504],[-64.927712,61.732511],[-65.165939,61.797649],[-65.230275,61.864028],[-65.23534,61.897723]]],[[[-93.196683,61.918542],[-93.075762,61.935011],[-92.993024,61.889714],[-92.999951,61.867489],[-93.043951,61.844077],[-93.084804,61.841704],[-93.196683,61.918542]]],[[[-65.432127,61.64952],[-65.129761,61.685698],[-64.95443,61.685127],[-64.789635,61.662231],[-64.669588,61.593039],[-64.696406,61.471497],[-64.856806,61.354449],[-64.954244,61.410413],[-65.054395,61.432035],[-65.393884,61.56286],[-65.426799,61.611024],[-65.432127,61.64952]]],[[[-78.241681,60.818668],[-78.278858,60.783885],[-78.372473,60.756397],[-78.668884,60.716912],[-78.669093,60.731338],[-78.611997,60.772317],[-78.241681,60.818668]]],[[[-68.365257,60.254047],[-68.367861,60.314747],[-68.338253,60.360604],[-68.141883,60.561983],[-68.087599,60.587856],[-67.978044,60.570388],[-67.914191,60.539824],[-67.818852,60.449494],[-67.844252,60.391662],[-67.92231,60.339884],[-68.012332,60.30464],[-68.233817,60.240919],[-68.324091,60.232888],[-68.365257,60.254047]]],[[[-64.407015,60.367064],[-64.441951,60.297872],[-64.737956,60.375644],[-64.809015,60.410427],[-64.833812,60.448451],[-64.836426,60.501009],[-64.646308,60.514599],[-64.407015,60.367064]]],[[[-80.16709,59.763848],[-80.122233,59.823175],[-80.041186,59.870141],[-79.955867,59.876964],[-79.898628,59.853145],[-79.949637,59.809914],[-80.064225,59.770825],[-80.16709,59.763848]]],[[[-80.167244,59.708862],[-80.240522,59.644943],[-80.285248,59.624113],[-80.31724,59.621059],[-80.324656,59.63321],[-80.29897,59.674189],[-80.25665,59.679144],[-80.20998,59.724627],[-80.167244,59.708862]]],[[[-69.352818,58.960748],[-69.316332,59.028951],[-69.311531,59.074797],[-69.329977,59.121247],[-69.303204,59.144868],[-69.195175,59.146153],[-69.193802,59.092771],[-69.155207,59.06358],[-69.220861,58.967559],[-69.30171,58.976612],[-69.352818,58.960748]]],[[[-79.808452,57.442437],[-79.838225,57.482999],[-79.810858,57.559277],[-79.76789,57.598707],[-79.726703,57.604595],[-79.716496,57.515507],[-79.775174,57.514475],[-79.792027,57.44859],[-79.808452,57.442437]]],[[[-79.943672,56.776765],[-79.945704,56.826917],[-79.898166,56.86526],[-79.826645,56.843089],[-79.867009,56.774567],[-79.894475,56.757099],[-79.943672,56.776765]]],[[[-79.577388,56.644918],[-79.550746,56.733489],[-79.583562,56.780983],[-79.552866,56.798759],[-79.491057,56.742685],[-79.484553,56.686512],[-79.518193,56.656695],[-79.577388,56.644918]]],[[[-80.008238,55.911053],[-80.000801,55.932092],[-79.790061,56.114146],[-79.596328,56.244477],[-79.515271,56.326534],[-79.482356,56.403823],[-79.458867,56.539724],[-79.435301,56.513038],[-79.432049,56.44746],[-79.47628,56.312845],[-79.554184,56.191973],[-79.536332,56.180086],[-79.458296,56.211068],[-79.392641,56.276458],[-79.305333,56.463061],[-79.272418,56.600423],[-79.210433,56.548897],[-79.123542,56.519959],[-79.077729,56.453635],[-78.963186,56.421719],[-78.942411,56.344936],[-78.90665,56.320382],[-79.083904,56.067894],[-79.175475,55.885059],[-79.227825,55.8785],[-79.273627,55.922479],[-79.142274,56.136415],[-79.142296,56.180701],[-79.182143,56.212177],[-79.407418,55.934882],[-79.495089,55.874754],[-79.605732,55.875655],[-79.764737,55.806771],[-79.49744,56.093162],[-79.494682,56.11497],[-79.544725,56.128363],[-79.781118,55.940562],[-79.904571,55.871063],[-79.987518,55.892145],[-80.008238,55.911053]]],[[[-80.088856,56.21388],[-80.05749,56.287368],[-80.005085,56.31791],[-79.874447,56.348452],[-79.852178,56.367183],[-79.749181,56.376511],[-79.579739,56.466346],[-79.687943,56.326798],[-79.977598,56.207014],[-80.028596,56.199411],[-80.088856,56.21388]]],[[[-78.66873,56.438627],[-78.657162,56.317393],[-78.672817,56.260495],[-78.710182,56.212902],[-78.826505,56.145303],[-78.913835,56.132801],[-78.907013,56.166342],[-78.828417,56.289851],[-78.799424,56.383278],[-78.724497,56.439188],[-78.66873,56.438627]]],[[[-79.939299,53.274268],[-80.039352,53.297164],[-80.074025,53.344284],[-80.049679,53.364444],[-79.974565,53.352249],[-79.938212,53.30414],[-79.939299,53.274268]]],[[[-82.039281,53.049883],[-81.951138,53.132204],[-81.847295,53.186268],[-81.335365,53.224247],[-81.135611,53.205801],[-80.76535,52.923233],[-80.710474,52.831607],[-80.70954,52.78742],[-80.731677,52.747276],[-80.802319,52.733993],[-81.009884,52.760657],[-81.839055,52.957906],[-82.005037,53.010508],[-82.039281,53.049883]]],[[[-79.643767,52.01006],[-79.334864,52.09816],[-79.271308,52.0868],[-79.328954,51.992273],[-79.384292,51.951976],[-79.520621,51.952953],[-79.643767,52.01006]]],[[[-61.207213,82.34105],[-61.273538,82.279834],[-61.615378,82.18444],[-61.968643,82.110238],[-62.176713,82.04342],[-64.435799,81.742603],[-65.226199,81.743482],[-65.399157,81.715379],[-65.49543,81.668094],[-65.701072,81.645561],[-66.625748,81.616414],[-66.914073,81.485105],[-68.688541,81.293328],[-68.72117,81.261237],[-68.542576,81.248009],[-68.317686,81.261237],[-65.735701,81.494246],[-65.239987,81.509649],[-64.780066,81.492851],[-64.832757,81.438622],[-65.48396,81.284781],[-66.312846,81.146155],[-66.726877,81.040895],[-67.774357,80.859401],[-68.630456,80.678698],[-68.959354,80.586863],[-69.400103,80.422848],[-69.550682,80.383265],[-69.733769,80.366928],[-70.143493,80.397679],[-70.712574,80.539578],[-70.212784,80.277741],[-70.264881,80.233609],[-71.100281,80.187049],[-71.470048,80.145905],[-71.927651,80.139137],[-72.055982,80.123218],[-72.062991,80.105552],[-71.948679,80.086172],[-71.61609,80.071033],[-70.877061,80.122295],[-70.5684,80.09372],[-70.559073,80.071],[-70.757508,79.998216],[-71.355823,79.911303],[-71.106324,79.875542],[-71.11018,79.847791],[-71.387838,79.761746],[-71.964543,79.701057],[-72.215537,79.686819],[-72.436505,79.694389],[-73.448148,79.827115],[-74.144253,79.879772],[-74.394466,79.874092],[-74.660214,79.835179],[-74.540716,79.81559],[-74.051034,79.778236],[-73.472461,79.756429],[-73.229377,79.643973],[-73.201109,79.596589],[-73.293581,79.521607],[-73.36151,79.503985],[-73.865947,79.501403],[-74.188692,79.464764],[-74.797939,79.458688],[-75.503448,79.414172],[-75.773822,79.431167],[-76.066871,79.47319],[-76.898844,79.512301],[-76.855096,79.488219],[-76.670921,79.47809],[-76.295672,79.4136],[-76.116353,79.326116],[-75.947505,79.311339],[-75.602743,79.239555],[-75.093603,79.203904],[-74.727264,79.235369],[-74.481181,79.22948],[-74.532323,79.052743],[-74.64089,79.035539],[-75.233152,79.035539],[-75.911799,79.117782],[-77.398062,79.057292],[-78.257907,79.082198],[-78.581653,79.075024],[-78.558999,79.054578],[-78.421769,79.048404],[-77.882757,78.942364],[-76.824818,79.017862],[-76.524111,79.024223],[-76.255858,79.006853],[-75.952668,78.959052],[-75.795058,78.889761],[-75.098558,78.858285],[-74.618412,78.757727],[-74.486301,78.750103],[-74.433127,78.724131],[-74.53508,78.659279],[-74.546605,78.620321],[-74.878601,78.544823],[-75.396551,78.522829],[-75.965852,78.529827],[-76.416126,78.511535],[-76.136513,78.491693],[-75.488353,78.403539],[-75.237205,78.355738],[-75.193436,78.327722],[-75.550678,78.221122],[-75.865953,78.009811],[-75.96962,77.993123],[-76.355592,77.991003],[-76.708077,77.937884],[-76.974001,77.927238],[-77.455938,77.947178],[-78.012594,77.946046],[-78.056396,77.911725],[-78.084115,77.846104],[-78.081072,77.747348],[-78.047168,77.615468],[-78.076161,77.519063],[-78.167984,77.458111],[-78.283747,77.4131],[-78.493213,77.369385],[-78.869549,77.332537],[-79.906384,77.299545],[-80.573057,77.314816],[-80.87462,77.358585],[-81.376838,77.482149],[-81.659088,77.525446],[-81.653826,77.498837],[-81.503544,77.429766],[-81.27772,77.365199],[-81.301384,77.344062],[-81.522956,77.310839],[-82.056793,77.296524],[-82.065989,77.283659],[-81.84022,77.214093],[-81.756317,77.204019],[-81.53447,77.214456],[-81.117209,77.269651],[-80.672538,77.244306],[-80.218714,77.14656],[-79.923743,77.193604],[-79.497264,77.196087],[-79.340885,77.158393],[-79.281097,77.085169],[-79.273813,77.025788],[-79.318923,76.98037],[-79.220738,76.936051],[-78.979204,76.892875],[-78.791777,76.883581],[-78.45598,76.967241],[-78.288856,76.977986],[-77.998751,76.851951],[-77.983293,76.755008],[-78.118689,76.644057],[-78.284308,76.571217],[-78.934303,76.451148],[-79.285909,76.354776],[-79.51103,76.31049],[-79.953559,76.251262],[-80.18681,76.240199],[-80.799715,76.173567],[-80.962961,76.183927],[-80.996656,76.214986],[-80.955183,76.270181],[-80.834806,76.369135],[-80.832378,76.408642],[-80.97453,76.470066],[-81.170702,76.512748],[-81.474452,76.487633],[-81.717382,76.494972],[-81.82296,76.520856],[-82.034161,76.629401],[-82.311149,76.655373],[-82.529842,76.723279],[-82.261974,76.574711],[-82.208361,76.513759],[-82.233168,76.465825],[-83.388984,76.43926],[-83.885698,76.453114],[-83.986311,76.495016],[-84.223792,76.675324],[-84.275339,76.356533],[-85.14126,76.304568],[-85.680579,76.34903],[-86.115802,76.434921],[-86.296198,76.491874],[-86.36684,76.548607],[-86.453709,76.584884],[-86.561924,76.516516],[-86.680236,76.376627],[-87.354192,76.44805],[-87.489796,76.585818],[-87.497553,76.386295],[-88.104328,76.41275],[-88.395993,76.405258],[-88.48162,76.580083],[-88.495858,76.772838],[-88.614115,76.650879],[-88.562545,76.547212],[-88.54578,76.420913],[-88.803695,76.456828],[-89.57008,76.491918],[-89.499745,76.826781],[-88.770912,76.993334],[-88.556217,77.072194],[-88.398168,77.103955],[-87.828406,77.136486],[-87.36174,77.136222],[-86.812236,77.184925],[-87.182399,77.33213],[-87.429668,77.347786],[-87.589168,77.394807],[-87.780187,77.492838],[-87.937929,77.599812],[-88.094671,77.719179],[-88.016975,77.784734],[-87.757116,77.836227],[-87.236012,77.891807],[-87.017988,77.892246],[-86.38511,77.808607],[-86.172975,77.746161],[-85.731226,77.508659],[-85.588491,77.461143],[-84.950856,77.374966],[-84.738699,77.361013],[-83.973578,77.390545],[-83.721288,77.414187],[-83.608074,77.442246],[-83.477358,77.513614],[-83.250315,77.584827],[-82.902707,77.732725],[-82.664689,77.888841],[-82.595288,77.992134],[-82.70358,77.962427],[-83.428206,77.621313],[-83.779373,77.532631],[-83.928149,77.518316],[-84.167827,77.52271],[-84.485848,77.561986],[-84.860548,77.499507],[-85.087877,77.515371],[-85.289367,77.559042],[-85.292025,77.763882],[-85.547534,77.927699],[-85.031495,78.062007],[-84.615421,78.195689],[-84.222704,78.176001],[-84.549998,78.251346],[-84.910371,78.239722],[-84.783193,78.527608],[-85.02431,78.312375],[-85.418994,78.142416],[-85.585931,78.109545],[-86.217777,78.081178],[-86.062617,78.186955],[-85.920048,78.342862],[-86.070967,78.284623],[-86.427045,78.19704],[-86.913245,78.126805],[-87.339339,78.132649],[-87.551726,78.176628],[-87.491115,78.284425],[-87.49129,78.417173],[-86.952905,78.663904],[-86.80793,78.774361],[-86.241914,78.823612],[-85.690994,78.843717],[-85.229678,78.902011],[-85.003744,78.912239],[-84.787269,78.884587],[-83.907891,78.839136],[-83.27142,78.77034],[-82.989785,78.844124],[-82.441787,78.84041],[-82.151056,78.864097],[-81.780795,78.950329],[-81.750099,78.975773],[-82.028295,78.961842],[-82.438788,78.903681],[-83.058538,78.939518],[-84.145789,78.959832],[-84.411998,78.99657],[-84.567751,79.071299],[-84.530288,79.10127],[-84.383577,79.118529],[-84.256663,79.122144],[-83.824592,79.058819],[-83.575873,79.053677],[-83.662017,79.090053],[-84.197391,79.225086],[-85.089789,79.612145],[-85.268481,79.664132],[-85.456952,79.689862],[-86.031482,79.721932],[-86.146619,79.742839],[-86.420739,79.845209],[-86.494358,80.018167],[-86.614504,80.123537],[-86.498544,80.258229],[-86.307184,80.319335],[-85.159607,80.271797],[-84.675418,80.278927],[-84.056514,80.261954],[-83.723617,80.228951],[-83.004309,80.054598],[-82.677477,79.992788],[-82.376979,79.908249],[-81.855721,79.72258],[-81.688367,79.685808],[-81.038097,79.614211],[-80.475937,79.606256],[-80.124485,79.669505],[-80.714033,79.674932],[-81.01017,79.693125],[-81.3587,79.787795],[-81.860248,79.957182],[-82.332385,80.066375],[-82.6813,80.174898],[-82.961133,80.277895],[-82.987028,80.322587],[-82.536149,80.375563],[-80.97965,80.445271],[-80.051074,80.52857],[-79.629342,80.647837],[-78.386162,80.784375],[-76.863006,80.864784],[-76.850339,80.878166],[-77.118548,80.896458],[-78.550957,80.921419],[-78.716224,80.951653],[-78.6293,81.043477],[-78.463934,81.114383],[-78.286791,81.167601],[-77.53604,81.32108],[-77.030724,81.385679],[-76.885122,81.430273],[-77.97234,81.330802],[-78.352137,81.258919],[-78.733868,81.151011],[-78.931556,81.119239],[-79.198337,81.11758],[-79.309189,81.089059],[-79.402156,81.036863],[-79.545428,80.909323],[-79.761354,80.841944],[-80.133526,80.76393],[-81.007016,80.654869],[-82.368201,80.561309],[-82.613042,80.558903],[-82.884338,80.577558],[-82.768323,80.630688],[-82.33678,80.728664],[-82.222368,80.772334],[-83.40141,80.713986],[-83.647141,80.674095],[-84.076256,80.556277],[-84.219792,80.537776],[-85.145852,80.521132],[-85.307395,80.525988],[-85.726238,80.581128],[-86.250341,80.56578],[-86.531613,80.604749],[-86.615405,80.630039],[-86.603079,80.66402],[-86.440481,80.728049],[-86.25212,80.789539],[-85.639314,80.924627],[-85.246267,80.987875],[-84.679911,81.042389],[-83.349192,81.10332],[-83.288833,81.147946],[-84.635449,81.098068],[-85.780862,81.035083],[-85.966816,81.011902],[-86.233444,80.950093],[-87.329912,80.669755],[-87.711665,80.656264],[-88.232,80.703813],[-89.061698,80.82954],[-89.263253,80.914289],[-89.166903,80.941315],[-88.413065,80.999762],[-87.388667,80.988392],[-86.928977,81.000433],[-86.476758,81.035721],[-85.809591,81.1236],[-85.083329,81.246878],[-84.941221,81.286231],[-85.402482,81.285319],[-85.875037,81.241187],[-86.622744,81.122644],[-87.275101,81.080787],[-88.886796,81.058517],[-89.398385,81.025339],[-89.623056,81.032469],[-89.792289,81.064823],[-89.980935,81.12471],[-89.947295,81.172643],[-89.563367,81.226487],[-89.208717,81.250075],[-89.635712,81.302062],[-89.67367,81.328627],[-89.427016,81.387437],[-88.892289,81.474097],[-88.621915,81.501409],[-88.126498,81.5188],[-87.616688,81.509341],[-87.597023,81.525821],[-88.101361,81.558637],[-88.479038,81.564635],[-88.978389,81.541487],[-90.303527,81.401126],[-90.609035,81.429548],[-90.553773,81.464231],[-89.84521,81.611657],[-89.821688,81.63486],[-90.330861,81.631553],[-90.626305,81.655998],[-90.833727,81.640496],[-91.292406,81.571249],[-91.402786,81.578226],[-91.684069,81.635684],[-91.647572,81.683848],[-91.423825,81.744262],[-90.941964,81.827461],[-90.490185,81.877229],[-90.163012,81.894017],[-89.633339,81.894533],[-89.381005,81.916758],[-88.875238,82.018019],[-88.56683,82.061086],[-88.063195,82.096484],[-87.638936,82.085069],[-87.4044,82.054219],[-87.018197,81.958715],[-86.999235,81.992157],[-86.834022,82.033334],[-86.626798,82.051011],[-86.158352,82.025534],[-85.645642,81.953288],[-85.537976,81.954639],[-85.403152,81.982237],[-85.044833,81.982797],[-85.169242,82.02337],[-85.31057,82.04398],[-86.580601,82.187231],[-86.615636,82.218553],[-85.794452,82.291623],[-85.275974,82.405199],[-84.896825,82.449441],[-84.36813,82.373943],[-83.590682,82.326449],[-83.010176,82.141681],[-82.633707,82.077312],[-82.356028,82.06603],[-82.327452,82.092463],[-82.657064,82.158293],[-82.747471,82.196426],[-82.70859,82.228726],[-82.638387,82.245733],[-82.536896,82.247282],[-81.584502,82.120566],[-80.549908,82.004605],[-80.153368,81.977634],[-79.685548,81.885876],[-79.424864,81.854433],[-79.629496,81.932315],[-80.129835,82.028379],[-81.468256,82.192394],[-81.997621,82.278285],[-82.253679,82.336315],[-82.447544,82.395026],[-82.451345,82.427117],[-82.02323,82.494397],[-81.68116,82.518633],[-82.122524,82.601778],[-82.116844,82.62865],[-81.785343,82.649217],[-81.579668,82.643021],[-80.862524,82.571554],[-80.809691,82.586386],[-81.14662,82.715574],[-81.178063,82.744688],[-81.01017,82.779031],[-80.657135,82.769111],[-80.075782,82.706214],[-79.035069,82.674639],[-78.748777,82.679374],[-79.642009,82.784975],[-79.833775,82.816495],[-80.141173,82.894212],[-80.15495,82.91112],[-79.886334,82.938509],[-79.180583,82.93318],[-78.524974,82.891114],[-77.96867,82.906363],[-77.479581,82.88316],[-76.421015,82.670926],[-76.244026,82.604107],[-76.146489,82.549867],[-76.009358,82.535168],[-75.56562,82.608545],[-75.642876,82.643482],[-76.086976,82.723638],[-76.409952,82.815824],[-76.908457,82.919415],[-77.12492,83.008547],[-75.744928,83.047175],[-74.414187,83.013128],[-74.197734,82.988991],[-73.703119,82.851838],[-73.272037,82.771594],[-72.658714,82.721639],[-73.23465,82.844246],[-73.441864,82.904836],[-73.44071,82.945837],[-73.403785,82.977159],[-73.331121,82.998758],[-72.811677,83.081177],[-71.98322,83.101436],[-71.405943,82.974863],[-70.940364,82.902232],[-70.932982,82.911274],[-71.198334,82.969556],[-71.402406,83.001296],[-71.423521,83.021137],[-71.084824,83.082682],[-70.870557,83.098129],[-69.969931,83.116114],[-69.782142,83.092548],[-69.569392,83.024905],[-69.488884,83.016797],[-68.409027,83.005295],[-68.10687,82.961185],[-67.924639,82.956021],[-67.624471,82.964393],[-66.591635,82.944057],[-66.422577,82.926874],[-66.424775,82.906154],[-66.600369,82.861253],[-66.836301,82.817945],[-68.357556,82.676814],[-68.469352,82.653359],[-68.172864,82.645965],[-67.397065,82.668135],[-65.727429,82.842433],[-65.299006,82.799598],[-65.113183,82.888895],[-64.904871,82.900837],[-64.77676,82.876436],[-64.504013,82.778405],[-63.983613,82.829107],[-63.498698,82.792566],[-63.473023,82.771231],[-63.64252,82.712992],[-63.085337,82.565248],[-63.087051,82.532795],[-63.250835,82.466855],[-63.246781,82.45021],[-62.475179,82.519567],[-61.69716,82.488608],[-61.477071,82.467426],[-61.302509,82.399772],[-61.207213,82.34105]]],[[[-85.042141,79.284566],[-85.28985,79.208343],[-86.091643,79.099973],[-86.72083,78.975487],[-86.95719,78.974916],[-87.016461,78.898704],[-87.080369,78.866119],[-87.617381,78.67633],[-87.861486,78.70685],[-87.922306,78.751344],[-87.956232,78.851595],[-87.953178,78.91503],[-87.816749,79.036341],[-87.87835,79.038175],[-88.0402,78.995329],[-88.163808,78.933498],[-88.190241,78.867437],[-88.166598,78.745533],[-88.189702,78.696391],[-88.253786,78.67199],[-88.227891,78.653028],[-88.0031,78.615509],[-87.973645,78.564742],[-87.982841,78.537067],[-88.040255,78.494429],[-88.147592,78.477126],[-88.28458,78.496549],[-88.580662,78.601919],[-88.741579,78.584045],[-88.623058,78.462107],[-88.606447,78.392014],[-88.732976,78.241689],[-88.791017,78.192437],[-88.822427,78.185878],[-88.969611,78.184406],[-89.09569,78.209235],[-89.65529,78.438882],[-89.926212,78.573036],[-90.037086,78.60683],[-90.076308,78.549163],[-89.611652,78.278888],[-89.506831,78.203291],[-89.489835,78.171947],[-89.525695,78.159599],[-90.136095,78.313078],[-90.459049,78.33093],[-90.621603,78.321735],[-90.652387,78.307727],[-90.405436,78.246676],[-90.326752,78.18479],[-90.386979,78.16329],[-90.614418,78.149832],[-91.40963,78.187987],[-91.899192,78.236877],[-92.351258,78.312891],[-92.678266,78.389114],[-92.807613,78.429731],[-92.84823,78.460119],[-92.7256,78.486662],[-91.866892,78.542703],[-91.934953,78.56172],[-92.715548,78.605017],[-93.2666,78.60828],[-93.389438,78.64269],[-93.634406,78.750927],[-93.623348,78.76778],[-93.561413,78.77736],[-93.15984,78.775657],[-93.902275,78.872216],[-94.114613,78.928927],[-94.169671,78.972807],[-94.162799,78.994197],[-93.950202,79.037395],[-93.293885,79.139513],[-92.841616,79.15641],[-92.683638,79.18581],[-92.547215,79.282599],[-91.867563,79.317437],[-91.299899,79.372731],[-92.247953,79.373445],[-92.484555,79.439231],[-92.821923,79.44991],[-93.933174,79.290718],[-94.039834,79.295212],[-94.109394,79.315108],[-94.040301,79.357021],[-93.939688,79.385695],[-94.110323,79.401559],[-94.404877,79.390507],[-95.103179,79.289894],[-95.316605,79.354746],[-95.657049,79.390397],[-95.732987,79.418203],[-95.662916,79.527342],[-95.56349,79.549765],[-95.302367,79.56809],[-94.519679,79.667132],[-94.401883,79.736324],[-95.296967,79.653069],[-95.8575,79.673789],[-96.462737,79.847527],[-96.589086,79.916675],[-96.639211,80.024154],[-96.77326,80.135776],[-95.781975,80.06643],[-94.61086,80.055531],[-94.599802,80.073615],[-94.606987,80.125602],[-94.582592,80.141412],[-94.262588,80.194871],[-94.59014,80.201518],[-95.192377,80.13438],[-95.405078,80.135006],[-95.646222,80.230939],[-95.903984,80.214119],[-96.30833,80.266985],[-96.394111,80.315017],[-96.385328,80.33287],[-96.3344,80.352767],[-96.011886,80.383056],[-95.54907,80.36662],[-96.151824,80.553487],[-96.132834,80.691409],[-95.926956,80.720655],[-95.713634,80.725456],[-95.505279,80.690574],[-95.225809,80.685773],[-95.025742,80.64642],[-94.892577,80.570922],[-93.927906,80.559189],[-94.202152,80.609704],[-94.596264,80.640608],[-94.78847,80.751252],[-95.514732,80.838121],[-95.509283,80.863235],[-95.269759,81.000795],[-94.980528,81.049673],[-94.519443,81.031183],[-93.825996,81.105726],[-93.443749,81.083269],[-93.286705,81.100265],[-93.235646,81.128852],[-93.235388,81.155153],[-93.406538,81.209096],[-93.894419,81.21326],[-94.19445,81.240934],[-94.218637,81.264961],[-94.232974,81.315136],[-94.179361,81.339273],[-93.332749,81.364388],[-93.034679,81.346304],[-92.412572,81.278266],[-91.997838,81.185508],[-91.754964,81.049322],[-91.272477,80.850107],[-91.053915,80.777707],[-90.682907,80.687707],[-90.636742,80.655341],[-90.643015,80.593686],[-89.861854,80.498445],[-89.524794,80.538831],[-89.329061,80.531723],[-89.235579,80.51064],[-89.166903,80.479637],[-89.134164,80.440262],[-89.204367,80.406929],[-89.14726,80.360369],[-89.217704,80.289255],[-89.198324,80.263162],[-89.019214,80.198464],[-88.857331,80.166197],[-88.537562,80.131128],[-88.329262,80.13371],[-88.199909,80.111496],[-88.19681,80.125185],[-88.25539,80.166526],[-88.380777,80.225182],[-88.612511,80.255384],[-88.646239,80.289727],[-88.663444,80.348273],[-88.643624,80.386879],[-88.524818,80.418036],[-88.125235,80.429484],[-87.675004,80.372102],[-87.645527,80.348427],[-87.630256,80.301614],[-87.625499,80.187203],[-87.869154,80.133864],[-87.922328,80.097719],[-87.202064,80.043227],[-86.977196,79.894219],[-87.144232,79.662627],[-87.295184,79.580153],[-87.24289,79.571133],[-86.925231,79.590953],[-86.648815,79.646247],[-86.336968,79.634986],[-86.180468,79.605422],[-86.085546,79.551215],[-86.007048,79.479441],[-85.948986,79.486],[-85.750935,79.594523],[-85.647872,79.61142],[-85.06374,79.328182],[-85.042141,79.284566]]],[[[-100.12603,80.00127],[-100.120344,80.030417],[-100.053267,80.093357],[-99.80279,80.140126],[-99.016586,80.111133],[-98.894682,80.081778],[-98.823188,80.037338],[-98.791614,79.98111],[-98.768954,79.850889],[-98.789779,79.785411],[-98.840629,79.737049],[-98.945197,79.724074],[-99.301764,79.784092],[-99.333004,79.839573],[-99.515624,79.887166],[-99.999885,79.884035],[-100.092439,79.918642],[-100.12603,80.00127]]],[[[-98.999634,77.996891],[-99.061185,77.965624],[-99.128361,77.877162],[-99.166396,77.856958],[-99.955906,77.793809],[-100.274675,77.832722],[-100.586049,77.891807],[-100.757903,77.977665],[-100.826194,78.087737],[-100.957607,78.130221],[-101.074133,78.193832],[-101.297996,78.199391],[-102.05697,78.279558],[-102.60699,78.248918],[-102.667684,78.255894],[-102.772065,78.306903],[-102.784315,78.33015],[-102.731322,78.371031],[-103.677234,78.31956],[-103.946569,78.260025],[-104.324219,78.269484],[-104.512634,78.294654],[-104.763546,78.351651],[-104.98542,78.468029],[-104.99555,78.518511],[-104.909609,78.552624],[-104.727066,78.579386],[-103.764361,78.519544],[-103.570518,78.539836],[-103.482567,78.593932],[-103.587959,78.623002],[-104.020826,78.634911],[-103.928508,78.663366],[-103.562718,78.692666],[-103.371567,78.736326],[-103.518377,78.769142],[-104.008736,78.764034],[-104.185006,78.781293],[-104.194564,78.795608],[-104.154953,78.813944],[-103.875642,78.902681],[-103.887144,78.918776],[-104.151931,78.989912],[-104.394812,78.956162],[-104.736058,78.825941],[-104.895503,78.808166],[-104.970226,78.829139],[-104.969528,78.856483],[-104.735256,78.991099],[-104.746781,79.027112],[-104.901342,79.051139],[-105.53567,79.032539],[-105.570761,79.060961],[-105.580192,79.11419],[-105.571046,79.164211],[-105.514538,79.242477],[-105.387668,79.323578],[-104.847366,79.310977],[-103.706375,79.352055],[-103.191655,79.29531],[-102.914332,79.231084],[-102.652281,79.095019],[-102.637581,79.054973],[-102.6482,79.027167],[-102.73052,78.969335],[-102.595592,78.94299],[-102.580787,78.930114],[-102.592752,78.900923],[-102.57619,78.879368],[-102.424804,78.93319],[-102.393174,79.010325],[-101.973639,79.079209],[-101.703655,79.078924],[-101.299029,78.982156],[-101.144572,78.972906],[-101.037159,78.939035],[-101.033671,78.914722],[-101.147462,78.823975],[-101.128137,78.801651],[-100.916985,78.782897],[-100.435493,78.820327],[-100.014766,78.728636],[-99.781812,78.619651],[-99.60942,78.583034],[-99.582135,78.563269],[-99.631096,78.544659],[-99.680188,78.493506],[-99.847801,78.438212],[-99.77411,78.392992],[-99.778246,78.325119],[-99.751346,78.30297],[-99.562469,78.279361],[-99.131564,78.11751],[-99.053121,78.072345],[-98.999634,77.996891]]],[[[-94.887177,78.345191],[-95.267848,78.262661],[-95.329239,78.225044],[-95.102745,78.178067],[-94.936011,78.106392],[-94.934303,78.075652],[-95.087007,77.992607],[-95.199117,77.968162],[-95.451561,77.963251],[-96.011578,77.88739],[-96.476844,77.872141],[-96.833982,77.811892],[-96.989631,77.806026],[-97.040481,77.827416],[-97.063838,77.859068],[-97.019085,77.908089],[-97.09332,77.933489],[-97.426656,77.982268],[-97.620856,78.050219],[-97.658165,78.090638],[-97.040942,78.116939],[-96.944669,78.151875],[-97.323071,78.203236],[-97.81906,78.230603],[-97.84273,78.262354],[-98.049487,78.325921],[-98.069307,78.386324],[-98.254926,78.429269],[-98.31735,78.476862],[-98.315648,78.517478],[-98.060364,78.558358],[-98.289885,78.692403],[-98.340812,78.751212],[-98.332599,78.773515],[-98.212085,78.804518],[-97.38232,78.782897],[-96.475344,78.665201],[-96.26528,78.59536],[-96.242648,78.57319],[-96.256496,78.551118],[-96.204509,78.531277],[-95.968451,78.50513],[-95.561111,78.516599],[-95.412928,78.497538],[-95.031197,78.430247],[-94.91539,78.390509],[-94.887177,78.345191]]],[[[-102.78827,78.218167],[-103.003371,78.146448],[-103.118195,78.126343],[-103.252244,78.13812],[-103.273585,78.165773],[-103.110444,78.245874],[-102.973296,78.26721],[-102.891799,78.271242],[-102.825524,78.25006],[-102.78827,78.218167]]],[[[-101.002047,77.735098],[-101.584542,77.718333],[-101.831042,77.687351],[-102.079838,77.692185],[-102.377826,77.728122],[-102.458186,77.770166],[-102.475033,77.836667],[-102.471545,77.873493],[-102.447721,77.880623],[-101.917856,77.899585],[-101.639424,77.892093],[-101.193198,77.829767],[-101.046256,77.777813],[-101.002047,77.735098]]],[[[-96.276596,77.630563],[-96.194588,77.700524],[-96.142964,77.714378],[-95.683922,77.782284],[-95.484372,77.791996],[-95.233043,77.753808],[-94.959906,77.774066],[-94.014775,77.759905],[-93.582864,77.77076],[-93.300965,77.7398],[-93.210768,77.710214],[-93.128727,77.660171],[-93.339181,77.629684],[-93.543922,77.466636],[-93.836181,77.452222],[-94.408959,77.474217],[-95.987057,77.484104],[-96.263863,77.594539],[-96.276596,77.630563]]],[[[-106.066129,77.725386],[-106.035587,77.739855],[-105.862992,77.754379],[-105.587916,77.73601],[-105.456091,77.700941],[-105.073893,77.548286],[-105.007201,77.506747],[-104.994286,77.44964],[-104.955318,77.418714],[-104.770187,77.413231],[-104.542243,77.337755],[-104.45372,77.24914],[-104.456978,77.220817],[-104.493359,77.162348],[-104.711383,77.123972],[-105.215073,77.182057],[-105.556341,77.352642],[-105.695093,77.461374],[-105.747234,77.525402],[-105.848133,77.563437],[-105.883146,77.626531],[-106.066129,77.725386]]],[[[-89.694577,77.338953],[-89.746663,77.292591],[-89.833246,77.267608],[-90.094754,77.21038],[-90.228292,77.212445],[-90.993205,77.329494],[-91.147255,77.387315],[-91.176599,77.426283],[-91.182653,77.557174],[-91.149474,77.608085],[-91.109132,77.625751],[-90.84256,77.654997],[-90.422772,77.628388],[-90.171933,77.594693],[-89.719472,77.442148],[-89.694577,77.338953]]],[[[-79.40143,74.917621],[-79.507954,74.880136],[-79.944496,74.83362],[-80.202433,74.894813],[-80.347749,74.902998],[-80.148929,74.795717],[-80.192226,74.78016],[-80.212672,74.749464],[-80.220604,74.657014],[-80.262748,74.584494],[-80.277733,74.581571],[-81.226227,74.566641],[-81.607189,74.502349],[-81.940184,74.472719],[-82.414761,74.535187],[-82.735792,74.530287],[-82.931052,74.565575],[-83.057615,74.629757],[-83.117018,74.693115],[-83.087322,74.788356],[-83.102648,74.816569],[-83.220311,74.828401],[-83.407046,74.884838],[-83.522084,74.901471],[-83.543551,74.892276],[-83.509779,74.848198],[-83.36421,74.801924],[-83.341315,74.764581],[-83.393719,74.670176],[-83.531895,74.58568],[-83.621862,74.565916],[-83.868054,74.564389],[-84.24516,74.515192],[-84.425533,74.508084],[-84.818284,74.542009],[-85.011544,74.604181],[-85.061422,74.606917],[-85.086768,74.527694],[-85.13346,74.517411],[-85.339277,74.543306],[-85.442329,74.600567],[-85.47442,74.600336],[-85.51173,74.545119],[-85.543502,74.534758],[-85.807987,74.498965],[-85.955621,74.498756],[-86.10988,74.539735],[-86.34056,74.513489],[-86.730773,74.55705],[-86.666129,74.489099],[-86.770148,74.478607],[-87.363761,74.502195],[-87.592584,74.470335],[-88.423041,74.494164],[-88.500736,74.509721],[-88.555668,74.541471],[-88.557843,74.569717],[-88.537639,74.608784],[-88.339545,74.78484],[-88.534948,74.831763],[-88.682022,74.802001],[-88.777833,74.715176],[-88.85109,74.689984],[-88.883412,74.7111],[-88.907802,74.763812],[-88.940145,74.789487],[-89.019621,74.774041],[-89.057864,74.747267],[-89.191941,74.744894],[-89.219121,74.731798],[-89.19683,74.698235],[-89.195819,74.637569],[-89.261891,74.609191],[-89.55872,74.554721],[-89.844386,74.548579],[-90.361645,74.610432],[-90.553246,74.612761],[-90.784091,74.695906],[-90.966793,74.715077],[-90.957543,74.745158],[-90.87765,74.801067],[-90.880243,74.817755],[-91.129853,74.736292],[-91.163712,74.710276],[-91.134588,74.649862],[-91.33945,74.667221],[-91.508365,74.650686],[-91.871034,74.743499],[-91.961584,74.793212],[-92.102516,74.948394],[-92.174164,75.051083],[-92.165221,75.072012],[-92.060504,75.100994],[-92.076336,75.12356],[-92.347456,75.229776],[-92.389237,75.263317],[-92.427118,75.346406],[-92.427997,75.382738],[-92.4111,75.406249],[-92.330691,75.479451],[-92.110448,75.610628],[-92.068876,75.657913],[-92.141864,75.796846],[-92.185117,75.846537],[-92.708885,76.11445],[-93.091731,76.353996],[-93.30859,76.359632],[-93.559941,76.311413],[-93.665184,76.273125],[-94.585333,76.297152],[-94.736719,76.293274],[-94.996623,76.257722],[-95.273896,76.264391],[-95.447425,76.363037],[-95.841664,76.416167],[-95.959278,76.445984],[-96.039714,76.486699],[-96.013072,76.513319],[-95.788874,76.537193],[-95.651001,76.584676],[-95.971346,76.569646],[-96.639705,76.70291],[-96.84566,76.726432],[-96.880723,76.738308],[-96.897543,76.773509],[-96.87801,76.802809],[-96.590272,76.763017],[-96.451163,76.774069],[-96.401576,76.797228],[-96.77114,76.888898],[-96.813514,76.913474],[-96.758324,76.97179],[-96.061236,77.050023],[-95.638241,77.063767],[-95.126437,77.017317],[-94.294964,76.912464],[-93.810934,76.914145],[-93.276576,76.784308],[-93.211877,76.7547],[-93.18924,76.70803],[-93.200561,76.669094],[-93.316753,76.573667],[-93.426281,76.527162],[-93.534568,76.447687],[-92.995375,76.620414],[-92.716273,76.602968],[-92.297024,76.615998],[-91.789428,76.675785],[-91.54841,76.685091],[-91.12425,76.661931],[-90.738432,76.581369],[-90.604794,76.542971],[-90.542611,76.495774],[-90.621647,76.464683],[-91.398084,76.509749],[-91.443271,76.498532],[-91.41508,76.45585],[-90.854755,76.437327],[-89.284523,76.301624],[-89.219088,76.258217],[-89.236513,76.238991],[-89.406581,76.189146],[-90.312052,76.157989],[-90.827344,76.185586],[-91.260392,76.229971],[-91.407334,76.22005],[-91.279442,76.1599],[-91.01977,76.141553],[-90.802383,76.105946],[-90.71213,76.076184],[-90.251386,76.053476],[-90.032769,75.970891],[-89.912545,75.966321],[-89.793432,75.92487],[-89.695324,75.853612],[-89.65006,75.844109],[-89.511248,75.856919],[-89.277602,75.795088],[-89.204883,75.761986],[-89.20452,75.737234],[-89.256618,75.698485],[-89.361207,75.645817],[-89.625451,75.583733],[-89.646039,75.565056],[-89.280436,75.564123],[-88.916679,75.453952],[-88.838917,75.463455],[-88.804091,75.502467],[-88.864054,75.588611],[-88.852145,75.624888],[-88.714882,75.658638],[-88.569027,75.645125],[-88.201304,75.512036],[-87.72976,75.575647],[-87.64366,75.547094],[-87.539125,75.484845],[-87.36464,75.591325],[-87.256941,75.617714],[-86.814434,75.49136],[-86.544741,75.463378],[-86.236333,75.406359],[-85.951491,75.39501],[-85.904546,75.441955],[-86.068748,75.502269],[-85.972991,75.528725],[-85.581251,75.579778],[-85.372302,75.572626],[-84.98677,75.644949],[-84.604852,75.653474],[-84.014271,75.779927],[-83.931973,75.818961],[-83.744601,75.812842],[-83.237131,75.750824],[-82.353852,75.833332],[-82.15366,75.831035],[-81.268546,75.755999],[-81.150806,75.735531],[-81.192663,75.684368],[-81.124394,75.658176],[-81.000765,75.643136],[-80.321986,75.629074],[-80.119189,75.562057],[-80.125748,75.542161],[-80.286621,75.490382],[-80.260473,75.479451],[-79.660191,75.449502],[-79.507833,75.295353],[-79.509097,75.259801],[-79.63444,75.199332],[-79.977125,75.118616],[-80.357571,75.051544],[-80.381982,75.034175],[-80.135229,74.988087],[-79.66407,75.020849],[-79.524829,74.989691],[-79.40143,74.917621]]],[[[-90.562475,76.754282],[-90.524802,76.787824],[-90.409523,76.810148],[-90.136304,76.836966],[-89.948767,76.83624],[-89.774568,76.782034],[-89.695401,76.741154],[-89.708661,76.701164],[-89.822106,76.63062],[-89.804791,76.561066],[-89.726349,76.520812],[-89.726459,76.50742],[-89.974135,76.487523],[-90.164572,76.523603],[-90.440988,76.66281],[-90.556223,76.734562],[-90.562475,76.754282]]],[[[-100.269143,76.734123],[-101.226118,76.579358],[-101.48522,76.575019],[-101.605009,76.587005],[-101.613068,76.604572],[-101.165034,76.665447],[-100.962177,76.734178],[-100.88647,76.742659],[-100.621579,76.752503],[-100.269143,76.734123]]],[[[-102.797493,75.599674],[-102.727856,75.638742],[-102.410692,75.712844],[-102.252071,75.777752],[-102.270649,75.812787],[-102.144718,75.875058],[-101.942844,75.883814],[-101.599659,75.832683],[-101.421246,75.781937],[-101.261412,75.758196],[-101.119381,75.762898],[-100.972795,75.798428],[-101.288026,75.789123],[-101.414995,75.845867],[-101.505891,75.91808],[-101.507879,75.943579],[-101.431321,75.991974],[-101.716812,76.007915],[-101.82339,76.041358],[-101.87212,76.083106],[-101.861375,76.101244],[-101.771403,76.150078],[-101.52894,76.21726],[-101.557026,76.23586],[-101.909792,76.234365],[-102.137742,76.284848],[-102.104667,76.33121],[-101.85848,76.439008],[-101.67725,76.451049],[-101.33975,76.410476],[-101.139041,76.345163],[-101.087883,76.307853],[-101.094183,76.271939],[-101.055814,76.24555],[-100.105721,75.960454],[-100.020116,75.939547],[-99.774835,75.927385],[-99.701249,75.941459],[-99.688895,75.959707],[-99.978335,76.02947],[-100.112852,76.117218],[-100.085798,76.133544],[-100.001747,76.139224],[-99.541052,76.146288],[-99.99761,76.195869],[-100.182769,76.197232],[-100.414229,76.242528],[-100.414382,76.25669],[-100.357643,76.271159],[-100.042726,76.291264],[-99.983092,76.299888],[-99.977714,76.312445],[-100.174655,76.359269],[-100.650698,76.395952],[-100.819888,76.436986],[-100.890788,76.475482],[-100.829731,76.523855],[-100.387949,76.61357],[-100.068692,76.634751],[-99.814084,76.632246],[-99.669053,76.624105],[-99.329515,76.521273],[-99.169653,76.453675],[-98.890342,76.465562],[-98.971009,76.536566],[-99.023612,76.614547],[-98.710815,76.693869],[-98.527596,76.667359],[-98.236194,76.575326],[-97.72589,76.496104],[-97.689767,76.421847],[-97.701836,76.387383],[-97.737129,76.363147],[-97.738783,76.335242],[-97.573158,76.224236],[-97.53068,76.181554],[-97.524275,76.138708],[-97.531042,76.109407],[-97.613467,76.052619],[-97.650002,75.979131],[-97.652172,75.940196],[-97.60303,75.879353],[-97.601657,75.851052],[-97.694239,75.802614],[-97.890504,75.760338],[-97.862808,75.738069],[-97.40754,75.672514],[-97.409605,75.552103],[-97.336019,75.419839],[-97.653309,75.507774],[-97.878232,75.416126],[-97.852728,75.260318],[-97.704885,75.190807],[-97.659923,75.151179],[-97.674343,75.127273],[-97.799351,75.11666],[-97.970864,75.153289],[-98.045329,75.200816],[-98.068735,75.199157],[-98.09168,75.176239],[-98.076744,75.152981],[-97.98998,75.110717],[-97.953346,75.060169],[-97.991814,75.04581],[-98.703531,75.005808],[-99.155805,75.015729],[-99.326126,75.049424],[-99.420592,75.043744],[-99.626882,74.983748],[-100.234393,75.00772],[-100.292269,75.027715],[-100.35666,75.066738],[-100.483497,75.188434],[-100.459498,75.219075],[-100.145717,75.246156],[-100.731157,75.346516],[-100.704235,75.394318],[-100.711936,75.406359],[-100.279635,75.460972],[-99.965261,75.568517],[-99.770237,75.612232],[-99.756027,75.633424],[-99.591177,75.655386],[-99.20944,75.668613],[-99.194559,75.698375],[-99.915136,75.68127],[-101.206843,75.590446],[-101.461319,75.607892],[-102.541385,75.513629],[-102.70039,75.543611],[-102.797493,75.599674]]],[[[-103.033551,76.431515],[-103.19951,76.370838],[-103.472207,76.329035],[-104.270661,76.326244],[-104.357502,76.334616],[-104.407677,76.365158],[-104.603041,76.58272],[-104.585705,76.606483],[-104.500385,76.630357],[-104.205105,76.666117],[-104.074494,76.666095],[-103.992487,76.656977],[-103.959077,76.638783],[-103.969201,76.61413],[-104.022842,76.583126],[-103.722761,76.601056],[-103.613151,76.563439],[-103.584603,76.538841],[-103.190128,76.477449],[-103.051326,76.449851],[-103.033551,76.431515]]],[[[-104.406051,76.108484],[-104.35063,76.182323],[-104.012042,76.222995],[-103.098249,76.311468],[-102.728015,76.307018],[-102.584067,76.281651],[-102.490046,76.095048],[-102.425682,76.086413],[-102.017875,75.9535],[-102.008032,75.939394],[-102.423458,75.869169],[-102.579601,75.780235],[-103.314746,75.764217],[-103.244752,75.822971],[-103.04151,75.918827],[-103.201575,75.958521],[-103.769783,75.892372],[-103.985274,75.933087],[-103.800764,76.037018],[-104.24247,76.046983],[-104.406051,76.108484]]],[[[-79.698743,75.883275],[-79.551262,75.958356],[-79.009328,76.145893],[-78.84516,76.106309],[-78.946421,76.025438],[-79.056614,75.985185],[-79.051758,75.866994],[-79.12441,75.869685],[-79.355639,75.831134],[-79.544516,75.82563],[-79.638779,75.842912],[-79.698743,75.883275]]],[[[-94.296305,75.788057],[-94.329533,75.765919],[-94.526551,75.74933],[-94.751446,75.769666],[-94.787333,75.791419],[-94.901206,75.930769],[-94.839787,75.954434],[-94.498673,75.992205],[-94.413765,75.884846],[-94.296305,75.788057]]],[[[-97.020662,75.468058],[-96.982808,75.509806],[-96.427702,75.606365],[-96.417237,75.630711],[-96.36781,75.654661],[-96.145392,75.613528],[-95.959871,75.554334],[-96.1564,75.477254],[-96.2366,75.474826],[-96.344502,75.505939],[-96.461628,75.49426],[-96.679003,75.394208],[-96.857108,75.369148],[-96.91511,75.379684],[-96.96963,75.412654],[-97.020662,75.468058]]],[[[-96.599599,75.031802],[-96.565778,75.09872],[-96.382845,75.211373],[-96.18035,75.240114],[-96.118393,75.300934],[-96.12493,75.358294],[-95.954653,75.443822],[-95.670793,75.52867],[-95.049516,75.621845],[-94.648636,75.623031],[-94.427229,75.593368],[-94.256694,75.544072],[-93.90907,75.422531],[-93.750834,75.349043],[-93.666838,75.273545],[-93.591235,75.230237],[-93.497544,75.136864],[-93.551805,75.05116],[-93.478268,74.951964],[-93.463464,74.856515],[-93.490853,74.771975],[-93.535628,74.749343],[-93.547152,74.69105],[-93.573097,74.668825],[-93.984595,74.644182],[-94.697289,74.642161],[-95.286063,74.794091],[-95.865411,74.830423],[-96.094256,74.932529],[-96.181718,74.950778],[-96.270141,74.920313],[-96.386333,74.999458],[-96.559889,74.990362],[-96.591151,75.001831],[-96.599599,75.031802]]],[[[-104.887389,75.147763],[-104.648826,75.349768],[-104.47416,75.413017],[-104.346208,75.429914],[-104.074675,75.424497],[-103.851175,75.370796],[-103.804099,75.345528],[-103.746481,75.252462],[-103.667231,75.210703],[-103.642144,75.162957],[-103.709737,75.115001],[-103.813915,75.079757],[-104.119945,75.03635],[-104.308668,75.030978],[-104.634308,75.061289],[-104.887389,75.147763]]],[[[-95.850733,74.582472],[-95.660461,74.636887],[-95.510212,74.636789],[-95.352519,74.58568],[-95.278367,74.539538],[-95.274461,74.519169],[-95.352442,74.500415],[-95.441509,74.506095],[-95.777196,74.550744],[-95.850733,74.582472]]],[[[-97.749994,74.510545],[-97.516315,74.602478],[-97.416526,74.62656],[-97.318215,74.598007],[-97.291315,74.576375],[-97.355497,74.526299],[-97.6561,74.465687],[-97.749994,74.510545]]],[[[-90.354613,73.868646],[-90.381376,73.824745],[-90.565573,73.686405],[-90.764535,73.580629],[-90.93367,73.527708],[-91.067615,73.415515],[-91.249307,73.304004],[-91.553727,73.236098],[-91.425912,73.194866],[-91.459629,73.14535],[-91.788351,72.915396],[-92.117941,72.753798],[-92.234934,72.726826],[-92.391951,72.718455],[-93.340626,72.801863],[-93.578678,72.800523],[-94.211325,72.756951],[-93.770548,72.668203],[-93.57224,72.558626],[-93.533925,72.499453],[-93.555161,72.421165],[-93.870623,72.252645],[-94.03756,72.028755],[-94.14376,72.000828],[-94.497146,72.043587],[-95.007867,72.012792],[-95.192943,72.027437],[-95.166823,72.180037],[-95.192657,72.344788],[-95.251028,72.501958],[-95.547598,72.781549],[-95.58031,72.831141],[-95.613203,72.941598],[-95.589275,73.17419],[-95.644234,73.55747],[-95.648008,73.638505],[-95.632918,73.695447],[-95.569406,73.728164],[-95.385984,73.755136],[-94.996161,73.685735],[-94.697597,73.663565],[-94.896944,73.716013],[-95.059492,73.805058],[-95.134139,73.881226],[-95.152585,73.932774],[-95.121164,73.985047],[-95.039826,74.02385],[-94.728968,74.085967],[-94.48255,74.113147],[-93.93881,74.131604],[-93.784605,74.118366],[-93.549245,74.167156],[-93.41029,74.178779],[-93.170871,74.161004],[-92.586821,74.082715],[-92.222685,73.972379],[-91.630423,74.027783],[-91.087973,74.009282],[-90.627437,73.951714],[-90.354613,73.868646]]],[[[-97.659148,74.07163],[-97.754752,74.005514],[-97.861099,73.968457],[-98.270378,73.868515],[-98.558215,73.847432],[-98.691078,73.856474],[-98.816597,73.817153],[-98.973926,73.812056],[-99.29804,73.861956],[-99.416999,73.895409],[-99.34561,73.92572],[-99.004699,73.964942],[-98.904498,74.006909],[-98.818151,74.021016],[-98.584983,74.034496],[-98.061039,74.104677],[-97.698216,74.108709],[-97.659148,74.07163]]],[[[-102.713673,72.7829],[-102.687476,72.842842],[-102.628457,72.910792],[-102.50379,73.005934],[-102.336127,73.064118],[-102.203989,73.077301],[-101.922454,73.056965],[-101.835382,73.018019],[-101.754533,72.942839],[-101.54359,72.883041],[-101.434606,72.821034],[-101.350577,72.746305],[-101.273195,72.721663],[-101.087625,72.713291],[-100.484766,72.77298],[-100.442595,72.806818],[-100.3957,72.976996],[-100.367509,72.977721],[-100.227933,72.898905],[-100.18835,72.890281],[-100.128145,72.906716],[-100.092384,72.944949],[-100.096729,72.963142],[-100.236201,73.09544],[-100.334363,73.128486],[-100.446215,73.120554],[-100.531376,73.138275],[-100.55019,73.163698],[-100.536391,73.197854],[-100.438827,73.254577],[-100.340719,73.265189],[-100.225868,73.254697],[-100.066989,73.211082],[-99.966398,73.201425],[-99.825142,73.21385],[-100.005905,73.239514],[-100.257959,73.340226],[-100.366114,73.359035],[-100.587032,73.299555],[-100.889365,73.275352],[-101.450855,73.430973],[-101.523205,73.486366],[-101.518448,73.505021],[-101.463049,73.53386],[-101.323166,73.571994],[-100.975795,73.599745],[-100.854099,73.571301],[-100.676796,73.494276],[-100.521664,73.44932],[-100.508925,73.465492],[-100.536314,73.509723],[-100.60711,73.57541],[-100.782732,73.612951],[-100.952592,73.691415],[-100.98153,73.727175],[-100.985095,73.76532],[-100.962979,73.791412],[-100.915128,73.805365],[-100.483629,73.843499],[-100.182302,73.801278],[-99.991101,73.795181],[-99.911879,73.847014],[-99.939504,73.857144],[-100.153831,73.84407],[-100.22478,73.872492],[-100.227054,73.889136],[-100.138483,73.928873],[-100.001901,73.945902],[-99.157947,73.73157],[-98.151858,73.81823],[-97.832161,73.879369],[-97.581843,73.887532],[-97.327026,73.861846],[-97.170499,73.824844],[-97.011285,73.70617],[-97.001694,73.666487],[-97.156392,73.592197],[-97.394773,73.564193],[-97.489778,73.52662],[-97.596982,73.536596],[-97.625898,73.502285],[-97.58582,73.47115],[-97.470118,73.488223],[-97.350306,73.480939],[-97.287129,73.458461],[-97.230363,73.421305],[-97.272507,73.386841],[-97.795884,73.285294],[-98.416832,73.022523],[-98.436959,73.000243],[-98.421764,72.941027],[-98.366652,72.934149],[-98.180823,72.993069],[-97.939393,73.035597],[-97.724803,73.036674],[-97.475671,72.992267],[-97.295836,72.918032],[-97.377668,72.864957],[-97.237576,72.83747],[-97.083009,72.76285],[-97.07288,72.717576],[-97.140473,72.672752],[-97.158924,72.642781],[-97.128124,72.627609],[-96.869017,72.687034],[-96.592085,72.710237],[-96.542114,72.698712],[-96.489198,72.629883],[-96.445632,72.552418],[-96.440155,72.48728],[-96.519866,72.393106],[-96.638282,72.342041],[-96.801451,72.322409],[-96.668747,72.271245],[-96.592859,72.204481],[-96.618128,72.14588],[-96.766312,72.045938],[-96.624357,71.967594],[-96.613426,71.833857],[-96.946504,71.791868],[-97.222228,71.673512],[-97.461257,71.634203],[-97.582283,71.629688],[-98.18134,71.662449],[-98.241929,71.681521],[-98.283864,71.715524],[-98.307067,71.764512],[-98.305804,71.847557],[-98.322701,71.852358],[-98.458843,71.773191],[-98.420809,71.716502],[-98.231465,71.558936],[-98.195292,71.491194],[-98.198627,71.440855],[-98.412283,71.348822],[-98.662887,71.302108],[-98.783835,71.313688],[-98.986253,71.369498],[-99.167121,71.367169],[-99.223629,71.38712],[-99.403668,71.557178],[-99.581459,71.651539],[-99.734735,71.757228],[-100.325706,72.003871],[-100.594476,72.15234],[-100.706816,72.185925],[-100.98365,72.210062],[-101.093101,72.279056],[-101.208546,72.316981],[-101.318722,72.31285],[-101.498321,72.277859],[-101.723914,72.314916],[-101.774506,72.340931],[-101.832899,72.409277],[-101.909331,72.43103],[-101.973666,72.486116],[-102.402221,72.594738],[-102.657088,72.719432],[-102.713673,72.7829]]],[[[-90.025177,71.948785],[-89.931508,72.049036],[-89.663793,72.157976],[-89.657267,72.175049],[-89.822886,72.207788],[-89.858668,72.248328],[-89.874049,72.367211],[-89.861536,72.411914],[-89.816832,72.467725],[-89.536439,72.689824],[-89.357692,72.804137],[-89.327106,72.841546],[-89.287665,73.016942],[-89.225329,73.108041],[-88.976785,73.252478],[-88.760936,73.31242],[-88.727164,73.388181],[-88.705203,73.403276],[-87.926415,73.673331],[-87.719751,73.722891],[-87.472383,73.75942],[-86.768753,73.833996],[-86.406401,73.854771],[-85.950765,73.850167],[-85.110487,73.808156],[-84.983562,73.763716],[-84.946802,73.721649],[-84.974498,73.694777],[-85.204299,73.603568],[-85.681897,73.46146],[-86.000534,73.312529],[-86.481383,72.960253],[-86.629336,72.870802],[-86.667777,72.762565],[-86.656307,72.724036],[-86.594608,72.661117],[-86.380298,72.524667],[-86.322554,72.460825],[-86.348053,72.262258],[-86.34134,72.123193],[-86.21848,71.899127],[-86.03614,71.770972],[-85.537152,71.555431],[-85.078726,71.39848],[-85.023409,71.353239],[-85.137612,71.303405],[-85.405371,71.226764],[-85.945415,71.162659],[-86.179468,71.095917],[-86.589357,71.010806],[-86.549674,70.988789],[-86.32129,71.016804],[-85.643862,71.152452],[-85.094854,71.151936],[-85.00158,71.137467],[-85.065784,71.078602],[-85.047667,71.058684],[-84.870315,71.001786],[-84.823711,71.028637],[-84.789598,71.09328],[-84.674308,71.438789],[-84.659938,71.586127],[-84.699401,71.631467],[-84.840136,71.658626],[-85.130922,71.661207],[-85.33908,71.697275],[-85.596215,71.86641],[-85.911599,71.986513],[-85.862095,72.021965],[-85.545776,72.101539],[-85.405888,72.214874],[-85.321864,72.233134],[-85.018729,72.218181],[-84.608478,72.1295],[-84.351639,72.052661],[-84.283744,72.044487],[-84.282349,72.05844],[-84.347454,72.094442],[-84.642997,72.189551],[-84.842003,72.308148],[-84.811044,72.329539],[-84.644678,72.351401],[-84.623046,72.37656],[-84.849441,72.406223],[-85.156399,72.382921],[-85.391298,72.444005],[-85.497777,72.510615],[-85.637897,72.63319],[-85.644533,72.774452],[-85.574616,72.856377],[-85.45481,72.925162],[-85.262131,72.954002],[-84.25663,72.796743],[-84.274252,72.836437],[-85.09403,73.002627],[-85.383904,73.045408],[-85.454755,73.105459],[-85.0184,73.335502],[-84.616047,73.389522],[-84.416085,73.456494],[-84.088967,73.459395],[-83.781888,73.416911],[-83.776538,73.42849],[-83.914977,73.508383],[-83.904067,73.528334],[-83.729846,73.575872],[-83.410353,73.631682],[-82.659602,73.729603],[-81.946161,73.729812],[-81.605354,73.696018],[-81.406139,73.634528],[-81.344077,73.597735],[-81.238345,73.479544],[-81.151728,73.314024],[-81.025122,73.245194],[-80.821732,73.20716],[-80.681173,73.165818],[-80.603445,73.12117],[-80.582779,73.064942],[-80.619155,72.997145],[-80.591876,72.927689],[-80.430817,72.816277],[-80.277261,72.770189],[-80.274712,72.745558],[-80.322667,72.717477],[-80.998722,72.426229],[-81.229347,72.311708],[-81.240564,72.277914],[-80.760802,72.457178],[-80.611454,72.450828],[-80.604686,72.425757],[-80.702432,72.338273],[-80.821468,72.260237],[-80.94123,72.210161],[-80.691401,72.103451],[-80.733259,72.089015],[-80.843276,72.096167],[-80.92107,72.072294],[-80.941384,72.048267],[-80.926783,71.938085],[-80.947921,71.916563],[-80.925135,71.907653],[-80.802242,71.929197],[-80.386146,72.14877],[-80.181921,72.208766],[-80.116091,72.214039],[-79.884368,72.177202],[-80.090889,72.300853],[-80.108928,72.332175],[-80.041802,72.394237],[-79.831293,72.446279],[-79.777866,72.43871],[-79.653841,72.332175],[-79.583694,72.314652],[-79.427424,72.337317],[-79.323318,72.390831],[-79.194382,72.355708],[-79.000232,72.272025],[-79.017964,72.188254],[-79.007834,72.042938],[-78.775935,71.930394],[-78.585091,71.880626],[-78.622533,71.934943],[-78.711159,71.972406],[-78.862749,72.100814],[-78.820089,72.265411],[-78.69925,72.351401],[-78.4288,72.279771],[-78.116338,72.28032],[-77.726026,72.179993],[-77.516506,72.177795],[-77.535732,72.218774],[-78.287175,72.359817],[-78.453058,72.435194],[-78.484303,72.470614],[-78.479491,72.508726],[-78.422417,72.571535],[-78.001025,72.687605],[-77.753207,72.724761],[-77.255383,72.735868],[-76.893493,72.720674],[-76.697948,72.695043],[-76.188775,72.572216],[-76.087284,72.561306],[-75.704311,72.571535],[-75.294257,72.480842],[-75.185789,72.434238],[-75.120091,72.377725],[-75.039858,72.269564],[-75.052679,72.226366],[-75.394156,72.039785],[-75.542768,72.00798],[-75.787412,71.803063],[-75.922807,71.717227],[-75.896814,71.713711],[-75.822085,71.745901],[-75.599875,71.918474],[-75.428357,71.984392],[-75.147656,72.062988],[-74.903177,72.100507],[-74.69492,72.096947],[-74.377415,72.066559],[-74.266344,72.037676],[-74.209314,71.978657],[-74.212599,71.938656],[-74.315738,71.84269],[-74.892971,71.725543],[-75.204807,71.709108],[-75.191063,71.691596],[-74.959449,71.667459],[-74.700754,71.675577],[-74.707368,71.646947],[-74.828943,71.570878],[-74.868296,71.504729],[-74.834502,71.450599],[-74.840753,71.406599],[-75.035332,71.230532],[-74.99622,71.218107],[-74.758949,71.338121],[-74.695327,71.469441],[-74.59957,71.584885],[-74.488114,71.648397],[-74.404079,71.672523],[-74.139034,71.682235],[-73.992092,71.749625],[-73.866595,71.771049],[-73.707227,71.74634],[-73.713556,71.719863],[-73.868617,71.599354],[-74.197273,71.404171],[-74.063327,71.42644],[-73.712863,71.587621],[-73.621699,71.525559],[-73.481612,71.479252],[-73.397786,71.37342],[-73.18062,71.282882],[-73.192188,71.349855],[-73.310456,71.484273],[-73.278211,71.538007],[-72.90193,71.677775],[-72.580623,71.606792],[-72.364599,71.610978],[-72.116495,71.592784],[-71.640688,71.516254],[-71.459919,71.463695],[-71.25609,71.361797],[-71.186557,71.278696],[-71.219373,71.238827],[-71.495009,71.105112],[-71.593095,71.086381],[-71.85613,71.104805],[-71.937934,71.094291],[-72.297703,70.938823],[-72.632721,70.830773],[-72.312557,70.832498],[-72.223908,70.870148],[-72.149981,70.94068],[-72.009169,71.013442],[-71.742542,71.046874],[-71.370853,70.975155],[-71.186239,70.978022],[-71.045372,71.049983],[-70.826063,71.10876],[-70.672628,71.052202],[-70.636461,71.006576],[-70.639097,70.902448],[-70.655247,70.870917],[-70.761727,70.792222],[-71.021762,70.674108],[-71.19182,70.6298],[-71.58591,70.56587],[-71.729392,70.487692],[-71.890177,70.431541],[-71.772381,70.394209],[-71.727249,70.395242],[-71.564981,70.505676],[-71.426641,70.552105],[-71.324842,70.531176],[-71.275854,70.500293],[-71.279567,70.425212],[-71.429432,70.127758],[-71.405141,70.128636],[-71.313054,70.209309],[-70.979794,70.581064],[-70.850551,70.643599],[-70.560963,70.738268],[-70.337248,70.787827],[-69.949782,70.845033],[-69.79571,70.834596],[-69.695482,70.785916],[-69.560086,70.777126],[-69.395368,70.789266],[-69.168687,70.764152],[-69.065701,70.728084],[-68.446666,70.594116],[-68.358248,70.522881],[-68.363521,70.481232],[-68.41664,70.439989],[-68.48258,70.414819],[-68.642838,70.383201],[-68.79368,70.324391],[-69.29871,70.276798],[-69.698975,70.189303],[-70.061458,70.070837],[-70.057734,70.042625],[-69.913088,70.029034],[-69.795842,70.046942],[-69.634551,70.128746],[-69.482984,70.160057],[-68.91855,70.20698],[-68.778222,70.203541],[-68.734606,70.179855],[-68.72329,70.145643],[-68.776959,70.10105],[-68.839097,70.079912],[-69.00832,69.978937],[-68.897028,69.952734],[-68.744066,69.941418],[-68.656713,69.968445],[-68.57782,70.030452],[-68.489359,70.06485],[-68.391273,70.071617],[-68.230663,70.112212],[-68.210427,70.128428],[-68.31862,70.160574],[-68.327189,70.180162],[-68.203527,70.2815],[-68.120646,70.314624],[-68.059101,70.317261],[-67.855338,70.281786],[-67.363688,70.034429],[-67.195894,69.860702],[-67.172636,69.799464],[-67.221624,69.730734],[-67.259296,69.721274],[-67.806196,69.777393],[-68.020385,69.770054],[-68.189476,69.730624],[-68.289803,69.664684],[-68.372101,69.644381],[-68.669941,69.643656],[-68.837087,69.623551],[-69.227684,69.547438],[-69.250777,69.51193],[-69.07493,69.518104],[-68.785275,69.564225],[-68.513023,69.577299],[-68.058167,69.475862],[-67.908248,69.460096],[-67.724512,69.479246],[-67.23695,69.460096],[-66.770855,69.336643],[-66.685228,69.285743],[-66.679284,69.191074],[-66.707398,69.168234],[-66.802891,69.152754],[-67.331652,69.184713],[-67.483813,69.166992],[-67.607233,69.173199],[-67.93846,69.248126],[-68.19821,69.202698],[-68.40628,69.232229],[-68.618909,69.206005],[-69.040609,69.098009],[-68.993488,69.079354],[-68.41553,69.172057],[-68.303942,69.166421],[-67.832596,69.065962],[-67.751703,69.038683],[-67.751022,68.933829],[-67.795132,68.863319],[-67.883188,68.783965],[-68.450412,68.850839],[-68.725312,68.810189],[-69.218873,68.8728],[-69.329769,68.8758],[-69.342689,68.869384],[-69.319101,68.856991],[-68.871419,68.759938],[-68.333188,68.732549],[-68.210405,68.702963],[-68.152496,68.681078],[-68.14831,68.616127],[-68.03793,68.550747],[-67.93846,68.524193],[-67.655969,68.550725],[-67.455512,68.497892],[-67.202508,68.465845],[-66.854208,68.471634],[-66.742741,68.457781],[-66.713902,68.445718],[-66.762407,68.424657],[-66.997272,68.374175],[-67.032956,68.326088],[-66.83095,68.215631],[-66.834312,68.179871],[-66.923093,68.065712],[-66.728997,68.129015],[-66.702333,68.120544],[-66.684579,68.029237],[-66.662717,68.034401],[-66.605467,68.110008],[-66.630966,68.210665],[-66.530771,68.250359],[-66.212387,68.280428],[-66.266286,68.12272],[-66.274679,68.040762],[-66.413876,67.904278],[-66.529991,67.8603],[-66.443979,67.833845],[-66.392376,67.831934],[-66.342971,67.85328],[-66.225175,67.958716],[-65.985838,68.068557],[-65.942376,68.070941],[-65.974885,67.95743],[-65.864351,67.922834],[-65.70172,67.986654],[-65.509075,67.968252],[-65.491135,67.935699],[-65.551988,67.799348],[-65.540848,67.765631],[-65.401277,67.67484],[-65.387116,67.680289],[-65.442256,67.832351],[-65.415307,67.879263],[-65.300346,67.939501],[-65.064393,68.026238],[-64.976908,68.043387],[-64.922306,68.031665],[-64.83547,67.990016],[-64.862552,67.965132],[-64.956386,67.939105],[-65.026028,67.892029],[-65.071446,67.823848],[-65.021117,67.787571],[-64.829856,67.784264],[-64.637782,67.84025],[-64.527524,67.812707],[-64.15623,67.622974],[-64.01945,67.654889],[-63.850184,67.566086],[-64.077502,67.49562],[-64.007947,67.347338],[-64.699943,67.350546],[-64.589234,67.315532],[-64.375912,67.301063],[-64.356423,67.256151],[-63.836253,67.264116],[-63.824113,67.315686],[-63.591587,67.377539],[-63.315841,67.336329],[-63.040129,67.235013],[-63.161615,67.174347],[-63.258405,67.024647],[-63.701528,66.822378],[-63.636214,66.820785],[-62.962301,66.949248],[-62.768184,66.931988],[-62.710429,66.954104],[-62.379751,66.905369],[-62.123594,67.046708],[-61.968533,67.019066],[-61.299718,66.64875],[-61.307233,66.608859],[-61.527817,66.558113],[-61.724131,66.637797],[-61.904483,66.678105],[-62.014247,66.673755],[-62.12333,66.643059],[-61.652643,66.503126],[-61.57642,66.412489],[-61.570784,66.372905],[-61.86268,66.312821],[-61.956371,66.309316],[-62.158454,66.337991],[-62.276886,66.391505],[-62.374511,66.41083],[-62.553127,66.406853],[-62.405646,66.315897],[-62.419851,66.288585],[-62.49602,66.270886],[-62.533571,66.227018],[-62.242082,66.147927],[-62.023904,66.06754],[-61.991615,66.035295],[-62.244356,66.005841],[-62.590359,66.034416],[-62.624131,66.016256],[-62.448383,65.945482],[-62.410293,65.905744],[-62.382004,65.83329],[-62.485638,65.804505],[-62.610256,65.723635],[-62.658914,65.639919],[-62.771722,65.631965],[-62.817293,65.64772],[-62.968893,65.622352],[-63.168954,65.657333],[-63.458752,65.853032],[-63.464333,65.835366],[-63.409764,65.755836],[-63.420882,65.708595],[-63.651946,65.674339],[-63.651045,65.661002],[-63.337452,65.616771],[-63.364269,65.54324],[-63.363357,65.229712],[-63.40181,65.118453],[-63.485833,65.021224],[-63.606606,64.928082],[-63.737167,64.989111],[-63.789385,65.051382],[-63.895634,65.109258],[-64.061429,65.121947],[-64.151846,65.06618],[-64.345733,65.172407],[-64.309764,65.324568],[-64.269664,65.400758],[-64.339921,65.364173],[-64.469834,65.252706],[-64.555077,65.116596],[-64.665325,65.168946],[-65.10847,65.463753],[-65.175706,65.568146],[-65.28201,65.676669],[-65.401607,65.763999],[-65.378096,65.822084],[-65.18488,65.939956],[-65.032258,65.988526],[-64.853708,66.015893],[-64.77253,66.078548],[-64.672994,66.192707],[-64.563965,66.272182],[-64.445368,66.317117],[-64.504375,66.32551],[-64.655174,66.287014],[-65.004506,66.077724],[-65.415593,65.99458],[-65.825745,65.996931],[-65.891059,66.020211],[-65.857166,66.086404],[-65.656347,66.204748],[-65.688383,66.213065],[-65.758981,66.171207],[-65.85598,66.142214],[-65.940025,66.127438],[-66.063709,66.132711],[-66.208586,66.206396],[-66.476971,66.27973],[-66.712331,66.460444],[-66.787389,66.555685],[-66.862888,66.595312],[-66.986341,66.627513],[-67.014795,66.62224],[-66.970433,66.581876],[-66.968983,66.547148],[-67.076879,66.525505],[-67.189643,66.53302],[-67.307306,66.569736],[-67.3177,66.520386],[-67.191763,66.43277],[-67.189764,66.321742],[-67.22537,66.310272],[-67.31124,66.303757],[-67.368852,66.317501],[-67.55975,66.400448],[-67.740772,66.458192],[-67.868433,66.490151],[-67.883397,66.467421],[-67.704495,66.268612],[-67.183227,66.034416],[-67.272634,65.955556],[-67.350461,65.92975],[-67.550753,65.921609],[-67.828047,65.96517],[-67.958224,66.013795],[-68.147277,66.129811],[-68.459893,66.249287],[-68.527778,66.248617],[-68.748922,66.200046],[-68.467078,66.173174],[-68.217172,66.078856],[-68.198364,66.038965],[-68.260689,65.994602],[-68.256811,65.938616],[-68.18674,65.871017],[-68.115065,65.827764],[-67.894196,65.793244],[-67.866445,65.773656],[-67.954346,65.623077],[-67.961839,65.581944],[-67.936757,65.564916],[-67.71713,65.625351],[-67.569638,65.643534],[-67.39968,65.588404],[-67.346396,65.549381],[-67.303428,65.482925],[-67.117968,65.440397],[-67.134964,65.4205],[-67.336508,65.346606],[-67.177602,65.303815],[-67.066497,65.244082],[-66.998569,65.173],[-66.970378,65.084912],[-66.887519,65.094009],[-66.830906,65.074167],[-66.732765,64.860077],[-66.697422,64.815165],[-66.677164,64.813692],[-66.666672,64.973807],[-66.635514,65.000317],[-66.517774,64.97195],[-66.223758,64.8541],[-66.209695,64.828139],[-66.30153,64.777723],[-66.214661,64.722407],[-66.15249,64.734909],[-66.107512,64.791192],[-66.030201,64.846564],[-65.938531,64.885752],[-65.768045,64.853562],[-65.626739,64.770747],[-65.605272,64.742358],[-65.513151,64.706488],[-65.43194,64.726439],[-65.274825,64.631528],[-65.512789,64.525982],[-65.529323,64.504801],[-65.178595,64.509701],[-65.094517,64.484586],[-65.074632,64.436686],[-65.212994,64.303257],[-65.507471,64.318319],[-65.593637,64.311112],[-65.580333,64.293852],[-65.347785,64.232307],[-65.149614,64.087145],[-65.150646,64.067512],[-65.18733,64.038003],[-65.169861,64.028159],[-65.010604,64.008856],[-64.911847,64.02617],[-64.678454,64.027983],[-64.669742,64.009581],[-64.686177,63.960934],[-64.798161,63.915945],[-64.768135,63.905398],[-64.636717,63.918351],[-64.576314,63.897345],[-64.498487,63.790349],[-64.410948,63.706347],[-64.561581,63.679706],[-64.55032,63.572556],[-64.498619,63.46277],[-64.514351,63.263972],[-64.586905,63.243164],[-64.664655,63.245339],[-64.695604,63.268828],[-64.933293,63.599275],[-65.191856,63.764278],[-65.089408,63.605932],[-65.004814,63.333416],[-65.016701,63.292833],[-65.058042,63.282857],[-65.068919,63.263478],[-64.820177,63.060022],[-64.718114,62.945819],[-64.672378,62.921946],[-64.683639,62.90239],[-64.751854,62.887174],[-64.868693,62.879879],[-65.132969,62.952334],[-65.162786,62.932591],[-65.046595,62.701439],[-65.050187,62.646156],[-65.10847,62.626457],[-65.180331,62.649463],[-65.265805,62.715084],[-65.572422,62.868871],[-65.74037,62.931976],[-65.833699,62.908542],[-65.978862,63.000707],[-66.224011,63.107153],[-66.249202,63.108241],[-66.201071,63.006233],[-66.228669,62.990984],[-66.41447,63.027217],[-66.654971,63.264774],[-66.636448,63.080127],[-66.697477,63.069536],[-66.748531,63.111086],[-66.773228,63.162239],[-66.831467,63.201108],[-66.974717,63.255567],[-67.017916,63.316498],[-67.179799,63.305028],[-67.260955,63.340733],[-67.494997,63.481446],[-67.709219,63.633948],[-67.893262,63.733736],[-67.74253,63.489247],[-67.722579,63.422746],[-67.758801,63.419725],[-68.243528,63.637046],[-68.493742,63.725464],[-68.858939,63.751875],[-68.911091,63.703216],[-68.78923,63.595133],[-68.670556,63.513691],[-68.373936,63.352181],[-68.141257,63.172324],[-67.915356,63.11369],[-67.675964,63.093563],[-67.664911,63.072634],[-67.736949,63.009594],[-67.366655,62.914145],[-67.268503,62.857555],[-67.212692,62.843503],[-66.979518,62.700824],[-66.644864,62.602068],[-66.458733,62.463113],[-66.357286,62.351909],[-66.281249,62.302679],[-65.980202,62.208867],[-66.026971,62.137192],[-66.133165,62.102409],[-66.056425,61.967486],[-66.058886,61.91384],[-66.256695,61.868269],[-66.424522,61.890747],[-66.803155,62.012618],[-67.322039,62.105046],[-67.44012,62.151244],[-68.535886,62.255636],[-69.125599,62.42399],[-69.366046,62.571866],[-69.545156,62.744593],[-69.604735,62.767741],[-69.799511,62.790483],[-70.070961,62.757206],[-70.236152,62.76338],[-70.571323,62.869189],[-70.801409,62.910476],[-71.105786,63.002256],[-70.946055,63.120699],[-70.992659,63.119304],[-71.253739,63.04251],[-71.501261,63.126434],[-71.617122,63.187199],[-71.855482,63.355279],[-71.99224,63.416177],[-71.973046,63.429876],[-71.696553,63.430239],[-71.614277,63.444082],[-71.455843,63.512252],[-71.387398,63.555033],[-71.380828,63.580301],[-71.513455,63.586563],[-71.626735,63.662578],[-71.725283,63.706139],[-71.837552,63.724947],[-72.222974,63.708874],[-72.290156,63.728001],[-72.288761,63.756983],[-72.172437,63.871659],[-72.159364,63.889896],[-72.174272,63.893412],[-72.226435,63.891368],[-72.449996,63.818122],[-72.498468,63.823495],[-72.586106,63.900805],[-72.639312,63.98907],[-72.678094,64.020018],[-72.913169,64.11717],[-73.270301,64.333491],[-73.454553,64.399277],[-73.443621,64.423513],[-73.278156,64.560249],[-73.271279,64.582518],[-73.413079,64.574147],[-73.626972,64.602513],[-73.728409,64.568258],[-73.910343,64.578124],[-73.950388,64.465832],[-73.981084,64.437718],[-74.064799,64.424678],[-74.098703,64.443717],[-74.130454,64.607787],[-74.205106,64.628122],[-74.461241,64.64469],[-74.512448,64.670156],[-74.634298,64.823954],[-74.681407,64.830666],[-74.813408,64.796257],[-74.916251,64.791983],[-74.919448,64.765506],[-74.823021,64.716881],[-74.640011,64.557096],[-74.694712,64.496583],[-75.067401,64.456681],[-75.328425,64.490431],[-75.487793,64.540759],[-75.715012,64.524378],[-75.766692,64.391938],[-76.118089,64.376327],[-76.406854,64.303158],[-76.561552,64.301609],[-76.72381,64.242019],[-76.856151,64.237624],[-77.023539,64.270858],[-77.282508,64.280361],[-77.402864,64.299895],[-77.627765,64.363462],[-77.791164,64.367076],[-78.045234,64.499264],[-78.174554,64.61774],[-78.197571,64.66463],[-78.189693,64.751806],[-78.144627,64.807727],[-78.095617,64.939244],[-78.055254,64.982904],[-77.876144,65.072926],[-77.447468,65.161553],[-77.360907,65.196533],[-77.363873,65.219791],[-77.461465,65.32816],[-77.46041,65.355912],[-77.326695,65.453108],[-77.251142,65.462875],[-77.094148,65.43086],[-76.778928,65.413887],[-76.481682,65.369711],[-75.828336,65.227031],[-75.648138,65.140832],[-75.519928,65.056029],[-75.501591,65.013083],[-75.590855,64.927665],[-75.589131,64.905033],[-75.452109,64.84162],[-75.427126,64.855858],[-75.435135,64.900792],[-75.413657,64.938519],[-75.362779,64.969061],[-75.357099,65.008744],[-75.445825,65.0997],[-75.772943,65.257024],[-75.798673,65.297508],[-75.708607,65.315702],[-75.316637,65.274833],[-75.166311,65.283918],[-75.109259,65.331467],[-74.981751,65.381433],[-74.84985,65.389079],[-74.665488,65.366942],[-74.494771,65.371666],[-74.390753,65.397561],[-74.236856,65.483913],[-73.989587,65.516982],[-73.550804,65.485254],[-73.560725,65.542921],[-73.746086,65.76668],[-74.033093,65.877059],[-74.276187,66.012762],[-74.401091,66.096951],[-74.433951,66.139017],[-74.416384,66.167076],[-74.374889,66.208154],[-73.9337,66.358074],[-73.584213,66.506949],[-73.280793,66.674952],[-73.03326,66.72817],[-72.985338,66.765381],[-72.946787,66.883253],[-72.788836,67.030635],[-72.667734,67.070482],[-72.485152,67.09808],[-72.364929,67.133423],[-72.22003,67.254294],[-72.234137,67.284419],[-72.352888,67.341888],[-72.576438,67.658657],[-72.725324,67.81162],[-72.903973,67.944796],[-73.06344,68.107009],[-73.328232,68.266739],[-73.331462,68.309004],[-73.284484,68.35697],[-73.306886,68.367814],[-73.580203,68.297743],[-73.644495,68.294535],[-73.820496,68.362958],[-73.879361,68.429414],[-73.873363,68.464142],[-73.782495,68.578037],[-73.780605,68.61928],[-73.798436,68.658655],[-73.851555,68.701392],[-74.072995,68.714927],[-74.117973,68.700919],[-73.966043,68.578762],[-73.989279,68.548638],[-74.270112,68.541189],[-74.422426,68.579949],[-74.647943,68.707533],[-74.695821,68.755543],[-74.680528,68.790293],[-74.699952,68.808354],[-74.808343,68.795907],[-74.910406,68.823142],[-74.752379,68.89207],[-74.74326,68.913362],[-74.8161,68.936125],[-74.925084,68.940707],[-74.954022,68.961064],[-74.716728,69.045527],[-74.854859,69.065841],[-75.104249,68.940597],[-75.213288,68.909385],[-75.362735,68.948298],[-75.456987,68.961273],[-75.522674,68.952748],[-75.623023,68.887731],[-76.23472,68.728022],[-76.403393,68.69235],[-76.585085,68.698755],[-76.61945,68.721387],[-76.616253,68.759883],[-76.574549,68.846708],[-76.587667,68.974446],[-76.557235,69.009481],[-76.380915,69.052427],[-76.089228,69.026147],[-75.953701,69.030828],[-75.85857,69.060282],[-75.66799,69.158829],[-75.647732,69.212574],[-75.74907,69.299542],[-76.046458,69.386356],[-76.316239,69.421655],[-76.464939,69.469457],[-76.520365,69.516588],[-76.516102,69.590922],[-76.463291,69.619958],[-76.234105,69.662102],[-76.513257,69.68391],[-76.742343,69.572915],[-77.089918,69.635131],[-77.128799,69.652753],[-77.105079,69.670759],[-76.868609,69.745148],[-76.85859,69.775404],[-77.015969,69.836147],[-77.232466,69.854604],[-77.494281,69.836257],[-77.591642,69.845607],[-77.663009,69.965709],[-77.721939,70.17078],[-77.774004,70.2385],[-77.842525,70.24708],[-78.156778,70.21912],[-78.282814,70.22915],[-78.621445,70.353406],[-78.77265,70.445317],[-78.830845,70.463192],[-78.979775,70.581328],[-79.06638,70.603543],[-79.253192,70.534713],[-79.346653,70.481902],[-79.397322,70.437253],[-79.405221,70.400713],[-79.3474,70.372291],[-79.017546,70.325215],[-78.93383,70.293717],[-78.862826,70.241884],[-78.809839,70.178558],[-78.774847,70.103632],[-78.777825,70.047634],[-78.818804,70.010457],[-78.889654,69.977509],[-79.09289,69.925345],[-79.303323,69.894803],[-79.515425,69.887618],[-80.162135,69.995988],[-80.386794,70.010457],[-80.670318,70.052084],[-81.098302,70.091173],[-81.559563,70.111223],[-81.651936,70.094612],[-81.52923,70.04803],[-81.421739,70.024618],[-81.329498,70.024354],[-81.196849,69.982804],[-80.924828,69.850594],[-80.842859,69.791653],[-80.840277,69.771372],[-80.921719,69.730887],[-81.564683,69.942704],[-82.138707,69.841212],[-82.293834,69.836927],[-83.149955,70.009061],[-83.530741,69.964775],[-83.859089,69.962732],[-84.521862,70.005238],[-84.765132,70.03366],[-84.909097,70.078198],[-85.432376,70.111377],[-85.780027,70.036659],[-86.1982,70.105126],[-86.322015,70.145435],[-86.483086,70.288575],[-86.499829,70.350385],[-86.465365,70.40625],[-86.396865,70.465313],[-86.704164,70.390737],[-87.122479,70.411952],[-87.171984,70.399834],[-87.155812,70.377466],[-87.074008,70.344803],[-87.063263,70.325116],[-87.237869,70.309713],[-87.617798,70.318755],[-87.838151,70.246564],[-87.900707,70.251892],[-88.178309,70.368622],[-88.402123,70.442472],[-88.662982,70.470839],[-88.848421,70.522881],[-89.2083,70.759713],[-89.25754,70.810712],[-89.371535,70.996128],[-89.45591,71.061705],[-88.695667,71.045588],[-88.516666,71.030548],[-88.309102,70.984329],[-88.038607,70.951326],[-87.844918,70.944404],[-87.181597,70.987559],[-87.140101,71.011608],[-87.572293,71.107551],[-87.872428,71.208549],[-88.060646,71.227225],[-88.589495,71.240299],[-89.079342,71.287947],[-89.417688,71.352184],[-89.693324,71.423496],[-89.805385,71.4623],[-89.845749,71.492282],[-89.977343,71.848074],[-90.019541,71.901808],[-90.025177,71.948785]]],[[[-76.089997,72.881184],[-76.183403,72.843051],[-76.400548,72.820671],[-77.835912,72.89684],[-78.314201,72.881854],[-79.134155,72.771629],[-79.500516,72.755973],[-79.936849,72.863617],[-80.05159,72.976996],[-80.183317,73.224683],[-80.617914,73.270825],[-80.776402,73.334183],[-80.82416,73.380689],[-80.822941,73.428952],[-80.798013,73.471535],[-80.735841,73.483081],[-80.826995,73.534684],[-80.858525,73.591428],[-80.860723,73.670541],[-80.848857,73.721232],[-80.822864,73.743457],[-80.762768,73.757772],[-80.412294,73.765419],[-80.120277,73.707081],[-79.889333,73.7015],[-79.36678,73.64135],[-78.286538,73.665839],[-78.062933,73.647645],[-77.382143,73.536651],[-77.206549,73.49955],[-77.119779,73.450474],[-77.005323,73.356035],[-76.758669,73.309992],[-76.657276,73.254181],[-76.569792,73.159259],[-76.28952,73.080993],[-76.309548,72.997925],[-76.089997,72.881184]]],[[[-106.949666,73.510371],[-106.830991,73.599075],[-106.613951,73.695601],[-105.31796,73.767122],[-105.114433,73.744413],[-104.834655,73.647283],[-104.648799,73.614423],[-104.555058,73.541089],[-104.552323,73.465591],[-104.582859,73.353926],[-104.79099,73.167631],[-104.968628,73.088661],[-105.002575,73.037553],[-105.074613,72.997046],[-105.200653,72.947333],[-105.339378,72.914879],[-105.57298,72.98929],[-106.07104,73.196382],[-106.112639,73.258092],[-106.180024,73.304103],[-106.525714,73.413395],[-106.92153,73.479851],[-106.949666,73.510371]]],[[[-97.092776,72.996936],[-97.097659,73.062393],[-97.06921,73.130156],[-97.015004,73.157293],[-96.862431,73.188812],[-96.793157,73.165455],[-96.744427,73.126289],[-96.645984,73.1019],[-96.59849,73.073829],[-96.635387,72.992443],[-96.709232,72.94697],[-96.94379,72.926712],[-97.092776,72.996936]]],[[[-100.678296,70.64618],[-100.635301,70.670317],[-100.53794,70.668582],[-100.276119,70.594611],[-100.321081,70.578351],[-100.305502,70.508412],[-100.321235,70.487692],[-100.620673,70.546908],[-100.647754,70.563135],[-100.678296,70.64618]]],[[[-87.323167,70.102236],[-87.107263,70.146676],[-86.913036,70.113245],[-86.691189,70.115046],[-86.612747,70.105697],[-86.563396,70.07722],[-86.515232,70.017048],[-86.557661,69.995284],[-86.734343,69.976322],[-86.983986,70.011127],[-87.043806,69.999866],[-87.190792,70.018564],[-87.263917,70.043965],[-87.323244,70.080121],[-87.323167,70.102236]]],[[[-95.267771,68.826086],[-95.359496,68.778362],[-95.465591,68.747281],[-95.685625,68.735856],[-95.894634,68.627234],[-96.024004,68.607283],[-96.267609,68.507889],[-96.401576,68.470701],[-96.598825,68.460835],[-97.00839,68.538684],[-97.263668,68.527753],[-97.472029,68.543727],[-97.885362,68.672454],[-98.23503,68.739371],[-98.257975,68.74927],[-98.280195,68.807168],[-98.320558,68.84272],[-98.539664,68.798258],[-98.775255,68.816726],[-98.85913,68.864352],[-98.863728,68.893784],[-98.904498,68.932434],[-99.057384,68.917657],[-99.093842,68.898893],[-99.07338,68.876569],[-99.09064,68.863341],[-99.254012,68.863187],[-99.440851,68.917657],[-99.564046,69.034134],[-99.5133,69.099602],[-99.455732,69.131177],[-98.9122,69.167585],[-98.72363,69.219133],[-98.503541,69.308276],[-98.455976,69.334687],[-98.450367,69.354056],[-98.558528,69.461448],[-98.53672,69.478037],[-98.448406,69.479531],[-98.534391,69.527432],[-98.54602,69.572915],[-98.389338,69.56506],[-98.222319,69.484541],[-98.041346,69.456636],[-98.162971,69.512194],[-98.288824,69.629011],[-98.301228,69.69171],[-98.268209,69.754453],[-98.200511,69.796981],[-98.080754,69.833049],[-97.790743,69.861603],[-97.69119,69.841267],[-97.411363,69.738479],[-97.385704,69.700247],[-97.460142,69.682723],[-97.469448,69.666804],[-97.408649,69.630736],[-97.350691,69.640865],[-97.305735,69.673473],[-97.236098,69.673473],[-96.875219,69.510018],[-96.694532,69.471105],[-96.299958,69.344399],[-96.183734,69.258662],[-95.951373,69.023741],[-95.751362,68.897651],[-95.585479,68.835128],[-95.374173,68.892125],[-95.319549,68.873218],[-95.267771,68.826086]]],[[[-79.364967,69.712332],[-79.40243,69.685151],[-79.552844,69.630846],[-79.881709,69.608676],[-80.047514,69.634307],[-79.971138,69.556326],[-79.954493,69.523488],[-79.97785,69.509689],[-80.161487,69.535968],[-80.22735,69.562423],[-80.244499,69.593174],[-80.32961,69.586758],[-80.448054,69.649698],[-80.778237,69.676989],[-80.794783,69.689238],[-80.72659,69.740446],[-80.65251,69.750575],[-80.46594,69.737084],[-80.424236,69.797596],[-80.21365,69.801936],[-80.168826,69.782435],[-80.124617,69.737238],[-79.970852,69.738951],[-79.593977,69.810516],[-79.430654,69.787786],[-79.364967,69.712332]]],[[[-78.848203,69.482783],[-78.578554,69.6388],[-78.401872,69.650632],[-78.344183,69.674813],[-78.295503,69.667123],[-78.267334,69.68714],[-78.262456,69.716825],[-78.200746,69.739512],[-78.029084,69.714891],[-77.969165,69.638954],[-78.039983,69.608412],[-78.470086,69.502526],[-78.552407,69.491572],[-78.66204,69.502635],[-78.848203,69.482783]]],[[[-68.221413,69.616729],[-67.989096,69.678746],[-67.908819,69.681844],[-67.82908,69.675022],[-67.754615,69.631461],[-67.940262,69.53488],[-68.202341,69.580408],[-68.221413,69.616729]]],[[[-95.380919,69.506613],[-95.399414,69.419799],[-95.437449,69.378457],[-95.496232,69.350079],[-95.57853,69.335819],[-95.730147,69.347552],[-95.670178,69.402023],[-95.665833,69.43897],[-95.704104,69.538033],[-95.763606,69.559633],[-95.806189,69.560511],[-95.817763,69.540582],[-95.798334,69.49979],[-95.811819,69.447023],[-95.893442,69.351738],[-95.956048,69.367141],[-95.985947,69.391915],[-95.977911,69.432718],[-95.99478,69.469666],[-95.936207,69.567015],[-95.87582,69.605984],[-95.79774,69.625726],[-95.602508,69.601798],[-95.380919,69.506613]]],[[[-101.000624,69.461909],[-101.08685,69.443353],[-101.171725,69.397079],[-101.268514,69.390597],[-101.261516,69.417832],[-101.28952,69.441244],[-101.217769,69.462942],[-101.207304,69.479839],[-101.328489,69.517412],[-101.356493,69.539681],[-101.351302,69.559215],[-101.312905,69.576068],[-101.244872,69.57353],[-101.098347,69.540769],[-101.000624,69.461909]]],[[[-76.668856,69.366152],[-76.687456,69.327711],[-76.810294,69.266759],[-76.911214,69.174639],[-76.995348,69.143734],[-77.215052,69.138109],[-77.321938,69.193579],[-77.379375,69.27401],[-77.340912,69.403879],[-77.187531,69.440101],[-76.994084,69.41179],[-76.745694,69.403978],[-76.668856,69.366152]]],[[[-90.492041,69.369877],[-90.377245,69.416228],[-90.322072,69.42873],[-90.252836,69.417931],[-90.228545,69.436047],[-90.199816,69.419073],[-90.177382,69.357056],[-90.267272,69.272878],[-90.33029,69.252202],[-90.464707,69.328689],[-90.492041,69.369877]]],[[[-79.40577,68.923052],[-79.242678,69.049274],[-79.144988,69.087462],[-78.930469,69.122915],[-78.771826,69.252202],[-78.662018,69.262332],[-78.650207,69.275207],[-78.689044,69.299751],[-78.689044,69.325118],[-78.596671,69.370602],[-78.457892,69.389509],[-78.332582,69.386049],[-78.272475,69.361241],[-78.22897,69.303992],[-78.532928,69.146063],[-78.59566,69.079036],[-78.77922,68.950474],[-78.852696,68.915691],[-79.279724,68.838743],[-79.361374,68.857661],[-79.40577,68.923052]]],[[[-90.492558,69.2211],[-90.574417,69.209421],[-90.625756,69.250917],[-90.667438,69.259497],[-90.685873,69.287139],[-90.771566,69.292566],[-90.7657,69.335973],[-90.742365,69.357319],[-90.66278,69.374161],[-90.599685,69.367811],[-90.510641,69.290446],[-90.485373,69.246621],[-90.492558,69.2211]]],[[[-100.018023,68.953978],[-100.195688,68.991453],[-100.247363,69.052789],[-100.153133,69.129474],[-100.072801,69.111489],[-100.00562,69.047098],[-99.994694,69.013513],[-100.018023,68.953978]]],[[[-100.178478,68.903914],[-100.217238,68.806706],[-100.248758,68.775022],[-100.365702,68.728824],[-100.397332,68.723815],[-100.496912,68.792238],[-100.596541,68.766398],[-100.625375,68.815902],[-100.599903,68.941377],[-100.611581,68.990211],[-100.565483,69.026796],[-100.41397,69.028092],[-100.329941,68.99755],[-100.288935,68.957648],[-100.178478,68.903914]]],[[[-102.308167,68.681979],[-102.270495,68.707588],[-102.074384,68.774044],[-102.013355,68.825416],[-101.82835,68.79895],[-101.759312,68.774615],[-101.72164,68.724122],[-101.732028,68.65214],[-101.794298,68.636847],[-101.845923,68.58631],[-102.308167,68.681979]]],[[[-75.403407,68.550132],[-75.370173,68.636067],[-75.287391,68.687747],[-75.074685,68.684692],[-74.98363,68.647592],[-74.818945,68.49442],[-74.798247,68.457945],[-74.830986,68.44073],[-74.81287,68.413341],[-74.844983,68.365957],[-74.959317,68.342237],[-75.07252,68.404145],[-75.310155,68.47448],[-75.400254,68.525478],[-75.403407,68.550132]]],[[[-105.05136,68.55902],[-104.907285,68.581783],[-104.602008,68.561503],[-104.472117,68.503517],[-104.440493,68.449519],[-104.457132,68.431172],[-104.540694,68.405903],[-104.699446,68.418252],[-104.965244,68.491739],[-105.041747,68.531532],[-105.05136,68.55902]]],[[[-78.828515,68.26819],[-78.98272,68.192845],[-79.064062,68.181782],[-79.174046,68.234978],[-79.153458,68.335261],[-78.952595,68.353037],[-78.868725,68.3103],[-78.828515,68.26819]]],[[[-77.304393,67.685123],[-77.305898,67.706096],[-77.228565,67.850127],[-77.125876,67.947092],[-76.740245,68.231232],[-76.595786,68.278934],[-76.364425,68.318727],[-76.172812,68.308806],[-75.866469,68.33681],[-75.675868,68.322495],[-75.153808,68.234022],[-75.103106,68.201887],[-75.063501,68.141221],[-75.062336,68.075402],[-75.127342,67.965253],[-75.086363,67.751426],[-75.090505,67.634784],[-75.127298,67.537324],[-75.201972,67.459189],[-75.4001,67.366684],[-75.780073,67.28354],[-76.693949,67.235815],[-76.944184,67.250317],[-77.004906,67.266951],[-77.07591,67.319608],[-77.157088,67.408345],[-77.224193,67.508177],[-77.304393,67.685123]]]]}},{"type":"Feature","properties":{"adm0_a3":"CAN","name":"Ontario","name_en":"Ontario","iso_3166_2":"CA-ON","postal":"ON"},"geometry":{"type":"MultiPolygon","coordinates":[[[[-95.153826,52.822357],[-93.620223,53.747933],[-92.600208,54.480677],[-91.378451,55.317011],[-89.980573,56.216099],[-88.948495,56.851307],[-88.826481,56.814261],[-88.447057,56.608685],[-88.075082,56.467302],[-87.878141,56.341629],[-87.560878,56.056369],[-87.482402,56.021312],[-86.919397,55.914547],[-86.376947,55.77324],[-85.984482,55.695875],[-85.676679,55.601052],[-85.559323,55.540176],[-85.407261,55.431137],[-85.217999,55.34897],[-85.212034,55.297477],[-85.365271,55.079278],[-85.213583,55.224385],[-85.06095,55.285667],[-84.517961,55.258904],[-84.356473,55.282514],[-84.022983,55.297818],[-83.971765,55.314144],[-83.214346,55.214619],[-82.986269,55.231406],[-82.947026,55.22221],[-82.867749,55.16072],[-82.687507,55.165521],[-82.577435,55.148723],[-82.39326,55.067797],[-82.308248,54.998144],[-82.226609,54.855926],[-82.219391,54.813475],[-82.418068,54.355828],[-82.424165,54.244592],[-82.394139,54.180464],[-82.239913,54.044816],[-82.141443,53.817641],[-82.190607,53.610944],[-82.1462,53.364598],[-82.159164,53.264139],[-82.259908,53.159802],[-82.29156,53.030712],[-82.260447,52.961114],[-82.020022,52.811612],[-81.859292,52.651409],[-81.59941,52.432617],[-81.571681,52.367292],[-81.661241,52.293914],[-81.827893,52.224206],[-81.549488,52.236763],[-81.46619,52.204518],[-81.398075,52.142248],[-81.285058,52.089228],[-81.127185,52.045403],[-80.968487,51.972223],[-80.657937,51.758342],[-80.495856,51.525069],[-80.447593,51.432212],[-80.443297,51.388597],[-80.495493,51.344673],[-80.672692,51.264726],[-80.85123,51.125024],[-80.79498,51.131813],[-80.478343,51.307309],[-80.367953,51.329864],[-80.265659,51.316351],[-80.103556,51.282842],[-79.960415,51.235173],[-79.836236,51.173364],[-79.651512,51.007789],[-79.519555,50.918525],[-79.512975,47.556422],[-79.559293,47.483045],[-79.546714,47.407448],[-79.479225,47.318865],[-79.441937,47.227657],[-79.434917,47.133811],[-79.364945,47.02196],[-79.165554,46.827172],[-79.01458,46.606512],[-78.903168,46.486464],[-78.781,46.393443],[-78.460451,46.306892],[-77.682674,46.186669],[-77.371344,46.062853],[-77.233235,45.903584],[-77.030844,45.807465],[-76.940932,45.800972],[-76.912895,45.8758],[-76.890208,45.890269],[-76.823708,45.879678],[-76.753813,45.79783],[-76.666582,45.642593],[-76.553126,45.542079],[-76.413446,45.496343],[-76.269942,45.483939],[-76.122638,45.504868],[-76.000623,45.483632],[-75.903966,45.42023],[-75.626132,45.450761],[-74.864187,45.642176],[-74.717212,45.651371],[-74.577224,45.6322],[-74.396565,45.56771],[-74.478061,45.317903],[-74.340446,45.214445],[-74.708873,45.00387],[-74.856639,45.003925],[-74.996143,44.97012],[-75.179384,44.899379],[-75.401253,44.772278],[-75.79196,44.497049],[-75.875929,44.41698],[-76.151158,44.303942],[-76.185787,44.242232],[-76.248541,44.214129],[-76.464609,44.057595],[-76.819962,43.628788],[-78.458254,43.631502],[-78.720432,43.624932],[-78.845566,43.583338],[-79.171849,43.466575],[-79.059228,43.278061],[-79.066051,43.106102],[-79.029071,43.061762],[-79.026181,43.017322],[-78.946003,42.961303],[-78.915077,42.90914],[-78.939236,42.863744],[-79.036695,42.80232],[-80.247576,42.365997],[-81.277643,42.209179],[-82.439073,41.67487],[-82.690012,41.675177],[-83.029962,41.832974],[-83.141946,41.975862],[-83.149669,42.14192],[-83.109525,42.250707],[-83.073138,42.30031],[-82.867749,42.385213],[-82.744197,42.493483],[-82.545322,42.624682],[-82.488347,42.739511],[-82.408191,43.072638],[-82.13785,43.570879],[-82.551079,45.347357],[-83.592693,45.817155],[-83.46947,45.994683],[-83.480149,46.023753],[-83.615951,46.116829],[-83.763201,46.109073],[-83.913043,46.072895],[-83.977786,46.084914],[-84.088407,46.226527],[-84.11517,46.370811],[-84.150469,46.444793],[-84.125222,46.527234],[-84.14948,46.542769],[-84.192173,46.549558],[-84.401715,46.515611],[-84.501581,46.461866],[-84.561753,46.457372],[-84.779414,46.637284],[-84.875973,46.899901],[-86.428572,47.540075],[-88.378195,48.303097],[-88.611764,48.264008],[-89.273174,48.019969],[-89.455646,47.996216],[-89.77537,48.01531],[-89.901043,47.995469],[-89.993646,48.01531],[-90.091776,48.118099],[-90.320138,48.09918],[-90.744408,48.104607],[-90.797318,48.131062],[-90.840319,48.200518],[-90.916048,48.209153],[-91.043478,48.193695],[-91.220655,48.104607],[-91.38724,48.058542],[-91.518307,48.058311],[-91.8584,48.197574],[-92.005155,48.301834],[-92.171785,48.338396],[-92.298677,48.328882],[-92.34844,48.276587],[-92.414588,48.276587],[-92.500578,48.43534],[-92.732654,48.531822],[-92.996254,48.611813],[-93.257943,48.628864],[-93.377886,48.616537],[-93.463618,48.561276],[-93.70774,48.525461],[-93.803546,48.548949],[-93.851628,48.607287],[-94.055182,48.659021],[-94.620885,48.742605],[-94.675355,48.774444],[-94.705095,48.808523],[-94.712769,48.863422],[-94.803461,49.002948],[-94.842605,49.119173],[-94.854333,49.304589],[-94.93934,49.349413],[-95.155298,49.369672],[-95.153826,52.822357]]],[[[-79.520467,50.965986],[-79.714453,51.117608],[-79.737458,51.186283],[-79.688822,51.346585],[-79.642987,51.413503],[-79.547439,51.493857],[-79.521346,51.544712],[-79.520467,50.965986]]]]}},{"type":"Feature","properties":{"adm0_a3":"CAN","name":"Prince Edward Island","name_en":"Prince Edward Island","iso_3166_2":"CA-PE","postal":"PE"},"geometry":{"type":"Polygon","coordinates":[[[-62.023728,46.421557],[-62.319986,46.278317],[-62.526045,46.202863],[-62.551995,46.165938],[-62.543261,46.028664],[-62.50259,46.022929],[-62.47809,45.999726],[-62.531319,45.977303],[-62.804889,45.973216],[-62.878355,46.001374],[-62.903547,46.068247],[-63.022089,46.066599],[-62.894549,46.123597],[-62.952666,46.195161],[-63.015058,46.189943],[-63.056322,46.223946],[-63.052917,46.269814],[-62.99514,46.292138],[-62.978473,46.316352],[-63.270809,46.199995],[-63.152782,46.188339],[-63.213504,46.15984],[-63.276598,46.153282],[-63.568879,46.209224],[-63.640993,46.230461],[-63.731784,46.289062],[-63.800547,46.367328],[-63.763238,46.370371],[-63.750549,46.384357],[-63.758656,46.397607],[-64.019703,46.404814],[-64.110812,46.425435],[-64.106572,46.562116],[-64.136059,46.599689],[-64.235639,46.63144],[-64.388052,46.640877],[-64.403147,46.691623],[-64.354621,46.769241],[-64.223235,46.901242],[-63.993577,47.061576],[-63.99728,46.981728],[-63.981492,46.912997],[-64.087862,46.775437],[-63.87933,46.608962],[-63.863719,46.572355],[-63.905555,46.508766],[-63.833616,46.49388],[-63.784244,46.454659],[-63.737013,46.480498],[-63.681434,46.561918],[-63.53436,46.540627],[-63.456477,46.503932],[-63.368664,46.50825],[-63.28608,46.460218],[-63.129371,46.422205],[-62.163562,46.487189],[-62.074266,46.465744],[-62.023728,46.421557]]]}},{"type":"Feature","properties":{"adm0_a3":"CAN","name":"Québec","name_en":"Quebec","iso_3166_2":"CA-QC","postal":"QC"},"geometry":{"type":"MultiPolygon","coordinates":[[[[-74.708873,45.00387],[-74.566292,45.041597],[-74.269057,45.188297],[-74.049792,45.241427],[-73.764664,45.395478],[-73.558088,45.425086],[-73.518812,45.458979],[-73.465275,45.63231],[-73.368848,45.757829],[-73.25302,45.86366],[-73.159559,46.010031],[-72.989963,46.10359],[-72.733432,46.181857],[-72.496193,46.352672],[-72.240135,46.442101],[-72.187214,46.511524],[-72.109288,46.551217],[-71.900932,46.631912],[-71.671274,46.653764],[-71.261176,46.756266],[-71.152005,46.819108],[-70.993253,46.85221],[-70.519489,47.032528],[-70.388104,47.116947],[-70.217772,47.289828],[-70.069588,47.377785],[-70.017139,47.471421],[-69.802225,47.62345],[-69.58107,47.823698],[-69.471053,47.9673],[-69.306335,48.047039],[-68.987072,48.274983],[-68.815685,48.366038],[-68.746054,48.376431],[-68.552014,48.457301],[-68.431505,48.541687],[-68.238211,48.626436],[-67.889,48.730905],[-67.560882,48.855929],[-67.117496,48.964145],[-66.598095,49.126358],[-66.178176,49.213117],[-65.882797,49.225674],[-65.52339,49.266137],[-64.836349,49.191727],[-64.567734,49.104803],[-64.26183,48.921869],[-64.216226,48.873661],[-64.20881,48.806216],[-64.370738,48.838988],[-64.513736,48.841098],[-64.414562,48.803634],[-64.246076,48.691112],[-64.253744,48.550367],[-64.348831,48.4232],[-64.633157,48.360512],[-64.705766,48.31059],[-64.764488,48.228094],[-64.822056,48.196486],[-64.959902,48.159847],[-65.036081,48.106266],[-65.259422,48.021254],[-65.360013,48.011125],[-65.475897,48.031482],[-65.754719,48.111694],[-65.926721,48.188839],[-66.083122,48.102696],[-66.248642,48.117319],[-66.324272,48.097895],[-66.448989,48.119648],[-66.704377,48.022441],[-66.842684,47.997897],[-66.925026,47.96351],[-66.951822,47.899449],[-67.057576,47.918576],[-67.307054,47.887232],[-67.364853,47.8548],[-67.579042,47.939505],[-67.609463,47.968827],[-67.612891,47.998567],[-68.113516,47.998567],[-68.113516,47.929375],[-68.377913,47.929375],[-68.37921,47.588986],[-68.429637,47.528188],[-68.496016,47.480309],[-68.628467,47.420697],[-69.05366,47.294585],[-69.064284,47.338146],[-69.050222,47.426619],[-69.242878,47.462995],[-70.00768,46.708937],[-70.067215,46.441046],[-70.17966,46.341818],[-70.248292,46.250873],[-70.30452,46.057393],[-70.306431,45.979829],[-70.28715,45.939158],[-70.296247,45.906089],[-70.407868,45.801906],[-70.421096,45.73824],[-70.596383,45.643988],[-70.702214,45.551385],[-70.70741,45.498925],[-70.689788,45.428338],[-70.710948,45.409474],[-70.79919,45.404772],[-70.837818,45.366177],[-70.836829,45.310696],[-70.865053,45.270695],[-70.89799,45.262455],[-70.960184,45.333097],[-70.999877,45.337228],[-71.134647,45.262818],[-71.201619,45.260335],[-71.327292,45.290108],[-71.419017,45.200338],[-71.51752,45.007561],[-74.708873,45.00387]]],[[[-57.100128,51.443342],[-57.299234,51.478256],[-57.461655,51.469105],[-57.769569,51.425906],[-58.02265,51.322085],[-58.089425,51.311],[-58.510377,51.295059],[-58.593269,51.257134],[-58.637599,51.171661],[-59.054948,50.879117],[-59.165371,50.779899],[-59.378045,50.67543],[-59.611889,50.492112],[-59.815312,50.418262],[-59.886316,50.316386],[-60.080203,50.254577],[-60.608206,50.221124],[-60.807234,50.249798],[-60.956297,50.205413],[-61.180703,50.191515],[-61.289765,50.201952],[-61.724856,50.104075],[-61.835346,50.196965],[-61.919523,50.232857],[-62.165221,50.238921],[-62.361668,50.277297],[-62.715439,50.301686],[-63.135622,50.293776],[-63.238641,50.242569],[-63.586676,50.258224],[-63.733575,50.304631],[-63.853952,50.314343],[-64.015824,50.30396],[-64.170391,50.269441],[-64.508946,50.308915],[-64.867847,50.275484],[-65.180903,50.297907],[-65.268617,50.320033],[-65.762442,50.259257],[-65.955373,50.294161],[-66.125518,50.201019],[-66.242204,50.220343],[-66.495527,50.211873],[-66.550063,50.161171],[-66.621716,50.155414],[-66.740884,50.065524],[-66.941176,49.993696],[-67.23439,49.60178],[-67.261889,49.451191],[-67.372005,49.348457],[-68.056223,49.256788],[-68.281926,49.197154],[-68.220589,49.149638],[-68.29456,49.114372],[-68.414399,49.09954],[-68.543851,49.056122],[-68.627896,49.007189],[-68.669062,48.939491],[-68.929042,48.828958],[-69.23076,48.573625],[-69.374955,48.386396],[-69.550122,48.250802],[-69.673883,48.199178],[-69.761938,48.191169],[-69.851696,48.207395],[-70.001022,48.270951],[-70.110655,48.277983],[-70.383709,48.36651],[-71.018247,48.455599],[-70.922589,48.422321],[-70.838741,48.367389],[-70.500648,48.35436],[-69.865495,48.17225],[-69.77499,48.098103],[-69.905551,47.832223],[-69.994453,47.739872],[-70.300092,47.503018],[-70.448045,47.423466],[-70.705861,47.13981],[-71.115651,46.924939],[-71.26779,46.79596],[-71.757264,46.673583],[-71.879608,46.686811],[-72.028461,46.607434],[-72.204627,46.558864],[-72.256648,46.485069],[-72.680127,46.287304],[-72.842702,46.262398],[-72.98102,46.20974],[-73.021922,46.120257],[-73.14543,46.066281],[-73.283529,45.899838],[-73.476591,45.73824],[-73.711853,45.711159],[-73.897401,45.56414],[-74.037828,45.501869],[-74.315101,45.531071],[-74.247634,45.492882],[-73.999607,45.433347],[-73.973855,45.345138],[-74.09811,45.324001],[-74.340446,45.214445],[-74.478061,45.317903],[-74.396565,45.56771],[-74.577224,45.6322],[-74.717212,45.651371],[-74.864187,45.642176],[-75.626132,45.450761],[-75.903966,45.42023],[-76.000623,45.483632],[-76.122638,45.504868],[-76.269942,45.483939],[-76.413446,45.496343],[-76.553126,45.542079],[-76.666582,45.642593],[-76.753813,45.79783],[-76.823708,45.879678],[-76.890208,45.890269],[-76.912895,45.8758],[-76.940932,45.800972],[-77.030844,45.807465],[-77.233235,45.903584],[-77.371344,46.062853],[-77.682674,46.186669],[-78.460451,46.306892],[-78.781,46.393443],[-78.903168,46.486464],[-79.01458,46.606512],[-79.165554,46.827172],[-79.364945,47.02196],[-79.434917,47.133811],[-79.441937,47.227657],[-79.479225,47.318865],[-79.546714,47.407448],[-79.559293,47.483045],[-79.512975,47.556422],[-79.519555,50.918525],[-79.456131,50.875601],[-79.347894,50.76264],[-79.380732,50.834523],[-79.452638,50.917305],[-79.520467,50.965986],[-79.521346,51.544712],[-79.497572,51.569926],[-79.338666,51.628165],[-79.296961,51.622792],[-79.264255,51.551996],[-79.152733,51.526211],[-79.040541,51.463787],[-78.984324,51.386377],[-78.903168,51.200291],[-78.89751,51.271702],[-78.858003,51.383949],[-78.827428,51.429993],[-78.731363,51.497482],[-78.736406,51.526618],[-78.776297,51.565795],[-78.977754,51.733798],[-78.981632,51.774568],[-78.927887,51.798804],[-78.891094,51.845101],[-78.871252,51.913425],[-78.828208,51.963006],[-78.701986,52.032692],[-78.537367,52.213296],[-78.491642,52.252111],[-78.448103,52.261362],[-78.526051,52.310712],[-78.529072,52.399174],[-78.557065,52.491888],[-78.744129,52.655386],[-78.765783,52.760031],[-78.753633,52.812381],[-78.721706,52.856469],[-78.739867,52.898997],[-78.854092,52.976099],[-78.898224,53.043379],[-78.992025,53.410356],[-79.0431,53.560506],[-79.100361,53.656625],[-79.113149,53.717215],[-79.081443,53.742275],[-79.040343,53.81796],[-79.003187,53.836559],[-78.945696,53.831594],[-79.032015,53.881054],[-79.075169,53.932393],[-79.07328,53.951432],[-78.996024,54.002497],[-79.06716,54.051946],[-79.241799,54.098869],[-79.178825,54.116953],[-79.138835,54.157206],[-79.146734,54.169247],[-79.295676,54.216851],[-79.356134,54.263378],[-79.475973,54.394764],[-79.520665,54.491553],[-79.597932,54.60168],[-79.631726,54.629124],[-79.713937,54.654964],[-79.712344,54.671806],[-79.66552,54.697437],[-78.909232,54.88148],[-78.303589,55.068555],[-77.775278,55.291248],[-77.324937,55.555524],[-77.165108,55.663531],[-77.072549,55.756289],[-76.761822,55.996428],[-76.650454,56.107225],[-76.54638,56.358779],[-76.51964,56.706979],[-76.525561,56.89177],[-76.572835,57.181182],[-76.601422,57.27227],[-76.8098,57.657978],[-76.890912,57.758129],[-77.156781,58.01889],[-77.55242,58.239594],[-78.01355,58.399171],[-78.35172,58.580665],[-78.463011,58.60244],[-78.505902,58.649132],[-78.515097,58.682365],[-78.502287,58.769102],[-78.458672,58.873308],[-78.430503,58.901784],[-78.244438,59.035048],[-78.067679,59.200184],[-77.842844,59.305015],[-77.760677,59.380041],[-77.779431,59.410374],[-77.844679,59.443509],[-77.859016,59.475798],[-77.733519,59.580959],[-77.747527,59.658501],[-77.726158,59.67587],[-77.5904,59.680517],[-77.396689,59.569237],[-77.349074,59.578949],[-77.411026,59.609622],[-77.485294,59.684571],[-77.474571,59.715684],[-77.331661,59.79661],[-77.327629,59.833403],[-77.368399,59.884358],[-77.37297,59.925106],[-77.28921,60.022016],[-77.311809,60.042385],[-77.547147,60.061139],[-77.585907,60.088165],[-77.452884,60.145788],[-77.648617,60.362516],[-77.681455,60.427115],[-77.598156,60.506744],[-77.503553,60.542713],[-77.515572,60.563181],[-77.714996,60.577804],[-77.790802,60.639865],[-77.660625,60.789521],[-77.589576,60.808593],[-77.603012,60.825172],[-77.871551,60.785852],[-77.998125,60.818195],[-78.181377,60.819129],[-78.159646,60.852198],[-77.830133,61.084021],[-77.765017,61.157508],[-77.726828,61.230677],[-77.749614,61.393],[-77.736178,61.437341],[-77.514364,61.55629],[-77.698451,61.626416],[-77.889887,61.728687],[-78.021383,61.832091],[-78.077479,61.923376],[-78.137135,62.107375],[-78.146957,62.208713],[-78.133421,62.2823],[-78.068119,62.355414],[-77.899918,62.42655],[-77.603968,62.531382],[-77.372431,62.572514],[-76.879387,62.525383],[-75.816888,62.315863],[-75.675527,62.249538],[-75.80922,62.193409],[-75.78984,62.179566],[-75.488825,62.28643],[-75.34118,62.312083],[-75.022752,62.264469],[-74.632573,62.115692],[-74.612907,62.125206],[-74.689911,62.183445],[-74.645778,62.211141],[-74.205435,62.321367],[-73.877812,62.434383],[-73.705052,62.473143],[-73.298986,62.325058],[-72.881846,62.125404],[-72.686949,62.124558],[-72.646003,62.076624],[-72.632094,62.027219],[-72.665998,61.955335],[-72.771621,61.840407],[-72.72739,61.838628],[-72.505565,61.922684],[-72.360721,61.887802],[-72.226127,61.831574],[-72.08146,61.72827],[-72.040041,61.680271],[-72.082031,61.641401],[-72.247056,61.602026],[-72.215866,61.587271],[-72.023089,61.611947],[-71.964389,61.636292],[-71.922268,61.676931],[-71.866095,61.688532],[-71.638304,61.617165],[-71.604774,61.592369],[-71.619418,61.572912],[-71.755748,61.526737],[-71.841035,61.465993],[-71.854394,61.439813],[-71.793651,61.421213],[-71.645335,61.413149],[-71.646423,61.398735],[-71.732105,61.372071],[-71.743443,61.337234],[-71.551523,61.213264],[-71.422719,61.158958],[-71.175164,61.146522],[-70.72322,61.055193],[-70.540759,61.042481],[-70.279273,61.068673],[-70.157962,61.020641],[-70.145899,60.921808],[-70.095307,60.88029],[-69.992442,60.856494],[-69.909221,60.860108],[-69.800434,60.906668],[-69.708402,60.914633],[-69.623653,61.049502],[-69.556988,61.059686],[-69.503353,61.040405],[-69.414341,60.922489],[-69.398345,60.88285],[-69.404728,60.846804],[-69.433458,60.814273],[-69.574226,60.74273],[-69.640473,60.689787],[-69.721398,60.567443],[-69.751292,60.487474],[-69.755917,60.388509],[-69.74057,60.332292],[-69.633112,60.220352],[-69.62874,60.198599],[-69.629805,60.122124],[-69.673751,60.075871],[-69.795655,60.029718],[-69.962834,60.01783],[-70.65483,60.026235],[-70.619739,59.9843],[-69.805685,59.94487],[-69.733934,59.917998],[-69.630245,59.821823],[-69.579422,59.675123],[-69.692383,59.48841],[-69.710884,59.392522],[-69.681892,59.341732],[-69.399993,59.337777],[-69.344029,59.303104],[-69.350434,59.277209],[-69.450454,59.180035],[-69.459781,59.152437],[-69.4141,59.086882],[-69.474667,58.999991],[-69.531664,58.869221],[-69.648405,58.820782],[-69.677343,58.83134],[-69.752995,58.93961],[-69.784163,58.955727],[-69.828493,58.928756],[-69.841622,58.88113],[-69.86756,58.856147],[-69.979138,58.816355],[-70.159973,58.789383],[-70.154348,58.760599],[-69.789898,58.689287],[-69.650548,58.728255],[-69.381855,58.85072],[-69.271069,58.883953],[-68.698176,58.904542],[-68.47489,58.823485],[-68.381143,58.743493],[-68.326442,58.595387],[-68.252988,58.556638],[-68.229367,58.4846],[-68.23386,58.399226],[-68.356545,58.163217],[-68.468166,58.076304],[-68.596893,58.036842],[-68.945291,57.968792],[-69.035445,57.926022],[-69.040795,57.902512],[-68.780936,57.975845],[-68.49506,58.01165],[-68.413597,58.05175],[-68.351843,58.090719],[-68.289111,58.177686],[-68.175523,58.402587],[-68.111055,58.473328],[-68.021033,58.485315],[-67.981164,58.461243],[-67.887791,58.329408],[-67.888253,58.295767],[-68.063847,58.138981],[-68.008992,58.152055],[-67.855854,58.272619],[-67.823345,58.310236],[-67.805207,58.365487],[-67.755933,58.404598],[-67.73707,58.385427],[-67.689686,58.243813],[-67.680567,58.107044],[-67.697673,58.008761],[-67.678271,57.991138],[-67.596335,58.186113],[-67.569616,58.213502],[-67.381981,58.300008],[-67.019421,58.432921],[-66.722153,58.491005],[-66.607917,58.548936],[-66.479992,58.730881],[-66.362427,58.791163],[-66.298531,58.794525],[-66.237403,58.772255],[-66.0909,58.659052],[-66.029531,58.566811],[-66.01705,58.4308],[-66.002405,58.431218],[-65.931247,58.535083],[-65.922897,58.571986],[-65.94966,58.649857],[-66.04935,58.787889],[-66.043044,58.82065],[-65.854837,58.846611],[-65.835929,58.860487],[-65.918426,58.895632],[-65.920678,58.914649],[-65.841423,58.977074],[-65.703577,58.970614],[-65.720991,59.023765],[-65.695261,59.03206],[-65.544001,59.011845],[-65.526335,59.036246],[-65.396235,59.03841],[-65.383545,59.060218],[-65.606227,59.110755],[-65.665597,59.152767],[-65.700018,59.213313],[-65.69169,59.229408],[-65.660741,59.229671],[-65.607106,59.213126],[-65.512767,59.350411],[-65.411736,59.31498],[-65.407265,59.330229],[-65.489377,59.447739],[-65.475073,59.470327],[-65.349697,59.478797],[-65.273792,59.464174],[-65.074313,59.378009],[-65.038245,59.387896],[-65.170949,59.462263],[-65.407419,59.539343],[-65.486487,59.64869],[-65.480851,59.690262],[-65.433412,59.776505],[-65.357914,59.809068],[-65.288777,59.818055],[-65.212247,59.80953],[-65.054472,59.752785],[-65.028171,59.770715],[-65.159227,59.830151],[-65.181386,59.866626],[-65.171729,59.908022],[-64.931227,60.251982],[-64.817332,60.331051],[-64.705865,60.336137],[-64.614272,60.30598],[-64.846688,60.250763],[-64.78935,60.196117],[-64.644528,60.161345],[-64.622303,60.141317],[-64.649867,60.110083],[-64.782165,60.063775],[-64.88035,60.049669],[-64.887271,60.035409],[-64.834042,59.985772],[-64.682376,59.942904],[-64.661469,59.921513],[-64.665578,59.905539],[-64.761851,59.864044],[-64.790822,59.815572],[-64.818024,59.540244],[-64.775551,59.488311],[-64.714621,59.466295],[-64.444819,59.527994],[-64.385295,59.514766],[-64.37867,59.475073],[-64.503134,59.398652],[-64.518669,59.35586],[-64.519493,59.225793],[-64.477811,59.116182],[-64.332374,59.043761],[-64.324364,59.019964],[-64.393501,58.998497],[-64.770256,59.048693],[-64.832834,59.020019],[-64.851126,58.983687],[-64.848313,58.949223],[-64.80862,58.929371],[-64.294075,58.865991],[-64.235562,58.785769],[-64.191781,58.76874],[-63.727137,58.861684],[-63.591796,58.829791],[-63.53526,58.798787],[-63.496709,58.753447],[-63.55319,58.731606],[-63.960508,58.684222],[-64.070811,58.641694],[-64.085873,58.599375],[-64.062494,58.554825],[-64.038742,58.544751],[-63.882374,58.55521],[-63.840823,58.505167],[-63.848008,58.459738],[-64.09776,58.35918],[-64.394589,58.144332],[-64.386998,58.098881],[-64.226586,58.01755],[-64.133576,57.87543],[-64.045466,57.785255],[-63.96131,57.80169],[-63.841911,57.713349],[-63.793494,57.705966],[-63.715568,57.695859],[-63.601255,57.723061],[-63.598157,57.692453],[-63.614692,57.669294],[-63.743726,57.580876],[-63.758503,57.552927],[-63.7421,57.395778],[-63.799899,57.31872],[-63.793285,57.279038],[-63.757854,57.227666],[-63.791813,57.129876],[-63.876353,57.023034],[-63.903302,56.889342],[-64.100661,56.737884],[-64.115591,56.707397],[-63.954905,56.52699],[-63.925572,56.475366],[-63.954927,56.43888],[-64.052651,56.429739],[-64.136103,56.394572],[-64.12148,56.299409],[-64.083654,56.27525],[-63.912817,56.229019],[-63.899325,56.212331],[-63.99172,56.144633],[-64.004146,56.097458],[-63.885889,56.088416],[-63.836121,56.063323],[-63.578305,56.025574],[-63.558464,55.992495],[-63.698407,55.92338],[-63.700572,55.860911],[-63.415169,55.596009],[-63.304559,55.54211],[-63.154353,55.51359],[-63.15131,55.404473],[-63.111825,55.33983],[-63.161385,55.307475],[-63.429275,55.209883],[-63.534019,55.140351],[-63.551158,55.086254],[-63.476044,54.961867],[-63.569659,54.776297],[-63.658,54.644362],[-63.698825,54.615194],[-63.91018,54.634035],[-64.341053,54.72632],[-64.81519,54.733868],[-65.121785,54.719168],[-65.675804,54.744931],[-65.796829,54.805026],[-65.883643,54.907188],[-66.156631,54.967756],[-66.617914,55.25596],[-66.773986,55.32825],[-66.799617,55.311199],[-66.79731,55.29383],[-66.725064,55.21319],[-66.719044,55.192547],[-66.747443,55.129145],[-66.692797,54.998012],[-66.710364,54.948222],[-66.656729,54.846785],[-66.650785,54.798566],[-66.724449,54.747974],[-66.867051,54.780977],[-67.166725,54.937477],[-67.301747,55.063721],[-67.40815,55.071785],[-67.437088,55.036223],[-67.415775,54.983774],[-67.290025,54.825779],[-67.199179,54.682089],[-67.146873,54.653041],[-67.15018,54.616666],[-67.236071,54.585662],[-67.285521,54.518558],[-67.536514,54.572665],[-67.601421,54.552791],[-67.620131,54.506539],[-67.609716,54.45164],[-67.515333,54.281725],[-67.511323,54.236176],[-67.681061,54.141342],[-67.76147,54.060735],[-67.757252,54.033654],[-67.470992,53.796459],[-67.455743,53.730464],[-67.47353,53.613317],[-67.164913,53.543038],[-67.076055,53.417409],[-66.980353,53.384],[-66.944439,53.355139],[-66.970301,53.072988],[-67.053654,52.920025],[-67.068024,52.754922],[-67.029473,52.72037],[-66.95102,52.69831],[-66.814778,52.6865],[-66.688348,52.726885],[-66.615278,52.93155],[-66.521026,52.958499],[-66.467951,53.018627],[-66.428038,53.010816],[-66.389893,52.991985],[-66.300212,52.896877],[-66.310473,52.861006],[-66.341345,52.840077],[-66.356802,52.806262],[-66.36636,52.741431],[-66.426093,52.660868],[-66.394233,52.417829],[-66.463403,52.341331],[-66.462216,52.294529],[-66.407438,52.183688],[-66.345453,52.154849],[-66.296026,52.294584],[-66.279535,52.300814],[-66.096965,52.209528],[-66.035782,52.109245],[-65.882929,52.054214],[-65.8268,52.05238],[-65.780558,52.103895],[-65.589144,52.073364],[-65.551647,52.093952],[-65.474271,52.196246],[-65.4521,52.202914],[-65.268156,52.185215],[-65.137133,52.154695],[-64.93215,52.055016],[-64.764642,51.905416],[-64.626719,51.825314],[-64.638969,51.790532],[-64.702327,51.745422],[-64.697416,51.720461],[-64.598012,51.600369],[-64.506342,51.608895],[-64.290516,51.728777],[-64.289373,51.769086],[-64.334571,51.841904],[-64.270828,52.083229],[-64.15957,52.148027],[-64.130676,52.186688],[-64.103188,52.378487],[-64.183465,52.554158],[-64.178477,52.815325],[-64.139366,52.854239],[-63.973373,52.895064],[-63.90506,53.076921],[-63.722544,53.109188],[-63.671612,53.100739],[-63.554585,52.964311],[-63.566791,52.825872],[-63.550246,52.774149],[-63.409687,52.688719],[-63.42276,52.669888],[-63.522549,52.648805],[-63.898545,52.589249],[-64.017615,52.525473],[-64.059418,52.48512],[-64.06167,52.457753],[-63.951104,52.428793],[-63.935492,52.380937],[-63.765589,52.297529],[-63.683752,52.138029],[-63.664295,52.060125],[-63.785507,52.050776],[-63.783365,52.020442],[-63.756899,52.010522],[-57.101029,52.001117],[-57.100128,51.443342]]],[[[-64.485204,49.886985],[-64.372935,49.925943],[-64.243769,49.944389],[-64.131434,49.941653],[-63.760184,49.875252],[-63.292001,49.81686],[-63.088831,49.772695],[-62.633437,49.623951],[-62.132998,49.407059],[-62.043053,49.389799],[-61.817152,49.28355],[-61.73581,49.203768],[-61.696127,49.139014],[-61.745533,49.105737],[-61.801134,49.093904],[-62.219505,49.079128],[-62.799594,49.170699],[-63.041524,49.224949],[-63.565857,49.399335],[-63.676215,49.534346],[-63.776619,49.601989],[-63.884911,49.65769],[-64.44004,49.827758],[-64.485204,49.886985]]],[[[-61.395519,47.637666],[-61.475544,47.56397],[-61.582254,47.560015],[-61.886608,47.344606],[-61.914096,47.2845],[-61.878698,47.265537],[-61.772559,47.259803],[-61.833742,47.222592],[-61.950812,47.218977],[-62.008282,47.23427],[-61.924687,47.425169],[-61.54802,47.631767],[-61.474071,47.646752],[-61.395519,47.637666]]],[[[-70.825799,46.995373],[-70.91347,46.919512],[-71.025739,46.872952],[-71.11664,46.864844],[-71.094986,46.899572],[-70.970852,46.961425],[-70.879643,46.996098],[-70.825799,46.995373]]],[[[-73.960539,45.441411],[-73.852906,45.515723],[-73.68743,45.561404],[-73.522481,45.701194],[-73.476075,45.704754],[-73.566514,45.469108],[-73.643562,45.449113],[-73.775332,45.467614],[-73.960539,45.441411]]],[[[-73.572348,45.694471],[-73.69534,45.585486],[-73.815926,45.564898],[-73.857707,45.573599],[-73.724641,45.671839],[-73.572348,45.694471]]]]}},{"type":"Feature","properties":{"adm0_a3":"CAN","name":"Saskatchewan","name_en":"Saskatchewan","iso_3166_2":"CA-SK","postal":"SK"},"geometry":{"type":"Polygon","coordinates":[[[-101.367271,48.993138],[-109.999432,48.993083],[-110.000025,60.001087],[-102.001649,60.001087],[-102.001105,55.817526],[-101.367271,48.993138]]]}},{"type":"Feature","properties":{"adm0_a3":"CAN","name":"Yukon","name_en":"Yukon","iso_3166_2":"CA-YT","postal":"YT"},"geometry":{"type":"MultiPolygon","coordinates":[[[[-141.002137,69.650786],[-140.405118,69.602468],[-139.976594,69.621749],[-139.181524,69.515555],[-138.689875,69.316802],[-138.291035,69.219034],[-138.128355,69.151952],[-137.869408,69.092834],[-137.259963,68.964108],[-137.070416,68.95088],[-136.717337,68.889181],[-136.443756,68.895124],[-136.445437,67.746592],[-136.434406,67.702537],[-136.400711,67.665897],[-136.233307,67.600265],[-136.169251,67.514231],[-136.177623,67.422627],[-136.105179,67.304216],[-136.150157,67.226334],[-136.217987,67.181224],[-136.223227,67.08828],[-136.169306,67.015243],[-136.126053,67.004696],[-134.055581,67.004487],[-134.031323,66.944029],[-133.92386,66.902974],[-133.794155,66.818631],[-133.782735,66.785486],[-133.805856,66.733422],[-133.763921,66.650969],[-133.635194,66.565649],[-133.658375,66.509278],[-133.65403,66.452842],[-133.739378,66.439845],[-133.800121,66.325587],[-133.790173,66.304449],[-133.583157,66.285102],[-133.568716,66.176634],[-133.677184,66.095632],[-133.675739,66.073956],[-133.623801,66.010334],[-133.621632,65.974629],[-133.412133,65.956029],[-133.229096,66.006149],[-132.93798,66.02866],[-132.916458,66.001655],[-132.967797,65.933705],[-132.948027,65.916753],[-132.902505,65.913545],[-132.821321,65.927992],[-132.71365,65.997755],[-132.614328,66.029231],[-132.483404,65.989021],[-132.370909,65.993569],[-132.342746,65.978968],[-132.340752,65.955249],[-132.538984,65.886057],[-132.554848,65.857009],[-132.295252,65.716142],[-132.196188,65.62767],[-132.194689,65.597655],[-132.267759,65.537702],[-132.345872,65.443418],[-132.541697,65.340816],[-132.596887,65.280249],[-132.762484,65.22501],[-132.773234,65.20341],[-132.751816,65.173176],[-132.708096,65.167156],[-132.579446,65.18458],[-132.540148,65.170056],[-132.538314,65.109148],[-132.516066,65.094162],[-132.38127,65.075068],[-132.35259,65.057248],[-132.353826,65.038506],[-132.497,64.957481],[-132.5048,64.883741],[-132.601128,64.825909],[-132.588104,64.794082],[-132.32068,64.762716],[-132.106271,64.702148],[-132.052169,64.684197],[-131.893207,64.577201],[-131.729006,64.533816],[-131.715987,64.515029],[-131.802779,64.406561],[-131.796808,64.387906],[-131.585914,64.38026],[-131.512795,64.393432],[-131.358772,64.458471],[-131.106718,64.400903],[-131.021766,64.324416],[-131.012076,64.272824],[-130.91332,64.192514],[-130.913013,64.167608],[-130.94128,64.140505],[-130.929701,64.125465],[-130.846661,64.048802],[-130.791855,64.03051],[-130.757726,63.993047],[-130.660574,63.950519],[-130.51288,63.92013],[-130.282557,63.822561],[-130.139597,63.807839],[-130.117916,63.79337],[-130.12081,63.773133],[-130.25959,63.737406],[-130.298448,63.721025],[-130.302607,63.703711],[-130.243572,63.678332],[-130.110681,63.695031],[-130.063039,63.635628],[-129.975989,63.615655],[-129.887801,63.554824],[-129.855068,63.5217],[-129.844938,63.485786],[-129.905319,63.405772],[-129.948342,63.375692],[-130.101667,63.318794],[-130.139778,63.293349],[-130.133604,63.276452],[-130.059732,63.261203],[-129.905682,63.187408],[-129.827497,63.091761],[-129.611775,63.058681],[-129.713937,62.930603],[-129.728923,62.864872],[-129.718667,62.831671],[-129.658308,62.776476],[-129.620015,62.712249],[-129.525346,62.673534],[-129.490256,62.598717],[-129.211126,62.513441],[-129.18945,62.490293],[-129.199552,62.470034],[-129.28714,62.441151],[-129.296314,62.425287],[-129.239289,62.373244],[-129.291019,62.32229],[-129.29337,62.294231],[-129.232829,62.21982],[-129.26898,62.166306],[-129.254714,62.152771],[-129.136221,62.125514],[-128.90737,62.118999],[-128.81386,62.063814],[-128.67852,62.112286],[-128.560829,62.116911],[-128.400066,62.033734],[-128.366217,61.990898],[-128.25837,61.927749],[-128.206327,61.865269],[-128.093827,61.841264],[-128.04657,61.813381],[-127.993577,61.711219],[-127.807233,61.618747],[-127.608666,61.532856],[-127.468052,61.51051],[-127.299357,61.512158],[-127.166598,61.464521],[-127.072522,61.369643],[-127.02126,61.236753],[-127.026764,61.126472],[-127.082135,61.093689],[-127.092907,61.070507],[-127.054592,61.051237],[-126.963746,61.063454],[-126.944212,61.052446],[-126.908501,60.950108],[-126.9116,60.859592],[-126.888138,60.833137],[-126.889665,60.795619],[-126.859277,60.769416],[-126.66516,60.762341],[-126.520074,60.800321],[-126.296887,60.784511],[-126.234666,60.808945],[-126.222757,60.855846],[-126.161519,60.865876],[-126.114596,60.86336],[-126.098578,60.828896],[-126.064213,60.816009],[-126.003184,60.808791],[-125.957085,60.865096],[-125.89916,60.890233],[-125.706949,60.840476],[-125.322499,60.792389],[-125.151634,60.844354],[-124.880486,60.860317],[-124.859557,60.924137],[-124.806509,60.961062],[-124.582597,60.952822],[-124.506478,60.822282],[-124.505028,60.788488],[-124.611227,60.701202],[-124.599444,60.662135],[-124.469218,60.567158],[-124.402838,60.494088],[-124.249337,60.473466],[-124.225486,60.452768],[-124.184688,60.320965],[-123.997361,60.126562],[-124.010824,60.046131],[-123.879488,60.039715],[-123.819157,60.001087],[-139.056519,60.001582],[-139.185169,60.083573],[-139.079258,60.279448],[-139.079258,60.343707],[-139.676302,60.328337],[-139.973284,60.183153],[-140.452818,60.299729],[-140.525421,60.218342],[-141.002137,60.300245],[-141.002137,69.650786]]],[[[-138.878856,69.589702],[-139.043135,69.576892],[-139.125741,69.539319],[-139.29139,69.597876],[-139.139614,69.6496],[-138.931541,69.616937],[-138.878856,69.589702]]]]}},{"type":"Feature","properties":{"adm0_a3":"USA","name":"Alaska","name_en":"Alaska","iso_3166_2":"US-AK","postal":"AK"},"geometry":{"type":"MultiPolygon","coordinates":[[[[-130.036551,55.297917],[-130.171842,55.137],[-130.218506,55.060261],[-130.21409,55.025895],[-130.575331,54.769683],[-130.615794,54.79092],[-130.849605,54.807608],[-130.934612,54.950397],[-130.9797,55.061184],[-131.047859,55.157665],[-131.045898,55.179583],[-130.983935,55.243963],[-130.750388,55.296983],[-130.748218,55.318022],[-130.835059,55.332073],[-130.855961,55.355123],[-130.879812,55.459504],[-130.879653,55.611829],[-130.918566,55.735975],[-131.127675,55.960151],[-131.140364,55.997515],[-131.032769,56.088098],[-131.635265,55.932246],[-131.784201,55.876534],[-131.826158,55.835357],[-131.803295,55.765946],[-131.833601,55.734898],[-131.869411,55.64715],[-131.945013,55.554129],[-131.983411,55.535013],[-132.119009,55.569785],[-132.15544,55.599558],[-132.223423,55.721044],[-132.207532,55.753388],[-132.090692,55.839543],[-132.005735,55.93007],[-131.843835,56.160091],[-131.738026,56.161223],[-131.551346,56.206805],[-131.887912,56.241632],[-132.021934,56.38007],[-132.182027,56.420643],[-132.304991,56.51986],[-132.357654,56.6259],[-132.475939,56.649664],[-132.487128,56.766405],[-132.63952,56.79643],[-132.701944,56.82227],[-132.8022,56.895153],[-132.838812,56.960192],[-132.814263,57.0407],[-132.824601,57.055795],[-132.913409,57.047479],[-133.465851,57.172174],[-133.436655,57.336859],[-133.538948,57.554157],[-133.648713,57.642301],[-133.603389,57.694672],[-133.554219,57.695079],[-133.142825,57.555146],[-133.117062,57.566198],[-133.515465,57.775125],[-133.535202,57.832957],[-133.536444,57.863862],[-133.51112,57.880111],[-133.212045,57.865697],[-133.194318,57.877705],[-133.559361,57.924451],[-133.65726,57.840988],[-133.722321,57.844251],[-133.894482,57.993259],[-134.031092,58.072163],[-134.056723,58.128391],[-134.063337,58.211074],[-134.045248,58.289263],[-133.933627,58.467857],[-133.876734,58.518186],[-133.943861,58.498289],[-134.036157,58.415354],[-134.13121,58.279332],[-134.208829,58.232959],[-134.257641,58.244198],[-134.331458,58.299591],[-134.485454,58.367211],[-134.663608,58.384702],[-134.776135,58.45385],[-134.942507,58.646286],[-134.964776,58.742175],[-134.986123,58.765642],[-135.076452,58.796777],[-135.131851,58.842865],[-135.217374,59.076599],[-135.330313,59.239076],[-135.358449,59.324912],[-135.348946,59.410067],[-135.363668,59.419427],[-135.412733,59.318452],[-135.4841,59.308685],[-135.400153,59.207907],[-135.502315,59.202304],[-135.386146,59.087552],[-135.33406,58.909607],[-135.257012,58.77776],[-135.151928,58.512187],[-135.062038,58.340888],[-135.049711,58.306776],[-135.090251,58.245845],[-135.141535,58.233398],[-135.30254,58.255931],[-135.449943,58.376132],[-135.571793,58.412047],[-135.897537,58.400203],[-135.896351,58.463825],[-135.861727,58.57705],[-136.04549,58.78913],[-136.043112,58.821628],[-135.826379,58.897961],[-135.931694,58.90374],[-136.016602,58.873978],[-136.049368,58.893204],[-136.100631,58.999859],[-136.150031,59.048078],[-136.159484,58.946795],[-136.123521,58.893457],[-136.124191,58.819617],[-136.146828,58.788812],[-136.225842,58.765455],[-136.451149,58.846336],[-136.566209,58.940896],[-136.830969,58.983819],[-136.988996,59.034488],[-137.002125,59.021151],[-136.952824,58.966944],[-136.948072,58.934908],[-136.987909,58.925141],[-137.059018,58.873714],[-136.879078,58.881525],[-136.613928,58.809279],[-136.568198,58.78634],[-136.533525,58.740241],[-136.410116,58.700658],[-136.404172,58.679773],[-136.483757,58.617667],[-136.31989,58.624489],[-136.2246,58.602264],[-136.102905,58.506298],[-136.061486,58.452707],[-136.055982,58.384163],[-136.081251,58.36419],[-136.462388,58.327968],[-136.582612,58.245208],[-136.607419,58.243989],[-137.071937,58.395194],[-137.544004,58.581181],[-137.564625,58.625885],[-137.749986,58.707063],[-137.863695,58.78556],[-138.026919,58.941467],[-138.352479,59.087299],[-138.53717,59.115095],[-138.560321,59.129157],[-138.514898,59.165896],[-138.704215,59.18755],[-138.884333,59.2369],[-139.773272,59.527302],[-139.799109,59.546264],[-139.611628,59.610315],[-139.513056,59.698117],[-139.505588,59.72633],[-139.558503,59.790205],[-139.582173,59.848311],[-139.569149,59.912362],[-139.512306,59.953549],[-139.446882,59.956856],[-139.330974,59.877019],[-139.314643,59.847927],[-139.320018,59.738734],[-139.286713,59.610941],[-139.25873,59.743326],[-139.2208,59.819868],[-139.178863,59.839863],[-138.988074,59.835007],[-139.242504,59.892784],[-139.431433,60.012249],[-139.51892,60.017116],[-139.91688,59.805673],[-140.216733,59.726638],[-140.419848,59.710719],[-140.843154,59.748863],[-141.408288,59.902804],[-141.294626,59.980005],[-141.289949,60.004141],[-141.32956,60.082815],[-141.408727,60.117674],[-141.422164,60.085506],[-141.409708,60.042275],[-141.447073,60.019434],[-141.670158,59.969875],[-142.548606,60.086045],[-142.945635,60.096954],[-143.506119,60.055041],[-143.805068,60.012898],[-144.147215,60.016391],[-144.160937,60.045824],[-144.084299,60.063028],[-144.088537,60.084342],[-144.185484,60.150743],[-144.332632,60.191008],[-144.642949,60.224648],[-144.671576,60.249246],[-144.85242,60.295081],[-144.901331,60.335182],[-144.824437,60.533617],[-144.691138,60.669111],[-144.86309,60.600897],[-145.162709,60.415382],[-145.248287,60.380138],[-145.381766,60.388564],[-145.718439,60.467578],[-145.898892,60.478169],[-145.759833,60.561983],[-145.674928,60.651126],[-146.149032,60.660695],[-146.182337,60.734743],[-146.251042,60.749058],[-146.502989,60.700796],[-146.570478,60.729162],[-146.391989,60.810868],[-146.53193,60.838872],[-146.638434,60.897319],[-146.636056,60.992527],[-146.599109,61.053534],[-146.284889,61.112651],[-146.384392,61.135854],[-146.582728,61.127845],[-146.874028,61.004908],[-146.980169,60.977805],[-147.105952,61.002535],[-147.19504,60.996844],[-147.361387,60.914502],[-147.567265,60.994933],[-147.655686,60.909514],[-147.807613,60.885377],[-147.891123,60.88987],[-148.00512,60.968576],[-147.971169,61.019069],[-147.751855,61.218955],[-148.049408,61.08268],[-148.208674,61.088261],[-148.34187,61.060411],[-148.388792,61.036944],[-148.410754,61.011467],[-148.395846,61.007127],[-148.225882,61.044052],[-148.208674,61.029924],[-148.29314,60.939693],[-148.344427,60.853549],[-148.393313,60.831895],[-148.556147,60.826985],[-148.557386,60.802902],[-148.398688,60.734018],[-148.267896,60.699708],[-148.256734,60.675318],[-148.305,60.58333],[-148.338434,60.569839],[-148.509587,60.565246],[-148.640121,60.48943],[-148.439824,60.530002],[-148.189476,60.547108],[-148.119196,60.575167],[-148.050699,60.567213],[-147.984012,60.523333],[-147.964088,60.484892],[-147.990961,60.451867],[-148.045997,60.428302],[-148.1817,60.393057],[-148.215857,60.32314],[-148.197617,60.167772],[-148.333111,60.122014],[-148.430703,59.989134],[-148.465092,59.974687],[-148.542401,59.987398],[-148.643582,59.956856],[-148.750863,59.94776],[-149.004258,59.979983],[-149.121589,60.033519],[-149.266595,59.998275],[-149.304937,60.013645],[-149.395269,60.105732],[-149.414852,60.100261],[-149.432216,60.001043],[-149.54916,59.894333],[-149.598047,59.770462],[-149.629621,59.784668],[-149.684657,59.895311],[-149.713854,59.919602],[-149.794779,59.855826],[-149.803667,59.832733],[-149.782455,59.750335],[-149.801291,59.737954],[-150.00531,59.784415],[-150.015953,59.776977],[-149.960142,59.713048],[-149.966525,59.690053],[-150.198062,59.566545],[-150.338157,59.581322],[-150.48533,59.535278],[-150.607391,59.563392],[-150.622893,59.479621],[-150.677464,59.426964],[-150.852776,59.341853],[-150.934503,59.249095],[-150.960755,59.243986],[-151.182756,59.300775],[-151.199241,59.289668],[-151.163016,59.25695],[-151.170715,59.2369],[-151.366362,59.245579],[-151.477003,59.23055],[-151.619369,59.187297],[-151.7382,59.188527],[-151.903849,59.259763],[-151.949505,59.265069],[-151.964051,59.285119],[-151.931702,59.342732],[-151.884626,59.386347],[-151.692596,59.462186],[-151.512711,59.482697],[-151.39959,59.516316],[-151.189422,59.637681],[-151.046484,59.771803],[-151.08943,59.789425],[-151.450105,59.650415],[-151.763831,59.700029],[-151.816928,59.720903],[-151.853205,59.782086],[-151.734506,59.988332],[-151.451473,60.202653],[-151.395973,60.27446],[-151.312672,60.466435],[-151.356466,60.722966],[-150.953779,60.841201],[-150.779472,60.914809],[-150.44125,61.023563],[-150.349138,61.022629],[-150.202789,60.95525],[-150.113053,60.932816],[-149.997556,60.935145],[-149.856275,60.96227],[-149.632464,60.951987],[-149.075081,60.876412],[-149.142235,60.935683],[-149.459114,60.964753],[-149.59249,60.993823],[-149.967739,61.121748],[-150.053265,61.171098],[-149.89529,61.23171],[-149.882008,61.263702],[-149.7369,61.363337],[-149.329071,61.497381],[-149.433535,61.500798],[-149.695251,61.470717],[-149.823744,61.413358],[-149.975699,61.279358],[-150.471792,61.259978],[-150.567239,61.306801],[-150.945484,61.198224],[-151.064985,61.145731],[-151.150148,61.085833],[-151.281872,61.041954],[-151.593507,60.97964],[-151.733962,60.910722],[-151.781659,60.857944],[-151.784425,60.833137],[-151.750474,60.75487],[-151.866177,60.734073],[-151.996219,60.68224],[-152.270726,60.528112],[-152.305064,60.452999],[-152.260314,60.409438],[-152.368834,60.336346],[-152.540916,60.265418],[-152.653932,60.238447],[-152.797903,60.247181],[-152.923372,60.292862],[-153.02502,60.295653],[-152.664759,60.125266],[-152.630109,60.08377],[-152.628559,60.041088],[-152.660107,59.99722],[-152.759456,59.920887],[-153.10605,59.875052],[-153.211211,59.842708],[-153.040085,59.810507],[-153.024633,59.793995],[-153.048147,59.730055],[-153.093622,59.709126],[-153.236172,59.670937],[-153.363993,59.659874],[-153.383474,59.667213],[-153.366448,59.729846],[-153.414403,59.740129],[-153.652529,59.647009],[-153.670717,59.634814],[-153.609378,59.615017],[-153.752598,59.509856],[-154.088316,59.363298],[-154.067488,59.336381],[-154.138803,59.240152],[-154.178335,59.15559],[-154.129811,59.119852],[-153.656377,59.038674],[-153.418279,58.959968],[-153.338955,58.908552],[-153.32707,58.884316],[-153.362932,58.822199],[-153.437606,58.754842],[-153.617337,58.654713],[-153.861948,58.58785],[-154.019896,58.492972],[-154.062451,58.441754],[-154.055733,58.39716],[-154.085888,58.365838],[-154.289028,58.304348],[-154.20805,58.288791],[-154.235129,58.234639],[-154.247013,58.159427],[-154.570585,58.118053],[-154.584925,58.055683],[-155.006863,58.016044],[-155.099261,57.913311],[-155.147373,57.881814],[-155.312736,57.807117],[-155.59024,57.733608],[-155.595846,57.701077],[-155.72894,57.626612],[-155.77798,57.56822],[-156.00019,57.544962],[-156.037343,57.526516],[-156.055379,57.447579],[-156.155992,57.463443],[-156.242188,57.449205],[-156.435872,57.359963],[-156.478402,57.327872],[-156.397631,57.240585],[-156.400498,57.204825],[-156.475145,57.105201],[-156.59204,57.065101],[-156.628987,57.009982],[-156.779881,57.005621],[-156.823859,56.968828],[-156.988448,56.912929],[-157.139137,56.826555],[-157.205774,56.812064],[-157.390232,56.809812],[-157.440566,56.790333],[-157.489658,56.759736],[-157.528726,56.673186],[-157.578387,56.634448],[-157.770724,56.651685],[-157.86909,56.645225],[-158.027868,56.59215],[-158.078303,56.552028],[-157.978259,56.543162],[-157.928702,56.531693],[-157.929993,56.520476],[-158.124374,56.501052],[-158.414408,56.435837],[-158.552152,56.312713],[-158.467323,56.318272],[-158.38614,56.301573],[-158.343974,56.280336],[-158.275656,56.196258],[-158.47611,56.075496],[-158.504688,56.062104],[-158.523343,56.072442],[-158.542668,56.166826],[-158.55445,56.182855],[-158.591167,56.184525],[-158.704881,56.04312],[-158.789863,55.986914],[-159.52323,55.810001],[-159.567621,55.695205],[-159.659653,55.625903],[-159.665339,55.794894],[-159.678489,55.824656],[-159.771379,55.841114],[-159.87437,55.800289],[-159.962299,55.794894],[-160.243804,55.660532],[-160.373204,55.635109],[-160.499319,55.537287],[-160.625231,55.552371],[-160.682898,55.540429],[-160.726514,55.499659],[-160.770827,55.483542],[-160.896736,55.513612],[-161.099516,55.405715],[-161.178013,55.388873],[-161.381926,55.371295],[-161.46386,55.382512],[-161.480526,55.397805],[-161.476701,55.464887],[-161.413346,55.536144],[-161.372728,55.556304],[-161.3133,55.558622],[-161.202092,55.543538],[-161.255113,55.57898],[-161.357458,55.612192],[-161.45877,55.629133],[-161.516958,55.61841],[-161.654313,55.563358],[-161.683563,55.529948],[-161.741569,55.391136],[-162.073977,55.139318],[-162.166582,55.143768],[-162.274637,55.073225],[-162.332928,55.05023],[-162.386361,55.052351],[-162.457495,55.077696],[-162.412536,55.106865],[-162.426824,55.145416],[-162.495244,55.208466],[-162.541882,55.242722],[-162.630378,55.246655],[-162.64415,55.218002],[-162.618906,55.038453],[-162.674354,54.996595],[-162.819566,54.94998],[-162.865041,54.954528],[-162.995885,55.046462],[-163.119624,55.064699],[-163.127815,55.034783],[-163.10022,54.973644],[-163.131123,54.916548],[-163.288632,54.837579],[-163.335296,54.839183],[-163.33788,54.876393],[-163.296333,54.949255],[-163.285687,55.009976],[-163.303644,55.095867],[-163.278813,55.121828],[-163.114483,55.193942],[-163.045339,55.20472],[-162.961986,55.183813],[-162.906588,55.195546],[-162.871604,55.218596],[-162.857133,55.253005],[-162.658981,55.350783],[-162.513356,55.450001],[-162.349362,55.594746],[-162.157124,55.71944],[-161.936622,55.824195],[-161.697334,55.907208],[-161.21563,56.021411],[-161.178606,56.014467],[-161.222582,55.977432],[-161.192507,55.954306],[-160.968644,55.96961],[-160.898647,55.993637],[-160.877823,55.970489],[-160.902369,55.941287],[-161.008409,55.911734],[-161.005385,55.887158],[-160.851313,55.771889],[-160.802841,55.754432],[-160.745506,55.771483],[-160.758399,55.854627],[-160.706334,55.870436],[-160.530248,55.86346],[-160.436919,55.816691],[-160.291708,55.805068],[-160.270109,55.832204],[-160.308506,55.864471],[-160.479865,55.935454],[-160.527458,55.965062],[-160.539059,56.006293],[-160.460848,56.137503],[-160.302046,56.31413],[-159.785073,56.561608],[-159.283089,56.688577],[-158.990393,56.860041],[-158.918021,56.882156],[-158.918021,56.84744],[-158.894895,56.816425],[-158.675168,56.794881],[-158.665918,56.827928],[-158.684803,56.944229],[-158.660801,57.039415],[-158.585613,57.114089],[-158.320925,57.297901],[-158.133548,57.366423],[-157.845761,57.528065],[-157.737188,57.54817],[-157.697396,57.539282],[-157.645541,57.497808],[-157.535287,57.483471],[-157.46191,57.506202],[-157.571616,57.540677],[-157.607583,57.601442],[-157.68068,57.638082],[-157.697215,57.679423],[-157.621173,57.895228],[-157.610865,58.050827],[-157.55503,58.13997],[-157.442683,58.172182],[-157.193706,58.194177],[-157.339385,58.23453],[-157.488392,58.253701],[-157.524438,58.350754],[-157.523609,58.421341],[-157.460899,58.503013],[-157.228846,58.640914],[-156.974649,58.736341],[-157.040485,58.772541],[-156.808899,59.134277],[-156.963361,58.988851],[-157.142032,58.877647],[-157.66572,58.748503],[-158.021927,58.640189],[-158.190935,58.61425],[-158.302578,58.641793],[-158.503188,58.850357],[-158.476266,58.938369],[-158.425622,58.999288],[-158.314493,59.009318],[-158.189226,58.979941],[-158.080528,58.977436],[-158.220595,59.037487],[-158.422807,59.089826],[-158.514427,59.07283],[-158.584476,58.987796],[-158.678266,58.929371],[-158.809473,58.973866],[-158.77555,58.902553],[-158.837741,58.793953],[-158.861381,58.718763],[-158.772112,58.520328],[-158.788624,58.440952],[-158.950705,58.404554],[-159.082687,58.469769],[-159.454214,58.792899],[-159.670274,58.911134],[-159.741433,58.894292],[-159.832202,58.835965],[-159.920208,58.81987],[-160.152596,58.905915],[-160.363124,59.051176],[-160.656649,58.955057],[-160.817079,58.871704],[-160.924278,58.872429],[-161.246845,58.799458],[-161.328106,58.743702],[-161.361334,58.669544],[-161.755444,58.612031],[-162.14493,58.644221],[-161.856471,58.717093],[-161.724387,58.794294],[-161.780534,58.897412],[-161.788672,59.016394],[-161.644391,59.109679],[-161.79446,59.10947],[-161.89076,59.076082],[-161.981037,59.146153],[-162.02331,59.283977],[-161.920137,59.365473],[-161.872232,59.42826],[-161.831693,59.514503],[-161.828695,59.588617],[-161.908638,59.714135],[-162.138135,59.980037],[-162.242495,60.178319],[-162.421347,60.283974],[-162.287789,60.456877],[-162.138883,60.614333],[-161.946595,60.684821],[-161.961995,60.695335],[-162.13803,60.685547],[-162.265025,60.595217],[-162.468708,60.394683],[-162.599683,60.296993],[-162.684974,60.268956],[-162.547721,60.231053],[-162.526948,60.199116],[-162.500488,60.126562],[-162.570743,59.989727],[-162.73262,59.99365],[-162.877856,59.922755],[-163.219386,59.845598],[-163.680391,59.801521],[-163.906889,59.806794],[-164.142844,59.896761],[-164.131527,59.994221],[-164.470498,60.149304],[-164.66227,60.303816],[-164.799961,60.307221],[-165.061134,60.412536],[-165.02651,60.500647],[-165.113275,60.526069],[-165.353829,60.541219],[-165.015995,60.740017],[-164.8998,60.873127],[-164.805155,60.892046],[-164.370065,60.795904],[-164.318517,60.771273],[-164.265652,60.724669],[-164.372339,60.591855],[-164.309681,60.60672],[-163.99957,60.766054],[-163.894925,60.74518],[-163.73,60.589976],[-163.528695,60.664563],[-163.420949,60.75743],[-163.511875,60.798145],[-163.62303,60.822227],[-163.906527,60.853802],[-163.837306,60.880422],[-163.655432,60.877478],[-163.586909,60.902977],[-163.749017,60.969719],[-163.99461,60.864712],[-164.44156,60.869985],[-164.75397,60.931322],[-165.065604,60.920676],[-165.114825,60.932816],[-165.175468,60.965687],[-164.875564,61.086767],[-164.868975,61.11175],[-165.077076,61.094205],[-165.137718,61.130119],[-165.12777,61.192445],[-165.203761,61.152828],[-165.279803,61.169648],[-165.344889,61.197707],[-165.243939,61.268767],[-165.273653,61.274864],[-165.333676,61.26613],[-165.392043,61.212308],[-165.380778,61.106301],[-165.565883,61.102368],[-165.627585,61.16521],[-165.69138,61.299924],[-165.863953,61.335684],[-165.906276,61.4038],[-165.797109,61.491185],[-165.845324,61.53624],[-165.961311,61.550874],[-166.09399,61.506742],[-166.15272,61.545963],[-166.168094,61.650816],[-166.100502,61.64507],[-165.834575,61.679392],[-165.808918,61.69608],[-166.019938,61.748276],[-166.078823,61.803098],[-165.991387,61.834189],[-165.833852,61.836793],[-165.612805,61.869301],[-165.705798,61.92743],[-165.725253,61.959367],[-165.743934,62.011695],[-165.70727,62.100443],[-165.447648,62.303899],[-165.194511,62.473528],[-165.115601,62.512672],[-164.999716,62.53381],[-164.779214,62.481152],[-164.757871,62.496731],[-164.796111,62.511639],[-164.844402,62.58104],[-164.687978,62.608275],[-164.596305,62.686695],[-164.589432,62.709349],[-164.792701,62.623205],[-164.84541,62.800975],[-164.799651,62.918067],[-164.764072,62.970626],[-164.677462,63.020471],[-164.428123,63.040444],[-164.38425,63.030468],[-164.375077,63.053979],[-164.525197,63.127621],[-164.409055,63.215061],[-164.1076,63.26172],[-163.942856,63.247196],[-163.736228,63.192813],[-163.616312,63.125171],[-163.633753,63.09041],[-163.748991,63.030337],[-163.737855,63.016417],[-163.504356,63.105868],[-163.423172,63.084521],[-163.358835,63.045761],[-163.287857,63.046432],[-163.062237,63.07972],[-162.947723,63.115008],[-162.807757,63.206579],[-162.621489,63.265807],[-162.3598,63.452585],[-162.282803,63.529193],[-162.112476,63.534181],[-162.056227,63.471317],[-161.973984,63.452948],[-161.505433,63.468164],[-161.266016,63.496981],[-161.099722,63.557933],[-160.926709,63.660556],[-160.826508,63.729342],[-160.778553,63.818946],[-160.90397,64.03118],[-160.987532,64.251269],[-161.220102,64.396564],[-161.385674,64.439938],[-161.490706,64.433763],[-161.414612,64.526367],[-161.193048,64.516424],[-161.048795,64.534464],[-160.931952,64.579112],[-160.836017,64.681944],[-160.855911,64.755608],[-160.886969,64.795554],[-161.063239,64.904],[-161.130184,64.925445],[-161.186901,64.92405],[-161.466366,64.794862],[-161.634005,64.792478],[-161.759371,64.816252],[-161.868331,64.742666],[-162.172266,64.678066],[-162.334633,64.612851],[-162.635726,64.450847],[-162.71107,64.377513],[-162.807008,64.374206],[-162.876435,64.516424],[-163.203883,64.652018],[-163.302843,64.605897],[-163.248299,64.563292],[-163.174092,64.532959],[-163.051748,64.519731],[-163.144352,64.423821],[-163.486191,64.549812],[-163.713103,64.588253],[-164.303971,64.583913],[-164.691828,64.507438],[-164.764924,64.529652],[-164.82952,64.511382],[-164.899491,64.460669],[-164.978761,64.453659],[-166.142774,64.582782],[-166.325114,64.625716],[-166.481383,64.728087],[-166.478101,64.797543],[-166.408674,64.826953],[-166.415237,64.926533],[-166.550862,64.952988],[-166.92841,65.157059],[-166.762529,65.134911],[-166.531018,65.15473],[-166.451643,65.247334],[-166.279665,65.273789],[-166.121482,65.260715],[-166.157037,65.28583],[-166.197395,65.305572],[-166.609385,65.352759],[-166.665377,65.33829],[-167.403988,65.422104],[-167.987234,65.567783],[-168.035009,65.595611],[-168.088364,65.65775],[-168.009687,65.719142],[-167.930571,65.748157],[-167.91437,65.681184],[-167.58005,65.758308],[-167.405306,65.859338],[-167.074215,65.877059],[-166.894458,65.959182],[-166.747671,66.05183],[-166.398726,66.144433],[-166.214577,66.170273],[-166.008931,66.12134],[-165.723677,66.112551],[-165.629911,66.131206],[-165.560225,66.167076],[-165.840259,66.245057],[-165.776154,66.31905],[-165.449404,66.409896],[-165.198309,66.439922],[-165.06395,66.437834],[-164.674129,66.555004],[-164.460499,66.588446],[-163.727675,66.61645],[-163.638223,66.574669],[-163.89397,66.575889],[-163.775477,66.531108],[-163.793718,66.492634],[-163.902859,66.378376],[-163.89397,66.286915],[-164.033754,66.215548],[-163.695378,66.083822],[-163.171456,66.07545],[-162.886486,66.099225],[-162.721768,66.059795],[-162.586866,66.050852],[-162.214279,66.071056],[-161.933676,66.042898],[-161.816319,66.053642],[-161.556852,66.250528],[-161.455411,66.281411],[-161.201084,66.219371],[-161.109231,66.23952],[-161.034301,66.188807],[-161.069542,66.294639],[-161.120291,66.334321],[-161.544424,66.407029],[-161.828153,66.370829],[-161.916907,66.411841],[-161.88758,66.493074],[-162.191179,66.693135],[-162.317735,66.733707],[-162.467442,66.735641],[-162.543639,66.805118],[-162.607433,66.894393],[-162.361609,66.947314],[-162.253553,66.918629],[-162.131416,66.80135],[-162.01765,66.784112],[-162.050723,66.667273],[-161.909596,66.559607],[-161.591036,66.45951],[-161.335935,66.496359],[-161.155791,66.495293],[-161.048122,66.474232],[-160.784494,66.384375],[-160.650549,66.373103],[-160.231711,66.420289],[-160.227322,66.50852],[-160.262564,66.57245],[-160.360878,66.612528],[-160.643781,66.60498],[-160.864024,66.670865],[-161.051456,66.652782],[-161.39805,66.55185],[-161.571734,66.591599],[-161.680901,66.64552],[-161.856679,66.70032],[-161.878745,66.803932],[-161.731311,66.922793],[-161.622196,66.979318],[-161.719943,67.02056],[-161.965431,67.049553],[-162.391529,67.01989],[-162.41158,67.060298],[-162.409409,67.103968],[-162.583119,67.018495],[-162.761403,67.036424],[-163.001698,67.027284],[-163.531822,67.102573],[-163.72057,67.195539],[-163.799789,67.270983],[-163.942701,67.477591],[-164.12517,67.606725],[-165.386023,68.045585],[-165.959581,68.155887],[-166.235946,68.277956],[-166.7863,68.359596],[-166.5459,68.424349],[-166.647859,68.373812],[-166.570396,68.361068],[-166.447044,68.390248],[-166.380537,68.425129],[-166.282945,68.573236],[-166.182047,68.797192],[-166.209075,68.885358],[-165.509479,68.867582],[-165.043951,68.882457],[-164.302368,68.936488],[-164.150182,68.961163],[-163.867925,69.036661],[-163.535671,69.17009],[-163.250547,69.345377],[-163.205201,69.392509],[-163.187113,69.380468],[-163.161456,69.38796],[-163.093554,69.610708],[-162.952116,69.758123],[-162.350395,70.094117],[-161.880967,70.331752],[-161.761077,70.257649],[-162.073874,70.161969],[-161.768156,70.196543],[-161.638991,70.234523],[-160.996266,70.304594],[-160.647656,70.420565],[-160.634119,70.446394],[-160.117146,70.591194],[-159.96315,70.568145],[-160.106396,70.472574],[-160.005552,70.447537],[-160.09508,70.333279],[-159.907546,70.331466],[-159.865688,70.278842],[-159.857522,70.389243],[-159.814994,70.497096],[-159.683296,70.477167],[-159.386753,70.524529],[-159.746214,70.53045],[-159.961832,70.634063],[-160.081594,70.634865],[-159.680895,70.786794],[-159.314507,70.878519],[-159.231722,70.876762],[-159.191723,70.859656],[-159.183171,70.831959],[-159.339855,70.781257],[-159.304147,70.752528],[-159.251154,70.748452],[-159.075065,70.772062],[-158.996285,70.801593],[-158.620934,70.799033],[-158.510835,70.820127],[-158.484377,70.841056],[-157.998465,70.845286],[-157.909374,70.860117],[-157.605622,70.941251],[-157.324734,71.039623],[-157.19531,71.09328],[-156.973358,71.230016],[-156.783292,71.31895],[-156.470237,71.407687],[-156.395255,71.396679],[-156.496695,71.379078],[-156.567232,71.341538],[-156.469979,71.291561],[-155.811156,71.188422],[-155.645584,71.182786],[-155.579438,71.121086],[-155.634578,71.061585],[-155.804333,70.995436],[-156.146588,70.927815],[-156.041943,70.902239],[-155.973523,70.841979],[-155.872237,70.83464],[-155.708036,70.857283],[-155.579386,70.894329],[-155.313382,71.014991],[-155.229718,71.082228],[-155.166855,71.099224],[-154.943818,71.083052],[-154.673681,70.987086],[-154.726314,70.92776],[-154.785222,70.894307],[-154.59862,70.847977],[-154.392198,70.838309],[-154.195235,70.80111],[-153.918223,70.877333],[-153.497704,70.891077],[-153.232915,70.932572],[-152.784906,70.876036],[-152.670829,70.890714],[-152.49123,70.880947],[-152.300414,70.846791],[-152.232925,70.81036],[-152.437255,70.733258],[-152.470584,70.653618],[-152.399192,70.620472],[-152.269666,70.61476],[-152.253363,70.568254],[-152.172929,70.556653],[-151.769025,70.560136],[-151.819617,70.511301],[-151.944674,70.452107],[-151.22482,70.418752],[-151.12803,70.451613],[-150.662633,70.509906],[-150.543519,70.490142],[-150.403218,70.443922],[-150.273637,70.434309],[-150.15251,70.443713],[-149.870098,70.509653],[-149.544046,70.512905],[-149.410617,70.491405],[-149.269437,70.500765],[-148.844785,70.425212],[-148.688359,70.416324],[-148.479199,70.317931],[-148.371146,70.314987],[-148.248774,70.356735],[-148.142734,70.355449],[-148.039073,70.315503],[-147.869521,70.303253],[-147.790587,70.240159],[-147.705347,70.217208],[-147.062929,70.170396],[-146.744886,70.191742],[-146.281247,70.186161],[-146.057669,70.156234],[-145.823136,70.160057],[-145.440084,70.050919],[-145.236815,70.033945],[-145.197385,70.008699],[-144.619177,69.982134],[-144.416891,70.039032],[-144.064096,70.054127],[-143.746415,70.101973],[-143.357032,70.089569],[-143.218332,70.116233],[-142.707872,70.033813],[-142.422128,69.939507],[-142.296994,69.869897],[-141.699201,69.770372],[-141.526369,69.714716],[-141.407901,69.653368],[-141.338629,69.646754],[-141.289666,69.664684],[-141.002137,69.650786],[-141.002137,60.300245],[-140.525421,60.218342],[-140.452818,60.299729],[-139.973284,60.183153],[-139.676302,60.328337],[-139.079258,60.343707],[-139.079258,60.279448],[-139.185169,60.083573],[-139.043445,59.993243],[-138.705456,59.901331],[-138.632257,59.778285],[-137.593299,59.226254],[-137.484161,58.991235],[-137.520877,58.915374],[-137.438579,58.903125],[-137.277558,58.988214],[-136.81327,59.150031],[-136.578739,59.152251],[-136.466728,59.279945],[-136.466344,59.459088],[-136.347845,59.456034],[-136.277983,59.480324],[-136.247133,59.532905],[-136.321829,59.604832],[-135.934644,59.662642],[-135.475937,59.793281],[-135.05103,59.578663],[-135.03666,59.550703],[-135.071311,59.441433],[-134.94377,59.288272],[-134.802409,59.249974],[-134.677225,59.199283],[-134.621981,59.155305],[-134.440756,59.085333],[-134.296994,58.898499],[-134.218519,58.849896],[-133.820742,58.705052],[-133.401103,58.410882],[-133.422576,58.337065],[-133.120424,58.077744],[-132.232158,57.19853],[-132.337989,57.07946],[-132.03152,57.02655],[-132.104282,56.856789],[-131.866159,56.792838],[-131.886,56.742114],[-131.833085,56.684809],[-131.824274,56.589986],[-131.575115,56.598819],[-131.082922,56.404822],[-130.741681,56.340827],[-130.649072,56.26367],[-130.477097,56.230568],[-130.413146,56.122518],[-130.214705,56.082835],[-130.097866,56.10929],[-130.022884,56.014511],[-130.014073,55.950538],[-130.025081,55.888212],[-130.111977,55.779799],[-130.146518,55.654489],[-130.140421,55.585034],[-130.059474,55.412307],[-130.036551,55.297917]]],[[[-165.822198,66.328092],[-165.942295,66.278181],[-166.148639,66.221821],[-166.146468,66.237169],[-166.032522,66.277709],[-165.822198,66.328092]]],[[[-168.716001,63.310609],[-168.761347,63.213764],[-168.852376,63.171236],[-169.109052,63.184925],[-169.36472,63.171126],[-169.470839,63.12126],[-169.559283,63.05822],[-169.571298,62.996773],[-169.676356,62.956102],[-169.719815,62.990105],[-169.777797,63.09375],[-169.818596,63.122347],[-169.988482,63.173126],[-170.189607,63.196351],[-170.243091,63.232287],[-170.272702,63.284275],[-170.527104,63.379284],[-170.95403,63.452948],[-171.061232,63.445895],[-171.401186,63.339239],[-171.519137,63.331999],[-171.631818,63.351203],[-171.790982,63.424713],[-171.819404,63.47726],[-171.81793,63.529819],[-171.746385,63.703084],[-171.646468,63.726991],[-171.463043,63.640023],[-171.447849,63.615677],[-171.196909,63.609118],[-171.034879,63.585498],[-170.874629,63.594001],[-170.672522,63.668829],[-170.430419,63.698855],[-170.299367,63.680606],[-170.121832,63.617512],[-170.017369,63.491729],[-169.62411,63.430547],[-169.554528,63.373495],[-169.427586,63.348325],[-168.996036,63.347292],[-168.716001,63.310609]]],[[[-147.930706,60.826161],[-148.057417,60.817943],[-148.123797,60.844354],[-148.101678,60.916128],[-148.03773,60.924137],[-147.964399,60.900164],[-147.930706,60.826161]]],[[[-172.232066,60.299135],[-172.397172,60.331128],[-172.635736,60.328853],[-172.958378,60.462766],[-173.07403,60.493209],[-173.047649,60.568289],[-172.923884,60.60684],[-172.860219,60.505689],[-172.526053,60.391761],[-172.387508,60.398485],[-172.277541,60.343652],[-172.232066,60.299135]]],[[[-152.069034,60.358077],[-152.004514,60.407395],[-151.959736,60.503745],[-151.899405,60.490363],[-151.887287,60.472686],[-151.986892,60.373985],[-152.069034,60.358077]]],[[[-147.787821,60.177934],[-147.815831,60.185163],[-147.82167,60.20273],[-147.805287,60.230636],[-147.871356,60.229757],[-147.891433,60.299421],[-147.854898,60.321438],[-147.794539,60.459876],[-147.779139,60.466073],[-147.760226,60.438794],[-147.688576,60.491396],[-147.658268,60.450472],[-147.658682,60.424138],[-147.690048,60.398902],[-147.659973,60.352496],[-147.732115,60.222066],[-147.787821,60.177934]]],[[[-146.102238,60.411196],[-146.202389,60.367998],[-146.419172,60.32503],[-146.595335,60.26844],[-146.618332,60.273691],[-146.702874,60.395595],[-146.67024,60.432641],[-146.560299,60.480542],[-146.393928,60.449648],[-146.371681,60.422149],[-146.179546,60.428763],[-146.102238,60.411196]]],[[[-145.284254,60.336829],[-145.128138,60.401121],[-145.10243,60.388256],[-145.118528,60.337093],[-145.150462,60.312649],[-145.284254,60.336829]]],[[[-167.436415,60.206663],[-167.251724,60.233536],[-166.836323,60.217002],[-166.784387,60.296422],[-166.475699,60.382774],[-166.363871,60.364735],[-166.184942,60.396782],[-166.043632,60.33394],[-165.840931,60.346245],[-165.729697,60.314198],[-165.695824,60.281535],[-165.689364,60.224132],[-165.714401,60.172869],[-165.712335,60.069356],[-165.630583,60.028377],[-165.5918,59.913142],[-165.946739,59.890037],[-166.099831,59.84963],[-166.131198,59.819758],[-166.106677,59.77545],[-166.148716,59.764134],[-166.261603,59.814902],[-166.627654,59.86467],[-166.985047,59.983883],[-167.138863,60.008536],[-167.295106,60.095713],[-167.436415,60.206663]]],[[[-146.957873,60.288874],[-146.986734,60.254355],[-147.318471,60.0753],[-147.376529,59.991167],[-147.447583,59.960273],[-147.499312,59.890191],[-147.540214,59.867504],[-147.60207,59.865593],[-147.668759,59.831546],[-147.846318,59.798829],[-147.872468,59.828393],[-147.768081,59.943728],[-147.465825,60.097009],[-147.33653,60.185372],[-147.205246,60.311308],[-147.180881,60.358253],[-147.120006,60.363087],[-147.019857,60.332237],[-146.957873,60.288874]]],[[[-147.914197,60.092351],[-148.021761,60.065324],[-148.07416,60.034705],[-148.271873,60.053261],[-148.230688,60.113543],[-148.079588,60.151655],[-147.914197,60.092351]]],[[[-144.613596,59.812628],[-144.444926,59.950704],[-144.353973,59.996187],[-144.235738,60.015205],[-144.248968,59.982125],[-144.403246,59.921096],[-144.565641,59.818418],[-144.613596,59.812628]]],[[[-160.715145,58.795228],[-160.918983,58.577094],[-160.992388,58.561054],[-161.07024,58.56914],[-161.131503,58.668204],[-161.08458,58.67128],[-160.986241,58.736418],[-160.715145,58.795228]]],[[[-152.636621,58.541696],[-152.463169,58.618491],[-152.395526,58.61937],[-152.356846,58.59498],[-152.392812,58.540872],[-152.515518,58.478602],[-152.636621,58.541696]]],[[[-153.381329,58.087203],[-153.115817,58.238518],[-152.976134,58.297009],[-152.771857,58.278563],[-152.768707,58.34559],[-152.843922,58.395611],[-152.841104,58.416386],[-152.674655,58.450598],[-152.543577,58.428186],[-152.380771,58.352094],[-152.343022,58.411629],[-152.316279,58.413486],[-152.197939,58.363103],[-152.125232,58.374265],[-152.07854,58.312357],[-151.974387,58.309852],[-151.9825,58.244351],[-152.109107,58.161152],[-152.186544,58.184663],[-152.251684,58.251119],[-152.268375,58.25169],[-152.334365,58.208075],[-152.305221,58.154077],[-152.30925,58.133873],[-152.451619,58.12927],[-152.537661,58.101002],[-152.558228,58.118624],[-152.571354,58.168238],[-152.598226,58.162602],[-152.683052,58.06333],[-152.781522,58.015946],[-152.982569,57.997049],[-153.381329,58.087203]]],[[[-134.923489,58.354654],[-134.836983,58.320157],[-134.680274,58.161668],[-134.426127,58.138828],[-134.240096,58.143991],[-134.070159,57.994544],[-133.904123,57.789188],[-133.826917,57.61757],[-133.925024,57.670799],[-134.031658,57.820609],[-134.104728,57.879364],[-134.17754,57.982174],[-134.180281,58.011134],[-134.212603,58.037951],[-134.24994,58.049168],[-134.306887,58.034392],[-134.3004,57.963442],[-134.267095,57.884527],[-133.937016,57.581579],[-133.920866,57.491964],[-133.973754,57.45138],[-133.908825,57.368719],[-133.925305,57.33676],[-134.100026,57.30012],[-134.260146,57.146795],[-134.435301,57.056982],[-134.516018,57.042568],[-134.591521,57.091962],[-134.619531,57.195531],[-134.575888,57.231752],[-134.4892,57.420168],[-134.486772,57.482021],[-134.659889,57.638082],[-134.78148,58.077854],[-134.907653,58.262775],[-134.933125,58.328946],[-134.923489,58.354654]]],[[[-134.312727,58.228905],[-134.319857,58.204097],[-134.45623,58.206525],[-134.593999,58.24311],[-134.661597,58.290911],[-134.647974,58.312412],[-134.519973,58.332539],[-134.398898,58.287187],[-134.312727,58.228905]]],[[[-136.56861,57.972176],[-136.512283,58.095992],[-136.369527,58.143035],[-136.321983,58.218874],[-136.143725,58.098475],[-136.142357,58.153923],[-136.094374,58.198154],[-135.947404,58.2058],[-135.881728,58.247142],[-135.787059,58.268488],[-135.587481,58.146782],[-135.615386,58.057485],[-135.693104,58.038522],[-135.671142,58.011914],[-135.613244,57.991864],[-135.374731,58.122139],[-135.162854,58.095838],[-135.002091,58.05108],[-134.95468,58.015319],[-134.927983,57.952763],[-134.970643,57.817247],[-135.102578,57.793659],[-135.231222,57.815797],[-135.338476,57.768665],[-135.249542,57.732553],[-134.978839,57.724357],[-134.896617,57.648002],[-134.873106,57.589204],[-134.931499,57.481142],[-135.084851,57.511014],[-135.220219,57.573647],[-135.497844,57.662274],[-135.564223,57.666427],[-135.608564,57.650749],[-135.617814,57.480373],[-135.691945,57.419904],[-135.910765,57.446568],[-135.996656,57.534887],[-136.076598,57.674567],[-136.459906,57.873079],[-136.56861,57.972176]]],[[[-152.215276,57.597696],[-152.216234,57.576998],[-152.336664,57.48223],[-152.412189,57.454786],[-152.831131,57.502873],[-152.940788,57.498094],[-152.997453,57.468947],[-152.781366,57.453391],[-152.71951,57.410863],[-152.679047,57.345131],[-152.789092,57.320632],[-152.879034,57.320819],[-152.990295,57.281982],[-153.051607,57.237641],[-153.274361,57.226347],[-153.443704,57.167208],[-153.503544,57.138006],[-153.524423,57.103081],[-153.588295,57.077702],[-153.732576,57.052335],[-153.646533,57.029593],[-153.631444,56.983703],[-153.643328,56.960764],[-153.757251,56.858338],[-153.972715,56.774205],[-154.050797,56.788476],[-154.070847,56.820666],[-153.79319,56.989493],[-153.879724,57.0035],[-153.999381,57.049951],[-154.102991,57.021221],[-154.025424,57.108475],[-154.035037,57.121834],[-154.243758,57.143027],[-154.324426,57.131788],[-154.381115,57.096511],[-154.269543,57.099466],[-154.23921,57.086854],[-154.209135,57.063343],[-154.184331,57.005302],[-154.260941,56.911776],[-154.338947,56.920916],[-154.498781,57.036569],[-154.569319,57.205913],[-154.705951,57.335365],[-154.712205,57.366269],[-154.673214,57.446107],[-154.535316,57.559431],[-154.387083,57.590467],[-154.281431,57.638082],[-154.116169,57.65121],[-154.029844,57.630699],[-153.995039,57.587281],[-154.015864,57.566879],[-154.007907,57.556179],[-153.947342,57.530075],[-153.80544,57.358205],[-153.687718,57.30513],[-153.756913,57.366829],[-153.797815,57.443261],[-153.818357,57.595609],[-153.838149,57.635863],[-153.690149,57.640719],[-153.693146,57.663405],[-153.879438,57.757196],[-153.906105,57.790792],[-153.904424,57.819884],[-153.805827,57.875068],[-153.695626,57.871245],[-153.662656,57.857808],[-153.524473,57.731026],[-153.487938,57.730949],[-153.390426,57.798383],[-153.217465,57.795747],[-153.200307,57.820037],[-153.20103,57.863291],[-153.175192,57.878847],[-153.168837,57.910653],[-153.225938,57.957597],[-153.160465,57.971967],[-152.943268,57.93602],[-152.850406,57.896777],[-152.898051,57.823916],[-152.890817,57.768984],[-152.616027,57.848876],[-152.511563,57.851458],[-152.428779,57.825673],[-152.411931,57.805931],[-152.419166,57.78231],[-152.485416,57.73441],[-152.482625,57.703297],[-152.411492,57.646091],[-152.236515,57.614912],[-152.215276,57.597696]]],[[[-153.520081,57.955741],[-153.481066,57.971033],[-153.346966,57.93279],[-153.240641,57.850085],[-153.268571,57.822366],[-153.294979,57.829464],[-153.465045,57.909389],[-153.520081,57.955741]]],[[[-134.654022,56.22747],[-134.6819,56.216154],[-134.806469,56.28127],[-134.950153,56.45681],[-134.980541,56.518926],[-134.982398,56.56363],[-134.966644,56.596127],[-134.875122,56.670439],[-134.883444,56.679074],[-135.017796,56.660156],[-135.159031,56.725371],[-135.146578,56.802319],[-135.163112,56.824127],[-135.284808,56.800352],[-135.330599,56.821853],[-135.338377,56.894],[-135.315147,56.931826],[-135.199598,57.027319],[-135.211254,57.044941],[-135.267373,57.048874],[-135.341371,57.08158],[-135.375297,57.188444],[-135.454931,57.249429],[-135.501953,57.243848],[-135.608927,57.071451],[-135.66187,57.033724],[-135.812327,57.009543],[-135.767701,57.100389],[-135.821138,57.230412],[-135.822737,57.280433],[-135.787136,57.317281],[-135.624505,57.354382],[-135.580582,57.390011],[-135.56965,57.424683],[-135.48728,57.516485],[-135.44868,57.534371],[-135.346282,57.533129],[-135.130659,57.431638],[-135.065235,57.416707],[-134.969764,57.351438],[-134.823184,57.156562],[-134.620717,56.718295],[-134.610566,56.603422],[-134.651721,56.556027],[-134.657098,56.523244],[-134.631698,56.43565],[-134.630045,56.302452],[-134.654022,56.22747]]],[[[-170.116174,57.241783],[-170.160565,57.183951],[-170.263995,57.136776],[-170.357994,57.154211],[-170.385874,57.188554],[-170.386622,57.203023],[-170.116174,57.241783]]],[[[-153.374586,57.051917],[-153.35433,57.131909],[-153.285212,57.185039],[-152.935465,57.167307],[-152.908414,57.152431],[-152.933425,57.129228],[-153.156821,57.093929],[-153.235422,57.028615],[-153.295391,57.000424],[-153.374586,57.051917]]],[[[-133.979467,57.009598],[-133.962362,57.043447],[-133.865984,57.068715],[-133.707726,57.062827],[-133.366221,57.0035],[-133.299716,56.972178],[-133.263538,57.004973],[-133.070788,56.974277],[-132.996218,56.93043],[-132.954152,56.880278],[-132.959167,56.677053],[-133.004123,56.623725],[-133.034923,56.620726],[-133.132383,56.68326],[-133.244004,56.795859],[-133.328961,56.83007],[-133.309065,56.786246],[-133.239719,56.725689],[-133.227261,56.689259],[-133.156619,56.611124],[-133.144737,56.528232],[-133.158173,56.495152],[-133.212665,56.464621],[-133.382756,56.473894],[-133.484198,56.451745],[-133.602795,56.464094],[-133.649279,56.516806],[-133.688165,56.710023],[-133.68098,56.797518],[-133.823066,56.924377],[-133.979467,57.009598]]],[[[-134.274434,56.918181],[-134.143279,56.932342],[-134.051812,56.898284],[-134.000599,56.869193],[-133.924788,56.77571],[-133.830872,56.781291],[-133.778132,56.728886],[-133.738367,56.650444],[-133.767283,56.600115],[-133.809009,56.611322],[-133.855261,56.582175],[-133.883579,56.485495],[-133.870455,56.388651],[-133.884611,56.292125],[-133.93851,56.193676],[-133.9497,56.127714],[-133.970783,56.107917],[-133.994013,56.101127],[-134.067468,56.13301],[-134.122427,56.077408],[-134.189581,56.076968],[-134.245056,56.203267],[-134.195469,56.413513],[-134.084398,56.456348],[-134.150491,56.513499],[-134.290249,56.58001],[-134.278389,56.617111],[-134.384401,56.72403],[-134.373679,56.838651],[-134.274434,56.918181]]],[[[-132.567977,56.575825],[-132.714479,56.542547],[-132.757628,56.511016],[-132.930795,56.524453],[-132.948027,56.567244],[-132.936249,56.606828],[-132.870645,56.696389],[-132.842531,56.794771],[-132.655878,56.68471],[-132.598673,56.635711],[-132.567977,56.575825]]],[[[-169.766169,56.607938],[-169.755214,56.635041],[-169.623904,56.615145],[-169.550498,56.62812],[-169.485696,56.617738],[-169.474327,56.594062],[-169.586878,56.542437],[-169.632611,56.5457],[-169.766169,56.607938]]],[[[-154.332124,56.539031],[-154.322204,56.570606],[-154.216757,56.60874],[-154.110382,56.602928],[-154.102268,56.581658],[-154.115963,56.543887],[-154.208643,56.514895],[-154.257788,56.512675],[-154.332124,56.539031]]],[[[-154.444882,56.573188],[-154.511182,56.521431],[-154.6828,56.435782],[-154.75122,56.412139],[-154.773931,56.42028],[-154.760934,56.471125],[-154.729362,56.502128],[-154.623734,56.561301],[-154.517541,56.600522],[-154.463356,56.598204],[-154.444882,56.573188]]],[[[-132.379847,56.498778],[-132.316494,56.487484],[-132.066896,56.244213],[-132.112346,56.109389],[-132.132935,55.943254],[-132.210295,55.952966],[-132.28732,55.9294],[-132.36858,55.939738],[-132.420595,55.979531],[-132.406049,56.028881],[-132.451159,56.056369],[-132.659905,56.078177],[-132.691381,56.130065],[-132.699027,56.19817],[-132.675203,56.223625],[-132.598722,56.241632],[-132.379847,56.498778]]],[[[-133.037664,56.364832],[-133.017092,56.392012],[-132.902038,56.453767],[-132.70608,56.448493],[-132.643343,56.435156],[-132.62911,56.411909],[-132.657581,56.3393],[-132.646573,56.313207],[-132.669392,56.287313],[-132.779897,56.247268],[-132.891442,56.259407],[-133.035028,56.340904],[-133.037664,56.364832]]],[[[-132.021703,54.72632],[-132.134308,54.712554],[-132.18924,54.734846],[-132.266314,54.802335],[-132.341323,54.907243],[-132.48648,54.950397],[-132.549371,54.952595],[-132.593866,54.995738],[-132.588488,55.052351],[-132.626962,55.110051],[-132.622183,55.135967],[-132.665332,55.146767],[-132.701741,55.13054],[-132.68285,55.07395],[-132.704141,55.030081],[-132.782303,55.048472],[-132.912607,55.188493],[-133.060582,55.300916],[-133.118535,55.327657],[-133.103005,55.360242],[-132.970818,55.376151],[-132.958909,55.395563],[-133.082466,55.504108],[-133.078407,55.534903],[-133.033402,55.589681],[-133.089624,55.612576],[-133.243773,55.595416],[-133.298265,55.606885],[-133.369012,55.688953],[-133.553264,55.691173],[-133.680183,55.785172],[-133.584064,55.836544],[-133.411721,55.798355],[-133.322139,55.84463],[-133.308472,55.886455],[-133.241527,55.92082],[-133.289224,56.018697],[-133.371231,56.035913],[-133.538613,55.999273],[-133.68421,55.942792],[-133.742531,55.964853],[-133.755187,55.999471],[-133.530862,56.145666],[-133.54409,56.176516],[-133.594424,56.216363],[-133.59861,56.316251],[-133.566107,56.339201],[-133.376636,56.317756],[-133.203003,56.319843],[-133.143704,56.278579],[-133.081741,56.194193],[-133.075435,56.15585],[-133.096622,56.090042],[-132.757573,55.99501],[-132.597612,55.895035],[-132.496972,55.798091],[-132.430153,55.686987],[-132.288869,55.558106],[-132.1727,55.480598],[-132.295873,55.50747],[-132.51126,55.593922],[-132.528854,55.590461],[-132.581748,55.502658],[-132.63128,55.473182],[-132.591592,55.464371],[-132.417854,55.482916],[-132.272021,55.39864],[-132.215283,55.383544],[-132.160247,55.322977],[-132.15839,55.299829],[-132.214871,55.236789],[-132.206708,55.224429],[-132.005092,55.230637],[-131.976434,55.208598],[-132.000385,55.03385],[-131.977599,54.969459],[-131.996561,54.901398],[-131.980878,54.804818],[-132.021703,54.72632]]],[[[-131.23617,55.948989],[-131.120671,55.856638],[-130.997789,55.727658],[-130.965956,55.669518],[-130.979134,55.489167],[-131.013911,55.379282],[-131.08274,55.266804],[-131.18788,55.206291],[-131.261878,55.219782],[-131.316321,55.268518],[-131.42068,55.2759],[-131.450936,55.316286],[-131.422361,55.368427],[-131.44758,55.408791],[-131.521837,55.341071],[-131.641285,55.29895],[-131.76252,55.165828],[-131.810991,55.223111],[-131.846082,55.416251],[-131.647564,55.58555],[-131.62496,55.831688],[-131.269217,55.955394],[-131.23617,55.948989]]],[[[-155.737361,55.829798],[-155.620626,55.913074],[-155.573239,55.921083],[-155.566002,55.821196],[-155.60489,55.789566],[-155.723202,55.802178],[-155.737361,55.829798]]],[[[-133.737131,55.496923],[-133.634238,55.539243],[-133.454771,55.522291],[-133.345578,55.559095],[-133.305088,55.543747],[-133.281704,55.497857],[-133.426476,55.431445],[-133.463088,55.376667],[-133.650185,55.269287],[-133.634991,55.413306],[-133.737131,55.496923]]],[[[-160.487539,55.184846],[-160.609081,55.159006],[-160.701789,55.177617],[-160.79509,55.145218],[-160.825476,55.174002],[-160.839662,55.33538],[-160.789199,55.383083],[-160.723932,55.404627],[-160.672175,55.379381],[-160.684914,55.314814],[-160.638821,55.321944],[-160.552778,55.380754],[-160.583164,55.307629],[-160.531177,55.233196],[-160.482677,55.197403],[-160.487539,55.184846]]],[[[-160.343308,55.258795],[-160.517482,55.333831],[-160.492939,55.352332],[-160.3623,55.356979],[-160.329278,55.337709],[-160.343308,55.258795]]],[[[-133.429036,55.303806],[-133.296563,55.325723],[-133.097402,55.21374],[-133.067064,55.166191],[-132.995751,55.110589],[-132.982189,55.033026],[-132.837724,54.880942],[-132.772306,54.926052],[-132.617223,54.892412],[-132.646963,54.756137],[-132.705822,54.684155],[-132.807286,54.709116],[-132.889585,54.762652],[-133.008929,54.854838],[-133.075413,54.92135],[-133.080555,54.949442],[-133.122698,54.969821],[-133.251162,55.175134],[-133.417972,55.210718],[-133.45381,55.260344],[-133.429036,55.303806]]],[[[-160.227061,54.92269],[-160.153604,55.038343],[-160.172077,55.123048],[-160.133735,55.120147],[-160.038753,55.192547],[-159.981651,55.197766],[-159.920466,55.267529],[-159.871063,55.263552],[-159.898243,55.221276],[-159.839411,55.182374],[-159.854111,55.144702],[-159.933954,55.106843],[-159.953073,55.078959],[-160.038418,55.044495],[-160.169597,54.941685],[-160.227061,54.92269]]],[[[-131.232034,54.903782],[-131.329521,54.887764],[-131.406183,54.894301],[-131.44569,54.909341],[-131.456105,54.930545],[-131.431326,54.996485],[-131.481736,55.035245],[-131.54003,55.048472],[-131.59222,55.025687],[-131.595115,55.090748],[-131.555993,55.137407],[-131.577828,55.20082],[-131.565452,55.264123],[-131.512663,55.262728],[-131.404634,55.213322],[-131.339727,55.079838],[-131.237461,54.949518],[-131.232034,54.903782]]],[[[-159.545088,55.225978],[-159.515117,55.151876],[-159.520385,55.072148],[-159.534986,55.059634],[-159.561496,55.080926],[-159.617718,55.057316],[-159.648491,55.074576],[-159.639655,55.12397],[-159.597954,55.125706],[-159.595268,55.182011],[-159.574751,55.217717],[-159.545088,55.225978]]],[[[-159.461916,55.05881],[-159.390422,55.040881],[-159.361998,54.972403],[-159.421349,54.978138],[-159.461916,55.05881]]],[[[-163.083271,54.669016],[-163.358085,54.735681],[-163.53084,54.63832],[-163.583033,54.625663],[-164.073313,54.621005],[-164.171266,54.603021],[-164.234621,54.571347],[-164.403499,54.447839],[-164.590801,54.404333],[-164.823423,54.419077],[-164.866184,54.461374],[-164.903935,54.544782],[-164.887656,54.607833],[-164.706194,54.691988],[-164.529796,54.880832],[-164.478637,54.906826],[-164.273689,54.900058],[-164.145066,54.955143],[-163.807153,55.049099],[-163.607476,55.050856],[-163.553009,55.037827],[-163.476037,54.980731],[-163.378962,54.815518],[-163.336898,54.783218],[-163.13505,54.723277],[-163.083271,54.669016]]],[[[-162.433904,54.931534],[-162.264612,54.983521],[-162.233761,54.93205],[-162.27257,54.867198],[-162.321921,54.842391],[-162.390754,54.872977],[-162.433904,54.931534]]],[[[-162.820548,54.494553],[-162.64539,54.462055],[-162.554413,54.401356],[-162.641127,54.379526],[-162.73311,54.402311],[-162.81171,54.444378],[-162.820548,54.494553]]],[[[-165.407857,54.196845],[-165.604821,54.129147],[-165.654147,54.253304],[-165.550613,54.284538],[-165.487671,54.221883],[-165.407857,54.196845]]],[[[-165.692878,54.099924],[-165.879379,54.053034],[-166.036423,54.047189],[-166.102827,54.113953],[-166.105825,54.144814],[-166.04128,54.191242],[-165.966402,54.211028],[-165.892866,54.206974],[-165.704247,54.119897],[-165.692878,54.099924]]],[[[-167.808769,53.323773],[-167.710094,53.370904],[-167.530182,53.39369],[-167.136097,53.526448],[-167.092353,53.635949],[-167.042408,53.654604],[-167.015743,53.698373],[-166.894149,53.697132],[-166.838339,53.648045],[-166.808986,53.646133],[-166.803663,53.68541],[-166.741263,53.712952],[-166.889601,53.758578],[-167.027266,53.769125],[-167.105608,53.813356],[-167.118166,53.872628],[-167.038067,53.942182],[-166.978097,53.962935],[-166.673284,54.005958],[-166.627394,53.995674],[-166.615355,53.90095],[-166.572178,53.853456],[-166.497481,53.883537],[-166.37232,53.998981],[-166.230881,53.932602],[-166.488747,53.785506],[-166.545617,53.726487],[-166.549209,53.700955],[-166.384723,53.720522],[-166.338782,53.717654],[-166.309455,53.697494],[-166.702196,53.536677],[-166.770409,53.47601],[-167.153642,53.407851],[-167.300455,53.350491],[-167.428793,53.325684],[-167.522482,53.276235],[-167.628625,53.259437],[-167.669424,53.259953],[-167.808769,53.323773]]],[[[-166.102672,53.832791],[-166.209746,53.723279],[-166.249433,53.745142],[-166.250751,53.767774],[-166.187732,53.822475],[-166.113731,53.843074],[-166.102672,53.832791]]],[[[-167.804688,53.484953],[-167.865148,53.387306],[-168.27068,53.238046],[-168.505627,53.043171],[-169.088898,52.832024],[-169.07311,52.86416],[-168.909167,52.951182],[-168.795867,53.044929],[-168.777806,53.148793],[-168.689827,53.227247],[-168.639029,53.255767],[-168.436638,53.25691],[-168.380414,53.283442],[-168.362973,53.303569],[-168.397262,53.321916],[-168.396433,53.408785],[-168.357212,53.457564],[-168.287707,53.500147],[-168.073276,53.55699],[-167.98571,53.558177],[-167.828097,53.507947],[-167.804688,53.484953]]],[[[-169.991841,52.829849],[-169.982564,52.851042],[-169.820637,52.883386],[-169.754904,52.883649],[-169.691962,52.847372],[-169.722762,52.792331],[-169.877326,52.813754],[-169.980549,52.806031],[-169.991841,52.829849]]],[[[-170.81608,52.561541],[-170.827035,52.600718],[-170.682083,52.697563],[-170.58462,52.667581],[-170.614025,52.609606],[-170.649268,52.593116],[-170.733397,52.581492],[-170.797347,52.549764],[-170.81608,52.561541]]],[[[-175.295548,52.022145],[-174.667757,52.134953],[-174.306151,52.216142],[-174.258815,52.269063],[-174.406507,52.29598],[-174.435548,52.317216],[-174.306874,52.377938],[-174.168898,52.420191],[-174.045624,52.367248],[-174.018339,52.331795],[-174.0549,52.246014],[-174.163214,52.223371],[-174.179389,52.200333],[-174.120633,52.135217],[-174.343539,52.07778],[-174.677394,52.03501],[-175.213873,51.99391],[-175.295548,52.022145]]],[[[-172.31361,52.329576],[-172.539127,52.257483],[-172.619846,52.272831],[-172.582199,52.325643],[-172.470398,52.388012],[-172.383115,52.372928],[-172.31361,52.329576]]],[[[-173.022896,52.079142],[-173.461009,52.041547],[-173.672572,52.062663],[-173.835792,52.048194],[-173.930205,52.072144],[-173.989581,52.103587],[-173.9925,52.123329],[-173.938913,52.131283],[-173.794115,52.104312],[-173.656837,52.143742],[-173.357242,52.095633],[-173.113304,52.10039],[-173.024317,52.090513],[-173.022896,52.079142]]],[[[-175.975274,52.028946],[-176.045089,51.973003],[-176.142861,52.004314],[-176.177535,52.029847],[-176.184511,52.056049],[-176.155676,52.099401],[-176.077412,52.099972],[-176.031214,52.082295],[-175.975274,52.028946]]],[[[-176.961622,51.603676],[-176.874418,51.790488],[-176.736416,51.839937],[-176.745123,51.89466],[-176.698356,51.986055],[-176.596812,51.981793],[-176.54989,51.944065],[-176.551595,51.919566],[-176.593298,51.8667],[-176.587924,51.833191],[-176.473383,51.837377],[-176.437467,51.820096],[-176.437338,51.75431],[-176.452351,51.73571],[-176.511003,51.74563],[-176.557538,51.712034],[-176.770961,51.629944],[-176.837107,51.675867],[-176.961622,51.603676]]],[[[-177.670235,51.701081],[-177.667625,51.721186],[-177.3347,51.776216],[-177.257288,51.804957],[-177.209747,51.841277],[-177.16639,51.909437],[-177.131508,51.929805],[-177.063037,51.9019],[-177.135125,51.806912],[-177.1482,51.716736],[-177.176983,51.703718],[-177.474665,51.70129],[-177.654887,51.676592],[-177.670235,51.701081]]],[[[-177.6445,51.826292],[-177.770642,51.777897],[-177.826969,51.685887],[-177.901254,51.616387],[-177.925362,51.617365],[-178.078479,51.691259],[-178.000034,51.717461],[-177.977245,51.737775],[-177.986365,51.764285],[-178.194518,51.882212],[-178.116616,51.915853],[-177.953809,51.918434],[-177.865856,51.860405],[-177.799607,51.840036],[-177.6445,51.826292]]],[[[-176.008967,51.812372],[-176.093355,51.790488],[-176.204433,51.834817],[-176.193659,51.886288],[-176.008967,51.812372]]],[[[-176.413722,51.840585],[-176.378582,51.861119],[-176.280217,51.802836],[-176.349644,51.733282],[-176.396101,51.759836],[-176.413722,51.840585]]]]}},{"type":"Feature","properties":{"adm0_a3":"USA","name":"Alabama","name_en":"Alabama","iso_3166_2":"US-AL","postal":"AL"},"geometry":{"type":"MultiPolygon","coordinates":[[[[-85.623604,35.000862],[-85.200971,32.956229],[-85.156531,32.804277],[-85.015038,32.526158],[-84.973905,32.409286],[-84.985968,32.360946],[-84.9685,32.319813],[-84.921533,32.285887],[-84.929696,32.246556],[-84.992977,32.201831],[-85.034627,32.147372],[-85.124132,31.880536],[-85.124824,31.77677],[-85.054885,31.572677],[-85.092601,31.295711],[-85.067443,31.117579],[-85.007282,31.001673],[-87.593694,31.000739],[-87.601055,30.860598],[-87.566195,30.795636],[-87.421659,30.671589],[-87.408278,30.641465],[-87.444807,30.442557],[-87.480106,30.411707],[-87.489511,30.377683],[-87.622269,30.264765],[-88.005934,30.230916],[-87.985016,30.254383],[-87.903981,30.259085],[-87.790294,30.291792],[-87.857113,30.40739],[-87.897631,30.414135],[-87.924284,30.449643],[-87.922998,30.56155],[-87.948871,30.626919],[-88.011317,30.694177],[-88.032422,30.681224],[-88.078367,30.566197],[-88.135441,30.366598],[-88.399585,30.370805],[-88.48619,31.890511],[-88.084772,34.933109],[-88.203139,35.024197],[-85.623604,35.000862]]],[[[-88.071336,30.25234],[-88.159314,30.230916],[-88.316254,30.240453],[-88.10937,30.27373],[-88.071336,30.25234]]]]}},{"type":"Feature","properties":{"adm0_a3":"USA","name":"Arkansas","name_en":"Arkansas","iso_3166_2":"US-AR","postal":"AR"},"geometry":{"type":"Polygon","coordinates":[[[-94.61838,36.500869],[-90.162243,36.500869],[-90.074473,36.371835],[-90.075659,36.296721],[-90.149279,36.215928],[-90.216164,36.178409],[-90.303043,36.099374],[-90.381068,35.99274],[-89.704772,36.001573],[-89.688908,35.920956],[-89.763593,35.888766],[-89.763593,35.828044],[-89.779655,35.805742],[-89.894561,35.750503],[-89.943505,35.679136],[-89.92652,35.591652],[-89.967345,35.50331],[-90.066024,35.414112],[-90.107882,35.314203],[-90.092919,35.203592],[-90.14227,35.114296],[-90.255956,35.046389],[-90.29376,35.004476],[-90.282104,34.945304],[-90.31994,34.899161],[-90.41595,34.851623],[-90.467575,34.805261],[-90.47476,34.760052],[-90.53925,34.72817],[-90.563848,34.661164],[-90.584008,34.503708],[-90.635424,34.413873],[-90.718107,34.391703],[-90.762338,34.356426],[-90.768117,34.308108],[-90.817215,34.25222],[-90.90972,34.188763],[-90.940251,34.128558],[-90.908786,34.071561],[-90.914729,34.048622],[-91.043148,34.002864],[-91.070175,33.9742],[-91.038183,33.901394],[-91.052707,33.827599],[-91.100299,33.767449],[-91.184125,33.71567],[-91.207482,33.675669],[-91.17037,33.647456],[-91.172721,33.616683],[-91.214579,33.583406],[-91.192958,33.52253],[-91.15433,33.500206],[-91.141015,33.438507],[-91.168459,33.35946],[-91.163339,33.294454],[-91.106781,33.217923],[-91.149958,33.015918],[-94.041307,33.011996],[-94.047327,33.554435],[-94.098798,33.57733],[-94.191534,33.589009],[-94.294679,33.58746],[-94.357674,33.560972],[-94.432008,33.599731],[-94.484149,33.648434],[-94.439138,35.387251],[-94.61838,36.500869]]]}},{"type":"Feature","properties":{"adm0_a3":"USA","name":"Arizona","name_en":"Arizona","iso_3166_2":"US-AZ","postal":"AZ"},"geometry":{"type":"Polygon","coordinates":[[[-109.047807,31.327879],[-111.041974,31.32421],[-114.835955,32.508327],[-114.787999,32.564808],[-114.72095,32.724483],[-114.582176,32.734723],[-114.516467,32.772757],[-114.477531,32.842004],[-114.469,32.912306],[-114.490863,32.983618],[-114.550546,33.036792],[-114.648088,33.07175],[-114.704388,33.169781],[-114.719428,33.330863],[-114.701702,33.417809],[-114.651159,33.430619],[-114.60261,33.469895],[-114.521559,33.607608],[-114.499257,33.685875],[-114.509051,33.903921],[-114.418282,34.051149],[-114.32932,34.142027],[-114.125612,34.286509],[-114.125068,34.317182],[-114.15879,34.355217],[-114.308028,34.43289],[-114.371024,34.488492],[-114.398001,34.589698],[-114.557473,34.794571],[-114.610933,34.907401],[-114.590987,35.352776],[-114.648528,35.475922],[-114.662063,35.545355],[-114.645166,35.630543],[-114.650126,35.683508],[-114.677076,35.729805],[-114.687101,35.917341],[-114.741362,36.013516],[-114.715759,36.084982],[-114.669144,36.12172],[-114.505277,36.156426],[-114.406087,36.148307],[-114.331545,36.116293],[-114.281573,36.060328],[-114.232146,36.031698],[-114.183207,36.030303],[-114.119437,36.076665],[-114.061924,36.175212],[-114.042879,36.181771],[-114.04027,37.004153],[-109.04667,37.000846],[-109.047807,31.327879]]]}},{"type":"Feature","properties":{"adm0_a3":"USA","name":"California","name_en":"California","iso_3166_2":"US-CA","postal":"CA"},"geometry":{"type":"MultiPolygon","coordinates":[[[[-114.516467,32.772757],[-114.582176,32.734723],[-114.839058,32.704719],[-117.128274,32.533365],[-117.137393,32.649172],[-117.183744,32.687877],[-117.243482,32.664026],[-117.27069,32.806266],[-117.255759,32.87337],[-117.262966,32.938871],[-117.318826,33.100051],[-117.467422,33.295487],[-117.788514,33.538472],[-117.952095,33.619606],[-118.080514,33.722152],[-118.161901,33.750705],[-118.264403,33.758616],[-118.294171,33.712308],[-118.410439,33.743938],[-118.392949,33.858295],[-118.506196,34.01741],[-118.598854,34.035032],[-118.832045,34.024463],[-119.143732,34.112024],[-119.235842,34.164121],[-119.267647,34.257439],[-119.413688,34.338573],[-119.606054,34.418004],[-119.713203,34.399657],[-119.853301,34.411962],[-120.052977,34.469266],[-120.169559,34.476451],[-120.396471,34.459554],[-120.481192,34.471639],[-120.559821,34.543885],[-120.644696,34.579986],[-120.626716,34.668943],[-120.63762,34.749352],[-120.624904,34.811985],[-120.663015,34.949292],[-120.63361,35.076459],[-120.659088,35.122403],[-120.707043,35.157648],[-120.857374,35.20969],[-120.88489,35.274949],[-120.860291,35.365443],[-120.899589,35.425121],[-121.02284,35.480777],[-121.137949,35.607131],[-121.283831,35.676323],[-121.343855,35.792229],[-121.433745,35.86386],[-121.465012,35.927394],[-121.664353,36.154042],[-121.877411,36.331064],[-121.910178,36.432919],[-121.918648,36.572346],[-121.835141,36.657457],[-121.790004,36.732285],[-121.807445,36.851234],[-121.880669,36.938938],[-122.164215,36.990969],[-122.3949,37.207521],[-122.408468,37.373173],[-122.499237,37.542615],[-122.514223,37.771987],[-122.445624,37.798003],[-122.384101,37.788544],[-122.390275,37.741083],[-122.369708,37.655862],[-122.297594,37.591866],[-122.228661,37.563906],[-122.166,37.501669],[-122.070529,37.478279],[-122.124142,37.543812],[-122.222201,37.732041],[-122.29599,37.790356],[-122.333432,37.896605],[-122.385446,37.960579],[-122.314233,38.007347],[-122.217031,38.040647],[-122.086728,38.049612],[-121.716857,38.034066],[-121.638101,38.061268],[-121.525343,38.055918],[-121.625725,38.083933],[-121.880773,38.075012],[-122.031511,38.123517],[-122.153778,38.065531],[-122.208297,38.072529],[-122.337129,38.135887],[-122.393351,38.144808],[-122.483889,38.108839],[-122.494892,37.95358],[-122.46691,37.838213],[-122.521325,37.826403],[-122.584189,37.874072],[-122.680698,37.90234],[-122.760382,37.945648],[-122.932,38.055457],[-122.998791,37.988616],[-123.001455,38.019279],[-122.96815,38.097007],[-122.977604,38.227327],[-122.87681,38.123363],[-122.908154,38.196587],[-122.986547,38.277095],[-123.046181,38.305055],[-123.121162,38.449283],[-123.289731,38.535867],[-123.424786,38.675624],[-123.701125,38.907293],[-123.719522,39.110968],[-123.820294,39.3684],[-123.777788,39.514957],[-123.783501,39.618723],[-123.832928,39.775509],[-123.884476,39.860796],[-124.108515,40.09453],[-124.324034,40.251964],[-124.356537,40.371078],[-124.371654,40.491202],[-124.283675,40.710534],[-124.253908,40.740307],[-124.242334,40.727903],[-124.250601,40.70392],[-124.220009,40.696482],[-124.190242,40.771727],[-124.222487,40.775034],[-124.21918,40.790745],[-124.133091,40.969778],[-124.140013,41.155886],[-124.068519,41.384171],[-124.071903,41.459516],[-124.117688,41.621751],[-124.163243,41.719002],[-124.244608,41.787941],[-124.208743,41.888554],[-124.211665,41.984618],[-124.228409,42.000768],[-120.000809,42.000559],[-120.000062,39.000259],[-118.126272,37.69238],[-116.659592,36.589968],[-114.610543,34.991117],[-114.610933,34.907401],[-114.557473,34.794571],[-114.398001,34.589698],[-114.371024,34.488492],[-114.308028,34.43289],[-114.15879,34.355217],[-114.125068,34.317182],[-114.125612,34.286509],[-114.32932,34.142027],[-114.418282,34.051149],[-114.509051,33.903921],[-114.499257,33.685875],[-114.521559,33.607608],[-114.60261,33.469895],[-114.651159,33.430619],[-114.701702,33.417809],[-114.719428,33.330863],[-114.704388,33.169781],[-114.648088,33.07175],[-114.550546,33.036792],[-114.490863,32.983618],[-114.469,32.912306],[-114.477531,32.842004],[-114.516467,32.772757]]],[[[-119.549287,34.028154],[-119.562207,34.00661],[-119.809581,33.967795],[-119.885518,33.994931],[-119.918049,34.067848],[-119.882393,34.07968],[-119.678865,34.028462],[-119.569129,34.052961],[-119.549287,34.028154]]],[[[-120.306602,34.024869],[-120.441558,34.032933],[-120.367736,34.073297],[-120.306602,34.024869]]],[[[-120.251907,34.013839],[-120.071841,34.026506],[-119.983939,33.973332],[-120.043573,33.918862],[-120.113902,33.904855],[-120.167131,33.918082],[-120.251907,34.013839]]],[[[-118.297478,33.312131],[-118.446304,33.317086],[-118.49204,33.412821],[-118.559425,33.43197],[-118.569422,33.464182],[-118.554849,33.47708],[-118.391707,33.415095],[-118.347965,33.385762],[-118.297478,33.312131]]],[[[-119.575177,33.278326],[-119.478799,33.274635],[-119.438029,33.217198],[-119.543679,33.224614],[-119.575177,33.278326]]],[[[-118.59017,33.011161],[-118.557101,33.032661],[-118.507492,32.959898],[-118.350393,32.827612],[-118.408582,32.818515],[-118.473204,32.838928],[-118.59017,33.011161]]]]}},{"type":"Feature","properties":{"adm0_a3":"USA","name":"Colorado","name_en":"Colorado","iso_3166_2":"US-CO","postal":"CO"},"geometry":{"type":"Polygon","coordinates":[[[-109.04667,37.000846],[-109.04639,41.000858],[-102.025006,41.000628],[-102.012783,37.000846],[-109.04667,37.000846]]]}},{"type":"Feature","properties":{"adm0_a3":"USA","name":"Connecticut","name_en":"Connecticut","iso_3166_2":"US-CT","postal":"CT"},"geometry":{"type":"Polygon","coordinates":[[[-73.723015,41.104514],[-73.484139,41.218959],[-73.544729,41.295951],[-73.480568,42.055568],[-72.8077,42.034079],[-72.806458,42.00803],[-72.763326,42.011238],[-72.757624,42.034079],[-71.801638,42.022708],[-71.795793,41.519951],[-71.804527,41.416746],[-71.829873,41.392741],[-71.842353,41.335513],[-71.929947,41.341039],[-72.265272,41.291666],[-72.371059,41.312156],[-72.479417,41.27578],[-72.847152,41.265849],[-72.924715,41.285151],[-73.023724,41.216476],[-73.182268,41.175838],[-73.630466,40.99186],[-73.723015,41.104514]]]}},{"type":"Feature","properties":{"adm0_a3":"USA","name":"District of Columbia","name_en":"Washington","iso_3166_2":"US-DC","postal":"DC"},"geometry":{"type":"Polygon","coordinates":[[[-77.019737,38.806526],[-77.030361,38.889253],[-77.053048,38.915302],[-77.122053,38.943536],[-77.042116,39.011783],[-76.931242,38.88822],[-77.019737,38.806526]]]}},{"type":"Feature","properties":{"adm0_a3":"USA","name":"Delaware","name_en":"Delaware","iso_3166_2":"US-DE","postal":"DE"},"geometry":{"type":"Polygon","coordinates":[[[-75.634581,39.839482],[-75.510446,39.843438],[-75.421029,39.815422],[-75.587603,39.640784],[-75.567268,39.552992],[-75.573882,39.476945],[-75.412657,39.281377],[-75.392168,39.092753],[-75.310407,38.966564],[-75.185064,38.819391],[-75.088692,38.777533],[-75.08399,38.72281],[-75.128485,38.632448],[-75.187108,38.591128],[-75.110863,38.599379],[-75.072883,38.578735],[-75.035881,38.503336],[-75.037661,38.45559],[-75.707025,38.455073],[-75.78472,39.722357],[-75.709145,39.802898],[-75.634581,39.839482]]]}},{"type":"Feature","properties":{"adm0_a3":"USA","name":"Florida","name_en":"Florida","iso_3166_2":"US-FL","postal":"FL"},"geometry":{"type":"MultiPolygon","coordinates":[[[[-87.593694,31.000739],[-85.007282,31.001673],[-84.886882,30.75926],[-84.883938,30.72094],[-82.23988,30.565681],[-82.194232,30.393437],[-82.112274,30.371355],[-82.061759,30.404599],[-82.029822,30.477702],[-82.021835,30.559869],[-82.04116,30.65322],[-82.038193,30.73197],[-82.012947,30.778069],[-81.957081,30.81429],[-81.880452,30.806336],[-81.673359,30.740243],[-81.503939,30.731432],[-81.457192,30.640761],[-81.385726,30.269984],[-81.337101,30.141213],[-81.249507,29.793792],[-81.104531,29.456963],[-80.900021,29.049853],[-80.524123,28.48609],[-80.567816,28.426456],[-80.584977,28.271604],[-80.572859,28.180868],[-80.456887,27.900672],[-80.499547,27.934466],[-80.610015,28.177605],[-80.62288,28.320361],[-80.606938,28.522883],[-80.632877,28.518027],[-80.665484,28.374908],[-80.693489,28.344959],[-80.731754,28.46292],[-80.729051,28.516214],[-80.688457,28.57854],[-80.700267,28.600941],[-80.765943,28.632823],[-80.779896,28.682954],[-80.771008,28.732458],[-80.80868,28.758946],[-80.83819,28.75765],[-80.748607,28.381005],[-80.686359,28.272175],[-80.226108,27.20705],[-80.12577,27.083004],[-80.088647,26.99396],[-80.050041,26.807697],[-80.041307,26.568613],[-80.110587,26.131588],[-80.126374,25.833518],[-80.142909,25.874024],[-80.158927,25.878342],[-80.219077,25.741738],[-80.300826,25.618537],[-80.327754,25.427078],[-80.36692,25.331267],[-80.484639,25.22983],[-80.557632,25.232412],[-80.736544,25.156342],[-80.862217,25.176195],[-81.011971,25.133249],[-81.110497,25.13805],[-81.167395,25.228533],[-81.136029,25.309646],[-81.097654,25.319149],[-80.965367,25.224304],[-80.940406,25.264217],[-80.980353,25.311656],[-81.113309,25.367236],[-81.227128,25.583403],[-81.345077,25.731817],[-81.364929,25.831035],[-81.568242,25.891547],[-81.715503,25.983173],[-81.81149,26.146101],[-81.866576,26.434997],[-81.958949,26.489929],[-81.82864,26.687056],[-81.920552,26.631422],[-81.970188,26.552045],[-82.006388,26.539851],[-82.039611,26.552045],[-82.077876,26.704338],[-82.066923,26.891567],[-82.013254,26.961561],[-82.095685,26.963418],[-82.181103,26.936776],[-82.168623,26.874351],[-82.180664,26.840096],[-82.290066,26.870814],[-82.44137,27.059691],[-82.620458,27.401069],[-82.714589,27.499583],[-82.63585,27.524577],[-82.430515,27.771121],[-82.400544,27.83538],[-82.405763,27.862901],[-82.445709,27.902848],[-82.498136,27.867911],[-82.520614,27.877887],[-82.579611,27.958449],[-82.635937,27.981213],[-82.675203,27.963767],[-82.633817,27.897783],[-82.596551,27.873239],[-82.610977,27.777219],[-82.660887,27.718409],[-82.715336,27.733109],[-82.742856,27.709367],[-82.807555,27.776549],[-82.843513,27.846004],[-82.748536,28.236799],[-82.660635,28.485859],[-82.651483,28.887486],[-82.769333,29.051556],[-83.29047,29.451898],[-83.694371,29.92598],[-84.04422,30.103794],[-84.309683,30.064759],[-84.355616,30.029021],[-84.375337,29.982274],[-84.358693,29.929386],[-84.38283,29.907369],[-84.549976,29.897866],[-84.800552,29.773072],[-84.888926,29.77761],[-85.029298,29.721085],[-85.318942,29.680205],[-85.376356,29.69519],[-85.413798,29.76759],[-85.413798,29.842473],[-85.383442,29.785058],[-85.33641,29.740124],[-85.314888,29.758076],[-85.306857,29.797846],[-85.353626,29.87575],[-85.504281,29.975792],[-85.6758,30.121932],[-85.623472,30.117076],[-85.610277,30.148398],[-85.663418,30.189454],[-85.603532,30.286782],[-85.675899,30.279289],[-85.740806,30.244386],[-85.755791,30.166998],[-85.79075,30.171986],[-85.855657,30.214404],[-86.17515,30.332518],[-86.454434,30.399128],[-86.240079,30.429099],[-86.123833,30.405797],[-86.165691,30.464244],[-86.257394,30.493017],[-86.374179,30.482064],[-86.447952,30.49561],[-86.679642,30.402896],[-87.201152,30.339231],[-87.123776,30.396667],[-86.985798,30.430857],[-86.965155,30.501916],[-86.997576,30.570328],[-87.033908,30.553925],[-87.072019,30.500433],[-87.118788,30.538962],[-87.170588,30.538786],[-87.184651,30.453697],[-87.251074,30.396667],[-87.281045,30.339231],[-87.475767,30.294275],[-87.500728,30.30926],[-87.443731,30.363829],[-87.448301,30.394162],[-87.489511,30.377683],[-87.429382,30.477856],[-87.43381,30.545938],[-87.408278,30.641465],[-87.421659,30.671589],[-87.566195,30.795636],[-87.601055,30.860598],[-87.593694,31.000739]]],[[[-84.737172,29.732445],[-85.00827,29.606618],[-85.116738,29.632788],[-85.000547,29.627185],[-84.812186,29.717646],[-84.737172,29.732445]]],[[[-80.170506,27.204798],[-80.262462,27.37557],[-80.376072,27.643427],[-80.436892,27.850553],[-80.395759,27.794555],[-80.186755,27.27844],[-80.170506,27.204798]]],[[[-82.085215,26.493598],[-82.169139,26.700723],[-82.121129,26.665534],[-82.083765,26.552331],[-82.085215,26.493598]]],[[[-82.201384,26.548046],[-82.116064,26.460914],[-82.037183,26.45363],[-82.072844,26.427537],[-82.144958,26.446654],[-82.184388,26.480942],[-82.201384,26.548046]]],[[[-80.580582,24.954238],[-80.456019,25.149322],[-80.403669,25.179337],[-80.354934,25.233653],[-80.351286,25.296956],[-80.257057,25.347603],[-80.381828,25.142291],[-80.580582,24.954238]]],[[[-80.665144,24.898449],[-80.614607,24.937934],[-80.638304,24.903184],[-80.665144,24.898449]]],[[[-80.848363,24.803681],[-80.799408,24.846308],[-80.785192,24.835278],[-80.786774,24.82104],[-80.848363,24.803681]]],[[[-80.930486,24.759472],[-81.090007,24.693115],[-81.137369,24.710506],[-81.08525,24.734204],[-80.930486,24.759472]]],[[[-81.420091,24.749991],[-81.322313,24.685084],[-81.319841,24.667615],[-81.364797,24.629943],[-81.379036,24.636271],[-81.379036,24.666275],[-81.420091,24.749991]]],[[[-81.631501,24.590019],[-81.57925,24.629372],[-81.562298,24.689138],[-81.531636,24.642479],[-81.532229,24.614156],[-81.631501,24.590019]]],[[[-81.738651,24.575429],[-81.739761,24.5545],[-81.809216,24.542349],[-81.811413,24.557807],[-81.738651,24.575429]]]]}},{"type":"Feature","properties":{"adm0_a3":"USA","name":"Georgia","name_en":"Georgia","iso_3166_2":"US-GA","postal":"GA"},"geometry":{"type":"MultiPolygon","coordinates":[[[[-85.623604,35.000862],[-84.32469,34.988096],[-83.114821,35.001477],[-83.1704,34.932911],[-83.316716,34.805657],[-83.355575,34.708318],[-83.166522,34.599597],[-83.052781,34.51086],[-82.975679,34.476396],[-82.896819,34.465806],[-82.847732,34.436911],[-82.818585,34.366017],[-82.589268,34.017377],[-82.351897,33.837728],[-82.256623,33.749233],[-82.208361,33.663584],[-82.005718,33.522893],[-81.936394,33.447285],[-81.932845,33.38987],[-81.908741,33.349254],[-81.864093,33.325436],[-81.780322,33.195292],[-81.69932,33.126759],[-81.57824,33.068575],[-81.489778,32.935663],[-81.433813,32.728032],[-81.37697,32.607468],[-81.290332,32.557239],[-81.171504,32.380139],[-81.132953,32.27467],[-81.135018,32.181858],[-81.074813,32.109699],[-80.872346,32.029565],[-80.923432,31.944894],[-81.113287,31.878624],[-81.065046,31.813464],[-81.066134,31.787987],[-81.098401,31.75338],[-81.162121,31.743723],[-81.197904,31.704216],[-81.165527,31.646153],[-81.169922,31.610316],[-81.242399,31.574325],[-81.25935,31.538927],[-81.175426,31.531302],[-81.294979,31.371209],[-81.380947,31.353258],[-81.377739,31.332296],[-81.329136,31.313751],[-81.288464,31.263906],[-81.364874,31.171895],[-81.441767,31.199724],[-81.471376,31.009012],[-81.520397,30.874649],[-81.503939,30.731432],[-81.673359,30.740243],[-81.880452,30.806336],[-81.957081,30.81429],[-82.012947,30.778069],[-82.038193,30.73197],[-82.04116,30.65322],[-82.021835,30.559869],[-82.029822,30.477702],[-82.061759,30.404599],[-82.112274,30.371355],[-82.194232,30.393437],[-82.23988,30.565681],[-84.883938,30.72094],[-84.886882,30.75926],[-85.067443,31.117579],[-85.092601,31.295711],[-85.054885,31.572677],[-85.124824,31.77677],[-85.124132,31.880536],[-85.034627,32.147372],[-84.992977,32.201831],[-84.929696,32.246556],[-84.921533,32.285887],[-84.9685,32.319813],[-84.985968,32.360946],[-84.973905,32.409286],[-85.015038,32.526158],[-85.156531,32.804277],[-85.200971,32.956229],[-85.623604,35.000862]]],[[[-81.463498,30.727762],[-81.484636,30.897831],[-81.418982,30.971439],[-81.463498,30.727762]]]]}},{"type":"Feature","properties":{"adm0_a3":"USA","name":"Hawaii","name_en":"Hawaii","iso_3166_2":"US-HI","postal":"HI"},"geometry":{"type":"MultiPolygon","coordinates":[[[[-177.390485,28.196369],[-177.370641,28.221176],[-177.354104,28.217035],[-177.390485,28.196369]]],[[[-159.789182,22.041806],[-159.726626,22.1402],[-159.579222,22.223135],[-159.352052,22.219576],[-159.304792,22.154053],[-159.300658,22.105263],[-159.33019,22.050694],[-159.34373,21.973647],[-159.372773,21.93236],[-159.460674,21.876132],[-159.51186,21.900368],[-159.608858,21.90952],[-159.646373,21.95174],[-159.748022,21.989819],[-159.789182,22.041806]]],[[[-160.048728,22.00465],[-160.076711,21.95809],[-160.080042,21.907443],[-160.153395,21.878769],[-160.200241,21.796888],[-160.234711,21.803677],[-160.243445,21.843063],[-160.220912,21.89727],[-160.100636,22.015241],[-160.048728,22.00465]]],[[[-158.273124,21.585247],[-158.123108,21.600255],[-158.02035,21.691804],[-157.962496,21.701362],[-157.851496,21.553365],[-157.854338,21.511913],[-157.829584,21.471451],[-157.764989,21.450939],[-157.720885,21.457707],[-157.705537,21.378078],[-157.635411,21.307645],[-157.690887,21.279739],[-157.798786,21.268621],[-157.849326,21.290847],[-157.901753,21.34056],[-157.958442,21.326915],[-157.97844,21.378484],[-158.017274,21.36774],[-157.98097,21.316115],[-158.110345,21.318598],[-158.137835,21.377144],[-158.239093,21.489337],[-158.238681,21.533051],[-158.273124,21.585247]]],[[[-156.712161,21.155088],[-156.747894,21.103574],[-156.85985,21.056332],[-157.020874,21.097784],[-157.290314,21.112582],[-157.253807,21.180566],[-157.249931,21.229763],[-157.002296,21.18796],[-156.952353,21.199693],[-156.917213,21.177314],[-156.712161,21.155088]]],[[[-155.989854,20.757131],[-156.013574,20.714811],[-156.107133,20.644784],[-156.234748,20.628613],[-156.309963,20.598796],[-156.408793,20.605179],[-156.438223,20.617868],[-156.480056,20.801241],[-156.543823,20.790002],[-156.615449,20.821829],[-156.689681,20.901414],[-156.697769,20.949062],[-156.656867,21.024505],[-156.585423,21.034327],[-156.460833,20.914741],[-156.277537,20.951281],[-156.148346,20.885495],[-155.989854,20.757131]]],[[[-157.050565,20.912466],[-156.941784,20.930045],[-156.880549,20.90482],[-156.80939,20.831135],[-156.849595,20.772632],[-156.908866,20.744474],[-156.973411,20.757548],[-156.988448,20.825707],[-157.050565,20.912466]]],[[[-155.874278,20.259802],[-155.831621,20.27582],[-155.622073,20.163419],[-155.198789,19.994383],[-155.086083,19.875632],[-155.065929,19.748201],[-154.989035,19.731974],[-154.952577,19.644644],[-154.841343,19.568157],[-154.804188,19.524443],[-154.850283,19.454108],[-155.053476,19.319185],[-155.309611,19.260167],[-155.535229,19.109072],[-155.581325,19.012018],[-155.625611,18.963909],[-155.680751,18.967677],[-155.881306,19.070521],[-155.905594,19.125815],[-155.890738,19.382543],[-155.965824,19.590789],[-156.048686,19.749959],[-155.988407,19.831609],[-155.908877,19.894704],[-155.820302,20.01418],[-155.892754,20.167396],[-155.874278,20.259802]]]]}},{"type":"Feature","properties":{"adm0_a3":"USA","name":"Iowa","name_en":"Iowa","iso_3166_2":"US-IA","postal":"IA"},"geometry":{"type":"Polygon","coordinates":[[[-90.149433,42.053711],[-90.176613,41.883643],[-90.217768,41.81311],[-90.276006,41.770011],[-90.319237,41.709652],[-90.347527,41.632034],[-90.43667,41.560359],[-90.586732,41.494727],[-90.754065,41.449826],[-90.938756,41.42559],[-91.048114,41.369098],[-91.082106,41.280318],[-91.066505,41.205907],[-91.001334,41.145966],[-90.963827,41.082531],[-90.954005,41.01558],[-91.000126,40.904684],[-91.102134,40.749788],[-91.215128,40.649559],[-91.339043,40.603977],[-91.394184,40.536653],[-91.380539,40.447554],[-91.390778,40.397127],[-91.441952,40.37945],[-91.529931,40.432316],[-91.545487,40.469318],[-91.616855,40.50688],[-91.627423,40.530753],[-91.682047,40.551869],[-91.73153,40.624653],[-95.765029,40.601868],[-95.826107,40.676179],[-95.859,40.745108],[-95.838148,40.777748],[-95.834017,40.88949],[-95.846597,41.080333],[-95.870887,41.187824],[-95.906906,41.21195],[-95.911169,41.245183],[-95.883626,41.287557],[-95.891943,41.316166],[-95.936025,41.330986],[-95.94972,41.367428],[-95.932977,41.425458],[-95.943567,41.460933],[-95.98158,41.473798],[-95.997367,41.493639],[-95.990957,41.52049],[-96.011397,41.537881],[-96.058627,41.54578],[-96.077771,41.611281],[-96.068806,41.734328],[-96.086637,41.821372],[-96.13123,41.872437],[-96.153763,41.920436],[-96.154203,41.965293],[-96.201384,42.036122],[-96.295333,42.132912],[-96.356104,42.260133],[-96.383751,42.417776],[-96.451004,42.505985],[-96.480953,42.511259],[-96.538702,42.658585],[-96.62177,42.729535],[-96.616084,42.791388],[-96.562576,42.85857],[-96.461293,43.129767],[-96.49028,43.205529],[-96.563454,43.242685],[-96.569942,43.283323],[-96.534956,43.338057],[-96.598622,43.497501],[-91.245253,43.502412],[-91.218688,43.395285],[-91.117196,43.331157],[-91.106968,43.278028],[-91.147585,43.199585],[-91.161328,43.102334],[-91.117592,42.881652],[-91.069582,42.788554],[-90.959949,42.72034],[-90.788749,42.676933],[-90.687873,42.610322],[-90.657331,42.520509],[-90.589633,42.444802],[-90.484735,42.383257],[-90.425036,42.325656],[-90.41049,42.272075],[-90.167516,42.100304],[-90.149433,42.053711]]]}},{"type":"Feature","properties":{"adm0_a3":"USA","name":"Idaho","name_en":"Idaho","iso_3166_2":"US-ID","postal":"ID"},"geometry":{"type":"Polygon","coordinates":[[[-111.050296,42.000878],[-117.016675,42.000559],[-117.020498,43.813194],[-116.957634,43.964135],[-116.943967,44.037677],[-116.960683,44.079118],[-116.949779,44.119009],[-116.91131,44.157406],[-116.91242,44.199473],[-116.95319,44.245308],[-117.028952,44.275542],[-117.139744,44.290264],[-117.197312,44.3438],[-117.201701,44.436206],[-117.118919,44.578314],[-116.948955,44.770114],[-116.855857,44.90574],[-116.839553,44.98516],[-116.549157,45.456737],[-116.477043,45.641088],[-116.520917,45.721914],[-116.616827,45.79917],[-116.764725,45.87291],[-116.869194,45.958483],[-116.930196,46.055954],[-116.947845,46.124322],[-116.92211,46.163642],[-116.942962,46.232108],[-117.038999,46.396552],[-117.025046,46.429159],[-117.039054,48.993083],[-116.048494,48.993083],[-116.04901,48.00472],[-115.862149,47.842408],[-115.718382,47.68148],[-115.690867,47.606652],[-115.710862,47.552599],[-115.66968,47.497854],[-115.676887,47.470564],[-115.713317,47.446746],[-115.485994,47.311636],[-115.306675,47.231172],[-115.033516,46.990934],[-114.935694,46.922819],[-114.886937,46.844871],[-114.786066,46.776756],[-114.753689,46.734568],[-114.661623,46.745544],[-114.630648,46.718572],[-114.624006,46.677615],[-114.562999,46.650435],[-114.380917,46.667639],[-114.336868,46.659224],[-114.332061,46.601392],[-114.345805,46.550591],[-114.387042,46.499955],[-114.38022,46.453033],[-114.444248,46.270714],[-114.446599,46.199325],[-114.485359,46.158214],[-114.463578,46.109765],[-114.478306,46.035585],[-114.415903,45.982159],[-114.396787,45.89095],[-114.522537,45.815133],[-114.533699,45.78201],[-114.495796,45.685846],[-114.532617,45.633024],[-114.529233,45.575719],[-114.297641,45.487565],[-114.116619,45.579103],[-114.006393,45.658457],[-113.991924,45.69302],[-113.942651,45.681507],[-113.802273,45.601098],[-113.799614,45.540189],[-113.76615,45.502517],[-113.756097,45.44084],[-113.697112,45.304983],[-113.557404,45.140419],[-113.503582,45.109284],[-113.447129,45.029084],[-113.438136,44.993971],[-113.469294,44.929976],[-113.460796,44.90362],[-113.338891,44.808072],[-113.234269,44.809873],[-113.140709,44.765489],[-113.062706,44.665073],[-113.05428,44.605187],[-113.006379,44.539137],[-112.999689,44.48036],[-112.853856,44.398325],[-112.815514,44.405972],[-112.787142,44.463079],[-112.715928,44.498037],[-112.375385,44.470022],[-112.320036,44.53315],[-112.23131,44.560692],[-112.074211,44.547619],[-111.89208,44.554925],[-111.797098,44.539895],[-111.659302,44.559605],[-111.499857,44.54485],[-111.474506,44.564615],[-111.491046,44.624226],[-111.4481,44.711117],[-111.372525,44.74624],[-111.304081,44.723312],[-111.160934,44.555836],[-111.051434,44.498883],[-111.050296,42.000878]]]}},{"type":"Feature","properties":{"adm0_a3":"USA","name":"Illinois","name_en":"Illinois","iso_3166_2":"US-IL","postal":"IL"},"geometry":{"type":"Polygon","coordinates":[[[-87.039126,42.492802],[-87.221257,41.760728],[-87.521085,41.760761],[-87.532918,39.37486],[-87.579115,39.343977],[-87.611052,39.291353],[-87.602912,39.234147],[-87.614985,39.193289],[-87.647285,39.168745],[-87.631696,39.106705],[-87.568294,39.00718],[-87.530281,38.908897],[-87.51768,38.811821],[-87.529457,38.742289],[-87.583773,38.67937],[-87.635958,38.542612],[-87.680662,38.487988],[-87.735231,38.469905],[-87.784065,38.419104],[-87.827164,38.335564],[-87.872955,38.295024],[-87.921427,38.297507],[-87.957265,38.282214],[-87.980413,38.249189],[-87.97749,38.21444],[-87.948552,38.178009],[-87.958056,38.144292],[-88.006022,38.113278],[-87.990256,38.089305],[-88.026127,38.059587],[-88.044518,38.013291],[-88.042496,37.93665],[-88.059108,37.898363],[-88.091122,37.896649],[-88.095319,37.875566],[-88.041991,37.788851],[-88.128959,37.69951],[-88.140385,37.620651],[-88.107514,37.534353],[-88.190504,37.464557],[-88.389335,37.411262],[-88.494672,37.364285],[-88.506603,37.323591],[-88.446244,37.120421],[-88.471666,37.088385],[-88.613808,37.110083],[-88.872602,37.185537],[-89.046207,37.182977],[-89.134603,37.102469],[-89.165069,37.041561],[-89.154313,36.992112],[-89.272394,37.07998],[-89.291675,37.070653],[-89.285885,37.022698],[-89.300827,37.012052],[-89.35188,37.035519],[-89.413942,37.102415],[-89.486913,37.212739],[-89.502931,37.300509],[-89.461974,37.36568],[-89.461974,37.434125],[-89.523421,37.575947],[-89.523421,37.644524],[-89.623286,37.747257],[-89.822963,37.884092],[-90.173581,38.069047],[-90.299,38.173999],[-90.365775,38.254254],[-90.373993,38.309757],[-90.316601,38.457809],[-90.132195,38.818644],[-90.134206,38.84667],[-90.220075,38.897679],[-90.477968,38.948118],[-90.577075,38.909611],[-90.663527,38.987493],[-90.737223,39.181797],[-90.919376,39.386901],[-91.209899,39.602804],[-91.378737,39.749406],[-91.425868,39.826815],[-91.466814,39.942864],[-91.501652,40.097529],[-91.499784,40.226025],[-91.441952,40.37945],[-91.390778,40.397127],[-91.380539,40.447554],[-91.394184,40.536653],[-91.339043,40.603977],[-91.215128,40.649559],[-91.102134,40.749788],[-91.000126,40.904684],[-90.954005,41.01558],[-90.963827,41.082531],[-91.001334,41.145966],[-91.066505,41.205907],[-91.082106,41.280318],[-91.048114,41.369098],[-90.938756,41.42559],[-90.754065,41.449826],[-90.586732,41.494727],[-90.43667,41.560359],[-90.347527,41.632034],[-90.319237,41.709652],[-90.276006,41.770011],[-90.217768,41.81311],[-90.176613,41.883643],[-90.152443,41.98152],[-90.149433,42.053711],[-90.167516,42.100304],[-90.346571,42.214837],[-90.41049,42.272075],[-90.425036,42.325656],[-90.484735,42.383257],[-90.589633,42.444802],[-90.650585,42.512984],[-87.039126,42.492802]]]}},{"type":"Feature","properties":{"adm0_a3":"USA","name":"Indiana","name_en":"Indiana","iso_3166_2":"US-IN","postal":"IN"},"geometry":{"type":"Polygon","coordinates":[[[-84.796399,41.759728],[-84.821711,39.091984],[-84.860603,39.039711],[-84.835488,38.99604],[-84.836598,38.960565],[-84.863888,38.933231],[-84.854165,38.912896],[-84.807451,38.899536],[-84.78962,38.868379],[-84.800739,38.819391],[-84.901241,38.769568],[-85.16989,38.690378],[-85.306747,38.737191],[-85.405426,38.729962],[-85.444779,38.683095],[-85.424828,38.596588],[-85.458677,38.530209],[-85.546326,38.484011],[-85.608904,38.423026],[-85.646422,38.347297],[-85.706287,38.301353],[-85.788453,38.285214],[-85.854932,38.215033],[-85.905678,38.090909],[-85.961159,38.014016],[-86.021331,37.984353],[-86.103442,37.991868],[-86.207527,38.036571],[-86.267622,38.082582],[-86.3146,38.163771],[-86.361445,38.178987],[-86.365137,38.1446],[-86.429627,38.139689],[-86.457378,38.120155],[-86.448336,38.085966],[-86.462542,38.061763],[-86.499961,38.047502],[-86.548641,37.917062],[-86.599233,37.874797],[-86.673128,37.889036],[-86.770335,37.959777],[-86.86908,37.976135],[-86.96944,37.938046],[-87.044268,37.886443],[-87.093563,37.821283],[-87.141035,37.805243],[-87.209403,37.854846],[-87.372385,37.923478],[-87.457288,37.938101],[-87.518449,37.921566],[-87.561449,37.929059],[-87.587388,37.95569],[-87.615392,37.848936],[-87.643253,37.833038],[-87.664567,37.845541],[-87.67942,37.886366],[-87.714456,37.899604],[-87.769651,37.885234],[-87.874428,37.915743],[-87.906002,37.901824],[-87.912484,37.81769],[-87.938115,37.793817],[-88.021776,37.800431],[-88.041991,37.788851],[-88.095319,37.875566],[-88.091122,37.896649],[-88.059108,37.898363],[-88.042496,37.93665],[-88.044518,38.013291],[-88.026127,38.059587],[-87.990256,38.089305],[-88.006022,38.113278],[-87.958056,38.144292],[-87.948552,38.178009],[-87.97749,38.21444],[-87.980413,38.249189],[-87.957265,38.282214],[-87.921427,38.297507],[-87.872955,38.295024],[-87.827164,38.335564],[-87.784065,38.419104],[-87.735231,38.469905],[-87.680662,38.487988],[-87.635958,38.542612],[-87.583773,38.67937],[-87.529457,38.742289],[-87.51768,38.811821],[-87.530281,38.908897],[-87.568294,39.00718],[-87.631696,39.106705],[-87.647285,39.168745],[-87.614985,39.193289],[-87.602912,39.234147],[-87.611052,39.291353],[-87.579115,39.343977],[-87.532918,39.37486],[-87.521085,41.760761],[-84.796399,41.759728]]]}},{"type":"Feature","properties":{"adm0_a3":"USA","name":"Kansas","name_en":"Kansas","iso_3166_2":"US-KS","postal":"KS"},"geometry":{"type":"Polygon","coordinates":[[[-102.012783,37.000846],[-102.024489,40.001124],[-95.34668,40.001487],[-95.116203,39.87209],[-94.984016,39.891162],[-94.929936,39.861499],[-94.893296,39.781815],[-94.898597,39.741144],[-94.945827,39.739485],[-95.004764,39.691552],[-95.075356,39.597377],[-95.057937,39.508959],[-94.952518,39.426375],[-94.882294,39.343131],[-94.847203,39.259152],[-94.777852,39.193992],[-94.622384,39.124404],[-94.618067,37.000846],[-102.012783,37.000846]]]}},{"type":"Feature","properties":{"adm0_a3":"USA","name":"Kentucky","name_en":"Kentucky","iso_3166_2":"US-KY","postal":"KY"},"geometry":{"type":"MultiPolygon","coordinates":[[[[-81.965277,37.539725],[-82.343207,37.296927],[-82.681586,37.13812],[-82.731892,37.048076],[-82.832021,36.979269],[-82.894501,36.906374],[-83.043816,36.845554],[-83.150218,36.762333],[-83.41689,36.681012],[-83.566183,36.652623],[-83.730385,36.586815],[-86.507586,36.66484],[-87.839151,36.643966],[-87.868715,36.675046],[-88.096297,36.693009],[-88.056713,36.59032],[-88.059108,36.499683],[-89.450329,36.500023],[-89.397462,36.587793],[-89.330534,36.615907],[-89.256123,36.594407],[-89.203048,36.62552],[-89.156334,36.715718],[-89.129517,36.811057],[-89.122486,36.911593],[-89.165069,37.041561],[-89.134603,37.102469],[-89.046207,37.182977],[-88.872602,37.185537],[-88.613808,37.110083],[-88.471666,37.088385],[-88.446244,37.120421],[-88.506603,37.323591],[-88.494672,37.364285],[-88.389335,37.411262],[-88.190504,37.464557],[-88.107514,37.534353],[-88.140385,37.620651],[-88.128959,37.69951],[-88.073247,37.770922],[-88.021776,37.800431],[-87.938115,37.793817],[-87.912484,37.81769],[-87.906002,37.901824],[-87.892116,37.912986],[-87.769651,37.885234],[-87.714456,37.899604],[-87.67942,37.886366],[-87.664567,37.845541],[-87.643253,37.833038],[-87.615392,37.848936],[-87.587388,37.95569],[-87.561449,37.929059],[-87.518449,37.921566],[-87.457288,37.938101],[-87.372385,37.923478],[-87.209403,37.854846],[-87.141035,37.805243],[-87.093563,37.821283],[-87.044268,37.886443],[-86.96944,37.938046],[-86.86908,37.976135],[-86.770335,37.959777],[-86.673128,37.889036],[-86.599233,37.874797],[-86.548641,37.917062],[-86.499961,38.047502],[-86.462542,38.061763],[-86.448336,38.085966],[-86.457378,38.120155],[-86.429627,38.139689],[-86.365137,38.1446],[-86.361445,38.178987],[-86.3146,38.163771],[-86.267622,38.082582],[-86.207527,38.036571],[-86.103442,37.991868],[-86.021331,37.984353],[-85.961159,38.014016],[-85.905678,38.090909],[-85.854932,38.215033],[-85.788453,38.285214],[-85.706287,38.301353],[-85.646422,38.347297],[-85.608904,38.423026],[-85.546326,38.484011],[-85.458677,38.530209],[-85.424828,38.596588],[-85.444779,38.683095],[-85.405426,38.729962],[-85.306747,38.737191],[-85.16989,38.690378],[-84.901241,38.769568],[-84.800739,38.819391],[-84.78962,38.868379],[-84.807451,38.899536],[-84.854165,38.912896],[-84.863888,38.933231],[-84.836598,38.960565],[-84.835488,38.99604],[-84.860603,39.039711],[-84.837422,39.082678],[-84.765901,39.124998],[-84.706948,39.128909],[-84.660542,39.094467],[-84.594547,39.085776],[-84.508865,39.102838],[-84.43006,39.090896],[-84.358022,39.049917],[-84.290435,38.974705],[-84.227285,38.865204],[-84.113236,38.798385],[-83.948386,38.774226],[-83.828086,38.731226],[-83.752269,38.669373],[-83.689878,38.649531],[-83.538387,38.69986],[-83.35697,38.627405],[-83.203469,38.638907],[-83.000068,38.713999],[-82.880438,38.710253],[-82.844623,38.627668],[-82.758226,38.541162],[-82.589498,38.420345],[-82.578413,38.272085],[-82.619546,38.182008],[-82.617711,38.149873],[-82.482195,37.983551],[-82.47189,37.938408],[-82.393876,37.828314],[-82.280244,37.687184],[-82.103463,37.570575],[-81.965277,37.539725]]],[[[-89.487221,36.503066],[-89.557313,36.501078],[-89.549645,36.553065],[-89.51952,36.554823],[-89.487221,36.503066]]]]}},{"type":"Feature","properties":{"adm0_a3":"USA","name":"Louisiana","name_en":"Louisiana","iso_3166_2":"US-LA","postal":"LA"},"geometry":{"type":"MultiPolygon","coordinates":[[[[-94.041307,33.011996],[-91.149958,33.015918],[-91.144179,32.966875],[-91.096081,32.937684],[-91.093378,32.885027],[-91.13606,32.808847],[-91.135587,32.755783],[-91.092082,32.725857],[-91.094356,32.69426],[-91.142421,32.661026],[-91.14965,32.625013],[-91.100816,32.541374],[-91.103815,32.490497],[-91.059276,32.423755],[-90.990019,32.381051],[-90.9447,32.330711],[-90.937647,32.277329],[-90.947721,32.240074],[-91.074591,32.131321],[-91.092543,32.045847],[-91.156527,31.970689],[-91.286496,31.883974],[-91.37253,31.773716],[-91.459091,31.554978],[-91.505728,31.518701],[-91.529008,31.448751],[-91.528953,31.345194],[-91.558693,31.287911],[-91.61825,31.276958],[-91.630807,31.217599],[-91.596365,31.109911],[-91.611043,31.0649],[-91.652615,31.029557],[-91.656449,31.001805],[-89.735314,31.001157],[-89.764933,30.886075],[-89.835366,30.730816],[-89.819997,30.611208],[-89.685766,30.462684],[-89.591657,30.223017],[-89.520861,30.192629],[-89.588482,30.165965],[-89.954249,30.268742],[-90.045216,30.351404],[-90.225282,30.379287],[-90.332003,30.277586],[-90.413061,30.140301],[-90.284982,30.065089],[-90.175338,30.029098],[-89.994196,30.059255],[-89.894044,30.125865],[-89.81224,30.12369],[-89.737434,30.171986],[-89.66755,30.14452],[-89.665067,30.117054],[-89.815185,30.007268],[-89.743817,29.929858],[-89.63168,29.903831],[-89.589514,29.915049],[-89.563389,30.002093],[-89.49445,30.058167],[-89.400736,30.04605],[-89.414052,30.010882],[-89.357846,29.921014],[-89.354462,29.820226],[-89.530661,29.772215],[-89.590888,29.725271],[-89.559313,29.698036],[-89.62065,29.674129],[-89.682942,29.674854],[-89.689215,29.646048],[-89.720878,29.619308],[-89.674801,29.538668],[-89.580341,29.486054],[-89.513676,29.42007],[-89.245686,29.333202],[-89.180779,29.335706],[-89.116828,29.248211],[-89.015753,29.202871],[-89.021378,29.142721],[-89.109511,29.098665],[-89.15551,29.016631],[-89.236095,29.08112],[-89.330556,28.998701],[-89.376149,28.981331],[-89.353539,29.070244],[-89.443144,29.194137],[-89.620265,29.302396],[-89.792377,29.333202],[-89.818283,29.416137],[-89.877246,29.458017],[-90.159068,29.537141],[-90.160792,29.504402],[-90.141259,29.479748],[-90.052335,29.431408],[-90.052797,29.336838],[-90.101367,29.181788],[-90.135864,29.136074],[-90.212802,29.104939],[-90.246706,29.131009],[-90.301615,29.255814],[-90.379201,29.295112],[-90.502511,29.299759],[-90.586249,29.271546],[-90.677501,29.15062],[-90.751022,29.130888],[-91.002763,29.19351],[-91.290132,29.288993],[-91.282716,29.320743],[-91.237497,29.330971],[-91.15076,29.317898],[-91.155385,29.350692],[-91.243979,29.457325],[-91.260238,29.505456],[-91.248845,29.564189],[-91.277729,29.562871],[-91.330924,29.513575],[-91.514198,29.555378],[-91.672467,29.74609],[-91.824386,29.750693],[-91.893172,29.836013],[-92.017328,29.800296],[-92.080214,29.760713],[-92.135475,29.699475],[-92.058878,29.617187],[-92.084037,29.59282],[-92.260824,29.55685],[-92.671317,29.597082],[-92.791332,29.634655],[-92.952408,29.714185],[-93.175705,29.778961],[-93.283189,29.789398],[-93.694842,29.769919],[-93.826463,29.725139],[-93.86574,29.755626],[-93.883878,29.810019],[-93.808814,29.850811],[-93.773081,29.914038],[-93.769049,29.952303],[-93.79401,29.977264],[-93.710629,30.112813],[-93.720967,30.282904],[-93.750394,30.344713],[-93.715205,30.473253],[-93.720215,30.558265],[-93.624721,30.714348],[-93.579194,30.823805],[-93.549196,30.947719],[-93.562654,31.004903],[-93.530591,31.04619],[-93.557749,31.180421],[-93.596992,31.209754],[-93.665882,31.322584],[-93.663657,31.372198],[-93.736057,31.477667],[-93.737578,31.513812],[-93.806902,31.568799],[-93.826798,31.75026],[-93.845585,31.792942],[-93.905065,31.876998],[-94.043301,31.999232],[-94.041307,33.011996]]],[[[-89.184679,30.168679],[-89.223955,30.084051],[-89.22044,30.037601],[-89.26945,30.060727],[-89.342003,30.062848],[-89.184679,30.168679]]],[[[-88.866867,30.056717],[-88.825888,30.000368],[-88.812583,29.933363],[-88.82747,29.80769],[-88.855661,29.775863],[-88.827986,29.928353],[-88.866867,30.056717]]],[[[-88.943584,29.660232],[-88.901155,29.732632],[-88.872656,29.752989],[-88.889301,29.712581],[-88.943584,29.660232]]],[[[-92.006649,29.610288],[-91.925032,29.643928],[-91.875231,29.640984],[-91.754315,29.566881],[-91.79369,29.500732],[-91.830846,29.486472],[-91.996234,29.57311],[-92.006649,29.610288]]]]}},{"type":"Feature","properties":{"adm0_a3":"USA","name":"Massachusetts","name_en":"Massachusetts","iso_3166_2":"US-MA","postal":"MA"},"geometry":{"type":"MultiPolygon","coordinates":[[[[-73.507287,42.080012],[-73.253327,42.752222],[-71.329621,42.702487],[-71.242335,42.729535],[-71.139294,42.808131],[-70.974082,42.871676],[-70.806112,42.876763],[-70.829051,42.825347],[-70.781337,42.72124],[-70.735678,42.669286],[-70.62398,42.671758],[-70.604139,42.649719],[-70.61295,42.623264],[-70.831171,42.552567],[-70.930444,42.431981],[-71.046174,42.331116],[-70.996724,42.299981],[-70.817944,42.264967],[-70.73826,42.228866],[-70.617696,42.040429],[-70.645239,42.021565],[-70.656148,41.987046],[-70.548922,41.938629],[-70.514677,41.803311],[-70.426677,41.7573],[-70.295467,41.728955],[-70.135012,41.769857],[-70.001407,41.826184],[-70.006109,41.872327],[-70.090034,41.979707],[-70.110238,42.030145],[-70.172585,42.062808],[-70.196228,42.035111],[-70.236536,42.071026],[-70.241085,42.091229],[-70.203489,42.101018],[-70.108941,42.078309],[-69.977896,41.961261],[-69.933841,41.710421],[-69.94864,41.677144],[-70.059514,41.677352],[-70.40466,41.626892],[-70.481356,41.582453],[-70.657126,41.534234],[-70.666453,41.710114],[-70.701126,41.714849],[-70.974246,41.548527],[-71.079792,41.53809],[-71.16854,41.489409],[-71.188414,41.516403],[-71.204278,41.641131],[-71.148731,41.74572],[-71.178339,41.744072],[-71.233765,41.706554],[-71.267889,41.75084],[-71.340728,41.797916],[-71.33763,41.891443],[-71.379071,41.902407],[-71.387135,42.016863],[-71.800836,42.011963],[-71.801638,42.022708],[-72.757624,42.034079],[-72.763326,42.011238],[-72.806458,42.00803],[-72.8077,42.034079],[-73.480568,42.055568],[-73.507287,42.080012]]],[[[-70.509898,41.376338],[-70.785314,41.327449],[-70.829183,41.359002],[-70.760485,41.373602],[-70.673715,41.448529],[-70.615993,41.457208],[-70.525356,41.41479],[-70.509898,41.376338]]],[[[-70.233076,41.286338],[-70.0627,41.328482],[-70.041199,41.397476],[-69.97794,41.265596],[-70.055097,41.249468],[-70.233076,41.286338]]]]}},{"type":"Feature","properties":{"adm0_a3":"USA","name":"Maryland","name_en":"Maryland","iso_3166_2":"US-MD","postal":"MD"},"geometry":{"type":"MultiPolygon","coordinates":[[[[-79.4775,39.722797],[-75.78472,39.722357],[-75.707025,38.455073],[-75.037661,38.45559],[-75.051251,38.383036],[-75.074355,38.365721],[-75.073399,38.410007],[-75.089747,38.42541],[-75.116751,38.406206],[-75.134242,38.384321],[-75.160005,38.255056],[-75.225428,38.24229],[-75.375963,38.024991],[-75.620002,37.999207],[-75.659256,37.953965],[-75.735161,37.973707],[-75.850814,37.971554],[-75.795344,38.086669],[-75.855626,38.140359],[-75.92807,38.169242],[-75.863921,38.26123],[-75.876764,38.318744],[-75.858702,38.362074],[-75.888827,38.355515],[-75.967401,38.291355],[-75.985715,38.331949],[-76.051216,38.279545],[-76.211671,38.361327],[-76.29487,38.494657],[-76.264175,38.599972],[-76.198388,38.618682],[-76.000942,38.60173],[-76.016927,38.625109],[-76.05695,38.621263],[-76.174987,38.706682],[-76.212967,38.758285],[-76.278314,38.772468],[-76.308098,38.722854],[-76.341178,38.709648],[-76.30032,38.818204],[-76.168132,38.852745],[-76.19105,38.915554],[-76.240818,38.943075],[-76.330664,38.908611],[-76.329598,38.952787],[-76.312756,39.009356],[-76.18571,38.990745],[-76.135195,39.082107],[-76.132943,39.122965],[-76.216845,39.063639],[-76.235698,39.191619],[-76.153125,39.315039],[-76.074364,39.368861],[-75.875984,39.375991],[-76.003106,39.410851],[-75.872929,39.510892],[-75.9704,39.504564],[-75.958919,39.58505],[-76.063004,39.561122],[-76.085064,39.526998],[-76.080725,39.470309],[-76.097259,39.433098],[-76.141369,39.403226],[-76.215813,39.379946],[-76.223042,39.420332],[-76.247662,39.438602],[-76.256814,39.352173],[-76.276369,39.322741],[-76.330818,39.403897],[-76.358976,39.324685],[-76.405689,39.303877],[-76.402778,39.252824],[-76.420883,39.224995],[-76.570407,39.269336],[-76.573923,39.254318],[-76.489383,39.158693],[-76.427607,39.126041],[-76.42006,39.073889],[-76.47308,39.030614],[-76.558553,39.06521],[-76.493778,38.945217],[-76.519508,38.898328],[-76.521112,38.7883],[-76.536877,38.742618],[-76.501314,38.532175],[-76.394088,38.368973],[-76.438736,38.361536],[-76.572429,38.435792],[-76.646894,38.538525],[-76.677326,38.611958],[-76.668548,38.537515],[-76.641983,38.454348],[-76.408766,38.268262],[-76.332905,38.140776],[-76.341178,38.087031],[-76.454425,38.173538],[-76.593589,38.228315],[-76.769161,38.262933],[-76.868115,38.390298],[-76.867752,38.337146],[-76.889747,38.29208],[-76.988393,38.393879],[-77.001181,38.445251],[-77.076712,38.441758],[-77.155902,38.397109],[-77.23252,38.407711],[-77.241584,38.494811],[-77.220919,38.540953],[-77.134929,38.650125],[-77.053894,38.705803],[-77.018188,38.777742],[-77.030361,38.889253],[-77.019737,38.806526],[-76.931242,38.88822],[-77.042116,39.011783],[-77.122053,38.943536],[-77.1903,38.969047],[-77.301086,39.053378],[-77.480921,39.112957],[-77.506454,39.14262],[-77.478856,39.220864],[-77.53415,39.265612],[-77.668821,39.309535],[-77.739045,39.354337],[-77.762358,39.429242],[-77.791703,39.441777],[-77.797438,39.461465],[-77.779585,39.488337],[-77.872167,39.575778],[-77.855423,39.599706],[-77.955707,39.608803],[-78.027195,39.631226],[-78.097782,39.677885],[-78.181135,39.68574],[-78.406761,39.627864],[-78.442698,39.601464],[-78.460265,39.556134],[-78.495542,39.533348],[-78.574962,39.532854],[-78.677673,39.54952],[-78.741669,39.577898],[-78.753402,39.589522],[-78.746459,39.613702],[-78.77777,39.626622],[-78.814794,39.570087],[-78.971481,39.453643],[-79.075345,39.475989],[-79.293556,39.311578],[-79.487981,39.210911],[-79.4775,39.722797]]],[[[-75.097888,38.298079],[-75.13623,38.180536],[-75.225791,38.040339],[-75.252476,38.03745],[-75.097888,38.298079]]]]}},{"type":"Feature","properties":{"adm0_a3":"USA","name":"Maine","name_en":"Maine","iso_3166_2":"US-ME","postal":"ME"},"geometry":{"type":"MultiPolygon","coordinates":[[[[-70.733096,43.070034],[-70.812835,43.163649],[-70.829029,43.23907],[-70.919699,43.328103],[-70.955635,43.389396],[-70.967545,43.458148],[-71.084549,45.294008],[-70.999877,45.337228],[-70.960184,45.333097],[-70.89799,45.262455],[-70.865053,45.270695],[-70.836829,45.310696],[-70.837818,45.366177],[-70.79919,45.404772],[-70.710948,45.409474],[-70.689788,45.428338],[-70.70741,45.498925],[-70.702214,45.551385],[-70.596383,45.643988],[-70.421096,45.73824],[-70.407868,45.801906],[-70.296247,45.906089],[-70.28715,45.939158],[-70.306431,45.979829],[-70.30452,46.057393],[-70.248292,46.250873],[-70.17966,46.341818],[-70.067215,46.441046],[-70.00768,46.708937],[-69.242878,47.462995],[-69.050222,47.426619],[-69.064284,47.338146],[-69.048574,47.273656],[-69.00309,47.236446],[-68.937183,47.211254],[-68.828715,47.203322],[-68.376902,47.316151],[-68.358017,47.344529],[-68.235497,47.345946],[-68.096795,47.274843],[-67.806789,47.082813],[-67.78464,45.952803],[-67.767051,45.926985],[-67.782289,45.874174],[-67.775258,45.81788],[-67.802241,45.727517],[-67.755318,45.686461],[-67.595742,45.62073],[-67.43265,45.603108],[-67.413863,45.56559],[-67.424432,45.530401],[-67.48779,45.501045],[-67.493657,45.474074],[-67.427947,45.377954],[-67.472541,45.275891],[-67.36694,45.173784],[-67.315294,45.153833],[-67.249584,45.200778],[-67.124835,45.169445],[-67.130372,45.139002],[-67.102258,45.08774],[-67.08045,44.98917],[-67.113936,44.94439],[-67.106729,44.885042],[-67.014015,44.867749],[-66.987022,44.827704],[-67.191247,44.675565],[-67.364073,44.696857],[-67.457786,44.656526],[-67.556004,44.644771],[-67.59907,44.576787],[-67.652991,44.562395],[-67.790485,44.585675],[-67.839056,44.576249],[-67.907017,44.45362],[-67.962696,44.464309],[-67.984888,44.420188],[-68.056618,44.384318],[-68.117285,44.490644],[-68.152034,44.502014],[-68.198265,44.515242],[-68.277432,44.507365],[-68.373749,44.445138],[-68.450599,44.507595],[-68.521417,44.380242],[-68.514473,44.303909],[-68.532535,44.258645],[-68.572349,44.27084],[-68.612032,44.310523],[-68.72329,44.342306],[-68.811917,44.339362],[-68.793889,44.381736],[-68.710118,44.442556],[-68.794943,44.454499],[-68.765511,44.509793],[-68.76272,44.570767],[-68.800217,44.549398],[-68.84737,44.485041],[-68.961474,44.433855],[-68.956168,44.348096],[-69.063559,44.172348],[-69.06836,44.097564],[-69.226058,43.986459],[-69.344545,44.000928],[-69.434952,43.956312],[-69.480875,43.905072],[-69.520733,43.897371],[-69.556702,43.982768],[-69.58998,43.886571],[-69.623939,43.880628],[-69.652877,43.993875],[-69.699129,43.955016],[-69.729847,43.851997],[-69.762015,43.860709],[-69.772276,43.89903],[-69.795292,43.910631],[-69.791601,43.805228],[-69.808344,43.772313],[-69.872526,43.819544],[-69.974326,43.78787],[-69.965229,43.855106],[-70.062359,43.834639],[-70.178814,43.76637],[-70.269243,43.671909],[-70.202578,43.626118],[-70.520698,43.348823],[-70.642327,43.134425],[-70.733096,43.070034]]],[[[-68.411707,44.294351],[-68.409488,44.364268],[-68.347042,44.430362],[-68.299438,44.456509],[-68.238046,44.438404],[-68.190893,44.364378],[-68.187256,44.332484],[-68.24544,44.313006],[-68.30926,44.321509],[-68.315104,44.249702],[-68.411707,44.294351]]],[[[-68.623194,44.196067],[-68.661174,44.17627],[-68.701713,44.182675],[-68.703032,44.232003],[-68.67673,44.256217],[-68.623194,44.196067]]]]}},{"type":"Feature","properties":{"adm0_a3":"USA","name":"Michigan","name_en":"Michigan","iso_3166_2":"US-MI","postal":"MI"},"geometry":{"type":"Polygon","coordinates":[[[-83.121665,41.95],[-83.464197,41.739447],[-84.796113,41.701434],[-84.796399,41.759728],[-87.221257,41.760728],[-87.039126,42.492802],[-87.15501,43.326763],[-87.141727,43.657803],[-87.03249,44.091466],[-86.7147,44.846205],[-86.535952,45.041487],[-86.264524,45.226903],[-86.77429,45.452365],[-87.115272,45.452365],[-87.244384,45.289789],[-87.419802,45.183859],[-87.45954,45.067997],[-87.653613,45.121797],[-87.71885,45.201272],[-87.720916,45.242768],[-87.66271,45.345193],[-87.664226,45.371286],[-87.696394,45.382832],[-87.84182,45.360794],[-87.874911,45.385392],[-87.859135,45.445498],[-87.815178,45.505824],[-87.814662,45.563239],[-87.794557,45.596033],[-87.809081,45.686044],[-87.922537,45.759971],[-88.116116,45.815804],[-88.096483,45.878415],[-88.104415,45.905155],[-88.151745,45.945409],[-88.492991,46.013524],[-88.837335,46.036618],[-89.119289,46.149195],[-90.11855,46.341664],[-90.23038,46.509766],[-90.318227,46.536639],[-90.34088,46.558446],[-90.39234,46.548965],[-90.412588,46.585275],[-89.498383,47.997897],[-89.273174,48.019969],[-88.611764,48.264008],[-88.378195,48.303097],[-88.160665,48.225402],[-86.428572,47.540075],[-84.875973,46.899901],[-84.779414,46.637284],[-84.561753,46.457372],[-84.501581,46.461866],[-84.401715,46.515611],[-84.192173,46.549558],[-84.14948,46.542769],[-84.125222,46.527234],[-84.150469,46.444793],[-84.11517,46.370811],[-84.088407,46.226527],[-83.977786,46.084914],[-83.913043,46.072895],[-83.763201,46.109073],[-83.615951,46.116829],[-83.480149,46.023753],[-83.46947,45.994683],[-83.592693,45.817155],[-82.551079,45.347357],[-82.13785,43.570879],[-82.408191,43.072638],[-82.488347,42.739511],[-82.545322,42.624682],[-82.744197,42.493483],[-82.867749,42.385213],[-83.073138,42.30031],[-83.109525,42.250707],[-83.149669,42.14192],[-83.141946,41.975862],[-83.121665,41.95]]]}},{"type":"Feature","properties":{"adm0_a3":"USA","name":"Minnesota","name_en":"Minnesota","iso_3166_2":"US-MN","postal":"MN"},"geometry":{"type":"Polygon","coordinates":[[[-89.498383,47.997897],[-89.957677,47.287137],[-90.654024,47.309098],[-91.468363,46.925093],[-91.964923,46.729778],[-92.125346,46.763012],[-92.224003,46.671023],[-92.291646,46.660718],[-92.292629,46.084375],[-92.367276,46.035981],[-92.424613,46.027807],[-92.693949,45.909012],[-92.738081,45.874668],[-92.786448,45.795501],[-92.874712,45.706094],[-92.89652,45.658578],[-92.892488,45.594759],[-92.757461,45.543244],[-92.707022,45.493761],[-92.682605,45.433095],[-92.685808,45.380536],[-92.753918,45.277572],[-92.76614,45.236461],[-92.759059,45.11058],[-92.79304,45.071359],[-92.763404,44.934261],[-92.799214,44.790032],[-92.769809,44.72585],[-92.643538,44.645342],[-92.537031,44.600792],[-92.441587,44.586576],[-92.366941,44.552266],[-92.313091,44.497796],[-92.240307,44.462145],[-92.148582,44.445248],[-92.055121,44.39982],[-91.912299,44.288869],[-91.840976,44.194156],[-91.716435,44.126458],[-91.382692,43.990799],[-91.319916,43.936284],[-91.278432,43.797428],[-91.245253,43.502412],[-96.453619,43.501171],[-96.453668,45.297337],[-96.529759,45.371549],[-96.696109,45.431776],[-96.81491,45.557427],[-96.85106,45.626004],[-96.614689,45.799972],[-96.556401,45.942773],[-96.57048,46.019237],[-96.560845,46.138241],[-96.61743,46.327096],[-96.730859,46.472775],[-96.786647,46.648216],[-96.795997,46.797091],[-96.770135,46.919666],[-96.818299,46.974136],[-96.825325,47.018861],[-96.847517,47.373335],[-96.862947,47.423927],[-96.858707,47.588338],[-96.988005,47.820336],[-97.007434,47.925607],[-97.078516,48.04337],[-97.125927,48.173393],[-97.143961,48.536755],[-97.128047,48.681115],[-97.225738,48.993182],[-95.162044,48.991764],[-95.155298,49.369672],[-94.93934,49.349413],[-94.854333,49.304589],[-94.842605,49.119173],[-94.803461,49.002948],[-94.71256,48.863016],[-94.705095,48.808523],[-94.620885,48.742605],[-94.055182,48.659021],[-93.851628,48.607287],[-93.803546,48.548949],[-93.70774,48.525461],[-93.463618,48.561276],[-93.377886,48.616537],[-93.257943,48.628864],[-92.996254,48.611813],[-92.732654,48.531822],[-92.500578,48.43534],[-92.414588,48.276587],[-92.34844,48.276587],[-92.298677,48.328882],[-92.171785,48.338396],[-92.005155,48.301834],[-91.8584,48.197574],[-91.518307,48.058311],[-91.38724,48.058542],[-91.220655,48.104607],[-91.043478,48.193695],[-90.916048,48.209153],[-90.840319,48.200518],[-90.797318,48.131062],[-90.744408,48.104607],[-90.320138,48.09918],[-90.091776,48.118099],[-89.993646,48.01531],[-89.901043,47.995469],[-89.77537,48.01531],[-89.498383,47.997897]]]}},{"type":"Feature","properties":{"adm0_a3":"USA","name":"Missouri","name_en":"Missouri","iso_3166_2":"US-MO","postal":"MO"},"geometry":{"type":"Polygon","coordinates":[[[-95.765029,40.601868],[-91.73153,40.624653],[-91.682047,40.551869],[-91.627423,40.530753],[-91.616855,40.50688],[-91.545487,40.469318],[-91.529931,40.432316],[-91.441952,40.37945],[-91.499784,40.226025],[-91.501652,40.097529],[-91.425868,39.826815],[-91.378737,39.749406],[-91.209899,39.602804],[-90.919376,39.386901],[-90.737223,39.181797],[-90.663527,38.987493],[-90.577075,38.909611],[-90.477968,38.948118],[-90.220075,38.897679],[-90.134206,38.84667],[-90.132195,38.818644],[-90.316601,38.457809],[-90.373993,38.309757],[-90.365775,38.254254],[-90.299,38.173999],[-90.173581,38.069047],[-89.822963,37.884092],[-89.623286,37.747257],[-89.523421,37.644524],[-89.523421,37.575947],[-89.461974,37.434125],[-89.461974,37.36568],[-89.502931,37.300509],[-89.486913,37.212739],[-89.35188,37.035519],[-89.290016,37.012777],[-89.291675,37.070653],[-89.272394,37.07998],[-89.154313,36.992112],[-89.122486,36.911593],[-89.129517,36.811057],[-89.156334,36.715718],[-89.203048,36.62552],[-89.256123,36.594407],[-89.330534,36.615907],[-89.397462,36.587793],[-89.451823,36.497518],[-89.471488,36.488883],[-89.51952,36.554823],[-89.549645,36.553065],[-89.560038,36.513097],[-89.540603,36.426667],[-89.55527,36.372922],[-89.604093,36.351916],[-89.611707,36.321968],[-89.583549,36.272233],[-89.654081,36.247964],[-89.674549,36.220575],[-89.63413,36.167917],[-89.641886,36.104515],[-89.704772,36.001573],[-90.381068,35.99274],[-90.303043,36.099374],[-90.216164,36.178409],[-90.149279,36.215928],[-90.075659,36.296721],[-90.074473,36.371835],[-90.162243,36.500869],[-94.61838,36.500869],[-94.622384,39.124404],[-94.777852,39.193992],[-94.847203,39.259152],[-94.882294,39.343131],[-94.952518,39.426375],[-95.057937,39.508959],[-95.075356,39.597377],[-95.004764,39.691552],[-94.945827,39.739485],[-94.898597,39.741144],[-94.893296,39.781815],[-94.929936,39.861499],[-94.984016,39.891162],[-95.116203,39.87209],[-95.362467,40.01032],[-95.434296,40.09598],[-95.463652,40.198065],[-95.52122,40.264577],[-95.607106,40.29547],[-95.66157,40.362761],[-95.684696,40.466362],[-95.765029,40.601868]]]}},{"type":"Feature","properties":{"adm0_a3":"USA","name":"Mississippi","name_en":"Mississippi","iso_3166_2":"US-MS","postal":"MS"},"geometry":{"type":"MultiPolygon","coordinates":[[[[-88.084772,34.933109],[-88.48619,31.890511],[-88.399585,30.370805],[-88.692096,30.355359],[-88.819889,30.406489],[-88.905209,30.415146],[-89.223637,30.332364],[-89.320536,30.345328],[-89.443495,30.223138],[-89.520861,30.192629],[-89.591657,30.223017],[-89.685766,30.462684],[-89.819997,30.611208],[-89.835366,30.730816],[-89.764933,30.886075],[-89.735314,31.001157],[-91.656449,31.001805],[-91.652615,31.029557],[-91.611043,31.0649],[-91.596365,31.109911],[-91.630807,31.217599],[-91.61825,31.276958],[-91.558693,31.287911],[-91.528953,31.345194],[-91.529008,31.448751],[-91.505728,31.518701],[-91.459091,31.554978],[-91.37253,31.773716],[-91.286496,31.883974],[-91.156527,31.970689],[-91.092543,32.045847],[-91.074591,32.131321],[-90.947721,32.240074],[-90.937647,32.277329],[-90.9447,32.330711],[-90.990019,32.381051],[-91.059276,32.423755],[-91.103815,32.490497],[-91.100816,32.541374],[-91.14965,32.625013],[-91.142421,32.661026],[-91.094356,32.69426],[-91.092082,32.725857],[-91.135587,32.755783],[-91.13606,32.808847],[-91.093378,32.885027],[-91.096081,32.937684],[-91.144179,32.966875],[-91.152858,33.040571],[-91.106781,33.217923],[-91.163339,33.294454],[-91.168459,33.35946],[-91.141015,33.438507],[-91.15433,33.500206],[-91.192958,33.52253],[-91.214579,33.583406],[-91.172721,33.616683],[-91.17037,33.647456],[-91.207482,33.675669],[-91.184125,33.71567],[-91.100299,33.767449],[-91.052707,33.827599],[-91.038183,33.901394],[-91.070175,33.9742],[-91.060353,33.989296],[-90.914729,34.048622],[-90.908786,34.071561],[-90.940251,34.128558],[-90.90972,34.188763],[-90.817215,34.25222],[-90.768117,34.308108],[-90.762338,34.356426],[-90.718107,34.391703],[-90.635424,34.413873],[-90.584008,34.503708],[-90.563848,34.661164],[-90.53925,34.72817],[-90.47476,34.760052],[-90.467575,34.805261],[-90.41595,34.851623],[-90.31994,34.899161],[-90.282104,34.945304],[-90.293705,35.001114],[-88.173267,34.999005],[-88.084772,34.933109]]],[[[-88.722847,30.264249],[-88.558107,30.215909],[-88.570653,30.204802],[-88.659236,30.225599],[-88.713102,30.244924],[-88.722847,30.264249]]]]}},{"type":"Feature","properties":{"adm0_a3":"USA","name":"Montana","name_en":"Montana","iso_3166_2":"US-MT","postal":"MT"},"geometry":{"type":"Polygon","coordinates":[[[-104.033927,48.993138],[-104.005478,45.00097],[-111.050862,45.001057],[-111.051434,44.498883],[-111.160934,44.555836],[-111.304081,44.723312],[-111.372525,44.74624],[-111.4481,44.711117],[-111.491046,44.624226],[-111.474506,44.564615],[-111.499857,44.54485],[-111.659302,44.559605],[-111.797098,44.539895],[-111.89208,44.554925],[-112.074211,44.547619],[-112.23131,44.560692],[-112.320036,44.53315],[-112.375385,44.470022],[-112.715928,44.498037],[-112.787142,44.463079],[-112.815514,44.405972],[-112.853856,44.398325],[-112.999689,44.48036],[-113.006379,44.539137],[-113.05428,44.605187],[-113.062706,44.665073],[-113.140709,44.765489],[-113.234269,44.809873],[-113.338891,44.808072],[-113.460796,44.90362],[-113.469294,44.929976],[-113.438136,44.993971],[-113.447129,45.029084],[-113.503582,45.109284],[-113.557404,45.140419],[-113.697112,45.304983],[-113.756097,45.44084],[-113.76615,45.502517],[-113.799614,45.540189],[-113.802273,45.601098],[-113.942651,45.681507],[-113.991924,45.69302],[-114.006393,45.658457],[-114.116619,45.579103],[-114.297641,45.487565],[-114.529233,45.575719],[-114.532617,45.633024],[-114.495796,45.685846],[-114.533699,45.78201],[-114.522537,45.815133],[-114.396787,45.89095],[-114.415903,45.982159],[-114.478306,46.035585],[-114.463578,46.109765],[-114.485359,46.158214],[-114.446599,46.199325],[-114.444248,46.270714],[-114.38022,46.453033],[-114.387042,46.499955],[-114.345805,46.550591],[-114.332061,46.601392],[-114.336868,46.659224],[-114.380917,46.667639],[-114.562999,46.650435],[-114.624006,46.677615],[-114.630648,46.718572],[-114.661623,46.745544],[-114.753689,46.734568],[-114.786066,46.776756],[-114.886937,46.844871],[-114.935694,46.922819],[-115.033516,46.990934],[-115.306675,47.231172],[-115.485994,47.311636],[-115.702468,47.437594],[-115.714454,47.45225],[-115.676887,47.470564],[-115.66968,47.497854],[-115.710862,47.552599],[-115.690867,47.606652],[-115.718382,47.68148],[-115.862149,47.842408],[-116.04901,48.00472],[-116.048494,48.993083],[-104.033927,48.993138]]]}},{"type":"Feature","properties":{"adm0_a3":"USA","name":"North Carolina","name_en":"North Carolina","iso_3166_2":"US-NC","postal":"NC"},"geometry":{"type":"MultiPolygon","coordinates":[[[[-84.32469,34.988096],[-84.286974,35.200846],[-84.261101,35.249581],[-84.128584,35.261413],[-84.062281,35.286012],[-84.003735,35.414069],[-83.871306,35.51489],[-83.722716,35.559901],[-83.511119,35.584082],[-83.284241,35.682058],[-83.120369,35.774618],[-82.990203,35.800447],[-82.949476,35.834526],[-82.887722,35.951728],[-82.812817,35.947444],[-82.700087,36.029841],[-82.611097,36.047364],[-82.588751,35.986951],[-82.553408,35.970987],[-82.294944,36.13397],[-82.182499,36.153789],[-82.100618,36.106526],[-82.051366,36.122862],[-81.908247,36.306411],[-81.80826,36.352718],[-81.734125,36.355454],[-81.704418,36.533993],[-81.65889,36.610579],[-81.641631,36.595077],[-75.966445,36.551362],[-75.992768,36.473799],[-75.978486,36.42915],[-75.924873,36.382997],[-75.866579,36.26786],[-75.820074,36.112832],[-75.883015,36.175696],[-76.147829,36.279286],[-76.150027,36.145758],[-76.27058,36.189912],[-76.227381,36.11604],[-76.321172,36.138155],[-76.383684,36.13353],[-76.424322,36.067975],[-76.478814,36.028193],[-76.559355,36.01535],[-76.67893,36.075314],[-76.717635,36.148076],[-76.733631,36.229155],[-76.726216,35.957595],[-76.611156,35.943642],[-76.358327,35.952893],[-76.206562,35.991213],[-76.069771,35.970306],[-76.060027,35.878658],[-76.08357,35.690539],[-76.045711,35.691155],[-76.001195,35.722191],[-75.978925,35.895951],[-75.85389,35.960155],[-75.81201,35.955738],[-75.772218,35.899873],[-75.744752,35.765466],[-75.773921,35.647001],[-75.965951,35.508397],[-76.10351,35.380297],[-76.173845,35.354149],[-76.390221,35.401247],[-76.489482,35.397018],[-76.51563,35.43647],[-76.532483,35.50843],[-76.577186,35.532303],[-76.611057,35.529667],[-76.634128,35.453213],[-76.741388,35.431482],[-76.887242,35.463111],[-77.039996,35.527392],[-76.974474,35.458409],[-76.595445,35.329704],[-76.512949,35.270433],[-76.607519,35.153],[-76.628031,35.07336],[-76.779137,34.990348],[-76.86104,35.004993],[-77.070274,35.154648],[-76.974957,35.025174],[-76.898657,34.970243],[-76.744969,34.940964],[-76.456754,34.989337],[-76.362206,34.936504],[-76.516871,34.777257],[-76.707066,34.752142],[-76.733192,34.706999],[-77.049499,34.697364],[-77.133918,34.707933],[-77.251769,34.615637],[-77.29623,34.602948],[-77.358369,34.620262],[-77.412268,34.730796],[-77.412949,34.592126],[-77.379792,34.526626],[-77.517671,34.45138],[-77.750757,34.284993],[-77.860829,34.14918],[-77.927845,33.939736],[-77.926043,34.073165],[-77.953268,34.168977],[-77.97056,33.993426],[-78.013341,33.911809],[-78.405882,33.917566],[-78.564272,33.876664],[-79.653556,34.796791],[-80.784082,34.828629],[-80.79297,34.962772],[-80.933683,35.113669],[-81.045249,35.065615],[-81.046853,35.131083],[-81.087316,35.155714],[-82.392535,35.210931],[-82.743966,35.084061],[-82.777529,35.086643],[-83.09655,35.001642],[-84.32469,34.988096]]],[[[-75.889057,36.550505],[-75.857428,36.550582],[-75.757881,36.229232],[-75.534199,35.81908],[-75.728239,36.103713],[-75.809791,36.271046],[-75.889057,36.550505]]],[[[-75.717176,35.946125],[-75.648863,35.910387],[-75.635691,35.855895],[-75.650775,35.835592],[-75.717176,35.946125]]],[[[-75.503525,35.769158],[-75.478487,35.716478],[-75.456471,35.564164],[-75.464743,35.448642],[-75.509337,35.280332],[-75.54412,35.2401],[-75.678274,35.212843],[-75.690106,35.221566],[-75.536363,35.278618],[-75.487892,35.479514],[-75.481278,35.572118],[-75.503525,35.769158]]],[[[-75.781963,35.1902],[-75.963676,35.118844],[-75.984199,35.123074],[-75.86492,35.174127],[-75.781963,35.1902]]],[[[-76.207386,34.938899],[-76.528582,34.631501],[-76.437033,34.756328],[-76.25622,34.914718],[-76.207386,34.938899]]],[[[-76.546227,34.654858],[-76.607794,34.66357],[-76.673921,34.700155],[-76.622274,34.694552],[-76.546227,34.654858]]]]}},{"type":"Feature","properties":{"adm0_a3":"USA","name":"North Dakota","name_en":"North Dakota","iso_3166_2":"US-ND","postal":"ND"},"geometry":{"type":"Polygon","coordinates":[[[-104.033927,48.993138],[-97.225738,48.993182],[-97.128047,48.681115],[-97.143961,48.536755],[-97.125927,48.173393],[-97.078516,48.04337],[-97.007434,47.925607],[-96.988005,47.820336],[-96.858707,47.588338],[-96.862947,47.423927],[-96.847517,47.373335],[-96.825325,47.018861],[-96.818299,46.974136],[-96.770135,46.919666],[-96.795997,46.797091],[-96.786647,46.648216],[-96.730859,46.472775],[-96.61743,46.327096],[-96.598567,46.271857],[-96.560845,46.138241],[-96.57048,46.019237],[-96.556401,45.942773],[-104.011087,45.943058],[-104.033927,48.993138]]]}},{"type":"Feature","properties":{"adm0_a3":"USA","name":"Nebraska","name_en":"Nebraska","iso_3166_2":"US-NE","postal":"NE"},"geometry":{"type":"Polygon","coordinates":[[[-104.028862,43.001403],[-98.441765,43.001095],[-98.143283,42.852263],[-97.964947,42.805868],[-97.880918,42.849583],[-97.698139,42.874643],[-97.416658,42.881004],[-97.23879,42.860536],[-97.164478,42.813196],[-96.804527,42.701421],[-96.675542,42.637601],[-96.632778,42.568673],[-96.55795,42.524794],[-96.451004,42.505985],[-96.383751,42.417776],[-96.356104,42.260133],[-96.295333,42.132912],[-96.201384,42.036122],[-96.154203,41.965293],[-96.153763,41.920436],[-96.13123,41.872437],[-96.086637,41.821372],[-96.068806,41.734328],[-96.077771,41.611281],[-96.058627,41.54578],[-96.011397,41.537881],[-95.990957,41.52049],[-95.997367,41.493639],[-95.98158,41.473798],[-95.943567,41.460933],[-95.932977,41.425458],[-95.94972,41.367428],[-95.936025,41.330986],[-95.891943,41.316166],[-95.883626,41.287557],[-95.911169,41.245183],[-95.906906,41.21195],[-95.870887,41.187824],[-95.846597,41.080333],[-95.834017,40.88949],[-95.838148,40.777748],[-95.859,40.745108],[-95.684696,40.466362],[-95.66157,40.362761],[-95.607106,40.29547],[-95.52122,40.264577],[-95.463652,40.198065],[-95.434296,40.09598],[-95.34668,40.001487],[-102.024489,40.001124],[-102.025006,41.000628],[-104.021655,41.000858],[-104.028862,43.001403]]]}},{"type":"Feature","properties":{"adm0_a3":"USA","name":"New Hampshire","name_en":"New Hampshire","iso_3166_2":"US-NH","postal":"NH"},"geometry":{"type":"Polygon","coordinates":[[[-71.084549,45.294008],[-70.967545,43.458148],[-70.955635,43.389396],[-70.919699,43.328103],[-70.829029,43.23907],[-70.812835,43.163649],[-70.733096,43.070034],[-70.806112,42.876763],[-70.974082,42.871676],[-71.139294,42.808131],[-71.242335,42.729535],[-71.329621,42.702487],[-72.46686,42.730315],[-72.539622,42.829632],[-72.549807,42.886684],[-72.473715,43.038537],[-72.407072,43.332036],[-72.384957,43.52923],[-72.296693,43.714954],[-72.222381,43.790869],[-72.114924,43.965431],[-72.062233,44.11635],[-72.031208,44.300734],[-72.001776,44.329496],[-71.825511,44.37409],[-71.683007,44.45028],[-71.609289,44.514055],[-71.568442,44.607637],[-71.618287,44.727761],[-71.62066,44.771894],[-71.510225,44.908344],[-71.533483,44.987973],[-71.419017,45.200338],[-71.327292,45.290108],[-71.201619,45.260335],[-71.134647,45.262818],[-71.084549,45.294008]]]}},{"type":"Feature","properties":{"adm0_a3":"USA","name":"New Jersey","name_en":"New Jersey","iso_3166_2":"US-NJ","postal":"NJ"},"geometry":{"type":"MultiPolygon","coordinates":[[[[-74.923436,38.941141],[-74.954308,38.949952],[-74.897025,39.145465],[-75.050218,39.210834],[-75.136109,39.207867],[-75.231031,39.284266],[-75.35343,39.339824],[-75.524245,39.490172],[-75.523553,39.601848],[-75.421908,39.789714],[-75.353177,39.829738],[-75.15383,39.870486],[-75.074168,39.98348],[-74.909297,40.079545],[-74.734889,40.154504],[-74.976379,40.405828],[-75.034046,40.420374],[-75.097448,40.543135],[-75.189019,40.595814],[-75.192282,40.689868],[-75.174737,40.775518],[-75.111797,40.802105],[-75.075564,40.856267],[-75.123036,40.999002],[-75.031541,41.05178],[-74.912296,41.155271],[-74.812485,41.30151],[-74.699051,41.357299],[-73.910079,40.992256],[-73.927218,40.914242],[-74.025501,40.756379],[-74.187143,40.647988],[-74.226705,40.608009],[-74.26419,40.528633],[-74.241515,40.456266],[-74.049836,40.429833],[-73.998453,40.452157],[-73.957595,40.328363],[-74.028347,40.073008],[-74.079917,39.78811],[-74.064591,39.993115],[-74.09599,39.975988],[-74.176135,39.726598],[-74.256577,39.613856],[-74.330603,39.535886],[-74.407024,39.548806],[-74.389874,39.486843],[-74.428831,39.387186],[-74.474359,39.34256],[-74.517172,39.346845],[-74.578696,39.316105],[-74.602987,39.292561],[-74.604799,39.247528],[-74.794478,39.001907],[-74.923436,38.941141]]],[[[-74.106767,39.746439],[-74.133222,39.680785],[-74.250501,39.529371],[-74.25316,39.558485],[-74.106767,39.746439]]]]}},{"type":"Feature","properties":{"adm0_a3":"USA","name":"New Mexico","name_en":"New Mexico","iso_3166_2":"US-NM","postal":"NM"},"geometry":{"type":"Polygon","coordinates":[[[-109.04667,37.000846],[-103.000839,37.000846],[-103.000295,36.501232],[-103.042153,36.500616],[-103.065642,32.002748],[-106.668262,32.000946],[-106.566358,31.819529],[-106.445382,31.768398],[-108.211841,31.77933],[-108.21445,31.329428],[-109.047807,31.327879],[-109.04667,37.000846]]]}},{"type":"Feature","properties":{"adm0_a3":"USA","name":"Nevada","name_en":"Nevada","iso_3166_2":"US-NV","postal":"NV"},"geometry":{"type":"Polygon","coordinates":[[[-120.000809,42.000559],[-114.042593,42.001109],[-114.042879,36.181771],[-114.061924,36.175212],[-114.119437,36.076665],[-114.183207,36.030303],[-114.232146,36.031698],[-114.281573,36.060328],[-114.331545,36.116293],[-114.406087,36.148307],[-114.592975,36.14756],[-114.669144,36.12172],[-114.715759,36.084982],[-114.741362,36.013516],[-114.687101,35.917341],[-114.677076,35.729805],[-114.650126,35.683508],[-114.645166,35.630543],[-114.662063,35.545355],[-114.648528,35.475922],[-114.590987,35.352776],[-114.610543,34.991117],[-116.659592,36.589968],[-118.126272,37.69238],[-120.000062,39.000259],[-120.000809,42.000559]]]}},{"type":"Feature","properties":{"adm0_a3":"USA","name":"New York","name_en":"New York","iso_3166_2":"US-NY","postal":"NY"},"geometry":{"type":"MultiPolygon","coordinates":[[[[-79.762958,42.0009],[-79.762024,42.538977],[-79.036695,42.80232],[-78.939236,42.863744],[-78.915077,42.90914],[-78.946003,42.961303],[-79.026181,43.017322],[-79.029071,43.061762],[-79.066051,43.106102],[-79.059228,43.278061],[-79.171849,43.466575],[-78.720432,43.624932],[-76.819962,43.628788],[-76.464609,44.057595],[-76.248541,44.214129],[-76.185787,44.242232],[-76.151158,44.303942],[-75.875929,44.41698],[-75.79196,44.497049],[-75.401253,44.772278],[-75.179384,44.899379],[-74.996143,44.97012],[-74.856639,45.003925],[-73.352182,45.005419],[-73.345052,44.938864],[-73.365805,44.860366],[-73.348568,44.775299],[-73.372078,44.597332],[-73.309753,44.45964],[-73.320915,44.268874],[-73.38112,44.187432],[-73.426131,44.074855],[-73.374968,43.804152],[-73.415925,43.589644],[-73.391436,43.578526],[-73.330484,43.62669],[-73.247098,43.553048],[-73.266555,42.864777],[-73.2802,42.813152],[-73.253327,42.752222],[-73.507287,42.080012],[-73.480568,42.055568],[-73.544729,41.295951],[-73.484139,41.218959],[-73.723015,41.104514],[-73.630466,40.99186],[-73.779001,40.878405],[-73.851247,40.831405],[-73.910672,40.816112],[-73.987082,40.751392],[-73.90675,40.912462],[-73.871967,41.055164],[-73.882251,41.170586],[-73.925328,41.218058],[-73.969954,41.249732],[-73.917649,41.135781],[-73.910079,40.992256],[-74.699051,41.357299],[-74.75662,41.423909],[-74.935367,41.474369],[-75.02273,41.552866],[-75.051361,41.608369],[-75.066906,41.713212],[-75.053679,41.765045],[-75.094768,41.799487],[-75.095537,41.83171],[-75.238864,41.892201],[-75.273977,41.94666],[-75.351342,41.998417],[-79.762958,42.0009]]],[[[-71.903206,41.060701],[-72.555542,40.82578],[-73.194287,40.654207],[-73.265522,40.663567],[-73.620897,40.599901],[-73.899565,40.570524],[-73.801325,40.621786],[-73.799183,40.640979],[-73.822672,40.655964],[-73.875175,40.651625],[-73.928997,40.598814],[-74.014911,40.581213],[-74.032038,40.638683],[-73.964571,40.725343],[-73.879262,40.791668],[-73.695208,40.870033],[-73.652241,40.838019],[-73.642837,40.881228],[-73.573798,40.919625],[-73.372705,40.943806],[-73.278156,40.924196],[-73.185838,40.929854],[-73.033776,40.965977],[-72.625118,40.991838],[-72.372575,41.125553],[-72.274138,41.153041],[-72.580887,40.921328],[-72.516573,40.914813],[-72.287442,41.024083],[-72.183852,41.046792],[-72.151245,41.051472],[-72.101894,41.01502],[-71.903206,41.060701]]],[[[-74.235879,40.518712],[-74.188154,40.614601],[-74.100483,40.658447],[-74.068755,40.649307],[-74.079708,40.586465],[-74.138518,40.541838],[-74.235879,40.518712]]]]}},{"type":"Feature","properties":{"adm0_a3":"USA","name":"Ohio","name_en":"Ohio","iso_3166_2":"US-OH","postal":"OH"},"geometry":{"type":"Polygon","coordinates":[[[-84.796113,41.701434],[-83.464197,41.739447],[-83.121665,41.95],[-83.029962,41.832974],[-82.690012,41.675177],[-82.439073,41.67487],[-81.277643,42.209179],[-80.520762,42.324392],[-80.519081,40.646956],[-80.637524,40.603263],[-80.659047,40.562976],[-80.623187,40.51156],[-80.604093,40.445203],[-80.601819,40.363893],[-80.872192,39.735508],[-80.874313,39.664294],[-80.963291,39.57113],[-81.262504,39.386538],[-81.333354,39.362819],[-81.392417,39.364829],[-81.439647,39.392559],[-81.492722,39.373618],[-81.551631,39.308041],[-81.606464,39.274137],[-81.657209,39.271973],[-81.700594,39.229467],[-81.770665,39.098828],[-81.802602,39.086062],[-81.780124,38.946975],[-81.843757,38.934319],[-81.896678,38.893549],[-81.949797,38.989327],[-82.001092,39.011102],[-82.072273,38.962949],[-82.203527,38.768228],[-82.180071,38.637589],[-82.202494,38.605839],[-82.252317,38.594083],[-82.290868,38.552017],[-82.318147,38.479672],[-82.387064,38.43399],[-82.497543,38.414973],[-82.621282,38.450679],[-82.758226,38.541162],[-82.844623,38.627668],[-82.880438,38.710253],[-83.000068,38.713999],[-83.203469,38.638907],[-83.35697,38.627405],[-83.538387,38.69986],[-83.689878,38.649531],[-83.752269,38.669373],[-83.828086,38.731226],[-83.948386,38.774226],[-84.113236,38.798385],[-84.227285,38.865204],[-84.290435,38.974705],[-84.358022,39.049917],[-84.43006,39.090896],[-84.508865,39.102838],[-84.594547,39.085776],[-84.660542,39.094467],[-84.706948,39.128909],[-84.765901,39.124998],[-84.821711,39.091984],[-84.796113,41.701434]]]}},{"type":"Feature","properties":{"adm0_a3":"USA","name":"Oklahoma","name_en":"Oklahoma","iso_3166_2":"US-OK","postal":"OK"},"geometry":{"type":"Polygon","coordinates":[[[-103.000839,37.000846],[-94.618067,37.000846],[-94.61838,36.500869],[-94.439138,35.387251],[-94.484149,33.648434],[-94.709198,33.699289],[-94.869374,33.768196],[-94.962389,33.843408],[-95.21586,33.959039],[-95.238031,33.956479],[-95.276016,33.910622],[-95.373888,33.874269],[-95.523494,33.886562],[-95.594471,33.945163],[-95.763166,33.891473],[-95.783914,33.864502],[-95.863082,33.863304],[-95.941579,33.882838],[-96.139344,33.821963],[-96.207272,33.774062],[-96.278562,33.757627],[-96.315048,33.711122],[-96.41114,33.775205],[-96.487204,33.7923],[-96.59159,33.849275],[-96.606345,33.905635],[-96.648538,33.906382],[-96.694016,33.863799],[-96.746283,33.854186],[-96.847572,33.883179],[-96.889996,33.934617],[-96.934051,33.95348],[-96.977694,33.938033],[-97.02159,33.866512],[-97.063838,33.8568],[-97.061229,33.8285],[-97.09895,33.750442],[-97.145071,33.737687],[-97.201013,33.808164],[-97.186182,33.870083],[-97.194762,33.890616],[-97.214938,33.897109],[-97.264679,33.867776],[-97.308163,33.869226],[-97.398492,33.831323],[-97.430171,33.838508],[-97.481565,33.885705],[-97.571247,33.91594],[-97.605925,33.971651],[-97.640933,33.991669],[-97.842422,33.875785],[-97.92159,33.878367],[-97.946238,33.897076],[-97.951072,33.971212],[-98.069383,34.040305],[-98.098635,34.145027],[-98.355978,34.141511],[-98.453674,34.078131],[-98.608395,34.161275],[-98.730118,34.146576],[-98.96884,34.208605],[-99.157508,34.223282],[-99.186578,34.235477],[-99.19991,34.318314],[-99.252875,34.388077],[-99.360387,34.456094],[-99.38465,34.446788],[-99.404986,34.392065],[-99.536168,34.404744],[-99.632029,34.388495],[-99.867027,34.543369],[-99.999341,34.586721],[-100.002444,36.500902],[-103.000295,36.501232],[-103.000839,37.000846]]]}},{"type":"Feature","properties":{"adm0_a3":"USA","name":"Oregon","name_en":"Oregon","iso_3166_2":"US-OR","postal":"OR"},"geometry":{"type":"Polygon","coordinates":[[[-116.477043,45.641088],[-116.549157,45.456737],[-116.839553,44.98516],[-116.855857,44.90574],[-116.948955,44.770114],[-117.118919,44.578314],[-117.201701,44.436206],[-117.197312,44.3438],[-117.139744,44.290264],[-117.028952,44.275542],[-116.95319,44.245308],[-116.91242,44.199473],[-116.91131,44.157406],[-116.949779,44.119009],[-116.960683,44.079118],[-116.943967,44.037677],[-116.957634,43.964135],[-117.020498,43.813194],[-117.016675,42.000559],[-124.228409,42.000768],[-124.355273,42.122881],[-124.420515,42.381005],[-124.406173,42.583681],[-124.443795,42.670209],[-124.539629,42.812866],[-124.498573,42.936858],[-124.454441,43.012367],[-124.346588,43.341649],[-124.320595,43.368203],[-124.275485,43.367379],[-124.196938,43.423344],[-124.23316,43.436363],[-124.287987,43.409699],[-124.184353,43.651552],[-124.148719,43.691729],[-124.130663,44.055662],[-124.099165,44.333781],[-124.047464,44.425506],[-124.065443,44.520076],[-124.044541,44.648231],[-124.059192,44.777727],[-123.948603,45.40085],[-123.9631,45.476084],[-123.929355,45.576961],[-123.961216,45.842995],[-123.947131,46.140592],[-123.989302,46.219397],[-123.962946,46.225451],[-123.911684,46.182198],[-123.67361,46.182604],[-123.521631,46.22266],[-123.466358,46.209433],[-123.402281,46.154962],[-123.321564,46.144009],[-123.120904,46.178781],[-123.042275,46.160027],[-122.941997,46.114862],[-122.843373,45.978094],[-122.725913,45.67375],[-122.649849,45.627443],[-122.202535,45.591067],[-122.085124,45.602647],[-121.882014,45.689461],[-121.662519,45.718135],[-121.402121,45.71184],[-121.242698,45.687033],[-121.184278,45.64378],[-121.045241,45.639044],[-120.351432,45.725166],[-120.156046,45.762168],[-119.934276,45.837875],[-119.429113,45.93417],[-119.177345,45.94508],[-119.002421,46.00055],[-116.896479,46.002099],[-116.869194,45.958483],[-116.764725,45.87291],[-116.616827,45.79917],[-116.520917,45.721914],[-116.477043,45.641088]]]}},{"type":"Feature","properties":{"adm0_a3":"USA","name":"Pennsylvania","name_en":"Pennsylvania","iso_3166_2":"US-PA","postal":"PA"},"geometry":{"type":"Polygon","coordinates":[[[-80.519443,39.722511],[-80.520762,42.324392],[-80.247576,42.365997],[-79.762024,42.538977],[-79.762958,42.0009],[-75.351342,41.998417],[-75.273977,41.94666],[-75.238864,41.892201],[-75.095537,41.83171],[-75.094768,41.799487],[-75.053679,41.765045],[-75.066906,41.713212],[-75.051361,41.608369],[-74.981257,41.507702],[-74.935367,41.474369],[-74.75662,41.423909],[-74.699051,41.357299],[-74.812485,41.30151],[-74.912296,41.155271],[-75.031541,41.05178],[-75.123036,40.999002],[-75.075564,40.856267],[-75.111797,40.802105],[-75.174737,40.775518],[-75.192282,40.689868],[-75.189019,40.595814],[-75.097448,40.543135],[-75.034046,40.420374],[-74.976379,40.405828],[-74.734889,40.154504],[-75.023532,40.01745],[-75.172924,39.894777],[-75.320877,39.864696],[-75.421029,39.815422],[-75.510446,39.843438],[-75.634581,39.839482],[-75.709145,39.802898],[-75.78472,39.722357],[-80.519443,39.722511]]]}},{"type":"Feature","properties":{"adm0_a3":"USA","name":"Rhode Island","name_en":"Rhode Island","iso_3166_2":"US-RI","postal":"RI"},"geometry":{"type":"MultiPolygon","coordinates":[[[[-71.842353,41.335513],[-71.829873,41.392741],[-71.804527,41.416746],[-71.795793,41.519951],[-71.800836,42.011963],[-71.387135,42.016863],[-71.379071,41.902407],[-71.33763,41.891443],[-71.340728,41.797916],[-71.267889,41.75084],[-71.233765,41.706554],[-71.271075,41.681231],[-71.330599,41.762255],[-71.390156,41.795335],[-71.363679,41.702731],[-71.426542,41.633297],[-71.443802,41.453693],[-71.52286,41.378975],[-71.769283,41.33091],[-71.842353,41.335513]]],[[[-71.232052,41.654303],[-71.241379,41.491969],[-71.290938,41.464602],[-71.346232,41.469403],[-71.318151,41.506306],[-71.280194,41.620048],[-71.232052,41.654303]]],[[[-71.393078,41.466745],[-71.403383,41.51504],[-71.383981,41.570532],[-71.364316,41.571807],[-71.354472,41.542297],[-71.36536,41.485267],[-71.393078,41.466745]]]]}},{"type":"Feature","properties":{"adm0_a3":"USA","name":"South Carolina","name_en":"South Carolina","iso_3166_2":"US-SC","postal":"SC"},"geometry":{"type":"Polygon","coordinates":[[[-83.316716,34.805657],[-83.1704,34.932911],[-83.121357,35.000554],[-82.743966,35.084061],[-82.392535,35.210931],[-81.087316,35.155714],[-81.046853,35.131083],[-81.045249,35.065615],[-80.933683,35.113669],[-80.79297,34.962772],[-80.784082,34.828629],[-79.653556,34.796791],[-78.564272,33.876664],[-78.841435,33.724097],[-78.920295,33.658695],[-79.138187,33.405921],[-79.193822,33.244148],[-79.23836,33.312153],[-79.226473,33.404889],[-79.281328,33.315438],[-79.229242,33.185129],[-79.276011,33.135394],[-79.419931,33.042527],[-79.587121,33.000877],[-79.614928,32.909263],[-79.804991,32.78738],[-79.933103,32.810034],[-79.89364,32.728702],[-79.940727,32.667157],[-80.021752,32.619894],[-80.229668,32.576509],[-80.268351,32.537342],[-80.362844,32.500725],[-80.572233,32.533695],[-80.634195,32.511733],[-80.530012,32.475379],[-80.474278,32.422777],[-80.485726,32.351827],[-80.579341,32.287326],[-80.608224,32.292809],[-80.647214,32.395926],[-80.677778,32.381128],[-80.683052,32.348641],[-80.709331,32.33704],[-80.802561,32.448045],[-80.797881,32.363396],[-80.765328,32.298313],[-80.702047,32.245908],[-80.694214,32.21574],[-80.758011,32.142175],[-80.849242,32.113929],[-80.882058,32.068611],[-80.872346,32.029565],[-81.074813,32.109699],[-81.135018,32.181858],[-81.132953,32.27467],[-81.171504,32.380139],[-81.290332,32.557239],[-81.37697,32.607468],[-81.433813,32.728032],[-81.489778,32.935663],[-81.57824,33.068575],[-81.69932,33.126759],[-81.780322,33.195292],[-81.864093,33.325436],[-81.908741,33.349254],[-81.932845,33.38987],[-81.936394,33.447285],[-82.005718,33.522893],[-82.208361,33.663584],[-82.256623,33.749233],[-82.351897,33.837728],[-82.589268,34.017377],[-82.818585,34.366017],[-82.847732,34.436911],[-82.896819,34.465806],[-82.975679,34.476396],[-83.052781,34.51086],[-83.166522,34.599597],[-83.355575,34.708318],[-83.316716,34.805657]]]}},{"type":"Feature","properties":{"adm0_a3":"USA","name":"South Dakota","name_en":"South Dakota","iso_3166_2":"US-SD","postal":"SD"},"geometry":{"type":"Polygon","coordinates":[[[-104.011087,45.943058],[-96.556401,45.942773],[-96.614689,45.799972],[-96.85106,45.626004],[-96.81491,45.557427],[-96.696109,45.431776],[-96.529759,45.371549],[-96.453668,45.297337],[-96.453619,43.501171],[-96.598622,43.497501],[-96.534956,43.338057],[-96.569942,43.283323],[-96.563454,43.242685],[-96.49028,43.205529],[-96.468137,43.17023],[-96.462688,43.099181],[-96.502112,43.043294],[-96.513274,42.969059],[-96.562576,42.85857],[-96.626835,42.757001],[-96.62177,42.729535],[-96.538702,42.658585],[-96.480953,42.511259],[-96.55795,42.524794],[-96.632778,42.568673],[-96.675542,42.637601],[-96.804527,42.701421],[-97.164478,42.813196],[-97.23879,42.860536],[-97.416658,42.881004],[-97.698139,42.874643],[-97.880918,42.849583],[-97.964947,42.805868],[-98.143283,42.852263],[-98.441765,43.001095],[-104.028862,43.001403],[-104.037212,45.001134],[-104.005478,45.00097],[-104.00478,45.013483],[-104.011087,45.943058]]]}},{"type":"Feature","properties":{"adm0_a3":"USA","name":"Tennessee","name_en":"Tennessee","iso_3166_2":"US-TN","postal":"TN"},"geometry":{"type":"Polygon","coordinates":[[[-81.65889,36.610579],[-81.704418,36.533993],[-81.734125,36.355454],[-81.80826,36.352718],[-81.908247,36.306411],[-82.051366,36.122862],[-82.100618,36.106526],[-82.182499,36.153789],[-82.294944,36.13397],[-82.553408,35.970987],[-82.588751,35.986951],[-82.611097,36.047364],[-82.700087,36.029841],[-82.812817,35.947444],[-82.887722,35.951728],[-82.949476,35.834526],[-82.990203,35.800447],[-83.120369,35.774618],[-83.284241,35.682058],[-83.511119,35.584082],[-83.722716,35.559901],[-83.871306,35.51489],[-84.003735,35.414069],[-84.062281,35.286012],[-84.128584,35.261413],[-84.261101,35.249581],[-84.286974,35.200846],[-84.32469,34.988096],[-88.190427,35.024999],[-88.203139,35.024197],[-88.173267,34.999005],[-90.293705,35.001114],[-90.255956,35.046389],[-90.14227,35.114296],[-90.092919,35.203592],[-90.107882,35.314203],[-90.066024,35.414112],[-89.967345,35.50331],[-89.92652,35.591652],[-89.943505,35.679136],[-89.894561,35.750503],[-89.779655,35.805742],[-89.763593,35.828044],[-89.763593,35.888766],[-89.688908,35.920956],[-89.70932,35.98305],[-89.697697,36.030303],[-89.641886,36.104515],[-89.63413,36.167917],[-89.674549,36.220575],[-89.654081,36.247964],[-89.583549,36.272233],[-89.611707,36.321968],[-89.604093,36.351916],[-89.55527,36.372922],[-89.540603,36.426667],[-89.557313,36.501078],[-89.487221,36.503066],[-89.471488,36.488883],[-89.450329,36.500023],[-88.059108,36.499683],[-88.056713,36.59032],[-88.096297,36.693009],[-87.868715,36.675046],[-87.839151,36.643966],[-86.507586,36.66484],[-83.730385,36.586815],[-83.667521,36.60503],[-81.952511,36.598021],[-81.905336,36.618544],[-81.65889,36.610579]]]}},{"type":"Feature","properties":{"adm0_a3":"USA","name":"Texas","name_en":"Texas","iso_3166_2":"US-TX","postal":"TX"},"geometry":{"type":"MultiPolygon","coordinates":[[[[-106.668262,32.000946],[-103.065642,32.002748],[-103.042153,36.500616],[-100.002444,36.500902],[-99.999341,34.586721],[-99.867027,34.543369],[-99.632029,34.388495],[-99.536168,34.404744],[-99.404986,34.392065],[-99.38465,34.446788],[-99.360387,34.456094],[-99.252875,34.388077],[-99.19991,34.318314],[-99.186578,34.235477],[-99.157508,34.223282],[-98.96884,34.208605],[-98.730118,34.146576],[-98.608395,34.161275],[-98.453674,34.078131],[-98.355978,34.141511],[-98.098635,34.145027],[-98.069383,34.040305],[-97.951072,33.971212],[-97.946238,33.897076],[-97.92159,33.878367],[-97.842422,33.875785],[-97.640933,33.991669],[-97.605925,33.971651],[-97.571247,33.91594],[-97.481565,33.885705],[-97.430171,33.838508],[-97.398492,33.831323],[-97.308163,33.869226],[-97.264679,33.867776],[-97.214938,33.897109],[-97.194762,33.890616],[-97.186182,33.870083],[-97.201013,33.808164],[-97.145071,33.737687],[-97.09895,33.750442],[-97.061229,33.8285],[-97.063838,33.8568],[-97.02159,33.866512],[-96.977694,33.938033],[-96.934051,33.95348],[-96.889996,33.934617],[-96.847572,33.883179],[-96.746283,33.854186],[-96.694016,33.863799],[-96.648538,33.906382],[-96.606345,33.905635],[-96.59159,33.849275],[-96.487204,33.7923],[-96.41114,33.775205],[-96.315048,33.711122],[-96.278562,33.757627],[-96.207272,33.774062],[-96.139344,33.821963],[-95.941579,33.882838],[-95.863082,33.863304],[-95.783914,33.864502],[-95.763166,33.891473],[-95.594471,33.945163],[-95.523494,33.886562],[-95.373888,33.874269],[-95.276016,33.910622],[-95.238031,33.956479],[-95.21586,33.959039],[-94.962389,33.843408],[-94.869374,33.768196],[-94.709198,33.699289],[-94.484149,33.648434],[-94.377955,33.566113],[-94.33256,33.565036],[-94.294679,33.58746],[-94.191534,33.589009],[-94.098798,33.57733],[-94.047327,33.554435],[-94.043301,31.999232],[-93.905065,31.876998],[-93.845585,31.792942],[-93.826798,31.75026],[-93.806902,31.568799],[-93.737578,31.513812],[-93.736057,31.477667],[-93.663657,31.372198],[-93.665882,31.322584],[-93.596992,31.209754],[-93.557749,31.180421],[-93.530591,31.04619],[-93.562654,31.004903],[-93.549196,30.947719],[-93.579194,30.823805],[-93.624721,30.714348],[-93.720215,30.558265],[-93.715205,30.473253],[-93.750394,30.344713],[-93.720967,30.282904],[-93.710629,30.112813],[-93.79401,29.977264],[-93.841449,29.979747],[-93.946302,29.815007],[-93.886383,29.722634],[-93.890464,29.689356],[-94.099677,29.670383],[-94.574457,29.484527],[-94.759609,29.384255],[-94.750128,29.418027],[-94.526265,29.547962],[-94.605334,29.567804],[-94.732638,29.53535],[-94.778291,29.547863],[-94.724365,29.655299],[-94.741938,29.74999],[-94.832322,29.752605],[-94.889913,29.676953],[-94.929859,29.68015],[-94.982286,29.712603],[-95.022875,29.70232],[-94.992827,29.530934],[-94.888287,29.370555],[-95.139044,29.167835],[-95.152145,29.079231],[-95.273506,28.963863],[-95.853419,28.640349],[-96.020411,28.586834],[-96.180531,28.501877],[-96.234535,28.48899],[-96.011034,28.631944],[-96.115031,28.622232],[-96.27536,28.655125],[-96.37344,28.657037],[-96.374111,28.631098],[-96.448735,28.594481],[-96.526041,28.648303],[-96.575704,28.715715],[-96.608515,28.723307],[-96.64004,28.708761],[-96.524645,28.488704],[-96.42111,28.457339],[-96.561697,28.367163],[-96.676339,28.34129],[-96.773546,28.421622],[-96.806901,28.220188],[-96.839508,28.194403],[-96.8916,28.157555],[-96.933276,28.224275],[-97.01547,28.163454],[-97.156491,28.14436],[-97.141275,28.060765],[-97.034329,28.093845],[-97.073088,27.986091],[-97.171454,27.879567],[-97.251578,27.85442],[-97.37413,27.870031],[-97.431517,27.837215],[-97.288733,27.670608],[-97.380458,27.419361],[-97.439109,27.328285],[-97.523863,27.313969],[-97.682148,27.394917],[-97.768446,27.457495],[-97.692377,27.287141],[-97.485103,27.237406],[-97.475671,27.117885],[-97.554712,26.967351],[-97.465828,26.691759],[-97.435082,26.485853],[-97.402316,26.396534],[-97.213933,26.067867],[-97.150372,26.065307],[-97.140187,26.029733],[-97.146235,25.961464],[-97.281785,25.941623],[-97.33865,25.91118],[-97.358162,25.87052],[-97.440273,25.890822],[-97.587243,25.984206],[-97.801416,26.042049],[-98.082792,26.064428],[-98.275031,26.111197],[-98.378121,26.182356],[-98.48587,26.224576],[-98.598293,26.237858],[-98.691413,26.276453],[-98.76523,26.340405],[-98.873209,26.38123],[-99.015268,26.398962],[-99.107767,26.446917],[-99.172081,26.564141],[-99.22993,26.761928],[-99.302462,26.884711],[-99.456534,27.05667],[-99.440258,27.170125],[-99.455139,27.233714],[-99.499814,27.285515],[-99.51007,27.340326],[-99.485834,27.398048],[-99.484258,27.467393],[-99.505319,27.548341],[-99.595313,27.63588],[-99.754269,27.729934],[-99.889631,27.867296],[-100.001412,28.047845],[-100.111945,28.172957],[-100.221265,28.242622],[-100.296043,28.327678],[-100.336275,28.428137],[-100.348157,28.48643],[-100.331727,28.502547],[-100.549695,28.821338],[-100.636306,28.972806],[-100.65863,29.068541],[-100.754596,29.182513],[-101.016334,29.400658],[-101.038631,29.460291],[-101.303528,29.634084],[-101.380344,29.742552],[-101.44039,29.776841],[-101.544623,29.783531],[-101.546381,29.808075],[-101.611596,29.78697],[-101.752336,29.782476],[-101.990899,29.795704],[-102.163087,29.825257],[-102.268919,29.871169],[-102.343076,29.864973],[-102.385659,29.806657],[-102.476247,29.769084],[-102.614944,29.752341],[-102.73419,29.64395],[-102.834,29.443966],[-102.877825,29.315316],[-102.865679,29.258033],[-102.892008,29.216384],[-102.956811,29.190368],[-103.022828,29.132207],[-103.090009,29.041866],[-103.168298,28.998173],[-103.257699,29.001129],[-103.422933,29.070683],[-103.663979,29.206903],[-103.852905,29.29108],[-103.989746,29.323171],[-104.110617,29.386112],[-104.312205,29.542436],[-104.400623,29.573747],[-104.503977,29.677667],[-104.622212,29.854272],[-104.68133,29.990525],[-104.68133,30.134358],[-104.917854,30.583358],[-104.978834,30.645936],[-105.275816,30.80727],[-105.513994,30.980766],[-105.812707,31.241043],[-106.02409,31.397774],[-106.148065,31.450926],[-106.255703,31.544662],[-106.346967,31.678991],[-106.436027,31.764465],[-106.566358,31.819529],[-106.668262,32.000946]]],[[[-95.089666,29.136305],[-94.87167,29.290146],[-94.825989,29.341309],[-94.767618,29.339035],[-94.864952,29.252892],[-95.039695,29.145918],[-95.089666,29.136305]]],[[[-96.801116,28.148414],[-96.755611,28.202434],[-96.68164,28.229702],[-96.519322,28.333468],[-96.453124,28.340598],[-96.403565,28.381577],[-96.413332,28.337807],[-96.7644,28.152567],[-96.801116,28.148414]]],[[[-97.036009,27.899178],[-96.978672,28.013842],[-96.899301,28.117454],[-96.857416,28.132912],[-96.839766,28.088802],[-96.92134,28.01604],[-97.014355,27.901628],[-97.036009,27.899178]]],[[[-97.060558,27.822021],[-97.250907,27.541189],[-97.384825,27.242525],[-97.376223,27.328252],[-97.29504,27.523072],[-97.130008,27.77913],[-97.060558,27.822021]]],[[[-97.38599,27.196503],[-97.351235,26.801468],[-97.202227,26.299788],[-97.170702,26.159383],[-97.184501,26.112933],[-97.267316,26.329759],[-97.402085,26.820507],[-97.407177,27.100208],[-97.38599,27.196503]]]]}},{"type":"Feature","properties":{"adm0_a3":"USA","name":"Utah","name_en":"Utah","iso_3166_2":"US-UT","postal":"UT"},"geometry":{"type":"Polygon","coordinates":[[[-109.04667,37.000846],[-114.04027,37.004153],[-114.042593,42.001109],[-111.050296,42.000878],[-111.049989,41.000858],[-109.04639,41.000858],[-109.04667,37.000846]]]}},{"type":"Feature","properties":{"adm0_a3":"USA","name":"Virginia","name_en":"Virginia","iso_3166_2":"US-VA","postal":"VA"},"geometry":{"type":"MultiPolygon","coordinates":[[[[-83.667521,36.60503],[-83.566183,36.652623],[-83.41689,36.681012],[-83.150218,36.762333],[-83.043816,36.845554],[-82.894501,36.906374],[-82.832021,36.979269],[-82.731892,37.048076],[-82.681586,37.13812],[-82.343207,37.296927],[-81.965277,37.539725],[-81.957707,37.507634],[-81.971396,37.47306],[-81.87564,37.329612],[-81.660769,37.221759],[-81.589017,37.20807],[-81.419366,37.282272],[-81.350043,37.333688],[-81.227128,37.263276],[-81.178118,37.263331],[-80.915369,37.311363],[-80.873071,37.34062],[-80.871852,37.399419],[-80.843485,37.421721],[-80.719845,37.401023],[-80.507402,37.469061],[-80.464512,37.432729],[-80.371183,37.472599],[-80.316075,37.5097],[-80.245818,37.620782],[-80.285303,37.677054],[-80.245928,37.751025],[-79.971731,38.046151],[-79.902693,38.180745],[-79.812879,38.267042],[-79.783447,38.336036],[-79.715255,38.404042],[-79.668651,38.54426],[-79.639603,38.572451],[-79.597745,38.577131],[-79.555272,38.559377],[-79.504834,38.49135],[-79.395871,38.454392],[-79.304169,38.449899],[-79.240272,38.476519],[-79.041189,38.789673],[-78.991992,38.819699],[-78.868725,38.817941],[-78.756786,38.908215],[-78.692757,38.921652],[-78.581477,38.999017],[-78.435238,39.160758],[-78.35105,39.410928],[-78.322221,39.451852],[-77.835791,39.145212],[-77.726642,39.346438],[-77.668821,39.309535],[-77.53415,39.265612],[-77.478856,39.220864],[-77.506454,39.14262],[-77.480921,39.112957],[-77.301086,39.053378],[-77.1903,38.969047],[-77.053048,38.915302],[-77.030361,38.889253],[-77.045599,38.775797],[-77.091906,38.719547],[-77.260393,38.599994],[-77.313698,38.396626],[-77.273258,38.351769],[-77.231916,38.340035],[-77.109913,38.370138],[-77.046764,38.35668],[-76.906336,38.197048],[-76.644873,38.133954],[-76.549511,38.094502],[-76.471761,38.011171],[-76.354944,37.963215],[-76.264284,37.893551],[-76.261801,37.848079],[-76.293222,37.794333],[-76.305626,37.721571],[-76.344144,37.675681],[-76.492481,37.682218],[-76.828641,37.961512],[-76.939977,38.095458],[-77.070637,38.167209],[-77.1111,38.165682],[-76.925123,38.033022],[-76.715416,37.810176],[-76.619835,37.75509],[-76.549457,37.669144],[-76.484055,37.628868],[-76.305571,37.571509],[-76.367633,37.530288],[-76.268569,37.495154],[-76.254408,37.430631],[-76.263482,37.357023],[-76.400987,37.386147],[-76.393132,37.299949],[-76.45393,37.273538],[-76.538393,37.309353],[-76.757691,37.505437],[-76.738103,37.44877],[-76.610903,37.322581],[-76.497392,37.246874],[-76.401119,37.212695],[-76.326939,37.14926],[-76.283302,37.052679],[-76.400888,36.991332],[-76.602301,37.142844],[-76.630898,37.221704],[-76.703507,37.217672],[-77.006971,37.31767],[-77.25089,37.329194],[-77.196211,37.295708],[-77.001961,37.271055],[-76.925167,37.225011],[-76.671855,37.172947],[-76.633919,37.047428],[-76.504632,36.96102],[-76.487856,36.897025],[-76.399548,36.88984],[-76.244256,36.952627],[-75.999415,36.912659],[-75.966335,36.861957],[-75.857428,36.550582],[-81.641631,36.595077],[-81.65889,36.610579],[-81.905336,36.618544],[-81.952511,36.598021],[-83.667521,36.60503]]],[[[-75.375963,38.024991],[-75.59636,37.631187],[-75.587109,37.558721],[-75.69884,37.516368],[-75.812054,37.425215],[-75.854,37.296642],[-75.934376,37.151897],[-75.984507,37.212201],[-75.997372,37.263826],[-75.975047,37.398441],[-75.888156,37.619156],[-75.792367,37.756354],[-75.719351,37.821382],[-75.659256,37.953965],[-75.620002,37.999207],[-75.375963,38.024991]]],[[[-75.378545,37.872051],[-75.252476,38.03745],[-75.225791,38.040339],[-75.33305,37.888278],[-75.378545,37.872051]]]]}},{"type":"Feature","properties":{"adm0_a3":"USA","name":"Vermont","name_en":"Vermont","iso_3166_2":"US-VT","postal":"VT"},"geometry":{"type":"Polygon","coordinates":[[[-71.51752,45.007561],[-71.533483,44.987973],[-71.510225,44.908344],[-71.62066,44.771894],[-71.618287,44.727761],[-71.568442,44.607637],[-71.609289,44.514055],[-71.683007,44.45028],[-71.825511,44.37409],[-72.001776,44.329496],[-72.031208,44.300734],[-72.062233,44.11635],[-72.114924,43.965431],[-72.222381,43.790869],[-72.296693,43.714954],[-72.362369,43.586645],[-72.384957,43.52923],[-72.407072,43.332036],[-72.473715,43.038537],[-72.549807,42.886684],[-72.539622,42.829632],[-72.46686,42.730315],[-73.253327,42.752222],[-73.2802,42.813152],[-73.266555,42.864777],[-73.247098,43.553048],[-73.330484,43.62669],[-73.391436,43.578526],[-73.415925,43.589644],[-73.374968,43.804152],[-73.426131,44.074855],[-73.38112,44.187432],[-73.320915,44.268874],[-73.309753,44.45964],[-73.372078,44.597332],[-73.348568,44.775299],[-73.365805,44.860366],[-73.345052,44.938864],[-73.352182,45.005419],[-71.51752,45.007561]]]}},{"type":"Feature","properties":{"adm0_a3":"USA","name":"Washington","name_en":"Washington","iso_3166_2":"US-WA","postal":"WA"},"geometry":{"type":"MultiPolygon","coordinates":[[[[-116.896479,46.002099],[-119.01968,46.000341],[-119.177345,45.94508],[-119.429113,45.93417],[-119.934276,45.837875],[-120.156046,45.762168],[-120.351432,45.725166],[-121.045241,45.639044],[-121.184278,45.64378],[-121.242698,45.687033],[-121.402121,45.71184],[-121.662519,45.718135],[-121.882014,45.689461],[-122.085124,45.602647],[-122.149927,45.593759],[-122.649849,45.627443],[-122.725913,45.67375],[-122.843373,45.978094],[-122.941997,46.114862],[-123.120904,46.178781],[-123.220589,46.153622],[-123.298696,46.170849],[-123.404736,46.221001],[-123.464859,46.271099],[-123.65033,46.267715],[-123.688365,46.299861],[-123.895715,46.26777],[-123.959743,46.30074],[-124.07276,46.279449],[-124.045135,46.372876],[-124.04436,46.605061],[-124.016405,46.521368],[-123.946126,46.432565],[-123.889151,46.660015],[-123.957727,46.708695],[-124.0717,46.744796],[-124.112547,46.862669],[-123.842876,46.963183],[-123.986017,46.984496],[-124.042218,47.029683],[-124.111695,47.035187],[-124.139238,46.954701],[-124.19885,47.20854],[-124.309279,47.404602],[-124.376021,47.658639],[-124.460044,47.784213],[-124.621071,47.904129],[-124.663083,47.974123],[-124.701661,48.15164],[-124.67998,48.285893],[-124.709978,48.380375],[-124.632618,48.375036],[-124.429041,48.300768],[-124.175515,48.242431],[-124.098775,48.200002],[-123.975761,48.168482],[-123.294433,48.119549],[-123.161883,48.154551],[-123.124392,48.150915],[-123.024219,48.081613],[-122.973885,48.073296],[-122.860891,48.090039],[-122.778598,48.137577],[-122.739739,48.013245],[-122.656644,47.881134],[-122.778444,47.738433],[-122.801773,47.735335],[-122.805366,47.783642],[-122.821384,47.793156],[-123.050647,47.551929],[-123.131034,47.437726],[-123.139043,47.386101],[-123.136356,47.355823],[-123.10421,47.348374],[-123.03091,47.360185],[-122.922156,47.407646],[-122.916883,47.417984],[-123.066775,47.399637],[-123.048636,47.47932],[-122.98246,47.559367],[-122.814051,47.65854],[-122.757152,47.70053],[-122.717876,47.762098],[-122.608145,47.835475],[-122.587913,47.855943],[-122.585716,47.927881],[-122.532801,47.919707],[-122.510811,47.815733],[-122.523913,47.769338],[-122.630183,47.692796],[-122.613621,47.615617],[-122.67548,47.612343],[-122.585821,47.528418],[-122.557448,47.463203],[-122.553548,47.40491],[-122.577888,47.29319],[-122.603904,47.274612],[-122.648657,47.281457],[-122.707697,47.316393],[-122.767798,47.218362],[-122.7833,47.225954],[-122.812551,47.328951],[-122.828465,47.336597],[-122.919519,47.289674],[-122.987629,47.172571],[-123.027575,47.138909],[-122.914147,47.131493],[-122.811958,47.146006],[-122.701935,47.110872],[-122.60414,47.167023],[-122.542177,47.275568],[-122.420119,47.312098],[-122.353817,47.371578],[-122.375262,47.528363],[-122.368341,47.603916],[-122.410506,47.652652],[-122.383634,47.716471],[-122.38198,47.752331],[-122.401827,47.784268],[-122.318474,47.933045],[-122.242014,48.010762],[-122.415802,48.183929],[-122.424695,48.17592],[-122.394774,48.084151],[-122.494019,48.130447],[-122.517013,48.159649],[-122.529159,48.199331],[-122.52032,48.229093],[-122.467042,48.258504],[-122.403376,48.269194],[-122.408545,48.293902],[-122.541661,48.41095],[-122.63778,48.433318],[-122.668993,48.465256],[-122.657265,48.490008],[-122.627964,48.497918],[-122.542694,48.487975],[-122.496754,48.505542],[-122.514816,48.555146],[-122.512723,48.669436],[-122.562024,48.777981],[-122.653024,48.763875],[-122.685944,48.794285],[-122.788777,48.993028],[-117.039054,48.993083],[-117.025046,46.429159],[-117.038999,46.396552],[-116.942962,46.232108],[-116.92211,46.163642],[-116.947845,46.124322],[-116.930196,46.055954],[-116.896479,46.002099]]],[[[-123.049202,48.993028],[-123.063259,48.977735],[-123.086435,48.993028],[-123.049202,48.993028]]],[[[-122.768831,48.650979],[-122.837611,48.626546],[-122.903034,48.664679],[-122.892542,48.594499],[-122.985668,48.6267],[-123.002851,48.652199],[-122.976676,48.679148],[-122.897711,48.710361],[-122.782141,48.672688],[-122.768831,48.650979]]],[[[-122.98675,48.468002],[-123.139922,48.507948],[-123.169585,48.586698],[-123.162141,48.606386],[-123.114186,48.613263],[-123.024164,48.538479],[-122.98675,48.468002]]],[[[-122.820923,48.431363],[-122.836578,48.421541],[-122.890037,48.43467],[-122.921612,48.456939],[-122.932285,48.484745],[-122.912235,48.537963],[-122.868905,48.548609],[-122.861902,48.501851],[-122.814616,48.452336],[-122.820923,48.431363]]],[[[-122.383145,47.923201],[-122.41144,47.917752],[-122.492261,47.981308],[-122.557525,47.99247],[-122.603184,48.055048],[-122.60631,48.12859],[-122.622663,48.151431],[-122.690388,48.173854],[-122.741519,48.22527],[-122.748704,48.239025],[-122.724517,48.280927],[-122.628634,48.384231],[-122.60352,48.380617],[-122.535564,48.321214],[-122.542436,48.294001],[-122.697002,48.228687],[-122.597625,48.200419],[-122.523836,48.02544],[-122.502852,48.080064],[-122.366737,47.985439],[-122.366583,47.938835],[-122.383145,47.923201]]],[[[-122.502649,47.57544],[-122.575922,47.619473],[-122.573752,47.666857],[-122.549774,47.703958],[-122.507867,47.682644],[-122.502649,47.57544]]],[[[-122.486471,47.48878],[-122.468591,47.489966],[-122.394126,47.395242],[-122.398723,47.372511],[-122.456962,47.359328],[-122.468542,47.390232],[-122.509932,47.357987],[-122.486471,47.48878]]],[[[-122.885105,47.274711],[-122.84919,47.216297],[-122.862627,47.185074],[-122.907973,47.226108],[-122.9119,47.25432],[-122.885105,47.274711]]]]}},{"type":"Feature","properties":{"adm0_a3":"USA","name":"Wisconsin","name_en":"Wisconsin","iso_3166_2":"US-WI","postal":"WI"},"geometry":{"type":"Polygon","coordinates":[[[-87.039126,42.492802],[-90.650585,42.512984],[-90.687873,42.610322],[-90.788749,42.676933],[-90.959949,42.72034],[-91.069582,42.788554],[-91.117592,42.881652],[-91.161328,43.102334],[-91.147585,43.199585],[-91.106968,43.278028],[-91.117196,43.331157],[-91.178357,43.358931],[-91.218688,43.395285],[-91.238277,43.440241],[-91.278432,43.797428],[-91.319916,43.936284],[-91.382692,43.990799],[-91.716435,44.126458],[-91.840976,44.194156],[-91.912299,44.288869],[-92.055121,44.39982],[-92.148582,44.445248],[-92.240307,44.462145],[-92.313091,44.497796],[-92.366941,44.552266],[-92.441587,44.586576],[-92.537031,44.600792],[-92.643538,44.645342],[-92.769809,44.72585],[-92.799214,44.790032],[-92.763404,44.934261],[-92.79304,45.071359],[-92.759059,45.11058],[-92.76614,45.236461],[-92.685808,45.380536],[-92.682605,45.433095],[-92.707022,45.493761],[-92.757461,45.543244],[-92.892488,45.594759],[-92.89652,45.658578],[-92.874712,45.706094],[-92.786448,45.795501],[-92.738081,45.874668],[-92.693949,45.909012],[-92.424613,46.027807],[-92.367276,46.035981],[-92.292629,46.084375],[-92.291646,46.660718],[-92.224003,46.671023],[-92.125346,46.763012],[-91.964923,46.729778],[-91.468363,46.925093],[-90.654024,47.309098],[-89.957677,47.287137],[-90.412588,46.585275],[-90.39234,46.548965],[-90.34088,46.558446],[-90.318227,46.536639],[-90.23038,46.509766],[-90.11855,46.341664],[-89.119289,46.149195],[-88.837335,46.036618],[-88.492991,46.013524],[-88.151745,45.945409],[-88.104415,45.905155],[-88.096483,45.878415],[-88.116116,45.815804],[-87.922537,45.759971],[-87.809081,45.686044],[-87.794557,45.596033],[-87.814662,45.563239],[-87.815178,45.505824],[-87.859135,45.445498],[-87.874911,45.385392],[-87.84182,45.360794],[-87.696394,45.382832],[-87.664226,45.371286],[-87.66271,45.345193],[-87.720916,45.242768],[-87.71885,45.201272],[-87.653613,45.121797],[-87.45954,45.067997],[-87.419802,45.183859],[-87.244384,45.289789],[-87.115272,45.452365],[-86.77429,45.452365],[-86.264524,45.226903],[-86.535952,45.041487],[-86.7147,44.846205],[-87.03249,44.091466],[-87.141727,43.657803],[-87.15501,43.326763],[-87.039126,42.492802]]]}},{"type":"Feature","properties":{"adm0_a3":"USA","name":"West Virginia","name_en":"West Virginia","iso_3166_2":"US-WV","postal":"WV"},"geometry":{"type":"Polygon","coordinates":[[[-77.726642,39.346438],[-77.835791,39.145212],[-78.322221,39.451852],[-78.35105,39.410928],[-78.435238,39.160758],[-78.581477,38.999017],[-78.692757,38.921652],[-78.756786,38.908215],[-78.868725,38.817941],[-78.991992,38.819699],[-79.041189,38.789673],[-79.240272,38.476519],[-79.304169,38.449899],[-79.395871,38.454392],[-79.504834,38.49135],[-79.524675,38.533461],[-79.597745,38.577131],[-79.639603,38.572451],[-79.668651,38.54426],[-79.715255,38.404042],[-79.783447,38.336036],[-79.812879,38.267042],[-79.902693,38.180745],[-79.971731,38.046151],[-80.245928,37.751025],[-80.285303,37.677054],[-80.245818,37.620782],[-80.316075,37.5097],[-80.464512,37.432729],[-80.507402,37.469061],[-80.719845,37.401023],[-80.843485,37.421721],[-80.871852,37.399419],[-80.873071,37.34062],[-80.94368,37.301904],[-81.227128,37.263276],[-81.350043,37.333688],[-81.419366,37.282272],[-81.589017,37.20807],[-81.660769,37.221759],[-81.829266,37.298597],[-81.913059,37.368965],[-81.971396,37.47306],[-81.957707,37.507634],[-81.965277,37.539725],[-82.103463,37.570575],[-82.280244,37.687184],[-82.47189,37.938408],[-82.482195,37.983551],[-82.617711,38.149873],[-82.619546,38.182008],[-82.578413,38.272085],[-82.589498,38.420345],[-82.612778,38.448218],[-82.497543,38.414973],[-82.387064,38.43399],[-82.318147,38.479672],[-82.290868,38.552017],[-82.252317,38.594083],[-82.202494,38.605839],[-82.180071,38.637589],[-82.203527,38.768228],[-82.072273,38.962949],[-82.001092,39.011102],[-81.949797,38.989327],[-81.896678,38.893549],[-81.843757,38.934319],[-81.780124,38.946975],[-81.802602,39.086062],[-81.770665,39.098828],[-81.700594,39.229467],[-81.657209,39.271973],[-81.606464,39.274137],[-81.551631,39.308041],[-81.492722,39.373618],[-81.439647,39.392559],[-81.392417,39.364829],[-81.333354,39.362819],[-81.262504,39.386538],[-80.963291,39.57113],[-80.874313,39.664294],[-80.872192,39.735508],[-80.601819,40.363893],[-80.604093,40.445203],[-80.623187,40.51156],[-80.659047,40.562976],[-80.637524,40.603263],[-80.519081,40.646956],[-80.519443,39.722511],[-79.4775,39.722797],[-79.487981,39.210911],[-79.293556,39.311578],[-79.075345,39.475989],[-78.971481,39.453643],[-78.814794,39.570087],[-78.77777,39.626622],[-78.746459,39.613702],[-78.753402,39.589522],[-78.741669,39.577898],[-78.677673,39.54952],[-78.495542,39.533348],[-78.460265,39.556134],[-78.442698,39.601464],[-78.406761,39.627864],[-78.181135,39.68574],[-78.097782,39.677885],[-78.027195,39.631226],[-77.955707,39.608803],[-77.855423,39.599706],[-77.872167,39.575778],[-77.779585,39.488337],[-77.797438,39.461465],[-77.791703,39.441777],[-77.762358,39.429242],[-77.726642,39.346438]]]}},{"type":"Feature","properties":{"adm0_a3":"USA","name":"Wyoming","name_en":"Wyoming","iso_3166_2":"US-WY","postal":"WY"},"geometry":{"type":"Polygon","coordinates":[[[-104.021655,41.000858],[-111.049989,41.000858],[-111.050862,45.001057],[-104.037212,45.001134],[-104.021655,41.000858]]]}},{"type":"Feature","properties":{"adm0_a3":"MEX","name":"Sonora","name_en":"Sonora","iso_3166_2":"MX-SON","postal":"SO"},"geometry":{"type":"MultiPolygon","coordinates":[[[[-114.945252,32.462799],[-114.905952,32.491712],[-114.819373,32.499363],[-111.067118,31.333644],[-108.968282,31.327391],[-109.04029,30.814088],[-108.799684,30.636244],[-108.645456,30.572604],[-108.58347,30.506614],[-108.536755,30.038632],[-108.559647,29.98215],[-108.613287,29.407611],[-108.707829,29.40079],[-108.626672,28.781887],[-108.610445,28.742742],[-108.645688,28.60766],[-108.540243,28.320055],[-108.640314,28.238793],[-108.879938,28.289075],[-109.051348,28.283519],[-109.15359,28.198951],[-109.013237,27.894189],[-108.906293,27.836157],[-108.871308,27.757014],[-108.762529,27.674952],[-108.7786,27.621984],[-108.659564,27.524884],[-108.665584,27.393083],[-108.63742,27.313837],[-108.681604,27.251851],[-108.686926,27.204438],[-108.573832,27.043285],[-108.549751,27.024139],[-108.496163,27.028092],[-108.466461,26.97987],[-108.507376,26.801569],[-109.139251,26.331772],[-109.184438,26.378567],[-109.170155,26.35871],[-109.211741,26.364936],[-109.249623,26.334459],[-109.239003,26.419501],[-109.255727,26.497992],[-109.387089,26.638021],[-109.482753,26.682211],[-109.428522,26.671851],[-109.441398,26.714555],[-109.473476,26.717647],[-109.483428,26.742641],[-109.506154,26.729066],[-109.528946,26.751438],[-109.552788,26.71701],[-109.521862,26.708204],[-109.523573,26.688405],[-109.494391,26.669173],[-109.604642,26.696597],[-109.647798,26.693379],[-109.664071,26.674062],[-109.768372,26.706512],[-109.831451,26.765692],[-109.903798,26.937812],[-109.945565,26.99709],[-109.941773,27.007394],[-109.88329,26.940904],[-109.917037,27.060074],[-109.952219,27.098578],[-110.016469,27.119045],[-110.062329,27.081692],[-110.090783,27.102709],[-110.287622,27.148394],[-110.336688,27.172062],[-110.447883,27.274262],[-110.522329,27.290354],[-110.425628,27.301906],[-110.499664,27.393378],[-110.530385,27.373236],[-110.550933,27.377387],[-110.558502,27.434394],[-110.587405,27.449365],[-110.588849,27.511865],[-110.627101,27.641099],[-110.567942,27.681383],[-110.581939,27.700141],[-110.603342,27.681383],[-110.594716,27.714504],[-110.548085,27.742825],[-110.599517,27.752346],[-110.589019,27.791246],[-110.612864,27.80093],[-110.609527,27.824774],[-110.597239,27.812893],[-110.586578,27.837063],[-110.521067,27.84455],[-110.513295,27.873196],[-110.533274,27.865953],[-110.591664,27.887519],[-110.623769,27.872992],[-110.741851,27.91413],[-110.84911,27.906684],[-110.808176,27.927802],[-110.838857,27.989407],[-110.850657,27.989081],[-110.860585,27.934882],[-110.890696,27.899848],[-110.863637,27.889797],[-110.886301,27.838853],[-110.91804,27.879381],[-110.96581,27.906684],[-110.938466,27.920356],[-110.999257,27.964057],[-111.059146,27.937017],[-111.105025,27.935372],[-111.103995,27.962051],[-111.1718,27.990087],[-111.220464,28.044274],[-111.250662,28.052013],[-111.332648,28.160407],[-111.340443,28.205268],[-111.372792,28.217719],[-111.394114,28.27383],[-111.451772,28.325629],[-111.458323,28.347235],[-111.43814,28.387112],[-111.4735,28.381049],[-111.708354,28.460141],[-111.76061,28.58397],[-111.94938,28.756514],[-111.894358,28.780666],[-111.867055,28.749579],[-111.856028,28.773627],[-111.868235,28.803127],[-111.925017,28.801719],[-111.967271,28.841321],[-112.030296,28.861431],[-112.105526,28.957378],[-112.170819,28.972993],[-112.152179,28.987436],[-112.173088,29.070373],[-112.186017,29.074745],[-112.166127,29.120429],[-112.191148,29.16692],[-112.22704,29.188422],[-112.211425,29.252808],[-112.239453,29.315337],[-112.314002,29.330543],[-112.333079,29.296536],[-112.411224,29.344728],[-112.419822,29.37591],[-112.377754,29.485729],[-112.430452,29.520222],[-112.431996,29.561184],[-112.505972,29.616919],[-112.535878,29.688218],[-112.58019,29.718004],[-112.669455,29.897623],[-112.746287,29.910465],[-112.730458,30.013373],[-112.758815,30.059181],[-112.753236,30.185883],[-112.764293,30.21152],[-112.808949,30.258583],[-112.86079,30.268999],[-112.847743,30.361345],[-112.870676,30.428534],[-112.986543,30.532352],[-113.079895,30.670441],[-113.128841,30.81244],[-113.110908,30.843333],[-113.097359,30.946008],[-113.130961,31.06499],[-113.083187,30.989408],[-113.055898,31.030707],[-113.048723,31.156692],[-113.116869,31.217645],[-113.145496,31.219293],[-113.120994,31.190026],[-113.197046,31.225188],[-113.2329,31.288031],[-113.27599,31.278266],[-113.229349,31.245096],[-113.241444,31.24124],[-113.548948,31.2957],[-113.558464,31.315613],[-113.622269,31.325584],[-113.643492,31.341775],[-113.609306,31.352915],[-113.634676,31.465627],[-113.659577,31.49754],[-113.774582,31.563314],[-113.875722,31.596747],[-113.884877,31.614691],[-113.939524,31.600409],[-113.977691,31.663072],[-113.981068,31.586737],[-113.950999,31.56802],[-113.982767,31.532285],[-114.028942,31.491539],[-114.159013,31.494509],[-114.287845,31.55243],[-114.32748,31.594665],[-114.494263,31.677366],[-114.584712,31.760755],[-114.686838,31.76553],[-114.746978,31.810004],[-114.803538,31.819525],[-114.8426,31.861518],[-114.933631,31.908763],[-114.936984,32.031895],[-114.97941,32.074012],[-114.955923,32.141553],[-114.966543,32.180594],[-115.039743,32.277177],[-114.981684,32.341489],[-114.945252,32.462799]]],[[[-109.938034,27.021165],[-110.044442,27.087],[-109.985245,27.069568],[-109.938034,27.021165]]],[[[-110.534342,27.284357],[-110.604176,27.318024],[-110.59309,27.416986],[-110.594042,27.331832],[-110.530659,27.300392],[-110.534342,27.284357]]],[[[-112.264337,29.24689],[-112.281569,29.225471],[-112.263567,29.192841],[-112.272747,29.137675],[-112.195606,29.02133],[-112.237684,28.876342],[-112.276229,28.805451],[-112.253187,28.76905],[-112.30966,28.74636],[-112.326175,28.762722],[-112.359055,28.758236],[-112.412819,28.800128],[-112.466536,28.80557],[-112.467216,28.819406],[-112.583033,28.875363],[-112.526104,28.908842],[-112.485911,28.971625],[-112.500152,28.990424],[-112.500356,29.075629],[-112.464711,29.18183],[-112.43871,29.202094],[-112.401452,29.189441],[-112.362748,29.217736],[-112.299565,29.222823],[-112.264337,29.24689]]],[[[-114.786122,31.803046],[-114.710072,31.763739],[-114.652699,31.689765],[-114.693674,31.710273],[-114.715566,31.695217],[-114.762563,31.715644],[-114.798207,31.756659],[-114.786122,31.803046]]],[[[-109.231372,26.263417],[-109.216664,26.34398],[-109.16393,26.331366],[-109.156339,26.308058],[-109.231372,26.263417]]],[[[-109.254709,26.301988],[-109.262074,26.268012],[-109.292934,26.236943],[-109.254709,26.301988]]],[[[-111.365587,27.9534],[-111.381951,27.957243],[-111.38744,27.988079],[-111.365587,27.9534]]]]}},{"type":"Feature","properties":{"adm0_a3":"MEX","name":"Baja California","name_en":"Baja California","iso_3166_2":"MX-BCN","postal":"BC"},"geometry":{"type":"MultiPolygon","coordinates":[[[[-117.125121,32.531669],[-114.724285,32.712836],[-114.739477,32.669066],[-114.802678,32.594497],[-114.795546,32.552226],[-114.809447,32.511324],[-114.832753,32.491945],[-114.926313,32.48254],[-114.960187,32.43864],[-114.981684,32.341489],[-115.037107,32.291699],[-115.039743,32.277177],[-114.966543,32.180594],[-114.955923,32.141553],[-114.97941,32.074012],[-114.942539,32.043419],[-114.933315,32.004998],[-114.933631,31.908763],[-114.991322,31.924791],[-115.035227,31.966051],[-115.011952,31.91474],[-114.888958,31.85635],[-114.835032,31.801907],[-114.815989,31.719143],[-114.780629,31.655829],[-114.823964,31.600409],[-114.85291,31.526606],[-114.85231,31.38943],[-114.875199,31.328702],[-114.888678,31.162892],[-114.863904,31.089673],[-114.813471,31.049986],[-114.832916,31.027411],[-114.821767,30.988959],[-114.720259,30.941098],[-114.710452,30.918416],[-114.687242,30.744994],[-114.705468,30.711719],[-114.698474,30.637212],[-114.630599,30.494874],[-114.652699,30.288275],[-114.640116,30.263757],[-114.660302,30.183252],[-114.580378,30.072605],[-114.533132,29.967951],[-114.481306,29.947299],[-114.472698,29.918974],[-114.427719,29.907295],[-114.408795,29.880942],[-114.415097,29.854766],[-114.396297,29.827228],[-114.409439,29.815433],[-114.39224,29.783012],[-114.322526,29.741101],[-114.288811,29.748293],[-114.28054,29.772067],[-114.208485,29.744775],[-114.111223,29.653062],[-114.062656,29.629316],[-114.046276,29.596376],[-113.994334,29.576982],[-113.897464,29.48565],[-113.838665,29.456602],[-113.832674,29.435245],[-113.770866,29.407756],[-113.636331,29.282179],[-113.623076,29.252714],[-113.655337,29.207323],[-113.579374,29.126418],[-113.535884,29.05142],[-113.563599,29.014042],[-113.544988,28.975527],[-113.557876,28.948253],[-113.524854,28.891566],[-113.477229,28.898159],[-113.478693,28.946248],[-113.450064,28.94229],[-113.434665,28.959874],[-113.413052,28.922322],[-113.387871,28.939804],[-113.394227,28.913139],[-113.367439,28.907096],[-113.380418,28.893276],[-113.359215,28.873943],[-113.370633,28.837206],[-113.354476,28.800274],[-113.309971,28.802064],[-113.260386,28.840107],[-113.234099,28.835623],[-113.196044,28.792052],[-113.194241,28.74402],[-113.156046,28.657626],[-113.126992,28.627869],[-113.10297,28.504583],[-113.001639,28.455579],[-112.902362,28.475342],[-112.876004,28.450512],[-112.879938,28.434581],[-112.846304,28.441077],[-112.872126,28.28374],[-112.786456,28.196077],[-112.811771,28.12054],[-112.789558,28.067475],[-112.805409,28.03205],[-112.785677,28.002866],[-112.763566,27.999424],[-114.062833,28.000488],[-114.037709,28.037235],[-114.099667,28.055064],[-114.113121,28.120413],[-114.057485,28.206285],[-114.078196,28.246772],[-114.098783,28.238653],[-114.124883,28.255725],[-114.042592,28.458441],[-114.071496,28.486944],[-114.068227,28.518012],[-114.096344,28.551907],[-114.160126,28.566187],[-114.15727,28.625672],[-114.174916,28.657701],[-114.271751,28.658801],[-114.275342,28.696241],[-114.31406,28.726333],[-114.346923,28.730755],[-114.36205,28.795111],[-114.37092,28.813178],[-114.391646,28.806779],[-114.419299,28.87848],[-114.437582,28.877507],[-114.476633,28.929145],[-114.542832,28.934394],[-114.561215,28.9804],[-114.591633,28.965404],[-114.631418,29.094468],[-114.689036,29.113135],[-114.704927,29.096113],[-114.743804,29.187567],[-114.785313,29.19416],[-114.972035,29.377753],[-115.187123,29.428616],[-115.232289,29.490058],[-115.285722,29.529885],[-115.371449,29.556952],[-115.451964,29.620106],[-115.477447,29.626451],[-115.498583,29.611401],[-115.697564,29.755826],[-115.685767,29.830641],[-115.699899,29.898014],[-115.744293,29.947496],[-115.807485,29.956204],[-115.811187,29.968004],[-115.783272,30.092638],[-115.804067,30.151435],[-115.807281,30.284125],[-115.837303,30.346467],[-115.898327,30.386662],[-115.975413,30.401272],[-115.933827,30.449652],[-115.989084,30.497463],[-115.961741,30.442206],[-115.982998,30.43199],[-116.002675,30.449652],[-116.015126,30.434475],[-115.979785,30.359356],[-116.004549,30.359165],[-116.049254,30.479593],[-116.031117,30.627143],[-116.057932,30.802476],[-116.175774,30.860147],[-116.249745,30.956773],[-116.335446,30.95634],[-116.309438,31.148505],[-116.341542,31.21955],[-116.45414,31.338544],[-116.508209,31.419338],[-116.675608,31.552639],[-116.68106,31.577297],[-116.644521,31.579535],[-116.664174,31.601142],[-116.648061,31.659166],[-116.668528,31.697008],[-116.715323,31.710984],[-116.750381,31.75236],[-116.661285,31.723375],[-116.643625,31.73428],[-116.619627,31.771738],[-116.611819,31.84288],[-116.754768,31.909641],[-116.769887,31.977769],[-116.842275,31.986518],[-116.865387,32.013007],[-116.886871,32.132025],[-116.922678,32.219387],[-116.948313,32.247016],[-117.024973,32.276923],[-117.118398,32.454535],[-117.125121,32.531669]]],[[[-115.214867,28.378279],[-115.191995,28.360836],[-115.162715,28.261342],[-115.172268,28.212645],[-115.155829,28.14078],[-115.185777,28.106173],[-115.181697,28.027582],[-115.247024,28.033716],[-115.280263,28.08747],[-115.303545,28.094699],[-115.34661,28.071051],[-115.358052,28.082579],[-115.352157,28.11642],[-115.239756,28.233606],[-115.262453,28.298756],[-115.248642,28.359315],[-115.214867,28.378279]]],[[[-112.893769,28.677696],[-112.860757,28.67186],[-112.752401,28.591081],[-112.773919,28.575782],[-112.797926,28.60992],[-112.867798,28.643278],[-112.893769,28.677696]]],[[[-112.604349,28.669434],[-112.61315,28.725763],[-112.547957,28.728549],[-112.553939,28.672288],[-112.604349,28.669434]]],[[[-113.114792,28.984478],[-113.243628,29.06947],[-113.300654,29.145095],[-113.405533,29.211975],[-113.450128,29.279715],[-113.49608,29.285201],[-113.511685,29.326409],[-113.589104,29.409599],[-113.588401,29.456846],[-113.564595,29.507679],[-113.571144,29.53995],[-113.549117,29.533139],[-113.510876,29.549338],[-113.39516,29.459318],[-113.349779,29.384066],[-113.373138,29.361205],[-113.370287,29.310009],[-113.297415,29.280457],[-113.18276,29.289693],[-113.168525,29.276118],[-113.174315,29.129248],[-113.14823,29.066267],[-113.102084,29.053106],[-113.114792,28.984478]]],[[[-114.0713,28.000394],[-114.098307,28.000276],[-114.121224,28.022985],[-114.108431,28.030708],[-114.0713,28.000394]]],[[[-114.207021,27.999986],[-114.119868,28.08595],[-114.117184,28.04318],[-114.146133,28.02179],[-114.1475,28.000154],[-114.207021,27.999986]]],[[[-118.288782,28.868083],[-118.294043,28.948117],[-118.31599,28.981687],[-118.304343,28.998019],[-118.355518,29.067004],[-118.368804,29.114401],[-118.356778,29.149481],[-118.273755,29.189563],[-118.255895,29.180932],[-118.286176,29.13644],[-118.229589,29.06172],[-118.221365,28.959343],[-118.225804,28.915052],[-118.288782,28.868083]]],[[[-115.564667,28.307373],[-115.592321,28.297501],[-115.603979,28.31014],[-115.564667,28.307373]]],[[[-113.527146,29.092295],[-113.504707,29.092178],[-113.492011,29.03595],[-113.506825,29.039657],[-113.527146,29.092295]]],[[[-114.394781,29.960184],[-114.422017,29.966236],[-114.418542,29.986776],[-114.401849,29.986034],[-114.394781,29.960184]]],[[[-116.114411,30.496223],[-116.109612,30.495347],[-116.10424,30.48808],[-116.104175,30.482589],[-116.114764,30.482035],[-116.122767,30.485167],[-116.122844,30.491572],[-116.114411,30.496223]]],[[[-117.253693,32.420802],[-117.247639,32.41863],[-117.245032,32.414627],[-117.24197,32.404426],[-117.239351,32.39714],[-117.239321,32.389118],[-117.243205,32.388743],[-117.246703,32.400037],[-117.248027,32.407327],[-117.251064,32.410963],[-117.253693,32.420802]]]]}},{"type":"Feature","properties":{"adm0_a3":"MEX","name":"Chihuahua","name_en":"Chihuahua","iso_3166_2":"MX-CHH","postal":"CH"},"geometry":{"type":"Polygon","coordinates":[[[-103.627261,26.64393],[-103.988402,26.774697],[-104.154955,26.76772],[-104.234588,26.723227],[-104.557049,26.340511],[-104.59777,26.351002],[-104.723396,26.444407],[-104.833337,26.486782],[-104.988031,26.503576],[-105.026374,26.459471],[-105.116834,26.552411],[-105.327467,26.459471],[-105.578227,26.586595],[-105.680417,26.698939],[-105.808497,26.693255],[-106.027528,26.838595],[-106.091994,26.734932],[-106.128555,26.76772],[-106.157882,26.742063],[-106.165711,26.62052],[-106.224828,26.559671],[-106.195709,26.445337],[-106.432154,26.361776],[-106.427297,26.301341],[-106.381486,26.203078],[-106.378307,26.131506],[-106.410424,26.050736],[-106.512098,26.021668],[-106.536231,25.792018],[-106.720896,25.633216],[-106.75924,25.620297],[-106.93693,25.641588],[-107.075836,25.729386],[-107.15087,25.812895],[-107.254559,25.863254],[-107.273343,25.938236],[-107.313832,25.96578],[-107.343778,26.083835],[-107.385223,26.121894],[-107.776491,26.201321],[-107.835144,26.599591],[-107.853127,26.646358],[-107.999578,26.814565],[-108.021308,26.920011],[-108.197318,26.970835],[-108.269071,27.051527],[-108.338911,27.051088],[-108.374335,27.077443],[-108.466461,26.97987],[-108.496163,27.028092],[-108.549751,27.024139],[-108.573832,27.043285],[-108.686926,27.204438],[-108.681604,27.251851],[-108.63742,27.313837],[-108.665584,27.393083],[-108.659564,27.524884],[-108.7786,27.621984],[-108.762529,27.674952],[-108.871308,27.757014],[-108.906293,27.836157],[-109.013237,27.894189],[-109.15359,28.198951],[-109.051348,28.283519],[-108.879938,28.289075],[-108.640314,28.238793],[-108.540243,28.320055],[-108.645688,28.60766],[-108.610445,28.742742],[-108.626672,28.781887],[-108.707829,29.40079],[-108.613287,29.407611],[-108.559647,29.98215],[-108.536755,30.038632],[-108.58347,30.506614],[-108.645456,30.572604],[-108.799684,30.636244],[-109.04029,30.814088],[-108.968282,31.327391],[-108.214811,31.327443],[-108.215121,31.777751],[-106.517189,31.773824],[-106.39177,31.745919],[-106.331309,31.68215],[-106.286298,31.580141],[-106.209249,31.477305],[-105.961202,31.371006],[-105.928052,31.326461],[-105.861983,31.288376],[-105.76819,31.18001],[-105.59094,31.071438],[-105.555955,31.002605],[-105.363771,30.850366],[-105.249049,30.798845],[-105.204917,30.80241],[-105.087043,30.709806],[-105.008495,30.676992],[-104.98276,30.620716],[-104.93434,30.610536],[-104.898166,30.569401],[-104.879718,30.510852],[-104.859254,30.497261],[-104.853259,30.41215],[-104.681564,30.192939],[-104.701589,30.055324],[-104.680479,29.942308],[-104.637588,29.887996],[-104.619682,29.833064],[-104.570279,29.787511],[-104.530824,29.667906],[-104.455222,29.613387],[-104.444008,29.589203],[-104.338484,29.524013],[-104.267171,29.526571],[-104.212291,29.484661],[-104.161648,29.416759],[-104.057313,29.339037],[-103.928122,29.293019],[-103.78366,29.274803],[-103.769424,29.257543],[-103.777718,29.235297],[-103.702477,29.187858],[-103.550238,29.154656],[-103.478537,29.08205],[-103.38663,29.028798],[-103.342602,29.041226],[-103.330484,29.023733],[-103.309994,29.031175],[-103.963468,27.91889],[-103.627261,26.64393]]]}},{"type":"Feature","properties":{"adm0_a3":"MEX","name":"Coahuila","name_en":"Coahuila","iso_3166_2":"MX-COA","postal":"CO"},"geometry":{"type":"Polygon","coordinates":[[[-103.226174,24.887215],[-103.25147,24.922975],[-103.259557,25.04072],[-103.275319,25.072139],[-103.387973,25.14061],[-103.509206,25.29781],[-103.479854,25.377263],[-103.423837,25.417467],[-103.483575,25.485292],[-103.487786,25.540948],[-103.409884,25.594407],[-103.320174,25.698716],[-103.349526,26.073732],[-103.34534,26.123858],[-103.269582,26.31289],[-103.284905,26.363688],[-103.325703,26.408673],[-103.627261,26.64393],[-103.963468,27.91889],[-103.313094,29.024689],[-103.301545,29.002365],[-103.147989,28.985105],[-103.122771,28.996474],[-103.104684,29.057866],[-103.024275,29.116157],[-102.988386,29.177135],[-102.969757,29.192845],[-102.947536,29.182018],[-102.896893,29.220285],[-102.858781,29.229147],[-102.899709,29.2639],[-102.883069,29.343766],[-102.837672,29.366322],[-102.839067,29.45195],[-102.78075,29.558249],[-102.779665,29.592303],[-102.683469,29.743715],[-102.621225,29.747281],[-102.566758,29.771052],[-102.546578,29.757875],[-102.515288,29.784721],[-102.406096,29.777279],[-102.380051,29.811386],[-102.370723,29.857765],[-102.321011,29.893939],[-102.109344,29.80211],[-101.98793,29.805184],[-101.972246,29.818181],[-101.929613,29.797717],[-101.805978,29.811928],[-101.794531,29.795857],[-101.632216,29.775651],[-101.564907,29.786478],[-101.546458,29.820145],[-101.528604,29.801438],[-101.542893,29.771052],[-101.521809,29.765936],[-101.470908,29.791516],[-101.446103,29.771052],[-101.405098,29.778442],[-101.406545,29.752888],[-101.357684,29.667441],[-101.301073,29.649509],[-101.312158,29.597859],[-101.233919,29.622663],[-101.219011,29.610287],[-101.226478,29.55445],[-101.212861,29.531584],[-101.134778,29.487659],[-101.037782,29.460063],[-101.008068,29.380585],[-100.796143,29.257673],[-100.762088,29.208658],[-100.762501,29.173776],[-100.70204,29.12365],[-100.668967,29.116208],[-100.632793,29.005156],[-100.624318,28.924721],[-100.566234,28.869789],[-100.566234,28.842504],[-100.534453,28.830231],[-100.493939,28.708378],[-100.44619,28.626497],[-100.401438,28.60226],[-100.38423,28.537174],[-100.322631,28.510406],[-100.351622,28.496711],[-100.355549,28.478185],[-100.336326,28.458574],[-100.322631,28.386899],[-100.278551,28.331088],[-100.275089,28.277242],[-100.205946,28.242877],[-100.189203,28.201329],[-100.056498,28.137922],[-100.045077,28.095289],[-100.010196,28.068882],[-99.991127,28.007801],[-99.928289,27.975761],[-99.939683,27.961085],[-99.929916,27.946331],[-99.88134,27.906463],[-99.891288,27.876026],[-99.863357,27.845666],[-99.863357,27.804661],[-99.806963,27.771423],[-99.975675,27.637616],[-100.181864,27.793549],[-100.358184,27.674151],[-100.435182,27.379699],[-100.455181,27.353602],[-100.494558,27.34492],[-100.511766,27.365746],[-100.627522,27.327893],[-100.81304,27.199477],[-100.799552,27.059718],[-100.751442,27.038841],[-100.753767,27.013106],[-100.704416,27.027084],[-100.711806,27.064317],[-100.682505,27.072766],[-100.665142,27.099535],[-100.633929,27.07088],[-100.559515,27.053],[-100.551867,26.886886],[-100.609228,26.716354],[-100.711496,26.617316],[-100.752578,26.731857],[-101.215651,26.372964],[-101.108732,26.283409],[-101.048995,26.165612],[-100.990342,26.149825],[-100.946417,26.107761],[-100.923317,26.000119],[-100.847715,25.956866],[-100.84632,25.785326],[-100.782034,25.678045],[-100.738626,25.626498],[-100.656564,25.609574],[-100.63548,25.58787],[-100.636151,25.55689],[-100.574605,25.536116],[-100.570884,25.498315],[-100.664832,25.529863],[-100.690877,25.52529],[-100.696355,25.505808],[-100.627728,25.476378],[-100.572331,25.413875],[-100.498899,25.397468],[-100.473112,25.376668],[-100.468306,25.343001],[-100.303459,25.344862],[-100.199279,25.275874],[-100.258448,25.257425],[-100.259585,25.209133],[-100.27359,25.203191],[-100.402161,25.192597],[-100.52882,25.229416],[-100.596102,25.229494],[-100.714648,25.182288],[-100.794436,25.121568],[-100.835467,25.041314],[-100.776195,25.011471],[-100.731598,24.96243],[-100.796193,24.893468],[-100.767151,24.77593],[-100.82844,24.564961],[-100.925178,24.611676],[-101.01711,24.602349],[-101.09664,24.641003],[-101.169297,24.767687],[-101.231102,24.817504],[-101.341586,24.811871],[-101.34417,24.838019],[-101.44158,24.752185],[-101.617177,24.757094],[-101.654332,24.825798],[-101.574389,24.80691],[-101.582192,24.86794],[-101.603586,24.892073],[-101.767762,24.938065],[-101.860728,25.07555],[-102.17337,25.162961],[-102.63404,25.116323],[-102.792971,24.92636],[-102.838549,24.898661],[-102.843097,24.728284],[-102.971875,24.806652],[-103.139539,24.847838],[-103.226174,24.887215]]]}},{"type":"Feature","properties":{"adm0_a3":"MEX","name":"Tamaulipas","name_en":"Tamaulipas","iso_3166_2":"MX-TAM","postal":"TM"},"geometry":{"type":"MultiPolygon","coordinates":[[[[-99.710674,27.670116],[-99.664739,27.659398],[-99.644869,27.632733],[-99.590247,27.642061],[-99.507203,27.57377],[-99.509503,27.500028],[-99.480409,27.490778],[-99.472916,27.426647],[-99.497591,27.338798],[-99.521362,27.311254],[-99.451832,27.26118],[-99.431988,27.207591],[-99.452452,27.125012],[-99.439404,27.098347],[-99.461728,27.056954],[-99.42465,27.017887],[-99.399329,27.012668],[-99.386177,26.962231],[-99.248278,26.827097],[-99.164873,26.540448],[-99.10299,26.512078],[-99.089373,26.47115],[-99.108907,26.434253],[-99.085498,26.40764],[-99.010515,26.392602],[-98.962844,26.399527],[-98.945377,26.378288],[-98.9299,26.39224],[-98.893029,26.367849],[-98.801329,26.372138],[-98.746397,26.332141],[-98.739911,26.303253],[-98.701413,26.299119],[-98.691465,26.290231],[-98.702239,26.271628],[-98.653663,26.244291],[-98.581627,26.262274],[-98.49295,26.230596],[-98.472383,26.207652],[-98.456544,26.225946],[-98.428845,26.217729],[-98.36934,26.19401],[-98.377272,26.163572],[-98.339264,26.159851],[-98.300429,26.111431],[-98.185062,26.065232],[-98.103103,26.074947],[-98.065457,26.042184],[-98.013057,26.063682],[-97.80201,26.063733],[-97.766948,26.039652],[-97.659874,26.03066],[-97.52027,25.912786],[-97.448259,25.892322],[-97.425418,25.854857],[-97.389891,25.865657],[-97.376015,25.846744],[-97.345733,25.852222],[-97.351107,25.918419],[-97.328447,25.933302],[-97.287649,25.928651],[-97.266358,25.960639],[-97.139272,25.965806],[-97.16747,25.828599],[-97.165151,25.723334],[-97.319447,25.38996],[-97.458974,25.179389],[-97.651438,24.515855],[-97.716664,24.008124],[-97.725209,23.80565],[-97.750966,23.781928],[-97.822092,23.788398],[-97.75886,23.769029],[-97.76061,23.651923],[-97.733306,23.774807],[-97.722239,23.739325],[-97.768544,23.260077],[-97.74234,22.972073],[-97.753814,22.849311],[-97.753896,22.923245],[-97.794789,22.808336],[-97.838246,22.739691],[-97.876698,22.739447],[-97.855051,22.698554],[-97.893219,22.610256],[-97.881988,22.587877],[-97.858388,22.593451],[-97.850006,22.657538],[-97.834299,22.669745],[-97.830068,22.6164],[-97.850006,22.534613],[-97.781858,22.273336],[-97.851774,22.220298],[-97.912804,22.267427],[-97.895182,22.307579],[-97.908618,22.319103],[-97.962981,22.349489],[-98.092793,22.37264],[-98.161936,22.427779],[-98.178524,22.473254],[-98.197696,22.48054],[-98.249734,22.45894],[-98.289783,22.466794],[-98.30942,22.399512],[-98.36368,22.400855],[-98.37815,22.4269],[-98.402283,22.412534],[-98.439231,22.43274],[-98.616171,22.41858],[-98.656324,22.44292],[-98.673946,22.420596],[-98.76531,22.405661],[-98.830887,22.358377],[-99.206471,22.437959],[-99.265227,22.478267],[-99.379174,22.683422],[-99.431729,22.635518],[-99.50728,22.712102],[-99.547846,22.728277],[-99.527692,22.625493],[-99.55446,22.620997],[-100.000066,22.783364],[-100.039754,22.868269],[-100.023682,22.893435],[-99.933404,22.93519],[-99.907565,22.984075],[-99.914697,23.017768],[-99.998723,23.110373],[-100.006319,23.165253],[-100.022132,23.170524],[-100.08926,23.120811],[-100.046265,23.297235],[-100.125588,23.356249],[-100.042854,23.415264],[-99.906015,23.375111],[-99.952111,23.527711],[-99.852995,23.726407],[-99.821524,23.74868],[-99.599729,23.766844],[-99.502164,23.890377],[-99.449919,23.900118],[-99.475551,23.972465],[-99.609444,24.091811],[-99.616317,24.186121],[-99.573942,24.361924],[-99.606292,24.512509],[-99.709955,24.472486],[-99.736827,24.569663],[-99.650579,24.639091],[-99.586965,24.658547],[-99.547277,24.645809],[-99.499993,24.674282],[-99.478548,24.739834],[-99.414727,24.779185],[-99.335611,24.790193],[-99.29396,24.82665],[-99.163942,24.775775],[-99.192984,24.878017],[-99.142444,24.945868],[-99.188488,25.006898],[-99.142548,25.013021],[-99.145338,25.052037],[-99.106529,25.048859],[-99.03382,25.119552],[-98.980542,25.070951],[-98.887318,25.086273],[-98.445691,25.424572],[-98.449825,25.468652],[-98.554315,25.476921],[-98.561033,25.502578],[-98.552816,25.918909],[-98.568939,25.997432],[-98.830164,26.05934],[-98.888816,25.970818],[-99.037231,26.100784],[-99.079761,26.077453],[-99.109165,26.080114],[-99.133142,26.056704],[-99.152159,26.084015],[-99.180013,26.288706],[-99.254479,26.294829],[-99.332769,26.39503],[-99.391835,26.365574],[-99.41974,26.399242],[-99.422892,26.464431],[-99.384187,26.540215],[-99.39137,26.597886],[-99.445785,26.64194],[-99.558181,26.684651],[-99.652852,26.68385],[-99.619314,26.715966],[-99.604483,26.780407],[-99.562574,26.834977],[-99.630063,26.883863],[-99.700446,26.896266],[-99.731866,26.93231],[-99.728042,26.993056],[-99.676107,27.153666],[-99.711867,27.19958],[-99.75636,27.450469],[-99.777909,27.481889],[-99.903638,27.499769],[-99.9148,27.534289],[-99.909943,27.572167],[-99.710674,27.670116]]],[[[-97.788564,22.774848],[-97.796132,22.723782],[-97.84317,22.684882],[-97.788564,22.774848]]]]}},{"type":"Feature","properties":{"adm0_a3":"MEX","name":"Nuevo León","name_en":"Nuevo León","iso_3166_2":"MX-NLE","postal":"NL"},"geometry":{"type":"Polygon","coordinates":[[[-100.340046,23.189593],[-100.422159,23.210883],[-100.450581,23.257599],[-100.472751,23.43304],[-100.452959,23.49991],[-100.4943,23.661579],[-100.480347,23.788522],[-100.487582,23.821492],[-100.579824,23.930503],[-100.597239,23.974377],[-100.618065,24.311049],[-100.82844,24.564961],[-100.767151,24.77593],[-100.796193,24.893468],[-100.731598,24.96243],[-100.776195,25.011471],[-100.835467,25.041314],[-100.770614,25.147251],[-100.657287,25.211769],[-100.52882,25.229416],[-100.402161,25.192597],[-100.27359,25.203191],[-100.259585,25.209133],[-100.258448,25.257425],[-100.199279,25.275874],[-100.303459,25.344862],[-100.468306,25.343001],[-100.473112,25.376668],[-100.498899,25.397468],[-100.572331,25.413875],[-100.627728,25.476378],[-100.696355,25.505808],[-100.690877,25.52529],[-100.664832,25.529863],[-100.570884,25.498315],[-100.574605,25.536116],[-100.636151,25.55689],[-100.63548,25.58787],[-100.656564,25.609574],[-100.738626,25.626498],[-100.782034,25.678045],[-100.84632,25.785326],[-100.847715,25.956866],[-100.923317,26.000119],[-100.946417,26.107761],[-100.990342,26.149825],[-101.048995,26.165612],[-101.108732,26.283409],[-101.215651,26.372964],[-100.752578,26.731857],[-100.711496,26.617316],[-100.609228,26.716354],[-100.551867,26.886886],[-100.559515,27.053],[-100.633929,27.07088],[-100.665142,27.099535],[-100.682505,27.072766],[-100.711806,27.064317],[-100.704416,27.027084],[-100.753767,27.013106],[-100.751442,27.038841],[-100.799552,27.059718],[-100.81304,27.199477],[-100.627522,27.327893],[-100.511766,27.365746],[-100.494558,27.34492],[-100.455181,27.353602],[-100.435182,27.379699],[-100.358184,27.674151],[-100.181864,27.793549],[-99.975675,27.637616],[-99.806963,27.771423],[-99.740445,27.722159],[-99.710674,27.670116],[-99.909943,27.572167],[-99.9148,27.534289],[-99.903638,27.499769],[-99.777909,27.481889],[-99.75636,27.450469],[-99.711867,27.19958],[-99.676107,27.153666],[-99.728042,26.993056],[-99.731866,26.93231],[-99.700446,26.896266],[-99.630063,26.883863],[-99.562574,26.834977],[-99.604483,26.780407],[-99.619314,26.715966],[-99.652852,26.68385],[-99.558181,26.684651],[-99.445785,26.64194],[-99.39137,26.597886],[-99.384187,26.540215],[-99.422892,26.464431],[-99.41974,26.399242],[-99.391835,26.365574],[-99.332769,26.39503],[-99.254479,26.294829],[-99.180013,26.288706],[-99.152159,26.084015],[-99.133142,26.056704],[-99.109165,26.080114],[-99.079761,26.077453],[-99.037231,26.100784],[-98.888816,25.970818],[-98.830164,26.05934],[-98.568939,25.997432],[-98.552816,25.918909],[-98.561033,25.502578],[-98.554315,25.476921],[-98.449825,25.468652],[-98.445691,25.424572],[-98.887318,25.086273],[-98.980542,25.070951],[-99.03382,25.119552],[-99.106529,25.048859],[-99.145338,25.052037],[-99.142548,25.013021],[-99.188488,25.006898],[-99.142444,24.945868],[-99.192984,24.878017],[-99.163942,24.775775],[-99.29396,24.82665],[-99.335611,24.790193],[-99.414727,24.779185],[-99.478548,24.739834],[-99.499993,24.674282],[-99.547277,24.645809],[-99.586965,24.658547],[-99.650579,24.639091],[-99.736827,24.569663],[-99.709955,24.472486],[-99.606292,24.512509],[-99.573942,24.361924],[-99.616317,24.186121],[-99.609444,24.091811],[-99.463665,23.957401],[-99.451728,23.891643],[-99.502164,23.890377],[-99.599729,23.766844],[-99.840076,23.740799],[-99.950302,23.538564],[-99.906015,23.375111],[-100.042854,23.415264],[-100.125588,23.356249],[-100.054998,23.313771],[-100.057272,23.241062],[-100.326816,23.254136],[-100.325059,23.202202],[-100.340046,23.189593]]]}},{"type":"Feature","properties":{"adm0_a3":"MEX","name":"Quintana Roo","name_en":"Quintana Roo","iso_3166_2":"MX-ROO","postal":"QR"},"geometry":{"type":"MultiPolygon","coordinates":[[[[-87.043324,21.602118],[-86.997914,21.565904],[-86.918528,21.439602],[-86.827952,21.433295],[-86.810455,21.370266],[-86.823476,21.318345],[-86.815053,21.204779],[-86.790924,21.158352],[-86.741567,21.16413],[-86.789947,21.064887],[-86.783681,21.035956],[-86.827748,21.012641],[-86.875315,20.855048],[-87.067454,20.619208],[-87.180409,20.547187],[-87.234975,20.49258],[-87.365346,20.293931],[-87.384674,20.284166],[-87.379018,20.266669],[-87.430491,20.221015],[-87.471303,20.069037],[-87.467763,19.984849],[-87.434193,19.889228],[-87.479807,19.784329],[-87.48176,19.836656],[-87.447336,19.861965],[-87.443918,19.913479],[-87.471018,19.962144],[-87.485015,19.962307],[-87.474599,19.875637],[-87.454701,19.889309],[-87.525258,19.802883],[-87.549672,19.817613],[-87.579945,19.799018],[-87.667348,19.633775],[-87.680043,19.635972],[-87.658844,19.655463],[-87.660146,19.683783],[-87.73469,19.683783],[-87.7412,19.671698],[-87.731516,19.600531],[-87.693105,19.570136],[-87.660146,19.567776],[-87.673818,19.505683],[-87.564565,19.567776],[-87.509389,19.546617],[-87.495717,19.567776],[-87.454701,19.560289],[-87.467763,19.546617],[-87.441396,19.553656],[-87.425771,19.592108],[-87.440419,19.595038],[-87.443918,19.57392],[-87.529205,19.587592],[-87.447336,19.580797],[-87.440419,19.635972],[-87.41275,19.577623],[-87.433013,19.492011],[-87.458404,19.455024],[-87.534779,19.402045],[-87.57079,19.39643],[-87.552561,19.401597],[-87.536692,19.437445],[-87.617665,19.405463],[-87.65567,19.373236],[-87.667063,19.334377],[-87.646555,19.354885],[-87.675852,19.311184],[-87.660146,19.307034],[-87.687856,19.242133],[-87.649078,19.220649],[-87.592519,19.268256],[-87.567128,19.317206],[-87.495717,19.327582],[-87.516184,19.286566],[-87.480946,19.31977],[-87.460927,19.31391],[-87.496978,19.289049],[-87.533437,19.228095],[-87.5572,19.156236],[-87.548899,19.133043],[-87.606191,19.020413],[-87.662017,18.766832],[-87.73705,18.644965],[-87.739247,18.535956],[-87.758046,18.499457],[-87.762563,18.429389],[-87.84142,18.277655],[-87.844553,18.196682],[-87.858795,18.245063],[-87.887196,18.230048],[-87.865631,18.327582],[-87.885487,18.292222],[-87.879303,18.340644],[-87.89977,18.389065],[-87.935292,18.400051],[-87.93517,18.443101],[-88.077789,18.498603],[-88.07726,18.535834],[-88.043813,18.573432],[-88.050526,18.595771],[-88.002187,18.690131],[-88.016469,18.70718],[-88.004547,18.786851],[-88.036285,18.874986],[-88.103912,18.80272],[-88.127309,18.730211],[-88.142934,18.731635],[-88.134674,18.769517],[-88.149159,18.749986],[-88.198801,18.739936],[-88.247792,18.696275],[-88.255483,18.676459],[-88.235707,18.684312],[-88.187123,18.738511],[-88.194651,18.676459],[-88.170766,18.701402],[-88.150746,18.698554],[-88.173492,18.683295],[-88.283315,18.491441],[-88.390776,18.475695],[-88.413229,18.490759],[-88.459635,18.475721],[-88.489245,18.484506],[-88.527822,18.454146],[-88.554797,18.352214],[-88.607713,18.283381],[-88.616989,18.235426],[-88.696623,18.178065],[-88.689517,18.161244],[-88.726647,18.066728],[-88.776876,18.023759],[-88.80535,17.965003],[-88.856406,17.928312],[-88.871367,17.89095],[-89.049444,17.999213],[-89.132565,17.970274],[-89.146337,17.951456],[-89.154088,18.031407],[-89.058409,18.144294],[-89.035671,18.202714],[-89.060967,18.425104],[-89.044533,18.492205],[-89.075875,18.505796],[-89.059261,18.537164],[-89.067116,18.58959],[-89.101119,18.632016],[-89.108845,18.690772],[-89.076392,18.88722],[-89.082361,18.961402],[-89.020736,19.033464],[-89.013502,19.217846],[-89.037247,19.289159],[-89.13458,19.405225],[-89.373867,19.593947],[-89.415364,19.651049],[-89.37025,19.75497],[-89.368829,19.820134],[-89.202043,19.841735],[-89.150884,19.89305],[-89.055747,19.931755],[-88.927538,19.940876],[-88.83943,20.013895],[-88.791474,19.98121],[-88.790027,20.018985],[-88.707448,20.080842],[-88.445268,20.183652],[-88.400154,20.233985],[-88.373773,20.300596],[-88.346333,20.318579],[-88.313338,20.316383],[-88.283262,20.265094],[-88.260835,20.262975],[-88.272436,20.34341],[-88.194017,20.452835],[-88.160711,20.459217],[-88.1064,20.428288],[-87.988422,20.442732],[-87.674875,20.647887],[-87.53398,20.955698],[-87.538837,21.017916],[-87.585036,21.111063],[-87.56881,21.210721],[-87.529406,21.265343],[-87.525091,21.298778],[-87.539784,21.499335],[-87.501943,21.499335],[-87.474599,21.480129],[-87.501943,21.480129],[-87.492747,21.468492],[-87.429921,21.472642],[-87.238189,21.44302],[-87.155588,21.481757],[-87.129994,21.519436],[-87.138336,21.563056],[-87.199859,21.562323],[-87.256581,21.528022],[-87.331207,21.534084],[-87.337473,21.554592],[-87.402333,21.509467],[-87.413157,21.534084],[-87.372182,21.569159],[-87.272125,21.560777],[-87.11148,21.62344],[-87.043324,21.602118]]],[[[-87.310129,18.567206],[-87.328155,18.532701],[-87.334503,18.454372],[-87.379425,18.402493],[-87.343617,18.452338],[-87.331207,18.532416],[-87.310129,18.567206]]],[[[-87.269154,18.738511],[-87.248158,18.676215],[-87.262929,18.628648],[-87.269154,18.738511]]],[[[-86.995269,20.26081],[-87.01887,20.332465],[-87.019683,20.397447],[-86.968129,20.506252],[-86.905426,20.567694],[-86.837148,20.547187],[-86.771311,20.566107],[-86.742177,20.595893],[-86.735341,20.585354],[-86.797109,20.477484],[-86.843984,20.437323],[-86.885569,20.358832],[-86.995269,20.26081]]],[[[-86.700592,21.19892],[-86.739573,21.242825],[-86.741567,21.287665],[-86.700592,21.19892]]]]}},{"type":"Feature","properties":{"adm0_a3":"MEX","name":"Campeche","name_en":"Campeche","iso_3166_2":"MX-CAM","postal":"CM"},"geometry":{"type":"MultiPolygon","coordinates":[[[[-89.160496,17.814314],[-90.962221,17.81602],[-90.990901,17.801964],[-90.991676,17.968206],[-91.123709,17.975802],[-91.167996,18.006808],[-91.245665,18.010632],[-91.331965,18.066856],[-91.489578,18.102978],[-91.5889,18.097862],[-91.604713,18.008772],[-91.633083,17.950894],[-91.859323,17.953581],[-91.965415,18.010839],[-91.97513,18.041638],[-92.071093,18.094503],[-92.155636,18.168814],[-92.149073,18.461871],[-92.368077,18.460786],[-92.416498,18.503315],[-92.437272,18.576334],[-92.486144,18.648483],[-92.40514,18.671063],[-92.060133,18.701617],[-91.94806,18.691225],[-91.860422,18.621812],[-91.866567,18.598375],[-91.932362,18.593899],[-91.950185,18.629543],[-91.976064,18.611558],[-92.008209,18.612982],[-91.990712,18.593899],[-92.039133,18.601304],[-92.031646,18.580797],[-92.052805,18.546698],[-92.031646,18.56037],[-91.990712,18.539252],[-91.95519,18.547675],[-91.888295,18.505764],[-91.964182,18.562323],[-91.970286,18.593899],[-91.926259,18.572333],[-91.901967,18.580797],[-91.915028,18.56037],[-91.874013,18.52558],[-91.894521,18.52558],[-91.826283,18.491441],[-91.860422,18.433173],[-91.802073,18.385647],[-91.792348,18.401557],[-91.812611,18.450507],[-91.771596,18.436835],[-91.805165,18.475898],[-91.798329,18.491441],[-91.68224,18.450507],[-91.592885,18.443061],[-91.504058,18.464179],[-91.48648,18.436428],[-91.475413,18.454657],[-91.483632,18.498277],[-91.497304,18.477769],[-91.538889,18.471015],[-91.504058,18.511949],[-91.394887,18.56037],[-91.345041,18.565619],[-91.301747,18.621812],[-91.251332,18.619696],[-91.181996,18.656562],[-91.21231,18.661322],[-91.298655,18.628648],[-91.265533,18.735663],[-91.302358,18.780951],[-91.367014,18.771226],[-91.414703,18.813625],[-91.380727,18.859442],[-91.311106,18.890815],[-91.237213,18.957587],[-91.391265,18.871283],[-91.416819,18.850165],[-91.414703,18.826646],[-91.464263,18.808295],[-91.505279,18.816555],[-91.431188,18.880117],[-91.16161,19.016262],[-91.079579,19.087348],[-90.935536,19.163072],[-90.856557,19.258287],[-90.80309,19.282904],[-90.742421,19.342963],[-90.702789,19.711127],[-90.66454,19.781928],[-90.477823,19.922101],[-90.463857,19.977851],[-90.500234,20.07925],[-90.474477,20.408515],[-90.489898,20.534125],[-90.459381,20.715522],[-90.381143,20.824027],[-90.391996,20.547222],[-90.374168,20.518541],[-90.236347,20.509989],[-90.169219,20.424697],[-90.129945,20.439218],[-90.094237,20.407359],[-90.063799,20.412527],[-90.046255,20.450483],[-90.018402,20.467537],[-89.962565,20.386973],[-89.943755,20.323178],[-89.869832,20.268608],[-89.81074,20.137427],[-89.758366,20.087818],[-89.629976,20.019088],[-89.557835,19.890078],[-89.454741,19.77701],[-89.44208,19.706162],[-89.373867,19.593947],[-89.13458,19.405225],[-89.037247,19.289159],[-89.013502,19.217846],[-89.020736,19.033464],[-89.082361,18.961402],[-89.076392,18.88722],[-89.108845,18.690772],[-89.101119,18.632016],[-89.067116,18.58959],[-89.059261,18.537164],[-89.075875,18.505796],[-89.044533,18.492205],[-89.060967,18.425104],[-89.035671,18.202714],[-89.058409,18.144294],[-89.154088,18.031407],[-89.146337,17.951456],[-89.160496,17.814314]]],[[[-91.842681,18.65119],[-91.812164,18.679755],[-91.646554,18.755841],[-91.555735,18.791693],[-91.527333,18.777086],[-91.524566,18.752143],[-91.620839,18.744696],[-91.688873,18.66942],[-91.723215,18.662787],[-91.702748,18.697496],[-91.785959,18.654364],[-91.842681,18.65119]]]]}},{"type":"Feature","properties":{"adm0_a3":"MEX","name":"Tabasco","name_en":"Tabasco","iso_3166_2":"MX-TAB","postal":"TB"},"geometry":{"type":"Polygon","coordinates":[[[-90.991986,17.25192],[-91.433267,17.254538],[-91.434749,17.303027],[-91.390979,17.318892],[-91.387414,17.333258],[-91.423742,17.385657],[-91.492317,17.40147],[-91.500688,17.463586],[-91.644711,17.524925],[-91.666725,17.651016],[-91.698144,17.713596],[-91.794262,17.728841],[-91.775555,17.774316],[-91.799223,17.869349],[-91.840358,17.889089],[-91.860408,17.874465],[-91.914978,17.888159],[-91.942935,17.854001],[-91.966862,17.909243],[-92.025359,17.886299],[-92.077811,17.832762],[-92.060809,17.802635],[-92.080756,17.787287],[-92.148142,17.787803],[-92.216459,17.748426],[-92.368077,17.696853],[-92.383012,17.623317],[-92.459286,17.592983],[-92.695448,17.383539],[-92.723198,17.365607],[-92.787277,17.374134],[-92.842157,17.416612],[-92.910215,17.525804],[-92.98313,17.542134],[-93.010725,17.708273],[-92.989848,17.827388],[-92.99791,17.932911],[-93.054547,17.89467],[-93.087568,17.900303],[-93.186477,17.974407],[-93.27102,17.993682],[-93.313446,17.963865],[-93.414422,17.637683],[-93.511418,17.546371],[-93.589502,17.375529],[-93.624435,17.389275],[-93.6434,17.420797],[-93.614823,17.546526],[-93.622678,17.563011],[-93.666189,17.586472],[-93.733782,17.67148],[-93.846023,17.710289],[-93.862146,17.744499],[-93.93687,17.758555],[-93.97046,17.832297],[-94.076707,17.88201],[-94.0734,17.951204],[-94.050765,17.993682],[-94.089781,18.072747],[-94.077792,18.089594],[-94.093708,18.10613],[-94.096034,18.15822],[-94.125593,18.16747],[-94.137073,18.207436],[-93.86148,18.306545],[-93.885406,18.276068],[-93.878285,18.256903],[-93.781117,18.272773],[-93.759104,18.292222],[-93.762522,18.32392],[-93.738596,18.340644],[-93.683949,18.354926],[-93.677561,18.336412],[-93.657216,18.333319],[-93.592844,18.344957],[-93.56664,18.389065],[-93.580312,18.416327],[-93.814117,18.312079],[-93.847808,18.299709],[-93.839589,18.318549],[-93.781972,18.352973],[-93.552358,18.429389],[-93.155751,18.443061],[-93.183095,18.408922],[-93.176422,18.377672],[-93.160471,18.368964],[-93.121653,18.389065],[-93.128489,18.340644],[-93.114817,18.374823],[-93.088368,18.392768],[-93.137603,18.42886],[-92.855731,18.466047],[-92.759307,18.536672],[-92.716908,18.59219],[-92.690256,18.552924],[-92.669097,18.429389],[-92.662262,18.535834],[-92.695872,18.615627],[-92.486144,18.648483],[-92.437272,18.576334],[-92.416498,18.503315],[-92.368077,18.460786],[-92.149073,18.461871],[-92.155636,18.168814],[-92.071093,18.094503],[-91.97513,18.041638],[-91.965415,18.010839],[-91.890949,17.966656],[-91.859323,17.953581],[-91.633083,17.950894],[-91.604713,18.008772],[-91.5889,18.097862],[-91.540841,18.10458],[-91.331965,18.066856],[-91.245665,18.010632],[-91.167996,18.006808],[-91.123709,17.975802],[-90.991676,17.968206],[-90.991986,17.25192]]]}},{"type":"Feature","properties":{"adm0_a3":"MEX","name":"Chiapas","name_en":"Chiapas","iso_3166_2":"MX-CHP","postal":"CS"},"geometry":{"type":"MultiPolygon","coordinates":[[[[-92.246257,14.546279],[-92.824859,15.135647],[-92.840443,15.181952],[-92.780873,15.15884],[-92.764027,15.112942],[-92.737416,15.092597],[-92.768422,15.171454],[-92.840443,15.188788],[-92.854034,15.208523],[-92.846669,15.188788],[-92.863515,15.191107],[-92.983144,15.26557],[-92.998199,15.293972],[-93.078114,15.34866],[-93.199615,15.490994],[-93.656036,15.83926],[-93.943389,16.010565],[-93.895619,16.017401],[-93.878041,16.005398],[-93.854034,16.024848],[-93.898101,16.088935],[-94.083619,16.148857],[-94.046425,16.21591],[-94.039862,16.302571],[-94.125076,16.508812],[-94.03981,16.64286],[-94.041464,16.800525],[-93.911291,16.880675],[-93.905296,17.000513],[-93.894289,17.017204],[-93.868089,17.012192],[-93.873412,17.15022],[-93.618544,17.316101],[-93.511418,17.546371],[-93.414422,17.637683],[-93.313446,17.963865],[-93.27102,17.993682],[-93.186477,17.974407],[-93.087568,17.900303],[-93.054547,17.89467],[-92.99791,17.932911],[-92.989848,17.827388],[-93.010725,17.708273],[-92.98313,17.542134],[-92.910215,17.525804],[-92.829341,17.401832],[-92.755237,17.364263],[-92.695448,17.383539],[-92.439494,17.607349],[-92.383012,17.623317],[-92.368077,17.696853],[-92.343479,17.712976],[-92.216459,17.748426],[-92.148142,17.787803],[-92.080756,17.787287],[-92.060809,17.802635],[-92.077811,17.832762],[-91.995594,17.904747],[-91.953529,17.902318],[-91.942935,17.854001],[-91.914978,17.888159],[-91.860408,17.874465],[-91.818757,17.88542],[-91.78403,17.840203],[-91.775555,17.774316],[-91.794262,17.728841],[-91.698144,17.713596],[-91.666725,17.651016],[-91.644711,17.524925],[-91.500688,17.463586],[-91.492317,17.40147],[-91.423742,17.385657],[-91.387414,17.333258],[-91.390979,17.318892],[-91.434749,17.303027],[-91.442502,17.237967],[-91.372945,17.213576],[-91.364884,17.189753],[-91.279514,17.180089],[-91.259205,17.124331],[-91.229595,17.113995],[-91.1712,17.028006],[-91.126552,17.024595],[-91.054928,16.908013],[-90.993072,16.874372],[-90.98625,16.901088],[-90.955193,16.898763],[-90.968887,16.874372],[-90.919071,16.836338],[-90.79696,16.805435],[-90.80037,16.786832],[-90.73531,16.746576],[-90.667717,16.652576],[-90.654023,16.61661],[-90.6672,16.586999],[-90.633765,16.592167],[-90.648183,16.529586],[-90.612061,16.507624],[-90.633094,16.483336],[-90.543719,16.490209],[-90.532893,16.459927],[-90.497753,16.46804],[-90.475842,16.430729],[-90.394917,16.419206],[-90.379853,16.367271],[-90.418223,16.367167],[-90.420807,16.353008],[-90.40719,16.36045],[-90.398793,16.347582],[-90.404684,16.331511],[-90.444888,16.30836],[-90.414063,16.287844],[-90.434475,16.291565],[-90.42768,16.263608],[-90.448144,16.271101],[-90.459435,16.25906],[-90.434475,16.236323],[-90.458505,16.22175],[-90.461812,16.189142],[-90.42613,16.163149],[-90.448144,16.154416],[-90.435302,16.136277],[-90.459487,16.116795],[-90.455585,16.099742],[-90.434475,16.107183],[-90.466153,16.072922],[-91.739848,16.060985],[-92.211292,15.272066],[-92.20336,15.237159],[-92.073807,15.073706],[-92.103831,15.01787],[-92.154215,14.995933],[-92.15468,14.900797],[-92.191655,14.835297],[-92.160804,14.683498],[-92.208062,14.570507],[-92.246257,14.546279]]],[[[-93.963897,15.997504],[-94.114857,16.057202],[-94.094028,16.098969],[-93.963897,15.997504]]]]}},{"type":"Feature","properties":{"adm0_a3":"MEX","name":"Colima","name_en":"Colima","iso_3166_2":"MX-COL","postal":"CL"},"geometry":{"type":"MultiPolygon","coordinates":[[[[-114.798573,18.330878],[-114.775543,18.354926],[-114.720204,18.352118],[-114.734039,18.32925],[-114.798573,18.330878]]],[[[-111.000559,18.868232],[-110.940785,18.821723],[-110.945912,18.799994],[-110.911204,18.762519],[-110.924306,18.727362],[-110.979482,18.716783],[-111.06725,18.768744],[-111.05309,18.815985],[-111.000559,18.868232]]],[[[-110.81432,19.348049],[-110.787668,19.31391],[-110.83023,19.273342],[-110.81432,19.348049]]],[[[-104.592559,19.149604],[-104.592267,19.172525],[-104.536379,19.248851],[-104.499249,19.249523],[-104.475271,19.229524],[-104.462533,19.261615],[-104.420572,19.288022],[-104.384734,19.270452],[-104.254587,19.320371],[-104.214512,19.320371],[-104.190327,19.369722],[-104.152216,19.398196],[-104.135447,19.457676],[-104.055762,19.537154],[-104.050646,19.502324],[-103.833476,19.397576],[-103.801385,19.422226],[-103.716868,19.441088],[-103.648577,19.501394],[-103.600648,19.407756],[-103.491326,19.310811],[-103.506984,19.268023],[-103.494788,19.195211],[-103.525226,19.09253],[-103.477813,18.96644],[-103.5776,18.883964],[-103.61181,18.88846],[-103.627028,18.802419],[-103.679067,18.778854],[-103.708135,18.716842],[-103.742025,18.690412],[-103.979977,18.874938],[-104.180606,18.971381],[-104.331668,19.022256],[-104.329012,19.053299],[-104.299608,19.065755],[-104.328721,19.099297],[-104.350806,19.090965],[-104.354332,19.111913],[-104.386139,19.115433],[-104.390002,19.093372],[-104.415802,19.105658],[-104.439548,19.081607],[-104.451577,19.104426],[-104.503814,19.129665],[-104.592559,19.149604]]]]}},{"type":"Feature","properties":{"adm0_a3":"MEX","name":"Nayarit","name_en":"Nayarit","iso_3166_2":"MX-NAY","postal":"NA"},"geometry":{"type":"MultiPolygon","coordinates":[[[[-106.279363,21.314659],[-106.260005,21.334097],[-106.224038,21.328736],[-106.227506,21.291166],[-106.279363,21.314659]]],[[[-106.492614,21.469005],[-106.437062,21.495946],[-106.372728,21.482046],[-106.362644,21.455074],[-106.380654,21.446987],[-106.387098,21.420636],[-106.478747,21.451402],[-106.492614,21.469005]]],[[[-106.660848,21.693064],[-106.600013,21.691452],[-106.534458,21.657571],[-106.539426,21.636398],[-106.504782,21.602859],[-106.532361,21.541629],[-106.545065,21.561892],[-106.631156,21.600861],[-106.660848,21.693064]]],[[[-106.678963,21.727036],[-106.688941,21.746832],[-106.663823,21.777246],[-106.657766,21.739878],[-106.678963,21.727036]]],[[[-105.434825,23.032755],[-105.17882,23.031618],[-104.955914,22.928472],[-104.888579,22.790289],[-104.988573,22.691638],[-104.996661,22.543482],[-104.942374,22.556246],[-104.774349,22.676239],[-104.659162,22.616604],[-104.613842,22.48147],[-104.533485,22.427417],[-104.477157,22.416772],[-104.334634,22.474856],[-104.311431,22.319103],[-104.398661,22.085422],[-104.098421,21.784459],[-104.158133,21.59677],[-104.2103,21.519152],[-103.944683,21.375181],[-103.968584,21.287073],[-104.039665,21.219842],[-104.20167,21.198603],[-104.224124,21.169251],[-104.208182,20.993293],[-104.271072,20.861518],[-104.285619,20.708039],[-104.462481,20.830408],[-104.522917,20.906579],[-104.620973,20.923116],[-104.727891,21.009726],[-104.768096,21.020164],[-104.797293,21.017632],[-104.924339,20.931177],[-105.02733,20.916605],[-105.057432,20.936759],[-105.094562,20.918103],[-105.290781,20.68515],[-105.310223,20.727213],[-105.361561,20.762751],[-105.410907,20.733999],[-105.544896,20.768096],[-105.523583,20.789656],[-105.486535,20.796223],[-105.455285,20.867023],[-105.403941,20.928942],[-105.358238,20.957734],[-105.309682,21.030666],[-105.270559,21.025323],[-105.234327,21.060966],[-105.232936,21.182952],[-105.216081,21.204379],[-105.243138,21.342064],[-105.219757,21.407497],[-105.184967,21.44302],[-105.217559,21.517239],[-105.243766,21.527245],[-105.263504,21.513401],[-105.448417,21.631032],[-105.549387,21.830182],[-105.632264,21.955737],[-105.657261,22.047253],[-105.655032,22.256298],[-105.732696,22.504055],[-105.678738,22.448966],[-105.661788,22.480024],[-105.677472,22.535214],[-105.591353,22.544154],[-105.499989,22.490049],[-105.442783,22.51475],[-105.463867,22.625131],[-105.492031,22.657739],[-105.486527,22.684145],[-105.517094,22.697891],[-105.577142,22.770187],[-105.555748,22.8122],[-105.444979,22.914209],[-105.472032,22.973585],[-105.434825,23.032755]]]]}},{"type":"Feature","properties":{"adm0_a3":"MEX","name":"Baja California Sur","name_en":"Baja California Sur","iso_3166_2":"MX-BCS","postal":"BS"},"geometry":{"type":"MultiPolygon","coordinates":[[[[-109.93322,24.374414],[-109.822849,24.209406],[-109.802865,24.137062],[-109.873927,24.151703],[-109.900432,24.199241],[-109.937425,24.325149],[-109.93322,24.374414]]],[[[-111.462958,24.329771],[-111.561253,24.362367],[-111.673254,24.358401],[-111.657778,24.375217],[-111.561635,24.378079],[-111.509633,24.363959],[-111.462958,24.329771]]],[[[-112.006844,24.5144],[-111.988974,24.527654],[-111.837343,24.512756],[-111.818232,24.467621],[-111.753489,24.446967],[-111.724208,24.396167],[-111.694749,24.381189],[-111.708111,24.299854],[-111.758561,24.356101],[-111.871583,24.439099],[-112.006844,24.5144]]],[[[-110.397507,24.590805],[-110.363636,24.556948],[-110.363989,24.532489],[-110.305002,24.50316],[-110.287863,24.469742],[-110.312734,24.446682],[-110.326505,24.400749],[-110.34804,24.402451],[-110.355063,24.435071],[-110.370426,24.429678],[-110.375659,24.446832],[-110.360162,24.457546],[-110.38464,24.473656],[-110.39677,24.511183],[-110.376232,24.530767],[-110.405571,24.543804],[-110.415745,24.569601],[-110.397507,24.590805]]],[[[-110.7069,25.105136],[-110.668625,25.052773],[-110.593092,25.034447],[-110.574916,25.015727],[-110.570692,24.955493],[-110.524929,24.880001],[-110.579153,24.863662],[-110.57388,24.887455],[-110.620302,24.916724],[-110.642313,24.914498],[-110.675838,25.011198],[-110.713282,25.029215],[-110.7069,25.105136]]],[[[-112.125326,25.265833],[-112.120224,25.220521],[-112.179304,25.044986],[-112.161827,24.974397],[-112.186964,24.961331],[-112.19593,24.915301],[-112.176865,24.872388],[-112.20431,24.866861],[-112.213715,24.847527],[-112.115623,24.689301],[-112.140029,24.659288],[-112.136464,24.632882],[-112.070911,24.585178],[-112.059907,24.540603],[-112.102478,24.559152],[-112.113862,24.599166],[-112.176344,24.653562],[-112.138381,24.680297],[-112.155764,24.743385],[-112.189533,24.773923],[-112.237785,24.789228],[-112.260932,24.776582],[-112.259413,24.749407],[-112.304596,24.792182],[-112.206302,25.01766],[-112.142495,25.255132],[-112.125326,25.265833]]],[[[-110.765292,25.593939],[-110.805532,25.644418],[-110.803561,25.674933],[-110.773414,25.712795],[-110.753187,25.598096],[-110.765292,25.593939]]],[[[-111.204991,25.803754],[-111.233355,25.842899],[-111.211072,25.928869],[-111.169255,25.987594],[-111.176027,26.043342],[-111.133813,26.052844],[-111.12752,26.068313],[-111.103414,26.053817],[-111.056369,26.071817],[-111.081986,26.028694],[-111.067386,25.965818],[-111.101114,25.996851],[-111.119618,25.992218],[-111.180803,25.902525],[-111.204991,25.803754]]],[[[-109.531672,23.108207],[-109.713176,23.03105],[-109.731519,22.987543],[-109.803377,22.956122],[-109.80601,22.93607],[-109.851064,22.89997],[-109.901739,22.889677],[-109.895378,22.874203],[-109.954496,22.872155],[-109.999659,22.894442],[-110.060018,22.950816],[-110.09838,23.017562],[-110.16726,23.321086],[-110.307362,23.541032],[-110.353907,23.580786],[-110.577343,23.68156],[-110.647518,23.733901],[-110.815788,23.908746],[-111.039714,24.104185],[-111.444445,24.324391],[-111.359749,24.290322],[-111.460705,24.343196],[-111.522592,24.404639],[-111.595578,24.442235],[-111.6535,24.552219],[-111.634251,24.547823],[-111.67903,24.586334],[-111.695627,24.587144],[-111.685928,24.556889],[-111.698781,24.535562],[-111.803145,24.546451],[-111.761715,24.515249],[-111.812908,24.50588],[-111.814884,24.569867],[-111.848924,24.653686],[-111.941597,24.744225],[-111.916002,24.733513],[-111.912929,24.743776],[-111.968129,24.79442],[-112.008372,24.874579],[-111.98766,24.796698],[-111.966705,24.778306],[-111.988433,24.764716],[-111.966705,24.744208],[-111.9947,24.75788],[-112.011627,24.739447],[-112.025258,24.755561],[-112.04308,24.80565],[-112.029286,24.820217],[-112.035634,24.840399],[-112.054514,24.817125],[-112.043054,24.753466],[-112.078114,24.762152],[-112.094309,24.787177],[-112.097727,24.846625],[-112.124215,24.874046],[-112.09024,24.90119],[-112.103505,24.940416],[-112.082387,24.960273],[-112.096921,24.999609],[-112.110374,25.002611],[-112.137278,24.946112],[-112.123023,24.909327],[-112.144931,24.874094],[-112.160872,24.893257],[-112.153862,24.931819],[-112.165803,24.953935],[-112.141756,24.970367],[-112.123363,25.038267],[-112.122176,25.073402],[-112.142525,25.085979],[-112.130621,25.172028],[-112.077871,25.258735],[-112.074228,25.372747],[-112.086932,25.390585],[-112.070697,25.441318],[-112.083098,25.443995],[-112.030778,25.473615],[-112.08445,25.481021],[-112.062571,25.494696],[-112.063133,25.625334],[-112.08145,25.720682],[-112.10409,25.504154],[-112.108712,25.784145],[-112.178942,25.955175],[-112.238515,26.040839],[-112.292873,26.049712],[-112.308746,26.06977],[-112.343495,26.178127],[-112.402699,26.24022],[-112.452952,26.262926],[-112.49828,26.235012],[-112.556793,26.272366],[-112.559967,26.301093],[-112.590168,26.287845],[-112.617096,26.319729],[-112.689117,26.32274],[-112.728363,26.370227],[-113.060716,26.599118],[-113.057037,26.650214],[-113.143056,26.757717],[-113.140533,26.781684],[-113.119049,26.794094],[-113.163686,26.78913],[-113.170318,26.765123],[-113.195953,26.760199],[-113.192616,26.743638],[-113.21581,26.744452],[-113.238149,26.786607],[-113.18106,26.814765],[-113.124582,26.886298],[-113.12621,26.937893],[-113.145741,26.97012],[-113.179351,26.966946],[-113.192544,26.94506],[-113.204221,26.853463],[-113.257965,26.824652],[-113.270544,26.752474],[-113.363971,26.795068],[-113.470986,26.804554],[-113.503887,26.793416],[-113.542307,26.742092],[-113.542966,26.719196],[-113.574149,26.705039],[-113.637138,26.725531],[-113.665842,26.769436],[-113.725209,26.799994],[-113.816388,26.948969],[-113.909901,26.992336],[-113.959767,26.997984],[-113.973519,26.980216],[-114.005198,26.977444],[-114.114369,27.105455],[-114.181956,27.139635],[-114.274083,27.148898],[-114.290296,27.14654],[-114.293999,27.125462],[-114.395149,27.182914],[-114.421405,27.166457],[-114.435143,27.176367],[-114.429799,27.20893],[-114.475894,27.217654],[-114.487542,27.238098],[-114.484446,27.324286],[-114.506461,27.406184],[-114.581078,27.450845],[-114.596586,27.477189],[-114.734229,27.521252],[-114.78173,27.602757],[-114.830386,27.631132],[-114.844866,27.616064],[-114.875819,27.643824],[-114.848878,27.640565],[-114.861562,27.689887],[-114.886586,27.694892],[-114.899805,27.664122],[-114.932195,27.676193],[-114.950964,27.716259],[-114.988709,27.726854],[-115.001726,27.715931],[-115.052887,27.822089],[-115.083823,27.851054],[-115.04147,27.856782],[-115.014257,27.830347],[-114.868641,27.830554],[-114.840016,27.812303],[-114.723568,27.806801],[-114.708985,27.791793],[-114.604457,27.774409],[-114.530646,27.78764],[-114.499057,27.774071],[-114.432851,27.800279],[-114.325347,27.874701],[-114.303863,27.87226],[-114.290639,27.833401],[-114.312164,27.77969],[-114.304758,27.764797],[-114.240224,27.706041],[-114.15095,27.669664],[-114.102935,27.620917],[-114.102935,27.601874],[-114.047597,27.653144],[-114.043446,27.668036],[-114.078196,27.680406],[-114.074859,27.690375],[-113.953277,27.655666],[-113.914459,27.710191],[-113.983062,27.75731],[-114.025258,27.749905],[-114.066558,27.803656],[-114.041819,27.732489],[-114.104604,27.707709],[-114.125315,27.714301],[-114.172434,27.788764],[-114.173248,27.826809],[-114.131093,27.888821],[-114.15095,27.898668],[-114.135243,27.911933],[-114.158355,27.930121],[-114.153432,27.945014],[-114.168324,27.950832],[-114.267694,27.886901],[-114.276452,27.901148],[-114.261708,27.944159],[-114.207021,27.999986],[-114.1475,28.000154],[-114.106402,27.927952],[-114.098307,28.000276],[-112.760362,27.997756],[-112.773218,27.863902],[-112.719371,27.82618],[-112.692868,27.742556],[-112.643341,27.710462],[-112.598008,27.654297],[-112.485215,27.62002],[-112.354714,27.547323],[-112.323768,27.494574],[-112.297325,27.381062],[-112.241708,27.326584],[-112.195579,27.250129],[-112.212764,27.210463],[-112.164947,27.166815],[-112.088939,27.13156],[-112.011168,27.116831],[-111.993585,27.096208],[-111.950372,27.093276],[-111.944254,27.069626],[-111.970152,27.067982],[-112.003128,27.035743],[-112.017161,26.978502],[-111.951795,26.892184],[-111.915598,26.878198],[-111.870717,26.82807],[-111.861446,26.783795],[-111.877629,26.756325],[-111.890207,26.762926],[-111.900114,26.714559],[-111.863509,26.693052],[-111.843103,26.645159],[-111.798227,26.612647],[-111.784275,26.571796],[-111.73581,26.539684],[-111.676793,26.581859],[-111.814585,26.714577],[-111.823641,26.820475],[-111.852168,26.873879],[-111.818073,26.896233],[-111.745229,26.844099],[-111.721082,26.806267],[-111.667337,26.780551],[-111.647831,26.74648],[-111.560055,26.695653],[-111.564772,26.558001],[-111.482411,26.52851],[-111.460221,26.537669],[-111.442238,26.517526],[-111.468247,26.466436],[-111.468867,26.419504],[-111.393656,26.330011],[-111.381925,26.277073],[-111.393223,26.277997],[-111.397449,26.252215],[-111.350947,26.126319],[-111.322037,26.098183],[-111.319483,26.06356],[-111.344941,26.028751],[-111.337328,25.987698],[-111.36026,25.964097],[-111.331028,25.837358],[-111.291923,25.812266],[-111.315394,25.820034],[-111.307116,25.779207],[-111.244282,25.723303],[-111.225005,25.724353],[-111.191744,25.614829],[-111.123896,25.530322],[-111.019256,25.51525],[-111.025389,25.447153],[-110.979545,25.342369],[-110.934262,25.291141],[-110.947316,25.261814],[-110.906093,25.182162],[-110.904451,25.143013],[-110.814232,25.03319],[-110.790454,25.036795],[-110.757791,25.012239],[-110.747241,24.96379],[-110.683868,24.882959],[-110.656972,24.806918],[-110.688438,24.710239],[-110.723528,24.681178],[-110.738585,24.554572],[-110.728855,24.515989],[-110.6872,24.466039],[-110.681849,24.36066],[-110.638426,24.314866],[-110.60989,24.253725],[-110.562359,24.212503],[-110.511586,24.195746],[-110.325195,24.175709],[-110.36931,24.149693],[-110.432429,24.173617],[-110.416837,24.108576],[-110.360857,24.111083],[-110.306134,24.176716],[-110.300811,24.217042],[-110.324568,24.245048],[-110.322139,24.265456],[-110.336259,24.255892],[-110.33928,24.31586],[-110.321219,24.320587],[-110.33247,24.328795],[-110.296997,24.351932],[-110.232613,24.343206],[-110.236384,24.320184],[-110.192156,24.290354],[-110.17276,24.252976],[-110.006985,24.158826],[-109.987652,24.046319],[-109.931409,24.029305],[-109.828288,24.0628],[-109.803444,24.02206],[-109.833104,23.985722],[-109.837322,23.938087],[-109.823964,23.910386],[-109.698443,23.798428],[-109.711322,23.74897],[-109.696321,23.66552],[-109.468016,23.555138],[-109.477949,23.525435],[-109.426316,23.458513],[-109.427065,23.409931],[-109.414317,23.405945],[-109.428556,23.374433],[-109.425649,23.297187],[-109.453838,23.202271],[-109.531672,23.108207]]],[[[-113.138051,26.665107],[-113.264556,26.70893],[-113.228993,26.732896],[-113.195139,26.713853],[-113.180247,26.722968],[-113.138051,26.665107]]],[[[-110.569228,24.843842],[-110.561414,24.815017],[-110.58679,24.828851],[-110.569228,24.843842]]],[[[-115.752797,24.954779],[-115.752309,24.954291],[-115.752309,24.953274],[-115.753285,24.95303],[-115.753774,24.953518],[-115.753774,24.954413],[-115.752797,24.954779]]],[[[-110.690685,25.312738],[-110.707195,25.271563],[-110.728873,25.259982],[-110.732742,25.287954],[-110.690685,25.312738]]],[[[-112.102929,25.488875],[-112.105838,25.325881],[-112.122754,25.282136],[-112.138051,25.297347],[-112.102929,25.488875]]],[[[-111.02851,25.651793],[-111.05955,25.708224],[-111.037154,25.713811],[-111.019226,25.693887],[-111.02851,25.651793]]],[[[-111.258235,25.812789],[-111.25479,25.811285],[-111.253164,25.801546],[-111.247525,25.799136],[-111.249873,25.794622],[-111.245901,25.789395],[-111.244707,25.786799],[-111.247957,25.784018],[-111.246909,25.776287],[-111.24323,25.771922],[-111.24306,25.76678],[-111.245943,25.765702],[-111.25301,25.773568],[-111.258494,25.781399],[-111.2579,25.791091],[-111.256974,25.801346],[-111.260226,25.809695],[-111.258235,25.812789]]],[[[-111.263725,26.135042],[-111.264243,26.105006],[-111.286204,26.103132],[-111.286624,26.125846],[-111.263725,26.135042]]],[[[-112.09009,27.259978],[-112.045253,27.216644],[-112.066279,27.178965],[-112.087448,27.182942],[-112.108812,27.236915],[-112.09009,27.259978]]],[[[-111.904288,27.437639],[-111.879332,27.453189],[-111.856394,27.43787],[-111.904288,27.437639]]],[[[-115.218039,27.896108],[-115.162365,27.868343],[-115.164596,27.851296],[-115.218039,27.896108]]]]}},{"type":"Feature","properties":{"adm0_a3":"MEX","name":"Sinaloa","name_en":"Sinaloa","iso_3166_2":"MX-SIN","postal":"SI"},"geometry":{"type":"MultiPolygon","coordinates":[[[[-109.013092,25.446926],[-108.882721,25.443183],[-108.818837,25.420803],[-108.786529,25.385443],[-108.803944,25.374579],[-108.916086,25.424465],[-108.994008,25.426744],[-109.013092,25.446926]]],[[[-105.442783,22.51475],[-105.499989,22.490049],[-105.591353,22.544154],[-105.677472,22.535214],[-105.661788,22.480024],[-105.678738,22.448966],[-105.732452,22.541449],[-105.757598,22.534613],[-105.766957,22.590481],[-105.80016,22.638454],[-106.001617,22.823188],[-105.98412,22.856757],[-106.031972,22.830105],[-106.220326,23.051947],[-106.277333,23.083686],[-106.370839,23.183987],[-106.429799,23.185126],[-106.43517,23.244289],[-106.486928,23.307685],[-106.478505,23.328396],[-106.522817,23.407538],[-106.611846,23.469062],[-106.732574,23.606513],[-106.793243,23.632351],[-106.813385,23.699652],[-106.860992,23.755154],[-106.902008,23.846625],[-107.035878,23.98078],[-107.377756,24.206855],[-107.404286,24.252509],[-107.792348,24.494045],[-107.789906,24.523017],[-107.769154,24.489325],[-107.498036,24.34394],[-107.553293,24.378079],[-107.549672,24.387885],[-107.498036,24.357611],[-107.491811,24.370592],[-107.505483,24.370592],[-107.478261,24.400092],[-107.529693,24.521918],[-107.592641,24.520087],[-107.601674,24.50845],[-107.560902,24.51496],[-107.557525,24.499498],[-107.624135,24.458482],[-107.676747,24.501614],[-107.718821,24.492377],[-107.751861,24.542548],[-107.820546,24.59516],[-107.848053,24.590318],[-107.936838,24.638821],[-107.819081,24.54442],[-107.806508,24.528957],[-107.833892,24.535224],[-107.995188,24.648383],[-108.01887,24.730862],[-108.060292,24.786444],[-107.978871,24.756985],[-107.976308,24.79678],[-108.013173,24.836819],[-107.985219,24.953437],[-108.048695,25.001451],[-108.032338,24.917955],[-108.041127,24.838365],[-108.05012,24.823147],[-108.077748,24.837795],[-108.087636,24.823147],[-108.155588,24.883002],[-108.23412,25.028388],[-108.32787,25.111151],[-108.266184,25.096869],[-108.183258,24.981391],[-108.13915,24.973944],[-108.132476,25.019355],[-108.163401,25.022366],[-108.13679,25.059963],[-108.089019,25.019517],[-108.013173,25.001899],[-108.001698,25.020982],[-108.106923,25.116929],[-108.136098,25.124742],[-108.12914,25.110745],[-108.161733,25.106431],[-108.218007,25.173163],[-108.305776,25.156968],[-108.351796,25.169501],[-108.355214,25.206732],[-108.314198,25.186225],[-108.317454,25.228502],[-108.361399,25.269355],[-108.399241,25.14525],[-108.396148,25.214179],[-108.435048,25.26081],[-108.614003,25.343329],[-108.731923,25.35814],[-108.708608,25.373847],[-108.594146,25.351304],[-108.657216,25.392239],[-108.765736,25.380927],[-108.779693,25.398505],[-108.729888,25.405992],[-108.746938,25.444648],[-108.779693,25.433254],[-108.768951,25.540188],[-108.793365,25.536322],[-108.838368,25.563625],[-108.896311,25.560248],[-108.884755,25.496772],[-108.915842,25.467475],[-108.941558,25.473538],[-108.95165,25.48786],[-108.937367,25.494778],[-108.951812,25.503892],[-109.015777,25.493354],[-109.006256,25.467353],[-109.034657,25.465237],[-109.066314,25.485053],[-109.116119,25.536322],[-109.057769,25.584662],[-109.00536,25.577948],[-108.980458,25.544623],[-108.971547,25.584662],[-108.896392,25.652981],[-108.873118,25.736721],[-108.833323,25.768866],[-108.838043,25.804633],[-108.900868,25.70067],[-109.009674,25.649563],[-109.062123,25.590277],[-109.131256,25.583401],[-109.171213,25.648749],[-109.250152,25.686184],[-109.24592,25.659166],[-109.15274,25.576483],[-109.156484,25.556789],[-109.227528,25.628648],[-109.410308,25.646145],[-109.359283,25.668402],[-109.300526,25.659166],[-109.286855,25.710679],[-109.321767,25.748196],[-109.378041,25.761786],[-109.395172,25.74372],[-109.399648,25.678534],[-109.406239,25.759223],[-109.440541,25.793402],[-109.418406,25.862047],[-109.437815,25.942694],[-109.433258,26.021674],[-109.342397,26.134752],[-109.292934,26.236943],[-109.295522,26.172553],[-109.280426,26.160631],[-109.231372,26.263417],[-109.156339,26.308058],[-109.176991,26.262519],[-109.095041,26.214748],[-109.108713,26.262519],[-109.082997,26.277004],[-109.088246,26.290432],[-109.116119,26.288886],[-109.139251,26.331772],[-109.130052,26.34847],[-108.507376,26.801569],[-108.466461,26.97987],[-108.374335,27.077443],[-108.338911,27.051088],[-108.269071,27.051527],[-108.197318,26.970835],[-108.021308,26.920011],[-107.999578,26.814565],[-107.853127,26.646358],[-107.835144,26.599591],[-107.776491,26.201321],[-107.414084,26.129801],[-107.361245,26.10652],[-107.313832,25.96578],[-107.273343,25.938236],[-107.254559,25.863254],[-107.15087,25.812895],[-107.075836,25.729386],[-106.93693,25.641588],[-107.082709,25.465268],[-107.125678,25.2374],[-107.115343,25.144538],[-107.036381,24.919694],[-106.962535,24.878792],[-106.932356,24.799546],[-106.854609,24.789185],[-106.810116,24.732005],[-106.756372,24.703531],[-106.621833,24.481943],[-106.595943,24.368048],[-106.525327,24.306475],[-106.476208,24.28565],[-106.389082,24.295546],[-106.342728,24.349315],[-106.273999,24.39094],[-106.18403,24.385153],[-106.035021,24.260948],[-105.94836,24.07326],[-105.90937,24.05153],[-105.861879,24.064449],[-105.922289,23.901952],[-105.897355,23.71354],[-105.843043,23.580525],[-105.765606,23.551069],[-105.715325,23.464149],[-105.713387,23.37754],[-105.691476,23.343588],[-105.687833,23.297235],[-105.622075,23.227575],[-105.51544,23.146029],[-105.392347,23.14975],[-105.388626,23.033323],[-105.451801,23.023556],[-105.470947,22.985522],[-105.444979,22.914209],[-105.555748,22.8122],[-105.577142,22.770187],[-105.517094,22.697891],[-105.486527,22.684145],[-105.492031,22.657739],[-105.463867,22.625131],[-105.442783,22.51475]]]]}},{"type":"Feature","properties":{"adm0_a3":"MEX","name":"Yucatán","name_en":"Yucatán","iso_3166_2":"MX-YUC","postal":"YU"},"geometry":{"type":"Polygon","coordinates":[[[-90.442128,20.787421],[-90.360097,21.000393],[-90.332387,21.032457],[-90.099477,21.16413],[-89.785959,21.284573],[-89.269154,21.343004],[-89.147369,21.370266],[-89.11262,21.362779],[-88.702707,21.458564],[-88.585927,21.541815],[-88.447825,21.5751],[-88.282704,21.556708],[-88.149281,21.591132],[-88.084788,21.589301],[-88.152211,21.601142],[-88.235097,21.573798],[-88.129465,21.616034],[-87.962066,21.600084],[-87.709788,21.536851],[-87.73762,21.522406],[-87.865631,21.554592],[-87.778066,21.510647],[-87.628407,21.499498],[-87.611806,21.506781],[-87.67455,21.513577],[-87.685658,21.528754],[-87.539784,21.499335],[-87.525091,21.298778],[-87.529406,21.265343],[-87.56881,21.210721],[-87.585036,21.111063],[-87.538837,21.017916],[-87.53398,20.955698],[-87.674875,20.647887],[-87.988422,20.442732],[-88.1064,20.428288],[-88.160711,20.459217],[-88.194017,20.452835],[-88.272436,20.34341],[-88.260835,20.262975],[-88.283262,20.265094],[-88.313338,20.316383],[-88.346333,20.318579],[-88.373773,20.300596],[-88.400154,20.233985],[-88.445268,20.183652],[-88.707448,20.080842],[-88.790027,20.018985],[-88.791474,19.98121],[-88.83943,20.013895],[-88.927538,19.940876],[-89.055747,19.931755],[-89.150884,19.89305],[-89.202043,19.841735],[-89.368829,19.820134],[-89.37025,19.75497],[-89.415364,19.651049],[-89.454741,19.77701],[-89.557835,19.890078],[-89.629976,20.019088],[-89.758366,20.087818],[-89.81074,20.137427],[-89.869832,20.268608],[-89.943755,20.323178],[-89.962565,20.386973],[-90.018402,20.467537],[-90.046255,20.450483],[-90.063799,20.412527],[-90.094237,20.407359],[-90.129945,20.439218],[-90.169219,20.424697],[-90.236347,20.509989],[-90.374168,20.518541],[-90.391996,20.547222],[-90.381143,20.824027],[-90.339101,20.972357],[-90.398061,20.820746],[-90.442128,20.787421]]]}},{"type":"Feature","properties":{"adm0_a3":"MEX","name":"Veracruz","name_en":"Veracruz","iso_3166_2":"MX-VER","postal":"VE"},"geometry":{"type":"MultiPolygon","coordinates":[[[[-93.618544,17.316101],[-93.873412,17.15022],[-94.938463,17.21652],[-94.971743,17.237036],[-94.991173,17.300701],[-94.979494,17.319718],[-94.998769,17.360388],[-95.075509,17.391135],[-95.254723,17.582648],[-95.242321,17.628847],[-95.20563,17.64838],[-95.196535,17.710496],[-95.208369,17.732303],[-95.24108,17.730133],[-95.243974,17.703157],[-95.27653,17.715663],[-95.30795,17.672668],[-95.356009,17.659749],[-95.364225,17.641352],[-95.430991,17.636081],[-95.477707,17.591123],[-95.55486,17.557068],[-95.561061,17.534899],[-95.600438,17.517587],[-95.661726,17.526424],[-95.723428,17.502343],[-95.770195,17.515985],[-95.797015,17.537483],[-95.908533,17.756281],[-95.893805,17.824287],[-95.8212,17.907279],[-95.775466,17.995439],[-95.837685,18.120393],[-95.966411,18.165662],[-96.083096,18.171449],[-96.109348,18.142821],[-96.160352,18.149745],[-96.170223,18.185815],[-96.228875,18.201008],[-96.260243,18.299503],[-96.357136,18.38725],[-96.411035,18.539282],[-96.449534,18.564087],[-96.56224,18.592922],[-96.664146,18.668887],[-96.63376,18.535768],[-96.664766,18.476495],[-96.728121,18.410246],[-96.785637,18.478304],[-96.80021,18.550548],[-96.974101,18.517785],[-97.040144,18.478976],[-97.086962,18.481301],[-97.109287,18.500111],[-97.091407,18.551064],[-97.136365,18.64987],[-97.208299,18.674364],[-97.269225,18.658655],[-97.304055,18.675915],[-97.341624,18.782575],[-97.282093,18.868461],[-97.226334,18.892491],[-97.26969,19.105656],[-97.264109,19.160433],[-97.166958,19.193816],[-97.10908,19.178675],[-97.081691,19.208957],[-97.037456,19.217277],[-96.981543,19.280839],[-97.049394,19.317219],[-97.112491,19.303215],[-97.209022,19.329673],[-97.269639,19.399591],[-97.316819,19.387602],[-97.34121,19.417575],[-97.386841,19.422949],[-97.407511,19.445997],[-97.347412,19.455454],[-97.320643,19.480827],[-97.359194,19.524752],[-97.356455,19.550073],[-97.392422,19.575808],[-97.383792,19.647225],[-97.324519,19.694457],[-97.307517,19.748304],[-97.308861,19.896822],[-97.254549,19.978729],[-97.154245,20.080325],[-97.135538,20.121718],[-97.152902,20.145799],[-97.403481,20.259591],[-97.470402,20.237525],[-97.522491,20.157891],[-97.578819,20.118824],[-97.605484,20.187089],[-97.677779,20.178872],[-97.714314,20.239127],[-97.774052,20.273233],[-97.75948,20.336072],[-97.778083,20.429916],[-97.726975,20.440251],[-97.693437,20.46578],[-97.653336,20.423612],[-97.62202,20.421338],[-97.558562,20.504227],[-97.588844,20.582207],[-97.722428,20.610784],[-97.700827,20.644373],[-97.740876,20.713103],[-97.74284,20.778112],[-97.7971,20.817231],[-97.875855,20.825344],[-97.896422,20.806379],[-97.896164,20.757958],[-97.935851,20.730466],[-97.941897,20.690469],[-97.966392,20.6822],[-97.947478,20.645614],[-97.94629,20.570476],[-97.986442,20.492858],[-98.000188,20.484486],[-98.025096,20.524846],[-98.001429,20.580656],[-98.022099,20.617915],[-98.021582,20.660806],[-98.079357,20.697083],[-98.146123,20.654399],[-98.335775,20.43498],[-98.377271,20.464798],[-98.43427,20.371057],[-98.468429,20.353642],[-98.500623,20.362427],[-98.5708,20.494925],[-98.534058,20.531409],[-98.507858,20.62453],[-98.437216,20.676774],[-98.41391,20.727779],[-98.428379,20.74876],[-98.482433,20.732533],[-98.494939,20.756925],[-98.419129,20.788344],[-98.41484,20.828961],[-98.43117,20.857435],[-98.410086,20.875264],[-98.22958,20.830925],[-98.232422,20.938309],[-98.172323,21.017322],[-98.149792,21.023265],[-98.129896,21.072151],[-98.212423,21.150596],[-98.248545,21.123517],[-98.277536,21.124137],[-98.288233,21.143361],[-98.266167,21.197001],[-98.286269,21.2463],[-98.312934,21.188371],[-98.373396,21.155143],[-98.485637,21.244853],[-98.490494,21.291672],[-98.442797,21.353684],[-98.515092,21.398849],[-98.530078,21.524836],[-98.618187,21.573205],[-98.642268,21.608862],[-98.624801,21.628189],[-98.624026,21.684878],[-98.570179,21.691958],[-98.555142,21.705394],[-98.559276,21.727356],[-98.521087,21.727821],[-98.456388,21.797068],[-98.484603,21.81965],[-98.490908,21.852775],[-98.531835,21.849364],[-98.561601,21.882334],[-98.566045,21.903728],[-98.541447,21.910808],[-98.550129,21.93091],[-98.528425,21.959228],[-98.587646,21.95189],[-98.58992,21.979692],[-98.452254,21.980416],[-98.348591,22.192031],[-98.347712,22.221641],[-98.373706,22.264946],[-98.616171,22.41858],[-98.439231,22.43274],[-98.402283,22.412534],[-98.37815,22.4269],[-98.36368,22.400855],[-98.30942,22.399512],[-98.289783,22.466794],[-98.249734,22.45894],[-98.197696,22.48054],[-98.178524,22.473254],[-98.161936,22.427779],[-98.092793,22.37264],[-97.962981,22.349489],[-97.908618,22.319103],[-97.895182,22.307579],[-97.912804,22.267427],[-97.862781,22.219781],[-97.781858,22.273336],[-97.76061,22.095852],[-97.610463,21.835761],[-97.508127,21.722805],[-97.342275,21.602973],[-97.316233,21.56094],[-97.34789,21.417914],[-97.398183,21.34162],[-97.418609,21.273383],[-97.472239,21.437812],[-97.419423,21.476752],[-97.390736,21.472642],[-97.370229,21.537502],[-97.486887,21.63642],[-97.625071,21.79442],[-97.658844,21.907457],[-97.685902,21.924506],[-97.777008,22.073065],[-97.719716,21.951809],[-97.708363,21.82746],[-97.657582,21.636542],[-97.562001,21.485663],[-97.53067,21.476264],[-97.5006,21.493109],[-97.48941,21.48078],[-97.496816,21.400621],[-97.428293,21.260403],[-97.404897,21.241889],[-97.338043,21.054999],[-97.197174,20.810207],[-97.177846,20.759467],[-97.198313,20.738959],[-97.150543,20.64704],[-97.034413,20.514553],[-96.940338,20.449164],[-96.910878,20.392808],[-96.676015,20.157864],[-96.456125,19.868801],[-96.405141,19.741848],[-96.360015,19.536851],[-96.3155,19.482245],[-96.319163,19.424709],[-96.290354,19.332587],[-96.157379,19.225165],[-96.131947,19.235907],[-96.061431,19.078518],[-95.977162,19.058254],[-95.941762,18.938951],[-95.903554,18.881903],[-95.84435,18.833401],[-95.752756,18.799994],[-95.752756,18.765815],[-95.824574,18.8133],[-95.879506,18.828518],[-95.914784,18.862494],[-95.958852,18.856391],[-95.882436,18.817043],[-95.807362,18.752143],[-95.866322,18.758979],[-95.877309,18.752387],[-95.861887,18.723375],[-95.82433,18.72012],[-95.774729,18.744045],[-95.646881,18.710598],[-95.585032,18.669664],[-95.568349,18.683295],[-95.728383,18.757229],[-95.732818,18.799994],[-95.664174,18.751044],[-95.583608,18.721666],[-95.495188,18.707343],[-95.190053,18.705146],[-95.051422,18.61225],[-95.024241,18.564032],[-94.786936,18.511949],[-94.718007,18.374823],[-94.628285,18.285346],[-94.580881,18.189846],[-94.543324,18.166205],[-94.466949,18.144232],[-94.137073,18.207436],[-94.125593,18.16747],[-94.096034,18.15822],[-94.093708,18.10613],[-94.077792,18.089594],[-94.089781,18.072747],[-94.050765,17.993682],[-94.0734,17.951204],[-94.076707,17.88201],[-93.97046,17.832297],[-93.93687,17.758555],[-93.862146,17.744499],[-93.846023,17.710289],[-93.733782,17.67148],[-93.666189,17.586472],[-93.622678,17.563011],[-93.614823,17.546526],[-93.6434,17.420797],[-93.624435,17.389275],[-93.589502,17.375529],[-93.618544,17.316101]]],[[[-97.684926,21.862454],[-97.651438,21.787909],[-97.601715,21.751939],[-97.610463,21.74018],[-97.639963,21.745103],[-97.663482,21.778469],[-97.684926,21.862454]]]]}},{"type":"Feature","properties":{"adm0_a3":"MEX","name":"Jalisco","name_en":"Jalisco","iso_3166_2":"MX-JAL","postal":"JA"},"geometry":{"type":"Polygon","coordinates":[[[-105.698681,20.406911],[-105.575592,20.487738],[-105.328734,20.513738],[-105.300952,20.531844],[-105.243642,20.583564],[-105.234296,20.636127],[-105.290781,20.68515],[-105.126188,20.890663],[-105.057432,20.936759],[-105.02733,20.916605],[-104.924339,20.931177],[-104.787707,21.019906],[-104.727891,21.009726],[-104.620973,20.923116],[-104.522917,20.906579],[-104.462481,20.830408],[-104.285619,20.708039],[-104.271072,20.861518],[-104.208182,20.993293],[-104.224124,21.169251],[-104.20167,21.198603],[-104.039665,21.219842],[-103.968584,21.287073],[-103.944683,21.375181],[-104.2103,21.519152],[-104.158133,21.59677],[-104.098421,21.784459],[-104.398661,22.085422],[-104.32975,22.264378],[-104.13183,22.343391],[-103.952151,22.369539],[-103.926933,22.506999],[-103.991838,22.574333],[-103.983182,22.771582],[-103.77875,22.734685],[-103.794951,22.623994],[-103.85133,22.568545],[-103.847945,22.505655],[-103.887426,22.467104],[-103.866368,22.40871],[-103.889028,22.344528],[-103.890113,22.286134],[-103.852131,22.179422],[-103.761077,22.559605],[-103.72803,22.606372],[-103.712217,22.591851],[-103.644934,22.588854],[-103.645012,22.543379],[-103.60796,22.524414],[-103.683046,22.321997],[-103.663254,22.239418],[-103.678266,22.136892],[-103.658241,22.117203],[-103.61659,22.117462],[-103.569409,22.151671],[-103.520032,22.146452],[-103.499904,22.124283],[-103.488639,22.134928],[-103.447556,22.241847],[-103.406448,22.258952],[-103.390841,22.328715],[-103.358647,22.348765],[-103.36043,22.367472],[-103.392392,22.376051],[-103.426808,22.410054],[-103.37278,22.516765],[-103.185169,22.380495],[-103.189122,22.322204],[-103.115147,22.33781],[-103.092436,22.298329],[-103.055022,22.306029],[-103.037684,22.287425],[-103.079026,22.192754],[-103.127136,22.174099],[-103.129152,22.140303],[-103.085873,22.124645],[-103.082591,22.098858],[-103.089464,22.07457],[-103.129307,22.05669],[-103.156075,21.998399],[-103.204987,21.977419],[-103.289013,21.98548],[-103.328003,21.94295],[-103.400737,21.928791],[-103.526828,21.817222],[-103.542382,21.78973],[-103.521867,21.735935],[-103.519283,21.600284],[-103.59194,21.558684],[-103.643927,21.486802],[-103.733947,21.52494],[-103.704259,21.384173],[-103.713922,21.329499],[-103.746504,21.297253],[-103.747047,21.228369],[-103.653409,21.264697],[-103.611345,21.197776],[-103.508018,21.196071],[-103.464868,21.162119],[-103.382005,21.158037],[-103.231678,21.079075],[-103.136283,21.073753],[-103.082979,21.041765],[-103.059569,21.044504],[-103.047529,21.073959],[-103.0559,21.265834],[-103.044997,21.288262],[-102.914927,21.282267],[-102.814727,21.341488],[-102.802634,21.329809],[-102.808319,21.292913],[-102.78664,21.29498],[-102.739977,21.370324],[-102.687809,21.398022],[-102.64714,21.487319],[-102.640525,21.568348],[-102.710702,21.577185],[-102.776176,21.607829],[-102.782532,21.653769],[-102.760492,21.748802],[-102.661377,21.777844],[-102.468029,21.694593],[-102.286335,21.67015],[-102.231248,21.677747],[-102.145775,21.744254],[-102.079888,21.767922],[-102.04914,21.865901],[-101.891734,21.955663],[-101.845432,22.017468],[-101.764196,21.962846],[-101.664357,21.956541],[-101.577851,21.880887],[-101.539921,21.880887],[-101.523281,21.863627],[-101.520542,21.840941],[-101.586223,21.755055],[-101.533358,21.668393],[-101.538267,21.636871],[-101.640121,21.553413],[-101.636866,21.516671],[-101.568239,21.405722],[-101.572683,21.347586],[-101.674383,21.24258],[-101.785384,21.221806],[-101.812979,21.17633],[-101.855044,21.148374],[-102.045626,20.872473],[-102.094409,20.758992],[-102.085107,20.729329],[-101.983408,20.640446],[-101.967543,20.587426],[-102.060716,20.46826],[-102.09968,20.386818],[-102.242772,20.340361],[-102.29729,20.36222],[-102.421314,20.342583],[-102.498312,20.314729],[-102.527974,20.284085],[-102.592104,20.266619],[-102.649775,20.223159],[-102.75349,20.211738],[-102.781395,20.187399],[-103.077501,20.10482],[-103.073832,19.997281],[-103.036418,19.970409],[-102.933867,19.990408],[-102.888004,19.961624],[-102.762895,19.952374],[-102.757211,19.891034],[-102.7068,19.861527],[-102.728582,19.838893],[-102.809843,19.820858],[-102.816587,19.790472],[-102.796536,19.688669],[-102.762482,19.65477],[-102.738736,19.598442],[-102.745713,19.475607],[-102.707395,19.468011],[-102.607065,19.489715],[-102.575258,19.412717],[-102.544717,19.400005],[-102.597686,19.340112],[-102.596368,19.312982],[-102.657501,19.231126],[-102.678327,19.224822],[-102.705457,19.250763],[-102.751009,19.258876],[-102.79142,19.227457],[-102.884438,19.202549],[-102.93658,19.152991],[-102.967146,19.074443],[-103.122253,19.006127],[-103.149125,18.95383],[-103.195091,19.003647],[-103.242349,19.012948],[-103.281726,19.053049],[-103.348105,18.977757],[-103.477813,18.96644],[-103.525226,19.09253],[-103.494788,19.195211],[-103.506984,19.268023],[-103.491326,19.310811],[-103.600648,19.407756],[-103.648577,19.501394],[-103.716868,19.441088],[-103.801385,19.422226],[-103.833476,19.397576],[-104.050646,19.502324],[-104.055762,19.537154],[-104.135447,19.457676],[-104.152216,19.398196],[-104.190327,19.369722],[-104.214512,19.320371],[-104.254587,19.320371],[-104.384734,19.270452],[-104.420572,19.288022],[-104.462533,19.261615],[-104.475271,19.229524],[-104.499249,19.249523],[-104.536379,19.248851],[-104.592267,19.172525],[-104.592559,19.149604],[-104.672963,19.176581],[-104.691925,19.207587],[-104.72289,19.211493],[-104.733551,19.228461],[-104.799672,19.224555],[-104.801422,19.294745],[-104.880523,19.27912],[-104.993642,19.34219],[-105.039337,19.435614],[-105.070098,19.447781],[-105.08771,19.561073],[-105.11692,19.585564],[-105.151845,19.584174],[-105.250762,19.666083],[-105.428619,19.889309],[-105.525624,20.031928],[-105.558949,20.218207],[-105.655652,20.313181],[-105.698681,20.406911]]]}},{"type":"Feature","properties":{"adm0_a3":"MEX","name":"Michoacán","name_en":"Michoacán","iso_3166_2":"MX-MIC","postal":"MI"},"geometry":{"type":"Polygon","coordinates":[[[-103.706737,18.591221],[-103.686228,18.628552],[-103.742025,18.690412],[-103.708135,18.716842],[-103.679067,18.778854],[-103.627028,18.802419],[-103.61181,18.88846],[-103.5776,18.883964],[-103.524916,18.915125],[-103.490887,18.968558],[-103.348105,18.977757],[-103.281726,19.053049],[-103.242349,19.012948],[-103.195091,19.003647],[-103.149125,18.95383],[-103.122253,19.006127],[-102.967146,19.074443],[-102.93658,19.152991],[-102.884438,19.202549],[-102.79142,19.227457],[-102.751009,19.258876],[-102.705457,19.250763],[-102.678327,19.224822],[-102.657501,19.231126],[-102.596368,19.312982],[-102.588332,19.353909],[-102.548645,19.386879],[-102.544717,19.400005],[-102.582518,19.424603],[-102.607065,19.489715],[-102.707395,19.468011],[-102.745713,19.475607],[-102.738736,19.598442],[-102.762482,19.65477],[-102.796536,19.688669],[-102.816587,19.790472],[-102.809843,19.820858],[-102.728582,19.838893],[-102.7068,19.861527],[-102.757211,19.891034],[-102.762895,19.952374],[-102.888004,19.961624],[-102.933867,19.990408],[-103.036418,19.970409],[-103.073832,19.997281],[-103.084193,20.057639],[-103.077501,20.10482],[-103.048226,20.120426],[-102.781395,20.187399],[-102.75349,20.211738],[-102.649775,20.223159],[-102.592104,20.266619],[-102.527974,20.284085],[-102.498312,20.314729],[-102.421314,20.342583],[-102.29729,20.36222],[-102.242772,20.340361],[-102.11849,20.383821],[-101.995603,20.403148],[-102.016067,20.344185],[-101.991779,20.341291],[-101.964908,20.375863],[-101.949301,20.366044],[-101.932455,20.251942],[-101.893181,20.198922],[-101.83799,20.211997],[-101.807553,20.198302],[-101.779906,20.211997],[-101.673453,20.190861],[-101.638416,20.234424],[-101.615472,20.31783],[-101.461217,20.334883],[-101.462199,20.312404],[-101.400911,20.298193],[-101.376933,20.269667],[-101.434087,20.224761],[-101.411453,20.192825],[-101.424992,20.164196],[-101.408766,20.135877],[-101.419721,20.053608],[-101.39316,20.039346],[-101.35342,20.054745],[-101.213222,20.029527],[-101.181028,20.053247],[-101.163354,20.101564],[-101.139635,20.10761],[-101.105477,20.085958],[-101.020676,20.097017],[-100.99892,20.089989],[-100.9829,20.042963],[-100.986363,20.023429],[-101.044964,19.992217],[-101.039693,19.967722],[-100.931121,19.924314],[-100.874948,19.935941],[-100.829628,19.975629],[-100.774644,19.910465],[-100.733252,19.907674],[-100.716198,19.93992],[-100.560756,19.947155],[-100.545666,19.942091],[-100.542979,19.911085],[-100.517864,19.908914],[-100.490217,19.953769],[-100.379475,19.974957],[-100.39875,20.063892],[-100.391154,20.112674],[-100.349296,20.122441],[-100.285992,20.213392],[-100.235711,20.190861],[-100.197832,20.143939],[-100.176541,20.086164],[-100.176696,19.978471],[-100.122849,19.938008],[-100.171219,19.756262],[-100.165534,19.71058],[-100.214523,19.565008],[-100.174836,19.464135],[-100.146362,19.435765],[-100.330072,19.322904],[-100.298808,19.258515],[-100.516727,19.003543],[-100.527269,18.949386],[-100.606851,18.896935],[-100.663695,18.812237],[-100.684779,18.794099],[-100.698628,18.839367],[-100.735009,18.857196],[-100.788752,18.801178],[-100.788855,18.782316],[-100.745344,18.734412],[-100.771699,18.684183],[-100.741985,18.524296],[-100.60034,18.399807],[-100.632431,18.337124],[-100.651654,18.358621],[-100.689172,18.325858],[-100.720229,18.37769],[-100.694287,18.407301],[-100.69961,18.441097],[-100.720229,18.452156],[-100.72705,18.431692],[-100.740693,18.435929],[-100.818363,18.497734],[-100.925074,18.500628],[-100.912465,18.485642],[-100.95298,18.46585],[-100.964038,18.50192],[-100.993907,18.500628],[-101.001401,18.528533],[-101.024397,18.538765],[-101.257147,18.537112],[-101.515323,18.478304],[-101.577954,18.506003],[-101.645082,18.579796],[-101.802179,18.588168],[-101.838765,18.576541],[-101.880572,18.522849],[-101.893284,18.458615],[-101.876438,18.295163],[-101.930698,18.208243],[-102.132959,18.186384],[-102.163965,18.153879],[-102.1789,18.020554],[-102.151304,17.958697],[-102.168887,17.921199],[-102.190629,17.915988],[-102.475082,18.017777],[-102.742299,18.066962],[-103.024444,18.185818],[-103.113469,18.192098],[-103.36164,18.26682],[-103.4984,18.333483],[-103.575103,18.492255],[-103.629025,18.547985],[-103.706737,18.591221]]]}},{"type":"Feature","properties":{"adm0_a3":"MEX","name":"Guerrero","name_en":"Guerrero","iso_3166_2":"MX-GRO","postal":"GR"},"geometry":{"type":"Polygon","coordinates":[[[-102.176368,18.108404],[-102.163965,18.153879],[-102.132959,18.186384],[-101.930698,18.208243],[-101.876438,18.295163],[-101.893284,18.458615],[-101.880572,18.522849],[-101.838765,18.576541],[-101.802179,18.588168],[-101.645082,18.579796],[-101.577954,18.506003],[-101.515323,18.478304],[-101.257147,18.537112],[-101.024397,18.538765],[-101.001401,18.528533],[-100.993907,18.500628],[-100.964038,18.50192],[-100.95298,18.46585],[-100.912465,18.485642],[-100.925074,18.500628],[-100.818363,18.497734],[-100.740693,18.435929],[-100.72705,18.431692],[-100.720229,18.452156],[-100.69961,18.441097],[-100.694287,18.407301],[-100.720229,18.37769],[-100.689172,18.325858],[-100.651654,18.358621],[-100.632431,18.337124],[-100.60034,18.399807],[-100.741985,18.524296],[-100.771699,18.684183],[-100.745344,18.734412],[-100.788855,18.782316],[-100.788752,18.801178],[-100.735009,18.857196],[-100.698628,18.839367],[-100.684779,18.794099],[-100.623594,18.870631],[-100.447894,18.838592],[-100.427585,18.786709],[-100.448049,18.718031],[-100.429911,18.636537],[-100.356014,18.555147],[-100.366452,18.455411],[-100.302528,18.389989],[-100.274778,18.392004],[-100.147913,18.491275],[-100.071173,18.609562],[-99.849688,18.663306],[-99.784782,18.621758],[-99.757807,18.647596],[-99.747265,18.691779],[-99.660345,18.763816],[-99.560041,18.676018],[-99.495498,18.674054],[-99.507383,18.624135],[-99.467592,18.61473],[-99.457825,18.58083],[-99.436276,18.57437],[-99.390284,18.505796],[-99.344551,18.498044],[-99.331373,18.452931],[-99.24466,18.453913],[-99.215928,18.546362],[-99.196704,18.557937],[-99.15464,18.549152],[-99.10255,18.428591],[-99.059038,18.384615],[-99.031443,18.237698],[-99.001678,18.243021],[-98.995425,18.204729],[-98.969225,18.185505],[-98.930054,18.195117],[-98.920494,18.139927],[-98.829543,18.116259],[-98.815642,18.069595],[-98.75053,18.008462],[-98.555245,17.951928],[-98.427346,17.963968],[-98.347816,17.89219],[-98.328024,17.85798],[-98.388692,17.640629],[-98.362337,17.589728],[-98.380165,17.555466],[-98.373964,17.527768],[-98.323735,17.464826],[-98.324768,17.317496],[-98.272213,17.2945],[-98.227616,17.222877],[-98.149585,17.215125],[-98.006906,17.03617],[-98.005563,16.993123],[-98.058996,16.900416],[-98.078737,16.766264],[-98.160592,16.705286],[-98.240174,16.702598],[-98.219658,16.618056],[-98.233766,16.580952],[-98.307353,16.577696],[-98.345904,16.547259],[-98.315311,16.467471],[-98.342596,16.409696],[-98.393291,16.372128],[-98.519433,16.350682],[-98.554548,16.318275],[-98.776898,16.555135],[-98.846194,16.546531],[-98.85655,16.528179],[-98.906986,16.53479],[-99.37426,16.667911],[-99.663289,16.698164],[-99.741241,16.730618],[-99.821413,16.78977],[-99.858104,16.796029],[-99.8357,16.802109],[-99.876835,16.815336],[-99.851663,16.836353],[-99.858192,16.851425],[-99.897505,16.852804],[-99.906203,16.838502],[-99.891368,16.837338],[-99.913706,16.827167],[-99.959446,16.892661],[-99.991686,16.909737],[-101.042814,17.270202],[-101.059029,17.264237],[-101.055084,17.302639],[-101.17182,17.389791],[-101.182245,17.412536],[-101.455773,17.526338],[-101.440704,17.557156],[-101.496491,17.614406],[-101.55314,17.611376],[-101.55732,17.62539],[-101.595128,17.635343],[-101.599337,17.653339],[-101.644487,17.668294],[-101.647667,17.705284],[-101.67189,17.74027],[-101.74554,17.792204],[-101.811061,17.89026],[-102.036733,17.990668],[-102.100477,17.982327],[-102.168887,17.921199],[-102.151304,17.958697],[-102.1789,18.020554],[-102.176368,18.108404]]]}},{"type":"Feature","properties":{"adm0_a3":"MEX","name":"Oaxaca","name_en":"Oaxaca","iso_3166_2":"MX-OAX","postal":"OA"},"geometry":{"type":"Polygon","coordinates":[[[-94.094028,16.098969],[-94.114857,16.057202],[-94.392201,16.17768],[-94.722401,16.199652],[-94.711822,16.230292],[-94.587148,16.282416],[-94.580841,16.326483],[-94.670033,16.363837],[-94.793121,16.257636],[-94.807403,16.298611],[-94.772694,16.327175],[-94.814361,16.403103],[-94.852081,16.4289],[-94.878651,16.424628],[-94.974965,16.326483],[-95.033315,16.326483],[-95.027455,16.308539],[-95.053822,16.295193],[-95.063832,16.268256],[-94.999354,16.251044],[-94.902062,16.251744],[-94.834096,16.285549],[-94.828033,16.270331],[-94.858754,16.256293],[-94.930328,16.243964],[-94.805531,16.237128],[-94.776357,16.226589],[-94.766957,16.198676],[-94.895879,16.211688],[-95.065336,16.183644],[-95.149301,16.186952],[-95.149289,16.168284],[-95.233247,16.158248],[-95.28455,16.104223],[-95.353263,16.07949],[-95.378235,16.047454],[-95.372648,16.027458],[-95.425524,15.999388],[-95.434478,15.97538],[-95.572369,15.957122],[-95.662313,15.91157],[-95.755128,15.899321],[-95.778583,15.873256],[-95.959882,15.827914],[-96.116743,15.76195],[-96.125534,15.737889],[-96.236637,15.68333],[-96.431142,15.695868],[-96.504857,15.658054],[-96.556038,15.659025],[-96.680975,15.709413],[-96.845123,15.732571],[-96.930671,15.782665],[-97.022282,15.807167],[-97.062264,15.859414],[-97.266025,15.935912],[-97.345482,15.94586],[-97.368565,15.934601],[-97.529703,15.968188],[-97.659989,15.976503],[-97.681743,15.962183],[-97.772719,15.979454],[-97.9813,16.109375],[-98.154164,16.190253],[-98.172149,16.209174],[-98.082143,16.189276],[-98.068471,16.202338],[-98.178375,16.236518],[-98.215932,16.224677],[-98.445302,16.278103],[-98.554548,16.318275],[-98.519433,16.350682],[-98.393291,16.372128],[-98.342596,16.409696],[-98.315311,16.467471],[-98.345904,16.547259],[-98.307353,16.577696],[-98.233766,16.580952],[-98.219658,16.618056],[-98.240174,16.702598],[-98.160592,16.705286],[-98.078737,16.766264],[-98.058996,16.900416],[-98.001739,17.015034],[-98.149585,17.215125],[-98.227616,17.222877],[-98.272213,17.2945],[-98.324768,17.317496],[-98.323735,17.464826],[-98.373964,17.527768],[-98.380165,17.555466],[-98.362337,17.589728],[-98.388692,17.640629],[-98.328024,17.85798],[-98.347816,17.89219],[-98.309782,17.922989],[-98.242809,17.913791],[-98.173098,18.017454],[-98.149016,18.026342],[-97.925103,18.03585],[-97.908101,18.022621],[-97.873581,17.916529],[-97.796118,17.942729],[-97.732711,18.014508],[-97.747232,18.055487],[-97.81374,18.120083],[-97.8125,18.154654],[-97.724856,18.302191],[-97.606104,18.36043],[-97.64021,18.170519],[-97.545332,18.10551],[-97.532,18.050785],[-97.481409,17.985311],[-97.426993,17.990065],[-97.355628,18.110988],[-97.253257,18.169072],[-97.187938,18.176307],[-97.118537,18.14649],[-96.994617,18.123494],[-96.894209,18.234133],[-96.789513,18.28369],[-96.728121,18.410246],[-96.643992,18.504814],[-96.636654,18.570081],[-96.664146,18.668887],[-96.56224,18.592922],[-96.449534,18.564087],[-96.411035,18.539282],[-96.357136,18.38725],[-96.260243,18.299503],[-96.228875,18.201008],[-96.170223,18.185815],[-96.160352,18.149745],[-96.109348,18.142821],[-96.083096,18.171449],[-95.966411,18.165662],[-95.837685,18.120393],[-95.775466,17.995439],[-95.8212,17.907279],[-95.893805,17.824287],[-95.908533,17.756281],[-95.784923,17.522807],[-95.727252,17.502343],[-95.661726,17.526424],[-95.600438,17.517587],[-95.561061,17.534899],[-95.55486,17.557068],[-95.477707,17.591123],[-95.430991,17.636081],[-95.364225,17.641352],[-95.356009,17.659749],[-95.30795,17.672668],[-95.27653,17.715663],[-95.243974,17.703157],[-95.24108,17.730133],[-95.208369,17.732303],[-95.196535,17.710496],[-95.20563,17.64838],[-95.242321,17.628847],[-95.254723,17.582648],[-95.075509,17.391135],[-94.998769,17.360388],[-94.979494,17.319718],[-94.991173,17.300701],[-94.971743,17.237036],[-94.938463,17.21652],[-93.873412,17.15022],[-93.868089,17.012192],[-93.894289,17.017204],[-93.905296,17.000513],[-93.911291,16.880675],[-94.041464,16.800525],[-94.03981,16.64286],[-94.125076,16.508812],[-94.039862,16.302571],[-94.060119,16.185007],[-94.083619,16.148857],[-94.116363,16.179145],[-94.127838,16.220852],[-94.224233,16.203559],[-94.266713,16.215277],[-94.377675,16.295356],[-94.417266,16.292507],[-94.416371,16.243964],[-94.436513,16.245551],[-94.414215,16.234036],[-94.436879,16.222846],[-94.345489,16.163153],[-94.292633,16.14114],[-94.265533,16.148383],[-94.341298,16.181912],[-94.219472,16.161322],[-94.169952,16.134711],[-94.183624,16.120429],[-94.094028,16.098969]]]}},{"type":"Feature","properties":{"adm0_a3":"MEX","name":null,"name_en":null,"iso_3166_2":"MX-X01~","postal":null},"geometry":{"type":"Polygon","coordinates":[[[-89.650575,22.367576],[-89.691726,22.387599],[-89.697972,22.417544],[-89.657104,22.446689],[-89.655165,22.472001],[-89.691072,22.528629],[-89.738769,22.549388],[-89.770756,22.533241],[-89.745707,22.577249],[-89.69261,22.567073],[-89.62492,22.497944],[-89.610152,22.461081],[-89.634276,22.378891],[-89.650575,22.367576]]]}},{"type":"Feature","properties":{"adm0_a3":"MEX","name":"México","name_en":"State of Mexico","iso_3166_2":"MX-MEX","postal":"MX"},"geometry":{"type":"Polygon","coordinates":[[[-100.326868,18.402753],[-100.366452,18.455411],[-100.356014,18.555147],[-100.429911,18.636537],[-100.448049,18.718031],[-100.427585,18.786709],[-100.447894,18.838592],[-100.623594,18.870631],[-100.527269,18.949386],[-100.516727,19.003543],[-100.298808,19.258515],[-100.330072,19.322904],[-100.146362,19.435765],[-100.174836,19.464135],[-100.214523,19.565008],[-100.165534,19.71058],[-100.171219,19.756262],[-100.122849,19.938008],[-100.095048,19.984879],[-99.950922,20.170862],[-99.888497,20.190499],[-99.937745,20.252253],[-99.844107,20.30889],[-99.791862,20.282121],[-99.744681,20.210498],[-99.657865,20.136084],[-99.641484,20.129056],[-99.608979,20.164816],[-99.548673,20.157581],[-99.485782,20.060998],[-99.512241,19.935321],[-99.431626,19.89739],[-99.386564,19.756314],[-99.321245,19.825405],[-99.287035,19.821995],[-99.271222,19.880802],[-99.223008,19.896564],[-99.202079,19.979091],[-99.017749,20.042136],[-98.969535,20.026633],[-98.94256,19.990356],[-98.947366,19.933409],[-98.929692,19.931239],[-98.964316,19.839668],[-98.9592,19.808765],[-98.915688,19.804321],[-98.834763,19.886383],[-98.765981,19.841115],[-98.697665,19.850417],[-98.646971,19.800704],[-98.597568,19.709133],[-98.659476,19.585523],[-98.709086,19.582939],[-98.693686,19.5324],[-98.647487,19.51328],[-98.643198,19.487803],[-98.671724,19.389876],[-98.632811,19.189578],[-98.651208,19.169786],[-98.655394,19.095941],[-98.639839,19.047468],[-98.646402,19.023594],[-98.689139,19.00313],[-98.709757,18.96985],[-98.81063,18.968765],[-98.840137,19.044626],[-98.963954,19.089119],[-98.939149,19.13661],[-98.966434,19.201206],[-98.966641,19.303163],[-98.99005,19.336546],[-99.058832,19.377267],[-99.03873,19.42729],[-99.123737,19.571054],[-99.165492,19.512091],[-99.152883,19.491782],[-99.185026,19.472765],[-99.259698,19.360886],[-99.309256,19.362591],[-99.334732,19.246732],[-99.31215,19.227302],[-99.312253,19.185599],[-99.285071,19.142449],[-99.332148,19.088913],[-99.306207,19.047365],[-99.337368,19.018116],[-99.301504,18.95197],[-99.323002,18.922721],[-99.403824,18.884429],[-99.426975,18.835802],[-99.47245,18.800455],[-99.495498,18.674054],[-99.560041,18.676018],[-99.660345,18.763816],[-99.747265,18.691779],[-99.757807,18.647596],[-99.784782,18.621758],[-99.849688,18.663306],[-100.071173,18.609562],[-100.125847,18.514064],[-100.169927,18.473395],[-100.274778,18.392004],[-100.326868,18.402753]]]}},{"type":"Feature","properties":{"adm0_a3":"MEX","name":"Puebla","name_en":"Puebla","iso_3166_2":"MX-PUE","postal":"PU"},"geometry":{"type":"Polygon","coordinates":[[[-97.875855,20.825344],[-97.77922,20.813769],[-97.756586,20.796457],[-97.734055,20.693259],[-97.700827,20.644373],[-97.722428,20.610784],[-97.610341,20.59404],[-97.55975,20.529031],[-97.561042,20.498801],[-97.62202,20.421338],[-97.653336,20.423612],[-97.693437,20.46578],[-97.726975,20.440251],[-97.778083,20.429916],[-97.75948,20.336072],[-97.774052,20.273233],[-97.714314,20.239127],[-97.690026,20.188174],[-97.605484,20.187089],[-97.595097,20.13443],[-97.572308,20.118876],[-97.51288,20.16895],[-97.470402,20.237525],[-97.381208,20.257007],[-97.283488,20.196029],[-97.152902,20.145799],[-97.135538,20.121718],[-97.154245,20.080325],[-97.254549,19.978729],[-97.308861,19.896822],[-97.307517,19.748304],[-97.324519,19.694457],[-97.383792,19.647225],[-97.392422,19.575808],[-97.356455,19.550073],[-97.359194,19.524752],[-97.320643,19.480827],[-97.347412,19.455454],[-97.407511,19.445997],[-97.386841,19.422949],[-97.34121,19.417575],[-97.316819,19.387602],[-97.269639,19.399591],[-97.209022,19.329673],[-97.112491,19.303215],[-97.049394,19.317219],[-96.981543,19.280839],[-97.037456,19.217277],[-97.081691,19.208957],[-97.10908,19.178675],[-97.166958,19.193816],[-97.264109,19.160433],[-97.26969,19.105656],[-97.226334,18.892491],[-97.282093,18.868461],[-97.330875,18.80986],[-97.341624,18.782575],[-97.328291,18.721597],[-97.287105,18.663202],[-97.220856,18.675605],[-97.136365,18.64987],[-97.091407,18.551064],[-97.109287,18.500111],[-97.100502,18.485125],[-97.040144,18.478976],[-96.974101,18.517785],[-96.80021,18.550548],[-96.785637,18.478304],[-96.728121,18.410246],[-96.789513,18.28369],[-96.894209,18.234133],[-96.994617,18.123494],[-97.118537,18.14649],[-97.187938,18.176307],[-97.255634,18.168349],[-97.355628,18.110988],[-97.426993,17.990065],[-97.45309,17.978283],[-97.502028,18.005775],[-97.545332,18.10551],[-97.64021,18.170519],[-97.606104,18.36043],[-97.724856,18.302191],[-97.8125,18.154654],[-97.81374,18.120083],[-97.747232,18.055487],[-97.732711,18.014508],[-97.796118,17.942729],[-97.873581,17.916529],[-97.908101,18.022621],[-97.925103,18.03585],[-98.149016,18.026342],[-98.173098,18.017454],[-98.242809,17.913791],[-98.309782,17.922989],[-98.347816,17.89219],[-98.427346,17.963968],[-98.555245,17.951928],[-98.75053,18.008462],[-98.815642,18.069595],[-98.829543,18.116259],[-98.920494,18.139927],[-98.930054,18.195117],[-98.969225,18.185505],[-98.995425,18.204729],[-99.001678,18.243021],[-99.031443,18.237698],[-99.049737,18.34994],[-98.940286,18.40358],[-98.929227,18.437118],[-98.877809,18.480474],[-98.825668,18.493962],[-98.770839,18.480319],[-98.695856,18.422907],[-98.676943,18.427506],[-98.750013,18.691934],[-98.691412,18.683149],[-98.665057,18.696999],[-98.711463,18.770172],[-98.710223,18.799421],[-98.733374,18.811927],[-98.658184,18.89125],[-98.676736,18.941376],[-98.651415,18.960032],[-98.639839,19.047468],[-98.654929,19.081368],[-98.651208,19.169786],[-98.632811,19.189578],[-98.671724,19.389876],[-98.640873,19.461913],[-98.54832,19.437935],[-98.492665,19.454265],[-98.465896,19.438349],[-98.432978,19.344091],[-98.385695,19.308072],[-98.343061,19.228956],[-98.193458,19.106483],[-98.108295,19.134853],[-98.050108,19.209164],[-97.929133,19.158469],[-97.884433,19.166221],[-97.846658,19.211903],[-97.8834,19.267093],[-97.827589,19.311431],[-97.775499,19.296445],[-97.729404,19.305024],[-97.698036,19.282854],[-97.668116,19.28394],[-97.620418,19.319493],[-97.621245,19.364555],[-97.693127,19.380885],[-97.759014,19.447857],[-97.794723,19.456849],[-97.844487,19.436333],[-97.882159,19.501084],[-97.850637,19.517155],[-97.842575,19.543459],[-98.034605,19.636114],[-98.028197,19.69177],[-98.043597,19.718642],[-98.06251,19.730837],[-98.072897,19.716265],[-98.072535,19.677094],[-98.143125,19.672753],[-98.251336,19.848866],[-98.172581,19.971908],[-98.157491,20.027563],[-98.101164,20.102443],[-98.135322,20.210291],[-98.160489,20.222694],[-98.245858,20.202436],[-98.27552,20.242176],[-98.251077,20.302637],[-98.159403,20.329664],[-98.11615,20.393381],[-98.052485,20.427746],[-97.965358,20.516112],[-97.944378,20.612024],[-97.966392,20.6822],[-97.941897,20.690469],[-97.935851,20.730466],[-97.896164,20.757958],[-97.896422,20.806379],[-97.875855,20.825344]]]}},{"type":"Feature","properties":{"adm0_a3":"MEX","name":"Morelos","name_en":"Morelos","iso_3166_2":"MX-MOR","postal":"MO"},"geometry":{"type":"Polygon","coordinates":[[[-99.507383,18.624135],[-99.47245,18.800455],[-99.436897,18.823916],[-99.390801,18.895591],[-99.307602,18.934814],[-99.306103,18.978377],[-99.337368,19.018116],[-99.306207,19.047365],[-99.332148,19.088913],[-99.285071,19.142449],[-99.229054,19.109222],[-99.11025,19.091496],[-99.042812,19.057803],[-99.005502,19.089119],[-98.898428,19.075373],[-98.859774,19.042507],[-98.840137,19.044626],[-98.80417,18.966078],[-98.720248,18.964579],[-98.689139,19.00313],[-98.646402,19.023594],[-98.655135,18.946079],[-98.676736,18.941376],[-98.658184,18.89125],[-98.733374,18.811927],[-98.710223,18.799421],[-98.711463,18.770172],[-98.666091,18.692348],[-98.750013,18.691934],[-98.676943,18.427506],[-98.695856,18.422907],[-98.770839,18.480319],[-98.825668,18.493962],[-98.877809,18.480474],[-98.929227,18.437118],[-98.940286,18.40358],[-99.049737,18.34994],[-99.059038,18.384615],[-99.141514,18.496597],[-99.15464,18.549152],[-99.196704,18.557937],[-99.215928,18.546362],[-99.24466,18.453913],[-99.331373,18.452931],[-99.344551,18.498044],[-99.390284,18.505796],[-99.436276,18.57437],[-99.457825,18.58083],[-99.467592,18.61473],[-99.507383,18.624135]]]}},{"type":"Feature","properties":{"adm0_a3":"MEX","name":"Querétaro","name_en":"Querétaro","iso_3166_2":"MX-QUE","postal":"QT"},"geometry":{"type":"Polygon","coordinates":[[[-100.122849,19.938008],[-100.176696,19.978471],[-100.176541,20.086164],[-100.197832,20.143939],[-100.235711,20.190861],[-100.327436,20.231272],[-100.373997,20.272458],[-100.394719,20.321654],[-100.484636,20.4356],[-100.491096,20.543398],[-100.568817,20.698737],[-100.510423,20.895986],[-100.459728,20.967454],[-100.439109,20.969831],[-100.411514,20.912212],[-100.322165,20.896296],[-100.234884,20.931384],[-100.183208,20.878984],[-100.161865,20.878778],[-100.087038,20.945027],[-100.06585,21.124912],[-100.036033,21.178553],[-99.95981,21.201187],[-99.914077,21.188009],[-99.883794,21.159484],[-99.826899,21.158347],[-99.713934,21.233795],[-99.71967,21.270072],[-99.792534,21.291414],[-99.790622,21.419106],[-99.748402,21.504993],[-99.720083,21.514656],[-99.679362,21.492849],[-99.582262,21.39425],[-99.476067,21.407014],[-99.455242,21.427065],[-99.375298,21.437348],[-99.325172,21.533931],[-99.265951,21.538479],[-99.255822,21.579613],[-99.198255,21.623125],[-99.197531,21.645501],[-99.098829,21.381538],[-99.112317,21.290329],[-99.043381,21.268315],[-99.042295,21.175762],[-99.122084,21.171266],[-99.227917,21.118815],[-99.302745,21.147495],[-99.380363,21.096025],[-99.354318,21.027812],[-99.38305,20.985489],[-99.397881,20.914228],[-99.492035,20.834388],[-99.521387,20.735479],[-99.49002,20.661065],[-99.561953,20.630834],[-99.577663,20.604479],[-99.5973,20.611352],[-99.644998,20.562001],[-99.713624,20.55425],[-99.819509,20.512495],[-99.844107,20.30889],[-99.937745,20.252253],[-99.888497,20.190499],[-99.950922,20.170862],[-100.122849,19.938008]]]}},{"type":"Feature","properties":{"adm0_a3":"MEX","name":"Hidalgo","name_en":"Hidalgo","iso_3166_2":"MX-HID","postal":"HG"},"geometry":{"type":"Polygon","coordinates":[[[-99.844107,20.30889],[-99.819509,20.512495],[-99.713624,20.55425],[-99.644998,20.562001],[-99.5973,20.611352],[-99.577663,20.604479],[-99.561953,20.630834],[-99.49002,20.661065],[-99.521387,20.735479],[-99.492035,20.834388],[-99.397881,20.914228],[-99.38305,20.985489],[-99.354318,21.027812],[-99.380363,21.096025],[-99.302745,21.147495],[-99.227917,21.118815],[-99.122084,21.171266],[-99.042295,21.175762],[-99.043381,21.268315],[-99.025139,21.286866],[-98.939097,21.291207],[-98.905559,21.21607],[-98.823601,21.176899],[-98.715597,21.208163],[-98.592297,21.212246],[-98.589558,21.371512],[-98.515092,21.398849],[-98.442797,21.353684],[-98.490494,21.291672],[-98.492251,21.256119],[-98.410137,21.177571],[-98.35934,21.155298],[-98.294899,21.208422],[-98.286269,21.2463],[-98.266167,21.197001],[-98.288233,21.143361],[-98.277536,21.124137],[-98.248545,21.123517],[-98.212423,21.150596],[-98.129896,21.072151],[-98.149792,21.023265],[-98.172323,21.017322],[-98.232422,20.938309],[-98.22958,20.830925],[-98.260948,20.828651],[-98.365851,20.873197],[-98.424452,20.869114],[-98.419129,20.788344],[-98.494939,20.756925],[-98.464915,20.729743],[-98.416907,20.744781],[-98.418664,20.709434],[-98.437216,20.676774],[-98.507858,20.62453],[-98.534058,20.531409],[-98.5708,20.494925],[-98.500623,20.362427],[-98.468429,20.353642],[-98.43427,20.371057],[-98.377271,20.464798],[-98.335775,20.43498],[-98.110828,20.688402],[-98.079357,20.697083],[-98.021582,20.660806],[-98.022099,20.617915],[-98.001429,20.580656],[-98.025096,20.524846],[-98.000188,20.484486],[-98.052485,20.427746],[-98.11615,20.393381],[-98.159403,20.329664],[-98.251077,20.302637],[-98.27552,20.242176],[-98.245858,20.202436],[-98.160489,20.222694],[-98.135322,20.210291],[-98.101164,20.102443],[-98.157491,20.027563],[-98.172581,19.971908],[-98.251336,19.848866],[-98.143125,19.672753],[-98.192683,19.679264],[-98.251749,19.719624],[-98.346214,19.594515],[-98.462279,19.622885],[-98.487084,19.644124],[-98.529717,19.613945],[-98.586199,19.631257],[-98.659476,19.585523],[-98.596483,19.721381],[-98.642475,19.795019],[-98.697665,19.850417],[-98.765981,19.841115],[-98.834763,19.886383],[-98.915688,19.804321],[-98.9592,19.808765],[-98.964316,19.839668],[-98.929692,19.931239],[-98.947366,19.933409],[-98.94256,19.990356],[-98.969535,20.026633],[-99.017749,20.042136],[-99.202079,19.979091],[-99.223008,19.896564],[-99.271222,19.880802],[-99.287035,19.821995],[-99.321245,19.825405],[-99.386564,19.756314],[-99.431626,19.89739],[-99.512241,19.935321],[-99.485782,20.060998],[-99.548673,20.157581],[-99.608979,20.164816],[-99.641484,20.129056],[-99.657865,20.136084],[-99.744681,20.210498],[-99.791862,20.282121],[-99.844107,20.30889]]]}},{"type":"Feature","properties":{"adm0_a3":"MEX","name":"Guanajuato","name_en":"Guanajuato","iso_3166_2":"MX-GUA","postal":"GJ"},"geometry":{"type":"Polygon","coordinates":[[[-99.708611,21.260253],[-99.713934,21.233795],[-99.826899,21.158347],[-99.883794,21.159484],[-99.914077,21.188009],[-99.95981,21.201187],[-100.036033,21.178553],[-100.06585,21.124912],[-100.087038,20.945027],[-100.161865,20.878778],[-100.183208,20.878984],[-100.234884,20.931384],[-100.322165,20.896296],[-100.411514,20.912212],[-100.439109,20.969831],[-100.459728,20.967454],[-100.510423,20.895986],[-100.520086,20.828445],[-100.5652,20.739768],[-100.558378,20.658119],[-100.491096,20.543398],[-100.484636,20.4356],[-100.468772,20.401907],[-100.394719,20.321654],[-100.373997,20.272458],[-100.285992,20.213392],[-100.349296,20.122441],[-100.391154,20.112674],[-100.39875,20.063892],[-100.379475,19.974957],[-100.490217,19.953769],[-100.517864,19.908914],[-100.542979,19.911085],[-100.545666,19.942091],[-100.560756,19.947155],[-100.716198,19.93992],[-100.733252,19.907674],[-100.774644,19.910465],[-100.829628,19.975629],[-100.858567,19.944623],[-100.914481,19.925192],[-100.988326,19.940334],[-101.039693,19.967722],[-101.044964,19.992217],[-100.986363,20.023429],[-100.994838,20.083167],[-101.020676,20.097017],[-101.105477,20.085958],[-101.139635,20.10761],[-101.163354,20.101564],[-101.181028,20.053247],[-101.213222,20.029527],[-101.35342,20.054745],[-101.39316,20.039346],[-101.419721,20.053608],[-101.408766,20.135877],[-101.424992,20.164196],[-101.411453,20.192825],[-101.434087,20.224761],[-101.376933,20.269667],[-101.400911,20.298193],[-101.462199,20.312404],[-101.461217,20.334883],[-101.615472,20.31783],[-101.638416,20.234424],[-101.673453,20.190861],[-101.779906,20.211997],[-101.807553,20.198302],[-101.83799,20.211997],[-101.893181,20.198922],[-101.932455,20.251942],[-101.949301,20.366044],[-101.982064,20.369455],[-102.006145,20.334883],[-102.016067,20.344185],[-101.995603,20.403148],[-102.09968,20.386818],[-102.060716,20.46826],[-101.967543,20.587426],[-101.983408,20.640446],[-102.085107,20.729329],[-102.087949,20.790669],[-102.005009,20.937999],[-101.855044,21.148374],[-101.771948,21.230074],[-101.701461,21.231986],[-101.662084,21.251106],[-101.572683,21.347586],[-101.568239,21.405722],[-101.636866,21.516671],[-101.640121,21.553413],[-101.538267,21.636871],[-101.533358,21.668393],[-101.586223,21.755055],[-101.520542,21.840941],[-101.449384,21.822131],[-101.32598,21.872929],[-101.288411,21.847297],[-101.279471,21.790608],[-101.236477,21.758362],[-101.091162,21.77247],[-100.961455,21.750352],[-100.627315,21.491763],[-100.522515,21.496983],[-100.499209,21.513623],[-100.46319,21.636561],[-100.403969,21.677747],[-100.242687,21.60509],[-100.076134,21.554292],[-99.958622,21.459104],[-99.878472,21.455797],[-99.790622,21.419106],[-99.792534,21.291414],[-99.708611,21.260253]]]}},{"type":"Feature","properties":{"adm0_a3":"MEX","name":"San Luis Potosí","name_en":"San Luis Potosí","iso_3166_2":"MX-SLP","postal":"SL"},"geometry":{"type":"Polygon","coordinates":[[[-102.299047,23.250416],[-102.288867,23.269019],[-102.243134,23.265505],[-102.230835,23.277856],[-102.190372,23.404205],[-102.137765,23.405703],[-102.131306,23.352942],[-102.113839,23.345294],[-102.034412,23.375783],[-101.967543,23.425082],[-101.828327,23.581197],[-101.727919,23.617939],[-101.663531,23.707055],[-101.450417,23.833584],[-101.315955,23.969571],[-101.226968,24.002695],[-100.970446,24.402464],[-100.851591,24.491167],[-100.82844,24.564961],[-100.618065,24.311049],[-100.597239,23.974377],[-100.579824,23.930503],[-100.487582,23.821492],[-100.480347,23.788522],[-100.4943,23.661579],[-100.452959,23.49991],[-100.472751,23.43304],[-100.439316,23.229022],[-100.39875,23.200445],[-100.340046,23.189593],[-100.325059,23.202202],[-100.326816,23.254136],[-100.057272,23.241062],[-100.08926,23.120811],[-100.022132,23.170524],[-100.006319,23.165253],[-99.998723,23.110373],[-99.914697,23.017768],[-99.907565,22.984075],[-99.933404,22.93519],[-100.03748,22.879689],[-100.000066,22.783364],[-99.536839,22.617483],[-99.527537,22.651383],[-99.547846,22.728277],[-99.50728,22.712102],[-99.431729,22.635518],[-99.379174,22.683422],[-99.265227,22.478267],[-99.228537,22.445297],[-98.830887,22.358377],[-98.76531,22.405661],[-98.673946,22.420596],[-98.656324,22.44292],[-98.356549,22.245206],[-98.348591,22.192031],[-98.361303,22.15255],[-98.452254,21.980416],[-98.58992,21.979692],[-98.587646,21.95189],[-98.528425,21.959228],[-98.550129,21.93091],[-98.541447,21.910808],[-98.566045,21.903728],[-98.561601,21.882334],[-98.531835,21.849364],[-98.490908,21.852775],[-98.484603,21.81965],[-98.456388,21.797068],[-98.521087,21.727821],[-98.559276,21.727356],[-98.555142,21.705394],[-98.570179,21.691958],[-98.624026,21.684878],[-98.624801,21.628189],[-98.642268,21.608862],[-98.618187,21.573205],[-98.548165,21.539202],[-98.521035,21.504476],[-98.515092,21.398849],[-98.589558,21.371512],[-98.592297,21.212246],[-98.715597,21.208163],[-98.806754,21.174263],[-98.905559,21.21607],[-98.939097,21.291207],[-98.99589,21.296478],[-99.043381,21.268315],[-99.112317,21.290329],[-99.098829,21.381538],[-99.197531,21.645501],[-99.198255,21.623125],[-99.255822,21.579613],[-99.265951,21.538479],[-99.325172,21.533931],[-99.381189,21.432646],[-99.447697,21.429132],[-99.476067,21.407014],[-99.570222,21.39239],[-99.720083,21.514656],[-99.748402,21.504993],[-99.790622,21.419106],[-99.878472,21.455797],[-99.958622,21.459104],[-100.076134,21.554292],[-100.242687,21.60509],[-100.403969,21.677747],[-100.46319,21.636561],[-100.499209,21.513623],[-100.522515,21.496983],[-100.627315,21.491763],[-100.961455,21.750352],[-101.091162,21.77247],[-101.236477,21.758362],[-101.279471,21.790608],[-101.288411,21.847297],[-101.32598,21.872929],[-101.449384,21.822131],[-101.520542,21.840941],[-101.325205,22.087593],[-101.335799,22.225362],[-101.378638,22.382355],[-101.361947,22.4161],[-101.298695,22.46018],[-101.35187,22.589578],[-101.388199,22.609111],[-101.554338,22.603117],[-101.583897,22.58596],[-101.630199,22.498007],[-101.692883,22.488343],[-101.761664,22.449534],[-101.813186,22.464727],[-101.953229,22.647558],[-102.022734,22.677014],[-102.154353,22.795922],[-102.25104,22.983662],[-102.228044,23.100761],[-102.252952,23.189024],[-102.299668,23.230882],[-102.299047,23.250416]]]}},{"type":"Feature","properties":{"adm0_a3":"MEX","name":"Zacatecas","name_en":"Zacatecas","iso_3166_2":"MX-ZAC","postal":"ZA"},"geometry":{"type":"Polygon","coordinates":[[[-100.82844,24.564961],[-100.851591,24.491167],[-100.970446,24.402464],[-101.226968,24.002695],[-101.315955,23.969571],[-101.450417,23.833584],[-101.663531,23.707055],[-101.727919,23.617939],[-101.828327,23.581197],[-101.967543,23.425082],[-102.034412,23.375783],[-102.113839,23.345294],[-102.131306,23.352942],[-102.137765,23.405703],[-102.190372,23.404205],[-102.230835,23.277856],[-102.243134,23.265505],[-102.288867,23.269019],[-102.299047,23.250416],[-102.299668,23.230882],[-102.252952,23.189024],[-102.228044,23.100761],[-102.25104,22.983662],[-102.154353,22.795922],[-102.022734,22.677014],[-101.953229,22.647558],[-101.813186,22.464727],[-101.761664,22.449534],[-101.692883,22.488343],[-101.630199,22.498007],[-101.583897,22.58596],[-101.554338,22.603117],[-101.388199,22.609111],[-101.35187,22.589578],[-101.298695,22.46018],[-101.361947,22.4161],[-101.378638,22.382355],[-101.335799,22.225362],[-101.325205,22.087593],[-101.520542,21.840941],[-101.528759,21.876546],[-101.577851,21.880887],[-101.62312,21.930703],[-101.67893,21.962071],[-101.764196,21.962846],[-101.845432,22.017468],[-101.902896,22.084854],[-101.97979,22.123043],[-101.998859,22.275281],[-102.058855,22.28448],[-102.132236,22.32241],[-102.166394,22.373725],[-102.211404,22.354501],[-102.291554,22.464779],[-102.345143,22.396979],[-102.377079,22.392019],[-102.404364,22.363597],[-102.45604,22.359824],[-102.478468,22.315279],[-102.621043,22.306649],[-102.654323,22.29249],[-102.676285,22.26076],[-102.647812,22.212908],[-102.652256,22.187173],[-102.841779,21.932977],[-102.856352,21.850295],[-102.824933,21.786991],[-102.760492,21.748802],[-102.782532,21.653769],[-102.776176,21.607829],[-102.710702,21.577185],[-102.640525,21.568348],[-102.64714,21.487319],[-102.687809,21.398022],[-102.739977,21.370324],[-102.78664,21.29498],[-102.808319,21.292913],[-102.802634,21.329809],[-102.814727,21.341488],[-102.914927,21.282267],[-103.044997,21.288262],[-103.0559,21.265834],[-103.047529,21.073959],[-103.059569,21.044504],[-103.082979,21.041765],[-103.136283,21.073753],[-103.231678,21.079075],[-103.382005,21.158037],[-103.464868,21.162119],[-103.508018,21.196071],[-103.611345,21.197776],[-103.653409,21.264697],[-103.747047,21.228369],[-103.746504,21.297253],[-103.713922,21.329499],[-103.704259,21.384173],[-103.733947,21.52494],[-103.643927,21.486802],[-103.59194,21.558684],[-103.519283,21.600284],[-103.521867,21.735935],[-103.542382,21.78973],[-103.526828,21.817222],[-103.400737,21.928791],[-103.328003,21.94295],[-103.289013,21.98548],[-103.204987,21.977419],[-103.156075,21.998399],[-103.129307,22.05669],[-103.089464,22.07457],[-103.082591,22.098858],[-103.085873,22.124645],[-103.129152,22.140303],[-103.127136,22.174099],[-103.079026,22.192754],[-103.037684,22.287425],[-103.055022,22.306029],[-103.092436,22.298329],[-103.115147,22.33781],[-103.189122,22.322204],[-103.185169,22.380495],[-103.37278,22.516765],[-103.426808,22.410054],[-103.392392,22.376051],[-103.36043,22.367472],[-103.358647,22.348765],[-103.390841,22.328715],[-103.406448,22.258952],[-103.447556,22.241847],[-103.488639,22.134928],[-103.499904,22.124283],[-103.520032,22.146452],[-103.569409,22.151671],[-103.61659,22.117462],[-103.658241,22.117203],[-103.678266,22.136892],[-103.663254,22.239418],[-103.683046,22.321997],[-103.60796,22.524414],[-103.645012,22.543379],[-103.644934,22.588854],[-103.712217,22.591851],[-103.72803,22.606372],[-103.761077,22.559605],[-103.852131,22.179422],[-103.890113,22.286134],[-103.889028,22.344528],[-103.866368,22.40871],[-103.887426,22.467104],[-103.847945,22.505655],[-103.85133,22.568545],[-103.794951,22.623994],[-103.77875,22.734685],[-103.983182,22.771582],[-103.991838,22.574333],[-103.926933,22.506999],[-103.952151,22.369539],[-104.13183,22.343391],[-104.32975,22.264378],[-104.208802,22.643683],[-104.189061,23.117711],[-104.177176,23.155073],[-104.134284,23.18675],[-104.10364,23.450404],[-103.952487,23.551224],[-103.917915,23.653053],[-103.874197,23.658401],[-103.833372,23.629979],[-103.810402,23.671294],[-103.818438,23.717054],[-103.868228,23.749326],[-103.878951,23.773071],[-103.851407,23.850741],[-103.904505,23.924767],[-103.839419,23.945128],[-103.846757,24.070702],[-103.83593,24.085042],[-103.670437,24.161755],[-103.590596,24.278544],[-103.526621,24.297923],[-103.516105,24.340556],[-103.413191,24.360296],[-103.397688,24.42546],[-103.28214,24.483183],[-103.246612,24.491089],[-102.800877,24.409983],[-102.493247,24.460445],[-102.491697,24.824015],[-102.502808,24.861429],[-102.668172,25.078935],[-102.613499,25.1218],[-102.199932,25.165544],[-101.860728,25.07555],[-101.767762,24.938065],[-101.692056,24.909255],[-101.638106,24.909436],[-101.59077,24.882435],[-101.574389,24.80691],[-101.654332,24.825798],[-101.617177,24.757094],[-101.44158,24.752185],[-101.34417,24.838019],[-101.341586,24.811871],[-101.231102,24.817504],[-101.169297,24.767687],[-101.09664,24.641003],[-101.01711,24.602349],[-100.925178,24.611676],[-100.82844,24.564961]]]}},{"type":"Feature","properties":{"adm0_a3":"MEX","name":"Aguascalientes","name_en":"Aguascalientes","iso_3166_2":"MX-AGU","postal":"AG"},"geometry":{"type":"Polygon","coordinates":[[[-102.846895,21.811847],[-102.855964,21.871689],[-102.841779,21.932977],[-102.652256,22.187173],[-102.647812,22.212908],[-102.676285,22.26076],[-102.654323,22.29249],[-102.621043,22.306649],[-102.492524,22.307993],[-102.45604,22.359824],[-102.404364,22.363597],[-102.377079,22.392019],[-102.345143,22.396979],[-102.291554,22.464779],[-102.211404,22.354501],[-102.166394,22.373725],[-102.132236,22.32241],[-102.058855,22.28448],[-101.998859,22.275281],[-101.97979,22.123043],[-101.902896,22.084854],[-101.845432,22.017468],[-101.891734,21.955663],[-102.04914,21.865901],[-102.079888,21.767922],[-102.145775,21.744254],[-102.20696,21.691493],[-102.258946,21.670719],[-102.514176,21.706117],[-102.630319,21.773038],[-102.661377,21.777844],[-102.760492,21.748802],[-102.846895,21.811847]]]}},{"type":"Feature","properties":{"adm0_a3":"MEX","name":"Durango","name_en":"Durango","iso_3166_2":"MX-DUR","postal":"DG"},"geometry":{"type":"Polygon","coordinates":[[[-104.311431,22.319103],[-104.334634,22.474856],[-104.477157,22.416772],[-104.533485,22.427417],[-104.613842,22.48147],[-104.659162,22.616604],[-104.75373,22.673965],[-104.774349,22.676239],[-104.942374,22.556246],[-104.996661,22.543482],[-104.988573,22.691638],[-104.888579,22.790289],[-104.945475,22.915604],[-105.08296,22.995238],[-105.17882,23.031618],[-105.388626,23.033323],[-105.392347,23.14975],[-105.51544,23.146029],[-105.677937,23.282352],[-105.713387,23.37754],[-105.704395,23.413713],[-105.723335,23.438208],[-105.72566,23.48699],[-105.765606,23.551069],[-105.843043,23.580525],[-105.897355,23.71354],[-105.922289,23.901952],[-105.861879,24.064449],[-105.90937,24.05153],[-105.94836,24.07326],[-106.035021,24.260948],[-106.19558,24.389778],[-106.236326,24.396806],[-106.309242,24.374404],[-106.404611,24.289603],[-106.491737,24.287329],[-106.543724,24.32079],[-106.606097,24.381432],[-106.621833,24.481943],[-106.756372,24.703531],[-106.810116,24.732005],[-106.854609,24.789185],[-106.943467,24.809442],[-106.954215,24.866777],[-107.025994,24.905095],[-107.074156,25.016975],[-107.126272,25.18991],[-107.125678,25.2374],[-107.096119,25.420309],[-107.061987,25.501493],[-106.93693,25.641588],[-106.740353,25.622467],[-106.544499,25.779925],[-106.512098,26.021668],[-106.410424,26.050736],[-106.378307,26.131506],[-106.381486,26.203078],[-106.427297,26.301341],[-106.432154,26.361776],[-106.195709,26.445337],[-106.224828,26.559671],[-106.165711,26.62052],[-106.157882,26.742063],[-106.128555,26.76772],[-106.091994,26.734932],[-106.027528,26.838595],[-105.808497,26.693255],[-105.680417,26.698939],[-105.578227,26.586595],[-105.327467,26.459471],[-105.116834,26.552411],[-105.026374,26.459471],[-104.988031,26.503576],[-104.833337,26.486782],[-104.723396,26.444407],[-104.59777,26.351002],[-104.557049,26.340511],[-104.234588,26.723227],[-104.154955,26.76772],[-103.988402,26.774697],[-103.627261,26.64393],[-103.325703,26.408673],[-103.284905,26.363688],[-103.269582,26.31289],[-103.34534,26.123858],[-103.349526,26.073732],[-103.320174,25.698716],[-103.409884,25.594407],[-103.487786,25.540948],[-103.483575,25.485292],[-103.423837,25.417467],[-103.479854,25.377263],[-103.504581,25.326],[-103.506157,25.28055],[-103.435231,25.21567],[-103.387973,25.14061],[-103.275319,25.072139],[-103.259557,25.04072],[-103.25147,24.922975],[-103.185608,24.863211],[-102.971875,24.806652],[-102.843097,24.728284],[-102.838549,24.898661],[-102.792971,24.92636],[-102.668172,25.078935],[-102.502808,24.861429],[-102.491697,24.824015],[-102.493247,24.460445],[-102.800877,24.409983],[-103.246612,24.491089],[-103.28214,24.483183],[-103.397688,24.42546],[-103.413191,24.360296],[-103.516105,24.340556],[-103.526621,24.297923],[-103.590596,24.278544],[-103.670437,24.161755],[-103.846757,24.070702],[-103.839419,23.945128],[-103.904505,23.924767],[-103.851407,23.850741],[-103.878951,23.773071],[-103.868228,23.749326],[-103.818438,23.717054],[-103.810402,23.671294],[-103.833372,23.629979],[-103.874197,23.658401],[-103.917915,23.653053],[-103.952487,23.551224],[-104.10364,23.450404],[-104.134284,23.18675],[-104.177176,23.155073],[-104.189061,23.117711],[-104.208802,22.643683],[-104.311431,22.319103]]]}},{"type":"Feature","properties":{"adm0_a3":"MEX","name":"Tlaxcala","name_en":"Tlaxcala","iso_3166_2":"MX-TLA","postal":"TL"},"geometry":{"type":"Polygon","coordinates":[[[-98.709086,19.582939],[-98.648676,19.587022],[-98.632191,19.611465],[-98.572505,19.633686],[-98.529717,19.613945],[-98.487084,19.644124],[-98.462279,19.622885],[-98.346214,19.594515],[-98.2672,19.714508],[-98.247098,19.718745],[-98.168757,19.672185],[-98.088658,19.671978],[-98.072535,19.677094],[-98.06251,19.730837],[-98.028197,19.69177],[-98.034605,19.636114],[-97.842575,19.543459],[-97.850637,19.517155],[-97.882159,19.501084],[-97.844487,19.436333],[-97.777101,19.456539],[-97.693127,19.380885],[-97.621245,19.364555],[-97.612822,19.346313],[-97.620418,19.319493],[-97.668116,19.28394],[-97.698036,19.282854],[-97.729404,19.305024],[-97.775499,19.296445],[-97.827589,19.311431],[-97.883813,19.265284],[-97.846658,19.211903],[-97.85198,19.194539],[-97.906447,19.155989],[-98.050108,19.209164],[-98.108295,19.134853],[-98.193458,19.106483],[-98.343061,19.228956],[-98.385695,19.308072],[-98.432978,19.344091],[-98.465896,19.438349],[-98.492665,19.454265],[-98.54832,19.437935],[-98.640873,19.461913],[-98.647487,19.51328],[-98.693686,19.5324],[-98.709086,19.582939]]]}},{"type":"Feature","properties":{"adm0_a3":"MEX","name":"Distrito Federal","name_en":"Mexico","iso_3166_2":"MX-DIF","postal":"DF"},"geometry":{"type":"Polygon","coordinates":[[[-98.963954,19.089119],[-99.017801,19.086432],[-99.042812,19.057803],[-99.11025,19.091496],[-99.261713,19.120642],[-99.306724,19.168494],[-99.31215,19.227302],[-99.332562,19.238516],[-99.322485,19.26823],[-99.332872,19.297685],[-99.309256,19.362591],[-99.259698,19.360886],[-99.185026,19.472765],[-99.152883,19.491782],[-99.165492,19.512091],[-99.123737,19.571054],[-99.03873,19.42729],[-99.058832,19.377267],[-98.99005,19.336546],[-98.966641,19.303163],[-98.966434,19.201206],[-98.939149,19.13661],[-98.963954,19.089119]]]}}]}